0.5919370698,0.0164946647,0.0046274873,0.0055581288,-0.0050136737,0.0009263548,-0.0046061723,6.2134124528
0.4076433121,0.0224736952,0.0127201396,-0.0096729618,-0.0142006413,-0.0097177233,-0.0083294771,-0.3465976824
0.3934426230,0.0138123140,0.0066109818,0.0009302326,0.0051115242,-0.0023364486,0.0051329911,0.5047840784
0.3913538111,0.0112178821,0.0056544019,0.0074349442,0.0023116043,-0.0056206089,0.0004642526,-0.4435938434
0.3684210526,-0.0016267202,-0.0058363351,-0.0018450185,0.0138376384,0.0193122939,0.0111368910,0.7176220229
0.4304207120,-0.0004590247,-0.0044902831,0.0032347505,-0.0022747953,0.0032347505,-0.0009178522,-0.6205615788
0.4276527331,0.0019127262,-0.0018652148,-0.0018424689,-0.0077519380,-0.0041455550,-0.0022967386,3.2044763819
0.4508474576,0.0002369179,-0.0031039790,0.0000000000,-0.0004595588,0.0023126735,0.0013812155,-0.9104226964
0.4420206659,-0.0002591820,-0.0033322926,0.0041532072,0.0004597701,0.0041532072,0.0004597701,-0.8470757143
0.3824650572,-0.0002193078,-0.0030854562,0.0000000000,0.0000000000,0.0000000000,0.0000000000,-1.0000000000
0.3771929825,-0.0119908248,-0.0146306189,0.0101102941,0.0119485294,0.0101102941,0.0119485294,-1.0000000000
0.4964028777,-0.0010731777,-0.0045051358,-0.0095541401,-0.0049954587,-0.0100090992,-0.0090826521,-0.2939077659
0.4726027397,0.0013865796,-0.0018842641,0.0068902159,0.0095846645,-0.0004595588,-0.0022914757,44.8884227075
0.5238095238,0.0025548235,-0.0003671517,-0.0082116788,-0.0171790235,-0.0004597701,-0.0013780432,-0.9806050208
0.5546218487,-0.0015125133,-0.0040050700,0.0036798528,0.0068997240,-0.0004599816,0.0036798528,12.4128395118
0.6016260163,-0.0008219005,-0.0032515932,-0.0022914757,-0.0036546368,-0.0009203866,-0.0004582951,-0.4329369711
0.6363636364,-0.0034370305,-0.0057459588,0.0027560864,0.0036680422,0.0004606172,0.0027510316,3.7248335507
0.6538461538,0.0053663637,0.0029342708,0.0013742556,0.0000000000,-0.0027624309,-0.0082304527,-0.7581028168
0.5328719723,0.0022304179,0.0004107608,-0.0013723696,0.0050251256,-0.0013850416,0.0023052098,7.1136352241
0.4851485149,-0.0004116844,-0.0019151692,-0.0068712781,-0.0095454545,0.0018492834,0.0022999080,-0.9583347088
0.4507512521,0.0047236849,0.0032914985,-0.0004612546,-0.0050481872,-0.0050761421,-0.0050481872,8.7258733071
0.4678899083,0.0016868009,0.0007397048,-0.0013844024,0.0023062731,0.0037105751,0.0023062731,-0.8476025597
0.4867256637,0.0042000497,0.0034556130,0.0032347505,0.0018407731,0.0013863216,-0.0027611597,0.1164938355
0.5006501951,0.0049451367,0.0045903990,-0.0041455550,-0.0009186955,-0.0023073373,-0.0013844024,0.7644725267
0.4091710758,0.0060439471,0.0061100924,0.0027752081,-0.0032183908,-0.0009250694,-0.0018484288,-0.9070127412
0.4763860370,0.0051141091,0.0056574930,-0.0036900369,-0.0036900369,0.0000000000,0.0000000000,-1.0000000000
0.4688221709,-0.0003009135,0.0006059843,0.0050925926,0.0050925926,0.0041666667,0.0046296296,-1.0000000000
0.4756097561,0.0025173182,0.0033352955,0.0036849378,0.0036849378,-0.0023052098,-0.0027649770,-0.7062544121
0.4696969697,0.0081866124,0.0091506016,-0.0096374484,-0.0064249656,-0.0060073937,-0.0060073937,-0.6291129032
0.4157088123,0.0036609195,0.0052015515,0.0000000000,-0.0032332564,0.0032543003,0.0032543003,-0.8130028267
0.4234404537,0.0017051546,0.0034213191,-0.0041705283,0.0032437442,-0.0041705283,0.0013901761,106.3939069767
0.4487179487,0.0028350050,0.0045624680,0.0037226617,-0.0032332564,0.0037226617,-0.0013882462,-0.8825874232
0.4772727273,0.0037943012,0.0056224998,-0.0041724618,-0.0013901761,-0.0041724618,-0.0013901761,-0.7977624658
0.5050505051,0.0046090903,0.0066073278,0.0000000000,0.0018561485,0.0000000000,-0.0013921114,4.3954803290
0.5494505495,0.0038999995,0.0061178961,0.0018621974,-0.0032422418,0.0018621974,0.0000000000,-1.0000000000
0.5653710247,0.0117626987,0.0141473639,-0.0083643123,-0.0083643123,-0.0083643123,-0.0083643123,-1.0000000000
0.5015673981,0.0132768287,0.0164335417,0.0056232427,0.0056232427,-0.0032802249,-0.0032802249,5.2855893287
0.4833836858,0.0074450715,0.0114121533,-0.0051258155,-0.0051258155,0.0037611660,0.0037611660,-0.8996844994
0.4803921569,0.0091356543,0.0134148128,-0.0028103044,-0.0028103044,-0.0028103044,-0.0028103044,-0.5130647766
0.4869565217,0.0082037265,0.0128968847,-0.0023485204,-0.0004697041,-0.0037576327,-0.0004697041,11.6383040285
0.4736842105,0.0097887635,0.0148028462,-0.0009416196,-0.0023496241,-0.0051862329,-0.0028195489,0.0231086628
0.4736842105,0.0111418248,0.0165807427,-0.0042412818,-0.0014130947,0.0009478673,-0.0028275212,-0.6143131811
0.5046728972,0.0103826910,0.0163131379,0.0014197823,-0.0018867925,-0.0108901515,-0.0009451796,5.7076837938
0.5000000000,0.0126173971,0.0189608058,-0.0037807183,-0.0037807183,0.0071804691,-0.0037842952,-0.7365075077
0.5827814570,0.0179264474,0.0248558447,-0.0023719165,-0.0023719165,-0.0071292776,-0.0071225071,1.4102392526
0.5398773006,0.0151685324,0.0230146710,-0.0057061341,-0.0057061341,0.0009573959,0.0000000000,-0.7439181155
0.5263157895,-0.0024315586,0.0059156667,0.0114777618,0.0153036824,0.0109995218,0.0153036824,0.3863087786
0.7228915663,-0.0072015063,0.0002945956,0.0080378251,0.0051813472,0.0085146641,0.0051813472,-0.6514234450
0.6891891892,0.0009420932,0.0073535154,0.0009380863,0.0000000000,-0.0070356473,-0.0070290534,7.3334010616
0.6986301370,-0.0090237509,-0.0030710890,0.0009372071,0.0060918463,0.0051960321,0.0099103351,-0.8592376767
0.7093596059,-0.0076354815,-0.0028436010,0.0000000000,-0.0023288309,0.0023496241,0.0000000000,1.0853944586
0.7431059507,-0.0110819047,-0.0072718803,0.0065543071,0.0037348273,0.0079699953,0.0046728972,-0.9414423456
0.7095890411,-0.0033507449,-0.0006908883,-0.0055813953,-0.0055813953,-0.0060465116,-0.0060465116,2.4663711584
0.6658097686,-0.0070172041,-0.0048308776,0.0093545370,0.0098222638,0.0000000000,0.0042115115,4.9511176280
0.6279949559,-0.0073253435,-0.0058627886,-0.0009267841,-0.0013895322,0.0056153486,0.0013979497,-0.9140497194
0.5748663102,-0.0038807332,-0.0031090782,-0.0055658627,-0.0055658627,-0.0023266636,-0.0023266636,0.9989000000
0.5613577023,-0.0088312834,-0.0084286159,0.0055970149,0.0055970149,0.0055970149,0.0055970149,3.8809845415
0.5384615385,-0.0074726244,-0.0078042740,0.0000000000,0.0000000000,0.0000000000,0.0000000000,-1.0000000000
0.5600000000,-0.0067836654,-0.0076864364,0.0023191095,0.0032467532,0.0004638219,0.0004638219,-1.0000000000
0.5294117647,-0.0057400245,-0.0071170707,-0.0018509949,-0.0027739251,0.0000000000,0.0000000000,-1.0000000000
0.4652777778,-0.0039333772,-0.0056679220,-0.0041724618,0.0004636069,-0.0055632823,-0.0009272137,-1.0000000000
0.5161290323,-0.0079318069,-0.0098427730,0.0102420857,0.0055607044,0.0093240093,0.0046403712,-0.5191250289
0.5857988166,-0.0085433196,-0.0109410394,-0.0023041475,-0.0004608295,-0.0013856813,0.0018475751,3.0934497237
0.5121951220,-0.0063126997,-0.0092170069,0.0004618938,-0.0009220839,0.0018501388,-0.0009220839,-0.9135608269
0.5600000000,-0.0002667269,-0.0034757670,0.0041551247,0.0036917397,-0.0046168052,-0.0050761421,24.0849866329
0.4961832061,-0.0002256920,-0.0032183028,-0.0087356322,-0.0087356322,0.0000000000,0.0000000000,-1.0000000000
0.5652173913,-0.0011175772,-0.0039039323,0.0088126160,0.0139146568,0.0009276438,0.0009276438,-1.0000000000
0.5161290323,0.0140918645,0.0113825799,-0.0225287356,-0.0274473925,-0.0148285449,-0.0148285449,-0.9098142461
0.3580246914,0.0048342738,0.0034595139,0.0070555033,0.0070555033,0.0070555033,0.0070555033,1.3132084201
0.3842794760,0.0106995039,0.0098063780,0.0004670715,0.0004670715,-0.0065390005,-0.0065390005,12.5712600000
0.3440860215,0.0095280517,0.0095546174,-0.0023342670,-0.0023342670,-0.0004701457,-0.0004701457,-0.3607402702
0.3824701195,0.0052252496,0.0060077117,-0.0028076743,-0.0014038372,0.0023518344,0.0028222013,0.2011120896
0.4172932331,0.0077300472,0.0088751378,-0.0018770530,-0.0032802249,-0.0028155795,-0.0032833021,-0.2808435825
0.4288079470,0.0079638169,0.0096430987,-0.0014104372,0.0037611660,-0.0014117647,-0.0014117647,1.4526437714
0.4252873563,0.0270669902,0.0293013958,-0.0065913371,-0.0117096019,-0.0197926484,-0.0197926484,-0.9119736318
0.3253012048,0.0170353263,0.0212391576,-0.0118483412,-0.0075829384,0.0024038462,0.0057692308,11.7672909327
0.3846153846,0.0067149660,0.0119264872,0.0033573141,0.0066857689,0.0023980815,0.0076481836,-0.6566890328
0.3936052922,0.0114396151,0.0168314581,0.0043021033,-0.0014231499,0.0028708134,-0.0056925996,0.1216188395
0.3914473684,0.0125782763,0.0185002375,-0.0052356021,-0.0071258907,-0.0028625954,-0.0028625954,-0.7485529221
0.4108761329,0.0101598268,0.0166434173,0.0004784689,0.0004784689,0.0004784689,0.0004784689,-0.8000000000
0.4060913706,0.0090793587,0.0158964139,-0.0009564802,0.0033476805,-0.0009564802,-0.0004782401,3.2649000000
0.4819277108,0.0110688894,0.0181289029,-0.0023934897,-0.0066730219,-0.0028721876,-0.0033492823,0.7088208399
0.4585152838,0.0007183928,0.0080748606,0.0067178503,0.0095969290,0.0067210754,0.0086413826,3.7993880309
0.5177045177,-0.0017677414,0.0050848028,0.0038131554,0.0009505703,0.0042918455,0.0023798191,-0.9466903198
0.4645308924,0.0032680748,0.0095016056,-0.0014245014,-0.0014245014,-0.0066476733,-0.0047483381,1.1764138042
0.4859813084,-0.0000970236,0.0059182460,-0.0042796006,-0.0004755112,-0.0023900574,0.0028625954,3.0833364135
0.4551569507,0.0080707110,0.0136780145,-0.0004775549,-0.0042816365,-0.0009583134,-0.0080875357,-0.5052681761
0.4159836066,0.0068290631,0.0126648283,-0.0062111801,-0.0033444816,-0.0023980815,0.0000000000,-0.1867765268
0.5225225225,0.0091665271,0.0151348193,0.0038461538,0.0009587728,-0.0009615385,-0.0033573141,0.4788774645
0.5176848875,0.0106745054,0.0169500548,0.0004789272,0.0004789272,-0.0028873917,-0.0028873917,-0.8411014478
0.4761904762,0.0056348587,0.0122746484,-0.0047869794,-0.0047869794,0.0033783784,0.0033783784,4.2449735112
0.4896030246,0.0115799435,0.0182221298,-0.0072150072,-0.0052910053,-0.0072150072,-0.0067340067,-0.4366032638
0.4551845343,0.0059014589,0.0129480884,0.0058139535,0.0038684720,0.0043604651,0.0038740920,-0.7685329186
0.4983818770,0.0035412394,0.0105265589,-0.0038535645,0.0000000000,-0.0043415340,0.0014471780,15.4421892497
0.4351851852,0.0029964333,0.0097468138,0.0038684720,0.0000000000,0.0058139535,0.0000000000,-1.0000000000
0.4203935599,0.0088529233,0.0153832002,-0.0033718690,-0.0033718690,-0.0067437380,-0.0062620424,-1.0000000000
0.3418467583,0.0089581549,0.0157207578,-0.0082165297,-0.0004833253,-0.0058195926,-0.0014541929,40.8952090057
0.3750000000,0.0070910981,0.0140639932,0.0063352827,0.0009671180,0.0053658537,0.0004854369,-0.8525629592
0.3333333333,0.0104124413,0.0174652958,-0.0029055690,-0.0028985507,-0.0043668122,-0.0043668122,-0.4965743520
0.3251833741,0.0053808655,0.0127168830,0.0000000000,-0.0024224806,0.0034113060,0.0034113060,-0.6846312564
0.3750000000,0.0104419684,0.0177061563,-0.0019426906,0.0038853813,-0.0058280719,-0.0058280719,5.2567091087
0.3625498008,0.0088355117,0.0163945891,-0.0038929440,-0.0096758587,0.0000000000,0.0000000000,-1.0000000000
0.3537414966,0.0074762022,0.0151801751,0.0000000000,0.0000000000,0.0000000000,0.0000000000,-1.0000000000
0.3376623377,0.0063260173,0.0140557177,0.0000000000,0.0000000000,0.0000000000,0.0000000000,-1.0000000000
0.3177257525,-0.0053372892,0.0022430115,0.0146555936,0.0156326331,0.0107474353,0.0107474353,-1.0000000000
0.4699140401,-0.0016209167,0.0049912887,-0.0067404911,-0.0076960077,-0.0028999517,-0.0028999517,-0.7161057593
0.4896142433,-0.0013715449,0.0046215636,0.0000000000,0.0000000000,0.0000000000,0.0000000000,-1.0000000000
0.5376344086,-0.0093241298,-0.0039288258,0.0082404266,0.0082404266,0.0082404266,0.0082404266,-1.0000000000
0.5773955774,-0.0078896483,-0.0036378017,0.0000000000,0.0000000000,0.0000000000,0.0000000000,-1.0000000000
0.6103896104,0.0010243309,0.0043574920,-0.0038461538,-0.0038461538,-0.0076923077,-0.0076923077,-1.0000000000
0.5222222222,-0.0049186153,-0.0017689541,-0.0014478764,0.0019305019,0.0024224806,0.0058139535,-0.5813734198
0.5742574257,-0.0022394379,0.0002894195,0.0014499758,-0.0019267823,0.0014499758,-0.0019267823,1.7960614246
0.6041666667,-0.0018949090,0.0002679810,0.0000000000,0.0000000000,0.0000000000,0.0000000000,-1.0000000000
0.6415094340,-0.0016033845,0.0002481306,0.0000000000,0.0000000000,0.0000000000,0.0000000000,-1.0000000000
0.6623376623,0.0005749018,0.0021644309,0.0004826255,0.0004826255,-0.0019305019,-0.0019305019,-1.0000000000
0.6938775510,-0.0043282052,-0.0028178612,0.0000000000,0.0033767487,0.0024177950,0.0048355899,-0.6864792996
0.6703296703,-0.0036623274,-0.0026091308,0.0024119633,-0.0009615385,0.0024119633,0.0000000000,-1.0000000000
0.6703296703,-0.0030988925,-0.0024158618,-0.0028873917,0.0000000000,-0.0028873917,0.0000000000,-1.0000000000
0.6341463415,0.0026856282,0.0030729090,-0.0014478764,-0.0043310876,-0.0028957529,-0.0052935515,4.6517500000
0.5977011494,0.0003366315,0.0009083565,-0.0043499275,0.0009666506,-0.0029041626,0.0019351717,1.3878798602
0.5512820513,-0.0021243219,-0.0015694327,0.0063106796,0.0024142926,0.0063106796,0.0024142926,-0.9105622532
0.4696969697,-0.0003529264,-0.0000081034,0.0019295707,0.0009633911,0.0000000000,-0.0014450867,4.4838549326
0.5048859935,-0.0002986300,-0.0000075032,-0.0019258546,-0.0024061598,0.0000000000,0.0000000000,-1.0000000000
0.5849056604,-0.0012162988,-0.0009707961,0.0000000000,0.0024119633,0.0000000000,0.0009647853,-1.0000000000
0.4883720930,0.0028371843,0.0029679792,-0.0028943560,-0.0052935515,-0.0028943560,-0.0038554217,3.9544002752
0.4468085106,0.0024006944,0.0027481289,0.0000000000,0.0000000000,0.0000000000,0.0000000000,-1.0000000000
0.4468085106,0.0020313568,0.0025445638,0.0000000000,0.0000000000,0.0000000000,0.0000000000,-1.0000000000
0.4468085106,-0.0006984348,-0.0000627353,0.0004837929,0.0024189647,0.0004837929,0.0024189647,-1.0000000000
0.4148936170,-0.0068223105,-0.0062927381,0.0043520309,0.0062741313,0.0043520309,0.0062741313,-0.5503819946
0.4416243655,-0.0072012117,-0.0072550194,0.0038517092,0.0014388489,0.0038517092,0.0014388489,-0.6936749817
0.4210526316,-0.0051404024,-0.0057652784,0.0009592326,-0.0004789272,0.0004796163,-0.0009578544,0.2732631435
0.4705882353,-0.0067303709,-0.0077166564,0.0019166267,0.0019166267,0.0023969319,0.0023969319,-0.7821188686
0.5495049505,-0.0037892176,-0.0052421199,0.0004782401,0.0004782401,-0.0019129603,-0.0019129603,40.9014984033
0.5641025641,-0.0032062610,-0.0048538147,-0.0023900574,-0.0023900574,0.0000000000,0.0000000000,-0.2760887789
0.5685279188,-0.0107709174,-0.0125378077,0.0105414471,0.0124580738,0.0081456636,0.0081456636,-0.5081851715
0.6164383562,-0.0109940926,-0.0134845858,0.0028449502,0.0070989115,0.0019011407,0.0019011407,2.9851478627
0.6000000000,-0.0069472555,-0.0101378573,-0.0056737589,-0.0117481203,-0.0023719165,-0.0023719165,-0.8553874377
0.6225165563,-0.0044582733,-0.0079717433,-0.0028530670,-0.0014265335,-0.0028530670,-0.0014265335,0.0544142857
0.6911764706,-0.0037723851,-0.0073812438,0.0014306152,0.0000000000,0.0014306152,0.0000000000,-1.0000000000
0.6911764706,-0.0055597331,-0.0091935480,-0.0042857143,0.0047619048,-0.0180952381,0.0023809524,-1.0000000000
0.6797385621,-0.0004306966,-0.0042552033,0.0023912004,-0.0066350711,0.0164888458,-0.0042755344,-0.9015576595
0.6300268097,-0.0272812706,-0.0307605600,0.0100190840,0.0276717557,0.0100190840,0.0276717557,-0.5320279547
0.7692307692,-0.0041283784,-0.0096309645,0.0207841285,0.0366759517,-0.0047236656,-0.0190343547,45.7275364880
0.6252927400,0.0021983708,-0.0032569271,-0.0245256826,-0.0510523959,-0.0047460845,-0.0056791292,-0.8088615786
0.5907079646,0.0037711950,-0.0011139387,-0.0099620493,-0.0103822558,-0.0047687172,-0.0019038553,-0.3351142332
0.6533333333,0.0031910112,-0.0010314247,0.0047915668,0.0000000000,0.0047915668,0.0000000000,-1.0000000000
0.6300000000,-0.0077102024,-0.0113273634,0.0066762041,0.0104911779,-0.0038149738,0.0104911779,-1.0000000000
0.6322067594,-0.0008658723,-0.0048527321,-0.0018948366,-0.0056630486,0.0086165629,-0.0056630486,-0.9902232042
0.6442605998,-0.0007326612,-0.0044932704,0.0000000000,0.0000000000,0.0000000000,0.0000000000,-1.0000000000
0.6975381008,-0.0006199441,-0.0041604356,0.0000000000,0.0000000000,0.0000000000,0.0000000000,-1.0000000000
0.6772908367,-0.0033626431,-0.0066808810,0.0000000000,0.0028476507,-0.0009492169,0.0028476507,-1.0000000000
0.5932203390,0.0014200821,-0.0019348955,-0.0014238253,-0.0042593469,-0.0004750594,-0.0042593469,-0.7396851274
0.6107382550,0.0055027127,0.0024966764,0.0000000000,0.0000000000,-0.0061787072,-0.0042775665,7.9512998835
0.6764044944,0.0046561415,0.0023117374,-0.0052281369,-0.0042775665,0.0009564802,0.0000000000,-0.9124303150
0.6640926641,0.0053794963,0.0035776015,-0.0143334926,0.0009546539,-0.0143334926,-0.0014319809,1.5331893348
0.5212765957,-0.0054318334,-0.0066588042,0.0242365487,0.0076299475,0.0242365487,0.0100382409,-0.7216716024
0.6666666667,-0.0185308914,-0.0200783141,0.0099384761,0.0141978230,0.0085186938,0.0141978230,15.1390783015
0.7274401473,-0.0165977659,-0.0195060982,0.0051546392,0.0009332711,0.0065696856,0.0009332711,-0.9808443586
0.6625766871,-0.0167944887,-0.0208002224,0.0055944056,0.0065268065,0.0027972028,0.0027972028,54.2730953649
0.6373626374,-0.0160404925,-0.0210798653,0.0004636069,-0.0004631774,0.0018596002,0.0018596002,-0.9560683813
0.5822784810,-0.0154002877,-0.0213349414,-0.0009267841,0.0004633920,-0.0051044084,0.0018561485,20.8085918645
0.5983606557,-0.0153114401,-0.0220194678,0.0013914657,0.0023158870,0.0051305970,0.0023158870,-0.8940494491
0.5820895522,0.0032708198,-0.0042839310,-0.0027790644,-0.0050831793,-0.0120649652,-0.0161737523,5.2657006666
0.4105263158,-0.0042480149,-0.0109351200,-0.0097538319,-0.0041802137,0.0014091123,0.0070455613,0.8160475006
0.4371859296,-0.0031295159,-0.0096632003,0.0042213884,-0.0004664179,0.0042213884,-0.0004664179,-0.3439668610
0.4754098361,-0.0003156105,-0.0066296982,0.0004670715,-0.0004666356,-0.0014012144,-0.0023331778,0.4208986512
0.4971428571,-0.0049213052,-0.0107655247,0.0018674136,0.0028011204,0.0037418148,0.0046772685,-0.7841202885
0.4948979592,-0.0004414306,-0.0062670245,-0.0023299161,-0.0032588454,-0.0027958993,-0.0037243948,-0.7436843764
0.4680337756,-0.0132838233,-0.0186429857,0.0009341429,0.0126109295,0.0014018692,0.0130841121,15.2700857466
0.4854142357,-0.0024982145,-0.0085733213,0.0088660756,-0.0018450185,0.0027998133,-0.0087638376,0.9880992866
0.4048140044,-0.0035049790,-0.0093212462,-0.0041628122,-0.0050831793,0.0004653327,0.0013959981,-0.4834085248
0.4080522307,-0.0189219466,-0.0244963174,0.0027868091,0.0162563864,0.0032558140,0.0162639405,0.2119530383
0.4887218045,-0.0092153729,-0.0159323401,0.0060213062,-0.0073126143,0.0069541029,-0.0068587106,-0.9752363879
0.5080440305,-0.0077976232,-0.0147521668,0.0000000000,0.0000000000,0.0000000000,0.0000000000,-1.0000000000
0.5363128492,-0.0093346335,-0.0163766054,0.0027624309,0.0027624309,0.0027624309,0.0027624309,-1.0000000000
0.5388888889,-0.0010184982,-0.0083338669,-0.0050505051,-0.0050505051,-0.0068870523,-0.0068870523,2.5301549464
0.6062500000,0.0028472916,-0.0040328926,-0.0096908168,-0.0055376096,-0.0078594545,-0.0036985668,16.8871294483
0.6178686760,0.0024092467,-0.0037341598,0.0041938490,0.0000000000,0.0041938490,0.0000000000,-1.0000000000
0.5843230404,0.0025037923,-0.0029949080,-0.0004640371,-0.0004640371,-0.0004640371,-0.0004640371,-1.0000000000
0.5985401460,0.0030499305,-0.0018462721,-0.0009285051,-0.0009285051,-0.0009285051,-0.0009285051,-0.3387431361
0.6494845361,0.0044477136,0.0001495027,-0.0051115242,-0.0018587361,-0.0051115242,-0.0018587361,10.2566894261
0.6631578947,0.0065751123,0.0029399367,-0.0014012144,-0.0027932961,-0.0014012144,-0.0027932961,5.7883606557
0.6263345196,0.0055635566,0.0027221636,0.0018709074,0.0000000000,0.0018709074,0.0000000000,-0.9576589630
0.6681127983,0.0075298372,0.0053365907,0.0000000000,0.0000000000,-0.0028011204,-0.0028011204,26.8340272629
0.7420814480,-0.0020383881,-0.0034565504,0.0051353875,0.0112044818,0.0079588015,0.0084269663,-0.3644280697
0.6274509804,-0.0044977767,-0.0059693971,0.0032512773,-0.0027700831,0.0032512773,0.0027855153,-0.9496692115
0.6250000000,0.0092774147,0.0075333986,-0.0027777778,-0.0027777778,-0.0129629630,-0.0129629630,54.9843059381
0.5333333333,0.0092702941,0.0083943104,-0.0116063138,-0.0116063138,-0.0014071295,-0.0014071295,-0.1501972033
0.5966850829,0.0097412133,0.0096694932,0.0032879286,0.0032879286,-0.0018788163,-0.0018788163,-0.8122412324
0.6352941176,0.0091923932,0.0099037321,-0.0009363296,-0.0009363296,-0.0042352941,-0.0009411765,5.4809858801
0.6585365854,0.0007077052,0.0020898829,0.0023430178,0.0023430178,0.0103969754,0.0070654734,-0.3431238361
0.6763005780,-0.0026665300,-0.0013346414,0.0014025245,0.0028050491,0.0018709074,0.0032740879,-0.9185632253
0.6258503401,-0.0059636562,-0.0049469327,0.0037348273,0.0037296037,0.0032679739,0.0037296037,0.5331568279
0.5878693624,-0.0059695617,-0.0055043165,-0.0009302326,0.0018578727,-0.0004653327,0.0009289364,10.6144464531
0.5333333333,-0.0164611313,-0.0165060321,0.0093109870,0.0106629578,0.0093109870,0.0116009281,-0.9356035526
0.5736543909,-0.0175340292,-0.0188837895,0.0073800738,0.0036697248,0.0032287823,0.0036697248,4.8799559869
0.5640050697,-0.0066646230,-0.0093350962,-0.0086996337,-0.0082266910,-0.0045977011,-0.0082266910,-0.5032564047
0.5028248588,-0.0060973161,-0.0091002434,0.0027713626,0.0004608295,0.0027713626,0.0004608295,-0.9567701096
0.4500000000,-0.0051592675,-0.0084261513,0.0000000000,0.0000000000,0.0000000000,0.0000000000,-1.0000000000
0.4615384615,-0.0025277223,-0.0059705236,-0.0009212345,-0.0009212345,-0.0064486412,-0.0018424689,-1.0000000000
0.6032906764,-0.0021388420,-0.0055282626,-0.0009220839,-0.0009220839,0.0046360686,0.0000000000,-1.0000000000
0.5739130435,0.0023531911,-0.0009695813,-0.0032302723,-0.0004614675,-0.0124596216,-0.0041532072,-1.0000000000
0.5333333333,0.0001373390,-0.0027462383,0.0004629630,0.0004616805,0.0079439252,0.0018535681,0.6053023759
0.4585152838,0.0061662382,0.0034911298,-0.0009254975,-0.0036917397,-0.0037088549,-0.0060129510,-0.4541190418
0.4166666667,0.0042829348,0.0022997219,-0.0055581288,0.0004631774,-0.0009306654,0.0009306654,1.3361704548
0.3937007874,0.0026917189,0.0011984577,0.0009315324,-0.0032407407,0.0000000000,0.0009298001,-0.5146323086
0.3636363636,0.0041431785,0.0029730794,-0.0009306654,0.0000000000,0.0000000000,-0.0018578727,-0.0892440479
0.4216867470,0.0072554377,0.0064997092,0.0069864928,0.0041802137,-0.0027945971,-0.0037226617,0.6532860975
0.2670157068,-0.0017868107,-0.0019068250,-0.0064754857,-0.0013876041,0.0023353573,0.0079402149,0.3337716244
0.3577981651,-0.0061174891,-0.0063699810,0.0074487896,0.0092635479,0.0046598322,0.0046339203,0.5061664972
0.4411764706,-0.0028766983,-0.0036001605,0.0018484288,-0.0013767783,-0.0032467532,-0.0023062731,1.7486818606
0.4941176471,-0.0024341293,-0.0033334819,-0.0027675277,-0.0004595588,0.0041879944,0.0000000000,-0.2597937878
0.4941176471,-0.0075655257,-0.0085867694,0.0064754857,0.0004597701,0.0050973123,0.0055478502,-0.8517323728
0.5010660981,-0.0064015987,-0.0079507124,0.0004595588,0.0004595588,0.0000000000,0.0000000000,-0.3591991101
0.5010660981,0.0084935181,0.0065212814,-0.0018373909,-0.0018373909,-0.0110650069,-0.0137931034,4.7780128577
0.3949579832,0.0114305877,0.0102771486,-0.0147261850,-0.0147261850,-0.0041958042,-0.0041958042,-0.8142994683
0.4278606965,0.0139442728,0.0137874547,-0.0009341429,-0.0009341429,-0.0042134831,-0.0042134831,2.2173489353
0.4425385935,0.0103739311,0.0113397305,-0.0042075736,-0.0042075736,0.0014104372,0.0014104372,-0.8738612217
0.4482173175,0.0087779417,0.0104997505,0.0000000000,0.0000000000,0.0000000000,0.0000000000,-1.0000000000
0.4921875000,0.0013161698,0.0035967528,0.0061032864,0.0061032864,0.0061032864,0.0061032864,-1.0000000000
0.4741379310,-0.0053840423,-0.0031817849,0.0074661689,0.0074661689,0.0055996267,0.0065328978,1.8962026591
0.4646464646,-0.0040940192,-0.0024836417,-0.0009263548,0.0000000000,-0.0018561485,-0.0004636069,6.9309258003
0.4905660377,-0.0085227276,-0.0073641369,0.0064904961,0.0060213062,0.0074384007,0.0051020408,-0.8929313969
0.4953271028,-0.0072115388,-0.0068186453,-0.0018424689,-0.0023020258,0.0000000000,0.0000000000,-1.0000000000
0.4638949672,-0.0005676048,-0.0007802717,-0.0041532072,-0.0041532072,-0.0055376096,-0.0055376096,-1.0000000000
0.4649122807,-0.0004802810,-0.0007224738,-0.0013901761,-0.0013901761,0.0000000000,0.0000000000,-1.0000000000
0.4565701559,-0.0004063916,-0.0006689572,0.0000000000,0.0000000000,0.0000000000,0.0000000000,-1.0000000000
0.4565701559,-0.0003438698,-0.0006194048,0.0000000000,0.0000000000,0.0000000000,0.0000000000,-1.0000000000
0.5694444444,-0.0058269651,-0.0061079566,0.0055684455,0.0055684455,0.0055684455,0.0055684455,-1.0000000000
0.5910780669,-0.0007805435,-0.0015085736,0.0000000000,0.0000000000,-0.0041532072,-0.0041532072,4.9969400000
0.5910780669,0.0077451998,0.0070026385,-0.0041532072,-0.0041532072,-0.0083410565,-0.0083410565,0.8583811077
0.5555555556,0.0065536306,0.0064839245,-0.0083410565,-0.0083410565,0.0000000000,0.0000000000,-1.0000000000
0.5555555556,0.0032014511,0.0036586370,0.0046728972,0.0056074766,-0.0163551402,0.0023364486,-1.0000000000
0.5121951220,0.0022416746,0.0029200651,-0.0055813953,-0.0027881041,0.0156769596,0.0004662005,-0.9971249355
0.4202898551,0.0047058581,0.0055150829,0.0042095416,0.0004659832,0.0009354537,-0.0027958993,6.1408095238
0.3918918919,0.0082220662,0.0093514945,-0.0055891942,-0.0055891942,-0.0042056075,-0.0042056075,0.9289996466
0.3571428571,0.0203640752,0.0220883899,-0.0046838407,-0.0042154567,-0.0145471610,-0.0131393712,1.3205688862
0.3050847458,0.0220912989,0.0253277610,-0.0155294118,-0.0155221072,-0.0038095238,-0.0047551117,0.9822260690
0.3103448276,0.0167494947,0.0214994099,-0.0004780115,0.0090778786,-0.0076481836,0.0019111323,-0.0646972750
0.2920353982,0.0098385782,0.0155482847,0.0109995218,0.0061553030,0.0110789981,0.0042918455,0.6108479555
0.3174061433,0.0059366871,0.0119939153,-0.0066225166,-0.0042352941,-0.0061934254,0.0023741690,0.4927570860
0.3103448276,0.0112508547,0.0173706684,0.0076190476,0.0000000000,0.0057526366,-0.0061582189,-0.6998112317
0.2654028436,0.0197269443,0.0263573094,-0.0179584121,-0.0179584121,-0.0162059104,-0.0100095329,-0.4634099642
0.2424242424,0.0137634882,0.0214541579,0.0043310876,0.0052935515,0.0092054264,0.0028887819,-0.9230534649
0.2564102564,0.0048920731,0.0130561344,0.0028749401,0.0057443753,0.0043206913,0.0067210754,9.7315251678
0.3024054983,0.0084676338,0.0164514659,0.0009555662,-0.0028557830,-0.0019120459,-0.0042918455,-0.8321186404
0.3215547703,0.0129866834,0.0211012367,-0.0057279236,-0.0057279236,-0.0057471264,-0.0057471264,16.5993654974
0.3601895735,0.0080752199,0.0166000318,-0.0019203072,0.0004800768,0.0014450867,0.0028901734,-0.9424051494
0.3347826087,0.0058666280,0.0143959560,0.0024050024,0.0000000000,0.0024050024,0.0009606148,6.0553923378
0.2977346278,0.0020790056,0.0104205088,0.0057581574,0.0076775432,0.0028790787,0.0028790787,0.5306854824
0.3333333333,0.0017591586,0.0096486192,-0.0028625954,-0.0047619048,0.0000000000,0.0000000000,-1.0000000000
0.3209876543,0.0014885188,0.0089339067,0.0000000000,0.0000000000,0.0000000000,0.0000000000,-1.0000000000
0.3327556326,-0.0110432948,-0.0041168413,0.0110047847,0.0124401914,0.0090909091,0.0124401914,-1.0000000000
0.4031007752,-0.0093443264,-0.0038118901,0.0014197823,0.0000000000,0.0033191086,0.0000000000,-1.0000000000
0.4210526316,-0.0079067377,-0.0035295278,0.0000000000,0.0000000000,0.0000000000,0.0000000000,-1.0000000000
0.4166666667,-0.0052800330,-0.0018529390,-0.0018903592,-0.0014177694,-0.0094517958,-0.0014177694,1.1370329356
0.5555555556,0.0055256726,0.0083053342,-0.0052083333,-0.0056791292,-0.0066793893,-0.0099384761,-0.3134350057
0.4897959184,-0.0005795099,0.0024192772,-0.0047596383,0.0009519277,0.0043227666,0.0052581262,-0.0686076692
0.4755244755,-0.0014400074,0.0012878244,0.0081300813,0.0076081788,-0.0009564802,0.0009510223,5.5197563404
0.4240000000,-0.0147914127,-0.0124132778,-0.0018975332,0.0080226522,0.0071804691,0.0137767221,-0.8724614643
0.4939759036,-0.0092659803,-0.0082405818,0.0057034221,-0.0028089888,0.0047528517,-0.0032802249,0.1076243431
0.5507246377,0.0001532577,0.0003652284,-0.0028355388,-0.0093896714,-0.0018921476,-0.0079924777,-0.5668426379
0.5522388060,-0.0045879133,-0.0043804018,0.0033175355,0.0047393365,0.0014218009,0.0047393365,0.2011519987
0.5652173913,-0.0034119918,-0.0035859210,-0.0056683987,-0.0004716981,-0.0037860861,-0.0004716981,-0.8305515547
0.6141732283,-0.0071041829,-0.0075355779,0.0052256532,0.0075507315,0.0052256532,0.0042472865,17.5529400000
0.5967078189,-0.0111229084,-0.0120840951,0.0037807183,0.0018735363,0.0037807183,0.0051691729,-0.8217705657
0.5504587156,-0.0010050017,-0.0027973700,0.0056497175,-0.0014025245,-0.0018832392,-0.0084151473,-0.2649243350
0.5179856115,0.0010374734,-0.0007055852,-0.0074906367,-0.0065543071,-0.0014150943,-0.0018859029,4.7875803280
0.5419354839,0.0080201875,0.0064780792,-0.0075471698,-0.0084825636,-0.0070854983,-0.0070854983,-0.9402884919
0.5029940120,0.0120826537,0.0112904168,-0.0004752852,-0.0004752852,-0.0052331113,-0.0052331113,2.1504761905
0.5350318471,0.0054154841,0.0056446937,-0.0057061341,-0.0009510223,0.0000000000,0.0047824008,-0.7732769045
0.5315508021,0.0093866480,0.0100339645,0.0052606408,0.0004759638,0.0000000000,-0.0047596383,2.2619000000
0.5708376422,0.0084248175,0.0097736221,-0.0019029496,-0.0019029496,-0.0004782401,-0.0004782401,2.7883442166
0.5172413793,0.0009029794,0.0028120631,0.0023832221,0.0023832221,0.0062200957,0.0062200957,-0.8921006916
0.5241038319,0.0017167145,0.0035581684,-0.0047551117,-0.0009510223,-0.0047551117,-0.0009510223,-0.4500000000
0.5776566757,0.0024068233,0.0042505742,0.0028666985,-0.0009519277,0.0028666985,-0.0009519277,-0.5454545455
0.6018662519,0.0020365428,0.0039357169,0.0000000000,0.0000000000,0.0000000000,0.0000000000,-1.0000000000
0.5771812081,0.0017232285,0.0036441823,0.0000000000,0.0000000000,0.0000000000,0.0000000000,-1.0000000000
0.5900216920,0.0024132506,0.0043312045,-0.0009528347,-0.0009528347,-0.0009528347,-0.0009528347,-1.0000000000
0.6142433234,-0.0069555602,-0.0050048415,0.0090605627,0.0090605627,0.0090605627,0.0090605627,-0.8648770977
0.7044025157,-0.0161149032,-0.0148764182,0.0028355388,0.0103969754,0.0028355388,0.0103969754,30.3920381345
0.7225806452,-0.0127121252,-0.0128510291,0.0023562677,-0.0009354537,0.0023562677,-0.0009354537,0.1960068126
0.7887323944,-0.0098292875,-0.0109730458,0.0028208745,0.0023408240,0.0018805830,-0.0009363296,0.9016247748
0.8421052632,-0.0101724363,-0.0120121262,-0.0028129395,-0.0014012144,-0.0018770530,0.0018744142,-0.1247245936
0.8285714286,-0.0076791759,-0.0101964236,0.0047014575,0.0000000000,0.0042313117,-0.0009354537,-0.2593673785
0.8864628821,-0.0088179470,-0.0117544419,0.0018717829,0.0014031805,0.0023408240,0.0023408240,-0.7399596940
0.8630136986,-0.0102350854,-0.0136479239,0.0009341429,0.0028024288,-0.0009341429,0.0028024288,2.7224149004
0.8484848485,-0.0040215259,-0.0080166436,-0.0004666356,-0.0023288309,-0.0009350164,-0.0046576619,-0.1513596052
0.7706422018,-0.0071197422,-0.0111247377,-0.0037348273,0.0014005602,-0.0014038372,0.0037435657,0.6083059709
0.7476635514,-0.0074126313,-0.0116829446,0.0051546392,0.0013986014,0.0051546392,0.0013986014,-0.3828587200
0.7266811280,-0.0172526439,-0.0217477343,0.0013986014,0.0111731844,0.0013986014,0.0111731844,8.5899970981
0.7595993322,-0.0195637678,-0.0250742602,0.0130353818,0.0050644567,0.0107076350,0.0050644567,-0.8978617001
0.7391304348,-0.0070015213,-0.0137291902,-0.0068933824,-0.0096197893,-0.0046061723,-0.0096197893,-0.8195056324
0.5836849508,0.0005547135,-0.0062773766,-0.0074039796,-0.0064754857,-0.0074039796,-0.0064754857,4.7474027730
0.5062240664,0.0070329022,0.0007099323,0.0023310023,0.0009310987,-0.0055944056,-0.0065176909,0.3463403162
0.4535315985,0.0003258422,-0.0049381297,-0.0079069767,-0.0018604651,0.0000000000,0.0056232427,0.6242394901
0.4279015240,0.0030802240,-0.0017814237,0.0032817628,-0.0027958993,0.0032817628,-0.0027958993,-0.9682851357
0.4688561721,0.0021380545,-0.0021157674,0.0004672897,0.0004672897,0.0004672897,0.0004672897,1.2628621258
0.4022988506,0.0013414251,-0.0024249827,-0.0009341429,0.0004670715,-0.0009341429,0.0004670715,6.9565831728
0.3882352941,0.0016026536,-0.0017793316,0.0023375409,0.0009337068,0.0009350164,-0.0004668534,-0.4537766513
0.4379562044,0.0018240149,-0.0011810095,-0.0013992537,-0.0004664179,-0.0004670715,-0.0004670715,1.3666904756
0.4743083004,-0.0007912028,-0.0034219806,-0.0004670715,0.0023331778,-0.0028037383,0.0023364486,2.1469414091
0.4615384615,-0.0180650632,-0.0205205835,0.0102803738,0.0162942272,0.0131208997,0.0177156177,-0.9719401725
0.5804416404,-0.0166372146,-0.0203468341,0.0111008326,0.0013742556,0.0111008326,0.0013742556,4.1862109605
0.5163636364,-0.0230161957,-0.0277350405,0.0036596523,0.0096065874,0.0036596523,0.0091491308,19.2111669129
0.5460750853,-0.0274111444,-0.0335662717,0.0136736554,0.0077027639,0.0136736554,0.0081595648,-0.9977512738
0.6298200514,-0.0271310150,-0.0349850676,0.0076438849,0.0076438849,0.0040467626,0.0040467626,6.8673000000
0.6837060703,-0.0229570127,-0.0323935811,-0.0035698349,-0.0035698349,0.0000000000,0.0000000000,-1.0000000000
0.8167938931,-0.0307111078,-0.0411583569,0.0152261532,0.0192566055,0.0116435289,0.0116435289,-1.0000000000
0.8344827586,-0.0311330257,-0.0431922339,0.0035288928,0.0048330404,0.0053120850,0.0053120850,-0.9440471000
0.9300699301,-0.0272000445,-0.0408375141,-0.0030769231,-0.0056843026,-0.0013210040,0.0008806693,0.6728970488
0.9305555556,-0.0217242532,-0.0365408997,0.0066137566,0.0039577836,0.0008818342,-0.0013198416,-0.1266028663
0.8986486486,-0.0175164361,-0.0329821683,-0.0056942619,-0.0056942619,-0.0008810573,-0.0008810573,-0.7301163199
0.8807947020,-0.0148215998,-0.0305390447,-0.0008810573,-0.0008810573,0.0000000000,0.0000000000,-1.0000000000
0.8553054662,-0.0198878732,-0.0355063430,0.0070546737,0.0074955908,0.0070546737,0.0074955908,-1.0000000000
0.8656716418,-0.0168282004,-0.0328762436,0.0004378284,0.0000000000,0.0004378284,0.0000000000,-1.0000000000
0.8425196850,-0.0219438464,-0.0380189353,0.0078774617,0.0078774617,0.0078774617,0.0078774617,-1.0000000000
0.8591549296,-0.0185678700,-0.0352027178,0.0000000000,0.0000000000,0.0000000000,0.0000000000,-1.0000000000
0.8535564854,-0.0195428484,-0.0363609586,0.0052105949,0.0052105949,0.0039079462,0.0039079462,-1.0000000000
0.8416289593,-0.0165362563,-0.0336675543,-0.0012958963,-0.0012958963,0.0000000000,0.0000000000,-0.9709939255
0.8484848485,-0.0178155991,-0.0349304201,0.0004325260,0.0038927336,0.0004325260,0.0038927336,3.1158496884
0.8416289593,-0.0138000285,-0.0310906213,0.0004323390,-0.0012925463,0.0004323390,-0.0012925463,0.7871953355
0.8072289157,-0.0116769472,-0.0287876123,0.0017286085,0.0000000000,0.0017286085,0.0000000000,-1.0000000000
0.8048780488,-0.0064515085,-0.0232843055,-0.0034512511,-0.0034512511,-0.0034512511,-0.0034512511,-1.0000000000
0.7681159420,-0.0054589687,-0.0215595421,0.0000000000,0.0000000000,0.0000000000,0.0000000000,-1.0000000000
0.7535545024,-0.0046191274,-0.0199625390,0.0000000000,0.0000000000,0.0000000000,0.0000000000,-1.0000000000
0.7066666667,-0.0004468364,-0.0150728292,-0.0034632035,-0.0034632035,-0.0034632035,-0.0034632035,-1.0000000000
0.6765957447,0.0035454127,-0.0100861127,0.0078192876,0.0078192876,-0.0099913119,-0.0039096438,0.9543825029
0.6315789474,0.0104916164,-0.0019395042,-0.0094827586,-0.0090517241,-0.0118473014,-0.0074138683,16.1984686064
0.5714285714,0.0022720380,-0.0083314384,-0.0039164491,-0.0034797738,0.0164298401,0.0065905097,-0.9383115949
0.5500000000,0.0089689816,-0.0007355822,-0.0008737440,-0.0017459625,-0.0074268239,-0.0069838498,0.4287567849
0.5196850394,0.0075891382,-0.0006810946,-0.0052470485,-0.0052470485,0.0013204225,0.0000000000,-1.0000000000
0.5413533835,0.0117583257,0.0046687083,-0.0017582418,-0.0017582418,-0.0052747253,-0.0052747253,-1.0000000000
0.5350318471,0.0037397386,-0.0018521419,0.0008806693,0.0026420079,0.0039770217,0.0061864781,-0.0813453412
0.5816618911,0.0031643942,-0.0017149462,0.0017597888,0.0000000000,0.0022007042,0.0000000000,-1.0000000000
0.5541401274,-0.0297081114,-0.0338358173,0.0039525692,0.0333772508,0.0039525692,0.0333772508,-1.0000000000
0.7500000000,-0.0167804757,-0.0230253839,0.0196850394,-0.0084997875,0.0170603675,-0.0084997875,-0.0798729763
0.7191780822,-0.0150432333,-0.0221580698,0.0012870013,0.0051435919,0.0034408602,0.0008572653,-0.6074715599
0.6618556701,-0.0118825364,-0.0196770543,0.0008568980,-0.0038379531,0.0000000000,-0.0008565310,-0.7454079790
0.6903225806,-0.0176337903,-0.0257363170,0.0021404110,0.0064212329,0.0034290613,0.0077153879,0.7034794857
0.6637168142,0.0047379459,-0.0043488717,0.0012815036,-0.0029774564,-0.0153780436,-0.0195661421,3.0250351865
0.5703422053,0.0040090312,-0.0040267330,-0.0221843003,-0.0166382253,-0.0056399132,0.0000000000,-0.4102023897
0.5656108597,-0.0048110358,-0.0118735337,0.0087260035,0.0086767896,0.0087260035,0.0082429501,0.1103834667
0.5733333333,-0.0040708765,-0.0109940127,0.0051903114,-0.0004301075,0.0051903114,0.0000000000,-0.9216625027
0.5633187773,0.0004297097,-0.0063315277,-0.0017211704,-0.0017211704,-0.0051635112,-0.0038726334,7.6143644212
0.5917431193,-0.0043672678,-0.0105639496,0.0004310345,0.0030172414,-0.0004325260,0.0047516199,-0.2020842056
0.5479452055,-0.0024087193,-0.0085026334,0.0012925463,0.0021486893,0.0051925573,-0.0012897678,1.9146968777
0.6116504854,-0.0058896293,-0.0117017730,0.0034423408,0.0000000000,0.0038743005,0.0038743005,-0.9392016693
0.5844155844,-0.0019877840,-0.0078568437,-0.0055746141,-0.0030017153,-0.0055746141,-0.0030017153,-0.1009326183
0.4486692015,-0.0059574230,-0.0115263549,0.0034497628,0.0043010753,-0.0004312204,0.0043010753,3.2161251005
0.4618473896,-0.0109708357,-0.0165689255,0.0060163300,0.0059957173,0.0099223469,0.0059957173,3.1098795655
0.5018587361,-0.0193029085,-0.0253002162,0.0051260145,0.0114942529,0.0051260145,0.0102171137,2.5939557841
0.4800000000,-0.0233300232,-0.0303724675,0.0186995325,0.0130471380,0.0152996175,0.0071639275,-0.4780771177
0.4776119403,-0.0278757201,-0.0361880272,0.0037546934,0.0012463648,0.0062787777,0.0083682008,-0.9394355735
0.7099236641,-0.0121095827,-0.0221464789,-0.0058187864,-0.0041493776,-0.0112312812,-0.0116182573,11.5546319229
0.5688073394,-0.0241752193,-0.0342902688,-0.0004180602,0.0095833333,0.0058897770,0.0142737196,0.4553970264
0.5965665236,-0.0204559548,-0.0317502489,0.0066917608,-0.0004127115,0.0066917608,0.0000000000,-0.5349768455
0.5965665236,-0.0078638804,-0.0200695707,-0.0024927295,-0.0061932287,-0.0058163689,-0.0095198675,-0.2458936839
0.5325670498,-0.0024855845,-0.0144645260,-0.0024989588,-0.0049854591,-0.0045967405,-0.0041788550,-0.5018904777
0.5628847845,-0.0104086119,-0.0216045397,0.0037578288,0.0079331942,0.0088161209,0.0083927822,6.4520313861
0.5211267606,-0.0145485770,-0.0256806375,0.0054076539,0.0012427506,0.0058260508,0.0058260508,-0.9944611410
0.5294117647,-0.0110828824,-0.0225651680,-0.0024824162,-0.0004137360,-0.0037236243,-0.0012412081,93.2142000000
0.5444839858,0.0132889550,0.0015096063,-0.0132725010,-0.0115894040,-0.0199335548,-0.0223695112,-0.2884108765
0.4639844257,-0.0010309665,-0.0107581543,0.0016813787,0.0004187605,0.0076271186,0.0122881356,-0.9343573711
0.4888613861,0.0024846454,-0.0066347904,0.0029374738,0.0004185852,0.0012615643,-0.0033486815,0.7840619887
0.5153846154,0.0016816944,-0.0065605606,-0.0046025105,-0.0025104603,-0.0020999580,0.0004199916,3.9023728555
0.4836065574,-0.0002558593,-0.0077408554,0.0021017234,0.0012583893,0.0033670034,0.0016792611,-0.9034762276
0.4473684211,-0.0027243145,-0.0096578413,0.0016778523,0.0020946795,-0.0004194631,0.0025146689,26.6057816537
0.4404567700,-0.0018879182,-0.0085279507,0.0037688442,0.0020903010,0.0033571129,-0.0004180602,-0.9330164487
0.4277456647,-0.0015974693,-0.0078962506,-0.0025031289,-0.0025031289,0.0000000000,0.0000000000,-1.0000000000
0.4277456647,0.0011606180,-0.0048140132,0.0033458804,0.0033458804,-0.0025094103,-0.0025094103,-1.0000000000
0.4743589744,0.0107291348,0.0052366868,-0.0100041684,-0.0100041684,-0.0096436059,-0.0096436059,0.6601788070
0.4378698225,-0.0006526567,-0.0048415816,0.0004210526,0.0050526316,0.0059271804,0.0097375106,29.7600861628
0.4476744186,-0.0043095703,-0.0082254912,0.0046296296,0.0029325513,0.0025252525,0.0037735849,0.1261279826
0.4311377246,0.0013728533,-0.0026167809,-0.0020946795,-0.0050125313,0.0000000000,-0.0050125313,-0.8471446470
0.4090909091,0.0007415185,-0.0028415677,0.0037783375,0.0037783375,0.0004198153,0.0004198153,1.7273097110
0.5104895105,0.0039979733,0.0007284773,-0.0071099958,-0.0058552907,-0.0037767520,-0.0033571129,0.8018039277
0.4313725490,0.0093326508,0.0066082065,0.0016849200,0.0004206984,-0.0054759899,-0.0058947368,-0.1369254707
0.4074074074,-0.0043328524,-0.0060894253,-0.0063078217,0.0155592935,0.0008470987,0.0122829310,0.7718033369
0.5294117647,-0.0224804437,-0.0244153007,0.0122725349,0.0086956522,0.0114261532,0.0192468619,1.7834484050
0.6404494382,-0.0238306300,-0.0273979033,0.0242474916,0.0201149425,0.0242677824,0.0049261084,-0.4963631306
0.6521739130,-0.0284983396,-0.0336581264,0.0048979592,-0.0064386318,0.0012254902,0.0085784314,-0.9459709189
0.6151832461,-0.0157424084,-0.0228538467,0.0012185215,0.0040502228,-0.0012239902,-0.0085054678,2.8278563184
0.5899581590,-0.0027285642,-0.0106532009,-0.0089249493,-0.0145219847,-0.0126633987,-0.0106209150,0.0553945052
0.5374841169,0.0001689249,-0.0074051280,-0.0106426525,-0.0106426525,-0.0004137360,-0.0024772915,-0.2924912478
0.5814432990,-0.0043900559,-0.0113578680,0.0037236243,0.0057923045,0.0037251656,0.0045529801,-0.2389942135
0.5596529284,-0.0073955198,-0.0141722715,0.0008244023,0.0020567668,0.0012371134,0.0037082818,-0.0408390840
0.5596529284,-0.0042138515,-0.0110926967,0.0016474465,-0.0016420361,0.0012355848,-0.0020525452,-0.1438725077
0.5802098951,-0.0060188316,-0.0127077713,0.0012335526,0.0020559211,0.0016454134,0.0024681201,0.0243286417
0.5894428152,-0.0022268698,-0.0089196916,-0.0024640657,-0.0028723841,-0.0036960986,-0.0028723841,-0.7096264938
0.5924834193,-0.0035245633,-0.0098887864,-0.0016467682,0.0016460905,-0.0008244023,0.0016460905,-0.0023048335
0.5702479339,-0.0038008923,-0.0099697843,0.0074226804,0.0036976171,0.0049504950,0.0008216927,-0.8709185365
0.5162790698,-0.0032161396,-0.0092312818,-0.0028653295,-0.0028653295,0.0000000000,0.0000000000,-1.0000000000
0.4166666667,0.0030432676,-0.0028165437,-0.0057471264,-0.0057471264,-0.0057471264,-0.0057471264,-1.0000000000
0.4015151515,0.0046490797,-0.0005446256,-0.0008257638,0.0004128819,-0.0020644096,-0.0020644096,2.8984866667
0.3478260870,-0.0002026851,-0.0046225183,0.0053719008,0.0041271151,0.0041373604,0.0041373604,-0.7926220944
0.4000000000,-0.0026371711,-0.0067356456,0.0000000000,0.0000000000,0.0024721879,0.0024721879,-0.1753869497
0.4809619238,-0.0083452303,-0.0123259448,0.0016440608,0.0061652281,0.0016440608,0.0061652281,0.5693800000
0.5040000000,-0.0046216960,-0.0089839509,0.0020517029,-0.0024509804,0.0020517029,-0.0024509804,-0.9362805694
0.5009633911,-0.0002259951,-0.0046501074,-0.0008190008,-0.0008190008,-0.0036855037,-0.0036855037,8.2954000000
0.4831460674,0.0022804885,-0.0018441115,-0.0057377049,-0.0053278689,-0.0028771065,-0.0024660912,-0.7102652925
0.4777777778,-0.0042247148,-0.0078395284,0.0070074196,0.0065925010,0.0065952185,0.0061804697,2.1024060597
0.5252525253,0.0050683351,0.0013523153,-0.0032746623,-0.0032746623,-0.0085995086,-0.0085995086,50.6504176939
0.4601769912,-0.0031231327,-0.0061371709,-0.0028747433,0.0016427105,0.0028913672,0.0074349442,-0.9962725916
0.5196850394,0.0006394796,-0.0024104392,0.0065897858,0.0020500205,0.0012355848,-0.0032800328,0.2433171702
0.5649432535,-0.0035578003,-0.0063194265,-0.0061374795,-0.0012274959,-0.0008227067,0.0041135335,0.4609000000
0.5557939914,-0.0046415132,-0.0074777400,0.0024701523,0.0016386727,0.0024701523,0.0016386727,2.3315422000
0.5486518171,0.0009853775,-0.0020258004,0.0053388090,0.0012269939,-0.0008213552,-0.0049079755,1.3942942850
0.5188470067,0.0020693782,-0.0006434889,-0.0061274510,-0.0053104575,-0.0041101521,-0.0012330456,3.1967150513
0.5496535797,0.0038164783,0.0014648041,-0.0057542129,-0.0041067762,-0.0024762691,-0.0020576132,-0.6252383450
0.5862884161,0.0086364510,0.0067533282,-0.0020669698,-0.0045360825,-0.0020686802,-0.0053608247,0.2410858973
0.5602649007,0.0085621969,0.0075061988,0.0008285004,0.0008285004,-0.0186567164,-0.0012437811,5.4654371600
0.5693135935,0.0059921436,0.0056977585,0.0028973510,0.0028973510,0.0173215040,0.0012453300,-0.8691335669
0.5298013245,-0.0007298004,-0.0005255589,0.0012381345,0.0012381345,0.0074750831,0.0058043118,-0.9812946201
0.5346062053,-0.0006175234,-0.0004866286,0.0000000000,0.0000000000,0.0000000000,0.0000000000,-1.0000000000
0.5134730539,-0.0005225198,-0.0004505821,0.0000000000,0.0000000000,0.0000000000,0.0000000000,-1.0000000000
0.5719844358,-0.0073977129,-0.0073729598,0.0070074196,0.0070074196,0.0070074196,0.0070074196,-1.0000000000
0.5669291339,-0.0062596032,-0.0068268147,0.0000000000,0.0000000000,0.0000000000,0.0000000000,-1.0000000000
0.5714285714,-0.0177605347,-0.0187722343,0.0077773230,0.0176013099,0.0077773230,0.0126893164,-1.0000000000
0.6571428571,-0.0142312420,-0.0165866998,0.0040617384,-0.0048270314,0.0020308692,-0.0008084074,7.6067589100
0.7195571956,-0.0132393452,-0.0165515607,0.0028317152,0.0020210186,0.0032428050,0.0012135922,-0.7415870107
0.7234042553,-0.0265418632,-0.0306008990,0.0096813231,0.0141185962,0.0105050505,0.0157575758,1.7723935223
0.7561837456,-0.0251728156,-0.0310321668,0.0103875350,0.0059665871,0.0079968013,0.0027844073,-0.9858344875
0.7307692308,-0.0193551226,-0.0268033079,0.0003954132,0.0003954132,-0.0019833399,-0.0019833399,2.3640493186
0.8300970874,-0.0264380673,-0.0347922031,0.0003952569,0.0047430830,0.0027821940,0.0103338633,33.2460348080
0.8333333333,-0.0153986724,-0.0253132081,0.0023706045,-0.0019669552,0.0003963535,-0.0070810386,-0.7351667905
0.7013651877,-0.0063369869,-0.0168160770,-0.0086716594,-0.0086716594,-0.0079239303,-0.0067353407,-0.1812565876
0.6612903226,-0.0112778347,-0.0214254945,-0.0007952286,0.0027833002,0.0035942492,0.0059832469,-0.8033355655
0.6524822695,-0.0165617713,-0.0267844478,0.0063668922,0.0071371927,0.0063668922,0.0071371927,28.0763495465
0.6500000000,0.0126991231,0.0016202777,-0.0201660735,-0.0244094488,-0.0221431396,-0.0263779528,-0.8355494557
0.4766803841,0.0046516895,-0.0045377267,-0.0008071025,0.0040355125,0.0012131015,0.0060655075,2.1126028650
0.4689403167,0.0100254266,0.0018384239,0.0068659128,0.0020096463,-0.0016155089,-0.0060289389,-0.4233880113
0.4595267746,0.0084830533,0.0017022443,-0.0080224629,-0.0080224629,0.0004045307,0.0000000000,-1.0000000000
0.4186521443,0.0067708631,0.0011713113,0.0036393045,0.0036393045,-0.0080873433,0.0004043672,-1.0000000000
0.4146675805,0.0139258438,0.0092433458,-0.0092667204,-0.0092667204,-0.0089686099,-0.0080840744,0.4088420856
0.3660714286,0.0105480175,0.0073272022,-0.0036600244,0.0012200081,0.0078157137,0.0012224939,-0.2111496627
0.3545454545,-0.0012371763,-0.0033564122,0.0130612245,0.0097481722,0.0130612245,0.0101750102,-0.6879748223
0.3493894166,0.0038063722,0.0017354120,-0.0048348106,-0.0064360418,-0.0048348106,-0.0048348106,-0.9681751478
0.3407079646,0.0032207765,0.0016068629,0.0000000000,0.0000000000,0.0000000000,0.0000000000,-1.0000000000
0.3287788215,0.0076205951,0.0063771176,0.0008097166,0.0008097166,-0.0048582996,-0.0048582996,-1.0000000000
0.3374233129,0.0060389042,0.0054956678,-0.0044498382,-0.0040453074,-0.0012205045,0.0004068348,-0.6962996081
0.2941176471,0.0051098420,0.0050885813,-0.0008126778,-0.0012185215,0.0016293279,0.0000000000,-1.0000000000
0.2631578947,0.0039154508,0.0043032300,0.0040666938,0.0044733632,0.0004066694,0.0004066694,-1.0000000000
0.3420074349,0.0053564813,0.0060292471,-0.0060753341,-0.0060728745,-0.0024390244,-0.0020325203,-0.9889212890
0.3263157895,0.0045324072,0.0055826362,0.0004074980,0.0000000000,0.0004074980,0.0000000000,-1.0000000000
0.3360433604,-0.0090811402,-0.0077643107,0.0126272912,0.0130346232,0.0126272912,0.0130346232,-1.0000000000
0.4615384615,0.0007663375,0.0012654168,-0.0040225261,-0.0044229996,-0.0080450523,-0.0084439083,4.5073682176
0.4696969697,0.0014606541,0.0019843216,-0.0048465267,-0.0048465267,-0.0008110300,-0.0008110300,-0.4268594389
0.5438596491,-0.0032139994,-0.0026152756,0.0089285714,0.0142045455,0.0000000000,0.0044642857,22.4324965559
0.5737704918,-0.0055321743,-0.0052350282,-0.0016090105,-0.0068027211,0.0073051948,0.0028282828,-0.9923062100
0.5000000000,-0.0034765700,-0.0036429489,-0.0012087027,-0.0012087027,-0.0012087027,-0.0012087027,2.0572253354
0.5473684211,-0.0029417131,-0.0033731008,0.0000000000,0.0000000000,0.0000000000,0.0000000000,-1.0000000000
0.5473684211,-0.0024891418,-0.0031232415,0.0000000000,0.0000000000,0.0000000000,0.0000000000,-1.0000000000
0.5730027548,-0.0452417068,-0.0459934373,0.0229931424,0.0451795079,0.0229931424,0.0451795079,-1.0000000000
0.8079306072,-0.0338066002,-0.0381317034,0.0252365931,0.0077190274,0.0169558360,-0.0046314164,2.8093853254
0.7912621359,-0.0323575910,-0.0390332543,-0.0042307692,-0.0072769054,0.0023264831,0.0038774719,-0.8638803461
0.8000000000,-0.0262511700,-0.0350237373,0.0000000000,-0.0011574074,0.0003868472,-0.0011587486,-0.3151761762
0.8075117371,-0.0021474344,-0.0125739515,-0.0019312476,-0.0019312476,-0.0201082753,-0.0201082753,-0.8610445200
0.6893787575,-0.0069118295,-0.0166871676,-0.0143188854,-0.0143188854,0.0051302289,0.0051302289,-0.7855391873
0.6637744035,0.0004361692,-0.0092271448,-0.0058892815,-0.0058892815,-0.0062819003,-0.0062819003,21.2898581981
0.6759941090,0.0007644690,-0.0081517726,-0.0019747235,-0.0007898894,-0.0015804030,-0.0003951008,-0.8339275779
0.6784922395,0.0110369615,0.0027570758,0.0067273447,0.0055335968,-0.0091017016,-0.0102766798,7.4874155209
0.6874135546,0.0093389675,0.0025528480,-0.0157232704,-0.0157232704,0.0000000000,0.0000000000,-1.0000000000
0.7359813084,-0.0012714219,-0.0067594676,0.0091853035,0.0091853035,0.0091853035,0.0091853035,-1.0000000000
0.6829971182,-0.0108615178,-0.0159936922,0.0098931539,0.0098931539,0.0098931539,0.0098931539,0.2438472768
0.6662621359,-0.0091905150,-0.0148089743,0.0000000000,0.0000000000,0.0000000000,0.0000000000,-1.0000000000
0.6662621359,0.0124566746,0.0064002168,-0.0168495298,-0.0137147335,-0.0199843260,-0.0199843260,-1.0000000000
0.4355828221,0.0681999992,0.0633225878,-0.0055799123,-0.0087405642,-0.0635745702,-0.0539784086,115.4659860361
0.3043478261,0.0536995362,0.0546203676,-0.0637274549,-0.0468937876,-0.0132365500,0.0038038884,-0.6255646321
0.3013530135,0.0463191799,0.0514598543,0.0102739726,-0.0021026072,0.0147122458,-0.0008421053,-0.9489892030
0.3020961776,0.0453604707,0.0538655089,-0.0004237288,-0.0058997050,0.0059701493,-0.0058997050,7.7408802350
0.3333333333,0.0445812319,0.0561433844,-0.0021195422,-0.0021195422,-0.0059347181,-0.0059347181,-0.8702158507
0.3698296837,0.0293821709,0.0435295781,-0.0046728972,0.0042480884,-0.0008528785,0.0081023454,1.9199693053
0.3537234043,0.0305288739,0.0460575967,0.0093896714,0.0038071066,-0.0081092616,-0.0054991540,6.5426978284
0.3427835052,0.0167501364,0.0334150779,0.0000000000,-0.0004214075,0.0176419966,0.0089323692,-0.8004468261
0.3370005790,0.0124658301,0.0292042979,0.0046511628,0.0016863406,0.0046511628,0.0016863406,-0.9598186554
0.3060606061,0.0161075209,0.0326912634,-0.0054713805,-0.0054713805,-0.0054713805,-0.0054713805,1.4240023648
0.3109339408,0.0162097448,0.0328923519,-0.0012695726,-0.0012695726,-0.0025391452,-0.0025391452,5.0972635481
0.2994350282,0.0077302681,0.0243713676,0.0046610169,0.0046610169,0.0059397539,0.0059397539,-0.8736060000
0.3018018018,0.0056926682,0.0217042470,0.0021088148,0.0033741038,0.0008435259,0.0008435259,2.8689336519
0.2900900901,0.0060887932,0.0213877865,-0.0025252525,-0.0037831021,-0.0012642225,-0.0012642225,-0.7955052044
0.5532646048,-0.0036761304,0.0108466370,0.0084388186,0.0118143460,0.0084388186,0.0088607595,2.7837000000
0.5924764890,-0.0060205910,0.0070947662,0.0033472803,0.0000000000,0.0033472803,0.0029276453,-0.3022385496
0.5448916409,-0.0050943463,0.0065692279,0.0000000000,0.0000000000,0.0000000000,0.0000000000,-1.0000000000
0.5619412516,-0.0009777491,0.0094502590,-0.0033361134,-0.0033361134,-0.0033361134,-0.0033361134,-1.0000000000
0.5937921727,-0.0008273262,0.0087502398,0.0000000000,0.0000000000,0.0000000000,0.0000000000,-1.0000000000
0.5721393035,0.0128612773,0.0217828484,-0.0100418410,-0.0100418410,-0.0133891213,-0.0133891213,-1.0000000000
0.4811715481,-0.0022347358,0.0069314437,0.0084530854,0.0097210482,0.0118744699,0.0131467345,-0.9555962524
0.5149934811,0.0010422198,0.0093755711,-0.0037720034,-0.0020929259,-0.0037720034,-0.0029300963,86.4536013150
0.5660377358,0.0008818783,0.0086810843,0.0016827934,-0.0008389262,0.0012620951,0.0000000000,-0.8953923992
0.5725190840,0.0036957725,0.0110091005,-0.0109197816,-0.0029387070,-0.0222689076,-0.0029387070,25.2282650419
0.5681818182,-0.0134877511,-0.0065383737,0.0063694268,0.0168421053,0.0184787280,0.0168421053,-0.9027325961
0.6392405063,-0.0114127124,-0.0060540497,0.0189873418,0.0000000000,0.0189873418,0.0000000000,-1.0000000000
0.6846473029,-0.0210075476,-0.0170026720,0.0062111801,0.0115942029,0.0057971014,0.0115942029,-1.0000000000
0.6529562982,-0.0205819726,-0.0185553771,0.0053497942,0.0032746623,0.0057636888,0.0028653295,-0.7633905211
0.6260387812,-0.0174155153,-0.0171809047,-0.0008186656,-0.0004079967,-0.0008186656,0.0000000000,-0.2936532553
0.6625000000,-0.0147362052,-0.0159082451,0.0036870135,0.0000000000,0.0036870135,0.0000000000,-1.0000000000
0.6625000000,0.0106310413,0.0083173982,-0.0200000000,-0.0122448980,-0.0228571429,-0.0228571429,-1.0000000000
0.5096153846,0.0052164872,0.0039271325,0.0012494794,-0.0057851240,-0.0041771094,0.0037593985,-0.5145479249
0.4742268041,0.0115702948,0.0107870368,-0.0012479201,0.0016625104,0.0004194631,-0.0070744902,-0.3600700397
0.5139664804,0.0174660200,0.0176652707,-0.0154102457,-0.0174273859,-0.0088050314,-0.0075440067,1.7663255004
0.5000000000,0.0295614952,0.0311622715,0.0025380711,0.0008445946,-0.0135363790,-0.0143581081,-0.1868030543
0.4430379747,0.0250135729,0.0288539551,-0.0189873418,-0.0151898734,-0.0030017153,0.0000000000,-0.9413241397
0.4430379747,0.0313283783,0.0369349212,-0.0038709677,-0.0077120823,-0.0060215054,-0.0098543273,0.7648108108
0.4150197628,0.0212059573,0.0288566042,0.0030224525,0.0030224525,0.0051925573,0.0051925573,-0.1634812705
0.3211009174,0.0272296942,0.0360853250,-0.0099009901,-0.0090400344,-0.0099009901,-0.0090400344,4.7630668400
0.3320158103,0.0230405104,0.0334123380,0.0008695652,0.0000000000,0.0008695652,0.0000000000,-1.0000000000
0.2488888889,0.0146473712,0.0260344918,0.0047784535,0.0047784535,0.0047784535,0.0047784535,-1.0000000000
0.2746781116,0.0123939295,0.0241060110,0.0000000000,0.0000000000,0.0000000000,0.0000000000,-1.0000000000
0.2746781116,0.0104871711,0.0223203805,0.0000000000,0.0000000000,0.0000000000,0.0000000000,-1.0000000000
0.2746781116,0.0045307823,0.0162732738,0.0043233895,0.0043233895,0.0043233895,0.0043233895,-1.0000000000
0.3172205438,0.0038337389,0.0150678461,0.0000000000,0.0000000000,0.0000000000,0.0000000000,-1.0000000000
0.3273809524,-0.0001992037,0.0104718236,0.0051657340,0.0051657340,0.0030133448,0.0034438226,-1.0000000000
0.2992700730,-0.0001685570,0.0096961329,-0.0017130621,-0.0017130621,0.0004291845,0.0000000000,-1.0000000000
0.2827586207,-0.0061119229,0.0029541522,0.0060060060,0.0060060060,0.0060060060,0.0060060060,-1.0000000000
0.3333333333,-0.0051716271,0.0027353261,0.0000000000,0.0000000000,0.0000000000,0.0000000000,-1.0000000000
0.3333333333,-0.0043759921,0.0025327094,0.0000000000,0.0000000000,0.0000000000,0.0000000000,-1.0000000000
0.3437500000,-0.0024265492,0.0036290617,0.0072494670,0.0072494670,-0.0012793177,-0.0012793177,-1.0000000000
0.4725274725,-0.0071404732,-0.0017545933,-0.0033869602,-0.0033869602,0.0051238258,0.0051238258,-0.8894584282
0.7857142857,-0.0051967364,-0.0007756647,-0.0033984707,-0.0008496177,-0.0046728972,-0.0008496177,25.8603703704
0.8148148148,-0.0022762271,0.0014106411,-0.0017050298,-0.0021258503,-0.0004268032,-0.0021258503,-0.8943011183
0.7674418605,-0.0074239034,-0.0042095203,0.0059777968,0.0055389859,0.0059777968,0.0055389859,-0.5147759688
0.7737556561,-0.0062817644,-0.0038977040,0.0016977929,0.0000000000,0.0016977929,0.0000000000,-1.0000000000
0.7737556561,-0.0149157366,-0.0132258519,0.0059322034,0.0097457627,0.0046610169,0.0097457627,-1.0000000000
0.8076923077,-0.0051060726,-0.0047283709,-0.0008424600,-0.0046160302,-0.0025305778,-0.0075535040,-0.9806298401
0.6666666667,-0.0043205230,-0.0043781212,-0.0042158516,-0.0029510961,-0.0084566596,0.0000000000,113.5614500000
0.6888888889,-0.0032343618,-0.0036325189,0.0008467401,-0.0004228330,0.0081023454,-0.0004228330,-0.9956355301
0.7276995305,-0.0081908787,-0.0088141272,0.0042301184,0.0054991540,0.0016920474,0.0054991540,40.4697000000
0.7244655582,-0.0052567962,-0.0064893557,-0.0037910699,-0.0016827934,-0.0012668919,-0.0016827934,-0.8312020584
0.7349397590,0.0044407983,0.0028662600,0.0012684989,-0.0021070375,-0.0088794926,-0.0088495575,6.4017857143
0.6640746501,-0.0072170430,-0.0083086302,-0.0004222973,0.0046452703,0.0085324232,0.0110544218,-0.2292516285
0.6718146718,-0.0086081379,-0.0101905926,0.0101394170,0.0050441362,0.0084602369,0.0025231287,-0.4027930807
0.6558704453,-0.0072838090,-0.0094357339,-0.0029276453,-0.0029276453,0.0000000000,0.0000000000,-1.0000000000
0.6230769231,-0.0061632230,-0.0087367907,0.0000000000,0.0000000000,0.0000000000,0.0000000000,-1.0000000000
0.5955882353,0.0053274086,0.0024223584,-0.0092281879,-0.0092281879,-0.0104865772,-0.0104865772,-1.0000000000
0.5519480519,-0.0001544652,-0.0024088359,0.0033869602,0.0033869602,0.0046629928,0.0046629928,-0.9454438149
0.5337837838,0.0032558162,0.0011490023,-0.0016877637,-0.0004219409,-0.0033755274,-0.0033755274,26.9785085821
0.5217391304,0.0036047137,0.0019122502,-0.0025359256,-0.0037990713,-0.0008467401,-0.0008467401,-0.7281814667
0.5793103448,0.0030501423,0.0017706021,0.0000000000,0.0000000000,0.0000000000,0.0000000000,-1.0000000000
0.5793103448,0.0107180263,0.0097689421,-0.0029661017,-0.0029661017,-0.0118644068,-0.0080508475,-1.0000000000
0.5153374233,0.0026446355,0.0026210044,-0.0012749681,0.0025499363,0.0077186964,0.0064075182,-0.9160887009
0.5240963855,-0.0015762441,-0.0013878763,0.0017021277,0.0025434506,0.0017021277,0.0038200340,-0.6159402357
0.4718309859,-0.0117800448,-0.0117318795,0.0097706032,0.0143763214,0.0097706032,0.0105708245,1.9291128025
0.5317919075,-0.0181837656,-0.0190714584,0.0054690787,0.0045852439,0.0054690787,0.0083682008,0.3926591579
0.5149700599,-0.0214766575,-0.0237350954,0.0138075314,0.0062240664,0.0129707113,0.0062240664,-0.9122467717
0.5397727273,-0.0108302655,-0.0146630993,0.0008254230,0.0012371134,-0.0057827344,-0.0074226804,19.4971705649
0.5237045204,-0.0071015481,-0.0115236068,-0.0078350515,-0.0090609555,-0.0020772746,-0.0020772746,-0.9548182918
0.5523255814,-0.0001815843,-0.0048699142,0.0016625104,0.0016625104,-0.0120732723,-0.0058284763,15.0897009160
0.5900621118,0.0027858412,-0.0015824954,-0.0153526971,-0.0120331950,-0.0101137800,-0.0029313233,0.2295948876
0.6169989507,0.0036217884,-0.0002055577,0.0054782975,0.0029399412,0.0123456790,-0.0012599748,-0.8214844489
0.6336206897,-0.0015539575,-0.0047938918,0.0016764459,0.0008375209,0.0046257359,0.0046257359,-0.7827079980
0.5900621118,-0.0000592059,-0.0031870353,-0.0033472803,-0.0016736402,-0.0029300963,-0.0012557555,2.6970493257
0.6163113994,0.0041584460,0.0012453757,0.0004198153,-0.0012573345,-0.0025188917,-0.0041911148,-0.7699464783
0.6487804878,0.0047873560,0.0024188060,-0.0058749475,-0.0033571129,-0.0033670034,-0.0012626263,11.2274004727
0.6701570681,0.0177755842,0.0159396216,-0.0037990713,-0.0054736842,-0.0114020270,-0.0134850400,0.2432180661
0.6270853778,0.0013530121,0.0010748444,-0.0021186441,0.0046570703,0.0059803503,0.0136693721,0.2263624699
0.6487985213,-0.0022189231,-0.0023680504,0.0110403397,0.0033712600,0.0110403397,0.0033712600,-0.9900163133
0.6098562628,0.0010655235,0.0007495055,0.0008399832,0.0008399832,-0.0029399412,-0.0029399412,41.7763000000
0.6250000000,0.0009015968,0.0006939865,-0.0067142258,-0.0037767520,-0.0029486099,0.0000000000,-0.7088644880
0.6455696203,0.0032986064,0.0031779921,0.0004224757,-0.0025273799,0.0004224757,-0.0025273799,-0.5985128918
0.6428571429,0.0100422766,0.0101948285,-0.0016891892,-0.0016891892,-0.0126689189,-0.0071790541,15.7593600000
0.6348547718,0.0021036255,0.0030399963,0.0008460237,0.0008460237,0.0119760479,0.0063802637,-0.9880663701
0.6197183099,-0.0095230011,-0.0084998563,0.0021132713,0.0114116653,0.0021132713,0.0114116653,5.2858000000
0.6253602305,-0.0125967605,-0.0124099326,0.0139181780,0.0045967405,0.0139181780,0.0045967405,-0.4511120303
0.6253602305,-0.0073554878,-0.0081901464,0.0029118136,0.0029118136,-0.0162229617,-0.0033277870,26.6793229378
0.6106941839,-0.0033120146,-0.0046755929,-0.0082953131,-0.0082953131,0.0101479915,-0.0029215359,-0.6382430429
0.6194100856,0.0051919367,0.0036529179,-0.0087829360,-0.0087829360,-0.0079531185,-0.0079531185,-0.9710543455
0.5755968170,-0.0027600210,-0.0037636676,0.0105485232,0.0105485232,0.0071729958,0.0071729958,25.7948000000
0.6321839080,-0.0077394189,-0.0088826677,0.0016701461,0.0020876827,0.0050272308,0.0054461667,0.6858569573
0.5870967742,-0.0061346285,-0.0078112803,0.0037515632,0.0033333333,0.0000000000,-0.0004166667,-0.7564873971
0.6412803532,0.0019089740,-0.0001474257,-0.0062292359,-0.0062292359,-0.0070862860,-0.0070862860,2.8895454545
0.6077405858,-0.0009013357,-0.0026487251,-0.0004178855,0.0000000000,0.0012594458,0.0025188917,5.2518078766
0.5806150979,-0.0007626686,-0.0024525233,-0.0016722408,-0.0020894275,0.0012578616,0.0000000000,-1.0000000000
0.5632911392,-0.0006453350,-0.0022708549,0.0000000000,0.0000000000,0.0000000000,0.0000000000,-1.0000000000
0.5878467635,0.0002917126,-0.0012661829,-0.0016750419,-0.0004187605,-0.0016750419,-0.0008375209,-1.0000000000
0.6218487395,-0.0026790868,-0.0040941606,0.0008389262,0.0041893590,-0.0004194631,0.0029337804,4.4728256818
0.5454545455,-0.0031000996,-0.0046227969,0.0037720034,-0.0008343763,0.0050356693,0.0008357710,-0.8177122214
0.5000000000,0.0019788292,0.0003139765,-0.0045929019,-0.0045929019,-0.0045929019,-0.0045929019,-0.4757727028
0.4864864865,-0.0000034526,-0.0013848099,0.0000000000,0.0041946309,-0.0008389262,0.0016778523,16.7911047755
0.4495412844,0.0025159629,0.0012334305,0.0020973154,-0.0020885547,0.0000000000,-0.0025125628,-0.9877192027
0.5246252677,0.0046595202,0.0036702018,-0.0037672666,-0.0037672666,-0.0025188917,-0.0025188917,1.7747112938
0.4717444717,0.0039426709,0.0033983350,-0.0016806723,-0.0016806723,0.0000000000,0.0000000000,-1.0000000000
0.3986013986,0.0046045463,0.0044148070,-0.0029461279,0.0008417508,-0.0029461279,-0.0012626263,-1.0000000000
