0.5199336498,0.0305195327,0.0273759181,-0.0181837516,-0.0155088167,-0.0321522310,-0.0266464471,0.4868459306
0.5433958289,0.0173332348,0.0168610283,-0.0266435611,-0.0094950367,0.0014689266,0.0083463165,-0.3995392239
0.5389769223,0.0060065556,0.0069439660,0.0082341159,0.0010893246,0.0210989507,0.0086083214,-0.4057186435
0.5269943594,0.0011388223,0.0024806646,0.0086083214,0.0119695321,0.0066298343,0.0039391618,0.0728465973
0.5004255319,-0.0001261619,0.0012056793,0.0039391618,-0.0058064516,-0.0010976948,0.0010899183,0.0250653799
0.4087769784,-0.0014113864,-0.0001898602,0.0010899183,0.0084360805,0.0058241758,0.0013064780,0.2710987513
0.2793756577,0.0136853324,0.0147189583,0.0014153511,-0.0092235092,-0.0167158309,-0.0146786996,-0.0560307480
0.3463419937,0.0257286588,0.0278060829,-0.0147858230,-0.0160207837,-0.0333333333,-0.0137938645,0.5604022792
0.3329567281,0.0105757079,0.0145081160,-0.0137938645,-0.0008800880,0.0008045977,0.0110775428,-0.3544468166
0.3636363636,0.0305030220,0.0350835956,0.0109656484,-0.0026425897,0.0035603537,-0.0209163347,-0.0106594971
0.3392779469,0.0310546781,0.0377633630,-0.0208079690,-0.0182159417,-0.0105287251,-0.0050864700,0.1416377921
0.2837343096,0.0230227027,0.0316841912,-0.0051995027,-0.0048352637,-0.0053203794,0.0031810952,-0.1018626897
0.2416875223,0.0143115503,0.0241180394,0.0030678332,0.0040677966,0.0145348837,0.0050962627,-0.2661536010
0.2444160817,0.0132514651,0.0234847402,0.0053239692,0.0070898042,0.0085959885,-0.0011267606,0.1326395148
0.3220110980,0.0082556831,0.0187572350,-0.0012394366,-0.0006704660,-0.0081818182,0.0029328821,0.5726459424
0.2928796913,0.0106229568,0.0210426911,0.0029332130,-0.0004472772,0.0056141155,-0.0035991452,-0.4572948883
0.2904689864,0.0176036545,0.0281885836,-0.0034870641,-0.0021255174,-0.0030762219,-0.0084659668,0.0392151215
0.2958125240,0.0198880212,0.0311482836,-0.0082402077,-0.0124439462,-0.0114285714,-0.0048952641,0.1271646605
0.3393939394,0.0427142649,0.0550327558,-0.0051217847,-0.0073788171,-0.0289017341,-0.0248255348,2.0068823561
0.3383972655,0.0620588702,0.0772427995,-0.0248255348,-0.0211573651,-0.0103571429,-0.0244016893,-0.5121632447
0.3206189277,0.0484768089,0.0674136986,-0.0244016893,-0.0115667718,-0.0015638157,0.0038480038,0.0772857945
0.3100252738,0.0481757643,0.0697241493,0.0038480038,-0.0050827423,-0.0120481928,-0.0068279828,0.0817022813
0.2517616912,0.0382595622,0.0619975893,-0.0068279828,-0.0007128431,0.0063414634,0.0024122543,-0.2408430927
0.2601766100,0.0494197599,0.0748647764,0.0024122543,-0.0078468672,-0.0184197770,-0.0162435327,0.6813741556
0.2371882977,0.0347295313,0.0620449569,-0.0162435327,-0.0053924506,0.0000000000,0.0068493151,-0.4882674217
0.2693248072,0.0231719254,0.0510650144,0.0067270059,0.0089156627,0.0037037037,0.0060738581,0.2930888641
0.2747806608,0.0166608823,0.0442563218,0.0061960880,-0.0008359207,0.0137761378,0.0028978508,-0.5197707505
0.2403433476,0.0298441428,0.0571419363,0.0032600821,-0.0069319947,-0.0097063819,-0.0152901517,-0.1302410948
0.2456969288,0.1040871797,0.1338702237,-0.0154049825,-0.0120351426,-0.1064690027,-0.0714023719,6.8410763530
0.1676260649,0.0896519335,0.1255841182,-0.0716293852,-0.0498233646,0.0361990950,-0.0014483213,-0.6818597728
0.1740377719,0.0959458893,0.1371228456,-0.0014483213,-0.0189743590,-0.0321556173,-0.0183280591,-0.0537088925
0.1645941669,0.0564932669,0.1012283601,-0.0178006329,0.0054887611,-0.0050587914,0.0233713902,0.4844895468
0.2477629747,0.0465657316,0.0924395108,0.0224191167,-0.0002599428,0.0331180431,0.0011812574,-0.5408390838
0.2290555381,0.0415865375,0.0878739939,0.0015756303,-0.0027301092,-0.0202181431,-0.0020975354,0.2622771407
0.2665523156,0.0220305693,0.0676198349,-0.0019664394,0.0295919698,0.0234862884,0.0128744088,0.4474251186
0.2674250259,0.0374800587,0.0822629443,0.0124786549,-0.0172195493,-0.0193659637,-0.0181582361,1.0253654071
0.2939013178,0.0179971574,0.0618616142,-0.0185521536,0.0119814481,0.0197484107,0.0134742404,-0.3814966258
0.3018534863,0.0285001992,0.0711008289,0.0141440846,-0.0232972629,-0.0156519432,-0.0129040667,0.8297731176
0.3232945932,0.0223605436,0.0640075990,-0.0127737226,0.0010427529,0.0119929929,0.0017166249,-0.6353715792
0.3051058531,0.0182493228,0.0585685834,0.0015843676,-0.0110677083,-0.0159786951,0.0006591089,0.4626450727
0.2953804062,0.0359115990,0.0754819539,0.0006591089,0.0006583278,-0.0108254398,-0.0197602424,-0.1307939082
0.2911523701,0.0063141770,0.0448952204,-0.0201554472,0.0103947368,-0.0039671683,0.0239215159,0.8238702106
0.4720750102,-0.0005602130,0.0354539604,0.0243344985,0.0078135174,0.0377695372,0.0059062869,-0.3347424614
0.4175588865,0.0058255071,0.0393371596,0.0059062869,0.0041349012,0.0043673902,-0.0062630480,-0.3854859478
0.4626334520,-0.0252749159,0.0052725193,-0.0062630480,0.0164714966,-0.0168665173,0.0309873950,0.7386015917
0.4862489368,0.0013126738,0.0281904051,0.0312500000,0.0018989746,0.0198364830,-0.0226693836,-0.0278761313
0.4790659276,0.0127239251,0.0380053374,-0.0226636109,-0.0252716705,-0.0107767118,-0.0114672922,-0.3069830484
0.4521874652,0.0053328827,0.0296253186,-0.0117248567,0.0158154006,0.0059784775,0.0054046929,0.2169054904
0.4305057285,-0.0286019559,-0.0064390647,0.0052728711,0.0076569678,-0.0227152668,0.0340894192,0.3129560458
0.4941599281,-0.0375035584,-0.0195126386,0.0342250197,0.0667426545,0.0539189189,0.0138202105,2.6602328057
0.4961405079,-0.0352328108,-0.0216156754,0.0134398377,-0.0395346076,0.0137197077,0.0036268134,-0.7829932591
0.4673469388,-0.0661202274,-0.0566890340,0.0040035031,0.0368355995,0.0106248419,0.0388785047,0.3432207495
0.5378486056,-0.0466857455,-0.0431937801,0.0387538941,0.0014306152,0.0237797247,-0.0097157251,-0.0102120077
0.5811719500,-0.0176089490,-0.0181110570,-0.0094769674,-0.0067857143,-0.0200488998,-0.0222868217,-0.4166779542
0.5663733383,-0.0238487393,-0.0257013727,-0.0221630132,-0.0166606736,0.0034930140,0.0091674926,-0.5635239344
0.5441842157,-0.0154661227,-0.0191013918,0.0089175130,0.0042662116,0.0048483342,-0.0047876258,0.3571473511
0.5953984287,-0.0172084550,-0.0217889994,-0.0044193469,-0.0065541935,-0.0214029445,0.0041939065,0.1479444728
0.5455904335,0.0149872085,0.0092048747,0.0038224414,-0.0026878436,-0.0079646018,-0.0291119027,0.5269626652
0.4770896973,0.0073287755,0.0031923038,-0.0287433976,-0.0164155335,-0.0193704600,0.0053137652,-0.1001571341
0.4723707665,-0.0177794467,-0.0209475332,0.0050588087,0.0170631461,0.0253411306,0.0244147999,-0.1505453756
0.4735647097,0.0039494918,-0.0004861424,0.0242858940,0.0034288513,0.0092522180,-0.0189189189,-0.1977899248
0.4866112650,-0.0015341763,-0.0053077574,-0.0190417690,-0.0164754699,-0.0045209092,0.0048835462,-0.2901634932
0.4282776350,0.0115590500,0.0078960512,0.0047589230,-0.0011167639,-0.0040368361,-0.0127102804,-0.0801508344
0.4377708354,0.0096533014,0.0071840370,-0.0124641655,-0.0042236025,0.0018999367,0.0001262148,-0.0739793007
0.4280881599,0.0091870444,0.0076692200,0.0001262148,-0.0046157685,-0.0088495575,-0.0010095911,0.2329686225
0.3575418994,0.0020771557,0.0014084339,-0.0010095911,0.0051384885,0.0077806122,0.0056846892,0.3939930283
0.3368228213,0.0114130882,0.0109552293,0.0056846892,0.0028678304,-0.0139222883,-0.0095465394,0.4493593722
0.3738019169,-0.0054781704,-0.0049989609,-0.0096721517,-0.0016163123,0.0044923630,0.0152187698,-0.4557703992
0.3979335381,-0.0186114270,-0.0186048138,0.0154743785,0.0207970112,0.0230002556,0.0142410993,1.2472941471
0.3894987436,-0.0004826857,-0.0019841664,0.0141144142,-0.0071977553,-0.0052460655,-0.0152728168,-0.4824701194
0.4042734005,0.0048704428,0.0034341326,-0.0160118241,-0.0089702630,-0.0091662481,-0.0052532833,-0.1361132966
0.4845750873,0.0252632504,0.0243020376,-0.0050068845,-0.0123992560,-0.0377645419,-0.0206211493,1.2621011195
0.4718171068,0.0326456789,0.0337833847,-0.0198767141,-0.0207156309,0.0086922165,-0.0109128258,-0.4575080114
0.4033507191,0.0286914822,0.0323529293,-0.0109100244,-0.0078205128,-0.0011750881,-0.0010384216,-0.2365235315
0.4559585492,0.0285541404,0.0342568604,-0.0012976901,0.0058147047,0.0000000000,-0.0041580042,0.3625927878
0.4956726987,0.0158109750,0.0233074714,-0.0041580042,-0.0050102775,0.0018300654,0.0082202505,-0.6362779637
0.5045045045,0.0099801114,0.0181550787,0.0078288100,0.0049063912,0.0050887265,0.0033648246,-0.1107221938
0.5220783827,0.0022396915,0.0105537663,0.0040134645,0.0086085057,0.0057120602,0.0061911518,0.5977090604
0.4775336176,0.0026663065,0.0105492517,0.0065764023,-0.0017834395,-0.0002581645,-0.0007691322,-0.3282962161
0.5250309570,-0.0028607093,0.0046126613,-0.0012810658,0.0017866258,0.0052937379,0.0051314945,0.5069307285
0.5098351940,-0.0007626442,0.0059400600,0.0050025654,0.0010191083,-0.0037246340,-0.0016592214,-0.1787412421
0.4955300128,0.0002498211,0.0064006954,-0.0010210593,0.0078900484,-0.0009024107,-0.0008949118,0.3448069733
0.4529428490,-0.0066524349,-0.0009764718,-0.0012776287,-0.0025252525,-0.0077419355,0.0069097889,0.8193306305
0.5086705202,-0.0114080190,-0.0067106358,0.0065242420,0.0068354430,0.0179453836,0.0058457237,-0.3224073309
0.5063985375,-0.0133924497,-0.0099660493,0.0059735638,0.0005028916,-0.0007664793,0.0037902716,0.0904079860
0.6353915143,0.0058863723,0.0080272689,0.0037902716,0.0178436793,-0.0053694707,-0.0171176841,0.8708965214
0.5657248157,0.0114570027,0.0139246828,-0.0172435494,-0.0281481481,-0.0064267352,-0.0064028685,-0.5473022315
0.5188732394,0.0037435936,0.0069235787,-0.0062756148,-0.0077489837,-0.0102199224,0.0059285990,0.4297811790
0.5099682173,0.0179047785,0.0211954859,0.0057997165,0.0029445654,0.0037903542,-0.0144778988,-0.4204055505
0.4333748443,0.0146225723,0.0190954990,-0.0143516146,-0.0125095737,-0.0028645833,0.0005200208,-0.0777371776
0.4141127994,0.0160696650,0.0213971194,0.0005200208,0.0005170631,-0.0060067903,-0.0036382536,0.0645900518
0.4209950793,0.0036499136,0.0098036606,-0.0038981289,0.0052971576,0.0066999475,0.0099113198,-0.1344024106
0.4223543401,0.0043853737,0.0103821926,0.0103052439,-0.0037270274,0.0020879551,-0.0012913223,-0.1520000755
0.4555160142,-0.0064381723,-0.0005954134,-0.0016785023,0.0118679051,0.0020836046,0.0102146367,1.4655086813
0.4549569941,-0.0150288702,-0.0101796648,0.0103466115,0.0104538501,0.0094866797,0.0097273774,0.3760239951
0.4325405178,-0.0228732070,-0.0196159429,0.0097286226,0.0122382034,0.0092687951,0.0103942198,-0.1694115563
0.4487834799,0.0034309701,0.0046499928,0.0106490872,0.0034899663,-0.0108418367,-0.0227073140,0.8460354673
0.3940508021,0.0113417956,0.0127560163,-0.0228299047,-0.0272015899,-0.0070921986,-0.0083440308,-0.6020965173
0.4207650273,0.0408562770,0.0431390564,-0.0084724005,-0.0114913177,-0.0493506494,-0.0300323625,2.2480171335
0.3841269841,0.0359532573,0.0413333123,-0.0300362506,-0.0294497546,0.0109289617,-0.0013345789,-0.6353897830
0.3985882353,0.0324916615,0.0403570265,-0.0012012814,0.0021293585,0.0087837838,-0.0020045436,-0.5871122535
0.4367895281,0.0214746151,0.0312914490,-0.0018709074,0.0009296149,-0.0053583389,0.0058918050,1.0416463355
0.4377273515,0.0187132740,0.0295217650,0.0056232427,0.0030516120,0.0075420875,-0.0005324814,-0.5755516671
0.5117362480,0.0203189284,0.0318703594,-0.0005325523,-0.0055555556,-0.0061489106,-0.0043953117,0.3790592803
0.5094541563,0.0248709021,0.0372805231,-0.0043958972,-0.0050545358,-0.0114324143,-0.0074916388,0.3558749035
0.5105996366,0.0559144072,0.0698489660,-0.0072250468,-0.0044117647,-0.0376870748,-0.0330233185,2.0122094251
0.4291532326,0.0373350347,0.0545324070,-0.0332884097,-0.0245736538,0.0048070126,0.0096180652,-0.6067965235
0.4202998449,0.0343043937,0.0532558940,0.0096194061,0.0016519824,0.0147741663,-0.0026232224,-0.4393316614
0.4304635762,0.0287419824,0.0490205864,-0.0022093344,-0.0039857064,-0.0048530227,0.0002768549,-0.1515248871
0.3083109920,0.0270205805,0.0481454190,-0.0001383892,0.0024837864,0.0015326738,-0.0026293939,0.0880409812
0.3545006165,0.0055623702,0.0269105870,-0.0027681661,0.0114246387,0.0005564830,0.0172054947,0.2669527340
0.4593209481,0.0052551164,0.0254767392,0.0177654407,0.0103429505,0.0165461624,-0.0005456282,0.0609644640
0.5704057279,-0.0007358440,0.0183083237,-0.0006818492,-0.0052532328,-0.0004103406,0.0051862973,-0.0180424173
0.5287520878,0.0012806797,0.0188889397,0.0053220524,0.0071767095,0.0042419267,-0.0019008826,-0.0895630012
0.5293836598,0.0050486106,0.0215196966,-0.0021718474,-0.0022855606,-0.0027251669,-0.0039450415,-0.1095614434
0.5534441805,-0.0183848804,-0.0030842914,-0.0040810774,0.0194043929,-0.0127066539,0.0230811254,3.0351445999
0.6055356807,0.0173081430,0.0304327510,0.0232208715,-0.0081956378,0.0013838915,-0.0323054332,-0.2471131476
0.5059786029,0.0199922556,0.0335966928,-0.0323054332,-0.0253232041,-0.0241846324,-0.0052421024,0.9387064315
0.5132460900,0.0228741880,0.0371488549,-0.0052421024,-0.0035553125,-0.0058065430,-0.0058244349,-0.4454635589
0.6124547705,0.0317318346,0.0469564764,-0.0058244349,-0.0074104570,0.0074074074,-0.0119960943,-0.3055857097
0.6031394647,0.0245356597,0.0411263875,-0.0118566048,-0.0059449744,-0.0059389140,0.0022589298,0.2115359536
0.5408756296,0.0082624089,0.0253693944,0.0022586110,0.0094575800,0.0098150782,0.0123961121,-0.1301280525
0.5948717949,0.0120607259,0.0286426967,0.0122535211,-0.0015155690,0.0001408649,-0.0050090441,-0.3571912157
0.5863521483,0.0069664897,0.0232299667,-0.0048699040,-0.0074513592,0.0001408451,0.0032163334,-0.2743705611
0.5211624732,0.0108262692,0.0265173280,0.0030760626,0.0015292646,0.0045064075,-0.0048787287,-0.1981995083
0.5058689890,0.0930660235,0.1097381959,-0.0048787287,-0.0070794003,-0.0808916305,-0.0767614512,7.5860992280
0.3836405530,0.0735360431,0.0962868523,-0.0764812999,-0.0620718580,0.0036607688,0.0048551054,-0.8091561027
0.3319838057,0.0651175840,0.0921226656,0.0047019566,-0.0049187658,-0.0022796353,-0.0027178016,0.2452055346
0.3343101032,0.0325873698,0.0621422936,-0.0028683575,0.0149790294,0.0053313024,0.0218016654,-0.2829022200
0.3169041705,0.0045041196,0.0337966100,0.0225586677,0.0211038961,0.0233333333,0.0229663654,0.3194838117
0.3995513460,0.0137964269,0.0415517787,0.0222090613,0.0000000000,0.0088836245,-0.0098493627,-0.1452956126
0.3907849829,0.0251708832,0.0523283975,-0.0099942063,-0.0067928891,-0.0181978280,-0.0131655939,-0.0690281966
0.3775317946,0.0128902196,0.0398204463,-0.0130212143,-0.0080034924,0.0056801196,0.0083012155,-0.3292316847
0.3565730142,0.0017759549,0.0275051092,0.0083012155,0.0152559777,0.0032699168,0.0091149662,1.1648837139
0.3764705882,0.0097407089,0.0339027982,0.0092619818,-0.0004334634,0.0025185185,-0.0081585082,-0.0990791136
