0.5508066799,0.0303844010,0.0199275362,-0.0136942675,-0.0052108006,-0.0276983414,-0.0195381883,0.4702572045
0.5460412013,0.0116316702,0.0044728396,-0.0197772037,-0.0158730159,0.0088235294,0.0139163373,-0.5519152641
0.5098354505,0.0136289878,0.0079069465,0.0139998353,0.0097580645,0.0138275718,-0.0037358889,-0.0950437434
0.5064423384,0.0230411203,0.0187822355,-0.0037358889,-0.0106221548,-0.0173362912,-0.0112496943,0.1418017159
0.5574961904,0.0228696350,0.0207572950,-0.0112496943,-0.0135615111,-0.0133779264,-0.0032978811,0.2486669398
0.6191646192,0.0345845869,0.0344511096,-0.0032154341,-0.0060556465,-0.0127118644,-0.0147241294,-0.0662180687
0.6067961165,0.0069455515,0.0095237026,-0.0145574855,0.0167956529,-0.0210300429,0.0221643859,1.2276398714
0.5989492119,-0.0106993669,-0.0078065990,0.0218230653,0.0068016194,0.0625164402,0.0167556468,-0.5291136728
0.6509240246,0.0080474213,0.0099038929,0.0168391654,0.0085250121,-0.0097375805,-0.0169642136,0.2463277224
0.6140807555,-0.0213385207,-0.0190436113,-0.0168834316,0.0094098884,0.0127500000,0.0287616074,-0.1780931822
0.6286479874,-0.0225062778,-0.0220854957,0.0285949055,0.0206193711,0.0185139472,0.0045530793,0.2905762238
0.6147407870,-0.0169331816,-0.0183419657,0.0047930979,-0.0184998839,0.0021812894,-0.0021469466,-0.4603037158
0.6129008586,0.0043193378,0.0016138802,-0.0023851169,-0.0047318612,-0.0214429665,-0.0185672165,0.0562094856
0.5999138055,0.0075817425,0.0054127985,-0.0184093083,-0.0073692552,0.0036246808,-0.0038973693,0.0330626854
0.6448424954,-0.0011566093,-0.0025495202,-0.0039782415,-0.0117346531,-0.0038578347,0.0075806978,-0.2224773169
0.6273493195,-0.0090753758,-0.0104461726,0.0075806978,0.0205977383,0.0175510877,0.0081708600,0.9210845053
0.5879625992,-0.1059642671,-0.1077600654,0.0081708600,0.1005935892,0.0029152158,0.1099342000,1.2030829802
0.7396138684,-0.1824571992,-0.1915418167,0.1101749318,0.1441104559,0.0932579734,0.1135049161,2.8062141316
0.7826103932,-0.1843092899,-0.2064632761,0.1136248645,0.0496543055,0.1327178730,0.0366835476,-0.3598581234
0.7969335308,-0.1229414128,-0.1595344658,0.0364120205,-0.0168263473,-0.0076286105,-0.0376401328,-0.4653903494
0.7065110485,-0.1174103628,-0.1604475240,-0.0377004008,-0.0378220354,-0.0065703022,0.0151633477,-0.2370546180
0.7078996313,-0.0843793953,-0.1344125902,0.0151633477,-0.0074692999,0.0033730159,-0.0163472017,-0.2048708012
0.6996807173,-0.0948180003,-0.1465379855,-0.0164113084,0.0459183673,-0.0093599631,0.0258733055,1.1728761458
0.7019396966,-0.0653266702,-0.1216779302,0.0258098156,-0.0387195122,0.0073857209,-0.0159456197,-0.5629133376
0.7239332200,0.0030686379,-0.0578639373,-0.0158841095,-0.0075483666,-0.1064068692,-0.0581665591,2.7066244765
0.6184727481,0.0435845405,-0.0148862266,-0.0581057525,-0.0655119519,0.0240963855,-0.0392761670,-0.7417766524
0.5853031976,0.0128867605,-0.0366037177,-0.0392761670,-0.0113535326,-0.0064958499,0.0236872146,-0.2868194042
0.5302254681,0.0210089541,-0.0242353349,0.0238299087,0.0092701487,0.0083545223,-0.0098968497,-0.0556509794
0.5898125632,0.0142071637,-0.0258687159,-0.0103832753,-0.0023305230,0.0096541787,0.0035196396,-0.3927616201
0.5870935598,0.0093310296,-0.0265472961,0.0037321315,0.0083132944,0.0047095761,0.0026655443,-0.0637577710
0.5006418485,0.0148533449,-0.0178471668,0.0028763856,-0.0099482148,-0.0056818182,-0.0068560235,0.1367487435
0.4004463179,-0.0275728332,-0.0555128597,-0.0072752711,0.0309704061,0.0098571429,0.0412792336,0.7080706576
0.4035520474,-0.0150686830,-0.0433760791,0.0415051793,0.0146862483,0.0205828264,-0.0083885807,0.0506999276
0.4488164289,-0.0029554717,-0.0306400568,-0.0082543978,-0.0156578947,-0.0036731582,-0.0098239869,-0.3481145969
0.4743069642,-0.0351413779,-0.0601644998,-0.0098239869,0.0071514503,0.0000695604,0.0338294061,0.2072398675
0.4973739496,-0.0090643790,-0.0355905657,0.0337605071,0.0020572035,0.0185017737,-0.0208597134,-0.2241983611
0.4847405489,-0.0467921262,-0.0710796673,-0.0207944548,0.0264900662,-0.0204193130,0.0410427444,1.3064776901
0.5163329821,-0.0291838013,-0.0556891732,0.0412469371,0.0083870968,0.0479643056,-0.0107224583,-0.3025547204
0.6112774451,-0.0190537555,-0.0460792097,-0.0106549876,-0.0243122201,-0.0097791378,-0.0057497852,-0.3168790457
0.6956274844,-0.0150748945,-0.0416466811,-0.0056821936,0.0013114754,0.0077258986,-0.0010635469,-0.2388285926
0.7222222222,0.0221362482,-0.0045818709,-0.0011960928,-0.0156516045,-0.0405333333,-0.0341362789,1.0925060585
0.6597322636,0.0571870806,0.0333467151,-0.0343290533,-0.0242166190,-0.0440522513,-0.0363761626,0.4803492969
0.6604869714,0.0332453423,0.0159858256,-0.0363761626,-0.0189541147,0.0121383922,0.0146564667,-0.5291332039
0.6809697748,0.0274067405,0.0140871419,0.0142274970,0.0070887483,0.0163016158,0.0007046223,-0.2127663566
0.6161349319,0.0201017135,0.0099856733,0.0011278726,0.0006210752,-0.0065008479,0.0030277426,0.2132802156
0.5338334732,0.0352504810,0.0273480908,0.0028869173,-0.0131724138,-0.0113798009,-0.0176202176,-0.1788573470
0.5176110260,0.0065235128,0.0021204326,-0.0176226918,0.0063596338,-0.0005035971,0.0231527798,0.1986205571
0.5108866051,0.0186100087,0.0150071769,0.0232990280,0.0043055556,0.0107248255,-0.0128509568,0.0639656359
0.4797570850,0.0107411374,0.0088988651,-0.0128509568,-0.0087816346,0.0019940179,0.0049525966,-0.2023870494
0.4565296471,-0.0100769907,-0.0109098311,0.0049525966,0.0268573422,0.0046908316,0.0193607435,0.1481600504
0.3828996283,0.0680412273,0.0663445839,0.0191495353,-0.0165081522,-0.0640916808,-0.0716900338,0.9009149245
0.2924158443,0.0499182617,0.0537471688,-0.0714285714,-0.0565034192,-0.0021919879,0.0072911242,-0.3134997495
0.2577535624,0.0608079572,0.0684694392,0.0072161881,-0.0016106596,-0.0056056359,-0.0175049856,-0.3192369370
0.2420592750,0.0635256863,0.0756075781,-0.0175049856,-0.0233189118,-0.0271196770,-0.0113516764,0.4143654559
0.2688759673,0.0492049650,0.0653893305,-0.0112764998,0.0000750807,0.0140161303,0.0043342712,-0.3755777647
0.2665287220,0.0532778050,0.0723998847,0.0041058394,-0.0063813814,0.0044015444,-0.0110539067,-0.2383257082
0.2724871835,0.0409372343,0.0628058855,-0.0109041345,0.0064223649,-0.0041516107,0.0039810136,-0.0660754894
0.2818586106,0.0606831180,0.0847894215,0.0035982239,-0.0115615616,-0.0653130549,-0.0245539118,2.9673262708
0.3049835870,0.0572151615,0.0845282284,-0.0244107102,-0.0271152970,0.0324605600,-0.0055503440,-0.6186826112
0.3222958057,0.0691726469,0.0996178416,-0.0053170694,-0.0060894683,-0.0070400000,-0.0194167125,-0.1130875279
0.2693339839,0.0405951586,0.0737320570,-0.0195739329,0.0036917760,0.0036255237,0.0172358506,-0.0671901516
0.2880210289,0.0191694341,0.0525922813,0.0173989737,0.0329472531,0.0051376736,0.0148947908,1.0273497566
0.3184759166,0.0170890572,0.0495930876,0.0148947908,-0.0006818698,0.0250778692,-0.0008541699,-0.4758396650
0.3054427295,0.0280425654,0.0599233311,-0.0010094735,-0.0081880212,-0.0208804051,-0.0132120930,0.4032669452
0.4191031467,0.0178761580,0.0494508640,-0.0129809561,-0.0143708913,0.0046152622,0.0057493896,-0.1929132455
0.4089679839,-0.0017589125,0.0283929369,0.0054339266,0.0168295331,0.0092673267,0.0169146437,0.0133249528
0.4556078559,0.0054802108,0.0334521384,0.0169969452,0.0067119213,0.0065138911,-0.0069305406,-0.2466137520
0.4695550351,0.0097264485,0.0361969692,-0.0067775724,-0.0103795742,-0.0027290448,-0.0050403226,-0.3881949267
0.5151253241,0.0043164390,0.0295039285,-0.0049627792,0.0063543102,0.0021892103,0.0038968124,0.9213381032
0.4872603100,0.0114259269,0.0352753078,0.0035847880,-0.0197793838,-0.0334685598,-0.0076857387,0.1837193733
0.5251347292,0.0336038404,0.0571431844,-0.0073769219,0.0049670159,0.0029058035,-0.0231575653,0.0571890507
0.5312360354,0.0470504859,0.0719698878,-0.0232339826,-0.0260251757,-0.0261569416,-0.0177799135,0.3906101265
0.4976557267,-0.0018586608,0.0238930854,-0.0173794650,0.0209324453,0.0082644628,0.0417482061,-0.2123154426
0.6057367441,0.0106090175,0.0345940700,0.0411606488,-0.0078440509,0.0302459016,-0.0120538510,-0.5803457890
0.6005052328,-0.0040427044,0.0187144895,-0.0119774542,0.0045401174,-0.0027846288,0.0130724132,0.0479263057
0.5948913123,0.0078502746,0.0288339204,0.0132319151,-0.0010909374,0.0052656774,-0.0111832330,-0.4062942289
0.5674788801,-0.0091095153,0.0106321879,-0.0113387551,0.0124034636,0.0034126984,0.0158968681,0.0332429465
0.5704814840,-0.0028172368,0.0148219468,0.0159772206,-0.0057019572,0.0054575655,-0.0049046322,-0.2790524762
0.6178773967,-0.0070448476,0.0089877344,-0.0048267808,0.0066646001,0.0029106356,0.0046941011,0.5141121899
0.5827189620,-0.0062705497,0.0080080040,0.0046937339,0.0055427252,0.0051768766,0.0003114780,0.3588432034
0.5262200667,-0.0100835874,0.0025759807,0.0000778634,0.0102587659,-0.0007023020,0.0048264051,0.4913303305
0.4804375902,-0.0106783003,0.0002155024,0.0050607287,-0.0061382237,0.0040605966,0.0021691974,-0.0645775318
0.4751745837,-0.0238260000,-0.0147288120,0.0021690294,0.0192146397,0.0035775393,0.0151515152,0.6470761007
0.4664235795,-0.0379624061,-0.0315582388,0.0149957486,0.0130171317,0.0089894606,0.0185044167,0.1264131796
0.5290415393,-0.0339998679,-0.0311040528,0.0186581372,0.0201609925,0.0234254992,0.0019439252,0.1561120862
0.5550611791,-0.0153226633,-0.0153540214,0.0017942584,-0.0178080208,-0.0109568480,-0.0136556973,-0.3621601499
0.4463577659,-0.0114695968,-0.0127228491,-0.0132835821,-0.0197523585,-0.0090295167,-0.0015130882,-0.1239971428
0.5169925207,-0.0109789757,-0.0130516782,-0.0021176827,0.0030827068,0.0011485452,0.0012880740,-0.1085093919
0.4763124200,0.0178211878,0.0149497174,0.0013642565,-0.0092946556,-0.0240917782,-0.0266363980,0.5424123175
0.3757575758,0.0103665696,0.0091351778,-0.0264910687,-0.0183854127,0.0044670846,0.0046645417,-0.4921874137
0.3335729691,0.0046514214,0.0043394859,0.0047426528,0.0044704794,-0.0000780214,0.0041012149,-0.1290888169
0.2881877645,0.0092246030,0.0093072606,0.0041012149,0.0031461019,0.0028870162,-0.0052404439,0.2725372539
0.3295468133,-0.0016306575,-0.0008258634,-0.0053175092,0.0045896122,0.0031121139,0.0094515029,-0.0292858259
0.3653650255,0.0020038021,0.0026209850,0.0094522352,0.0092134318,0.0006204917,-0.0033768227,0.2523380523
0.4111025273,-0.0012271126,-0.0004979332,-0.0032235782,-0.0146370907,-0.0055034493,0.0029262282,-0.2415563489
0.4143343212,-0.0072127553,-0.0066390466,0.0026950027,0.0088820827,0.0145752143,0.0062192875,-0.1070485771
0.3748828491,0.0067258360,0.0066811012,0.0063738289,-0.0028081360,-0.0101405854,-0.0127432278,-0.0074398847
0.2897810219,0.0232487691,0.0237525258,-0.0128195345,-0.0127102519,-0.0270857586,-0.0171587571,0.7293582241
0.2907198030,0.0171922493,0.0195076487,-0.0170827858,-0.0104841196,0.0110880664,0.0024378735,-0.5717723218
0.2829989440,0.0152641136,0.0187819471,0.0022805914,-0.0052976005,-0.0046548323,-0.0007060485,-0.3001301876
0.2855789723,0.0118037416,0.0162737321,-0.0005492350,0.0025062657,0.0030120482,0.0010990736,0.4120743468
0.2840531561,0.0006498476,0.0056833645,0.0009420631,0.0104687500,0.0030820294,0.0093318695,-0.3855637736
0.3883058471,0.0014835827,0.0062004840,0.0094901961,-0.0023194681,0.0098479477,-0.0009323285,-0.3209135886
0.4292408622,0.0098942981,0.0144188523,-0.0008546344,-0.0018598884,-0.0056171010,-0.0085543199,0.2822807702
0.4277953825,0.0043543658,0.0093132196,-0.0084758942,-0.0003881988,-0.0028244155,0.0040003138,0.3688542054
0.4093357271,0.0219681116,0.0269969691,0.0038428359,0.0060582524,-0.0137686861,-0.0178906250,0.8147993350
0.3294813980,0.0200489766,0.0264669578,-0.0178906250,-0.0274839805,-0.0153968887,-0.0014318670,0.3808452371
0.3368876081,0.0155083607,0.0230394854,-0.0014318670,0.0023815194,0.0119915735,0.0014339202,-0.6877031407
0.3232352941,0.0069546516,0.0151150651,0.0015135824,0.0072859745,0.0002401922,0.0061252088,0.3928647603
0.3204370939,0.0161685105,0.0243621571,0.0059656379,-0.0038525041,-0.0029616585,-0.0101201771,0.2994539761
0.3319057816,0.0017591533,0.0105312623,-0.0102791176,0.0013417522,-0.0007225434,0.0119009585,-0.1381505398
0.4374205845,-0.0040927796,0.0041238271,0.0121434849,0.0052021755,0.0066682735,0.0056042308,0.3110527613
0.4580783354,0.0014892984,0.0088069643,0.0055252980,0.0035285815,0.0078212291,-0.0049450549,-0.2341676531
0.4330344229,0.0151131834,0.0221029927,-0.0050239422,-0.0093764651,-0.0137789040,-0.0136467619,0.7609490914
0.4356473759,0.0281644987,0.0359587187,-0.0135700197,-0.0136456854,-0.0181467802,-0.0149552143,0.4188660551
0.3889479277,0.0107022980,0.0200445515,-0.0147964489,-0.0003998401,0.0057245666,0.0129901762,-0.4621182316
0.4032858708,0.0171262805,0.0267062731,0.0128267576,0.0000000000,0.0021954789,-0.0079345997,-0.0706905481
0.4062224184,0.0146554131,0.0248936299,-0.0077749279,-0.0040800000,-0.0153346856,-0.0001615770,0.8314698941
0.4581072936,0.0272584640,0.0380636680,-0.0001615639,-0.0045786810,-0.0095583388,-0.0144634777,1.0870771600
0.4723430702,0.0165639125,0.0286658036,-0.0146238992,-0.0056488057,-0.0116472546,0.0063950152,-0.1830737605
0.4370554364,0.0207513297,0.0333613328,0.0064775336,0.0060866742,0.0234006734,-0.0065987780,-0.4759768122
0.4841628959,0.0338370455,0.0473816164,-0.0065987780,-0.0130676777,-0.0268136207,-0.0157454486,0.5050859728
0.4827828531,0.0145984070,0.0296310115,-0.0158274561,-0.0004903964,0.0070993915,0.0138310282,-0.4633724422
0.5056726094,0.0140191965,0.0291276531,0.0139155070,0.0047428244,0.0146022155,-0.0016436555,-0.3888650894
0.5176171449,0.0132803890,0.0284092125,-0.0016436555,-0.0008952551,0.0018196857,-0.0013994073,-0.2096227837
0.5707020766,0.0210853260,0.0362996378,-0.0013994073,-0.0109156077,-0.0160997358,-0.0096447119,0.0822443757
0.5579339870,0.1186851099,0.1360168201,-0.0096447119,-0.0087300280,-0.0903750944,-0.0901448310,9.0345439081
0.4051750075,0.0879843615,0.1132115175,-0.0901448310,-0.0735294118,-0.0028597786,0.0114353673,-0.5492121270
0.3993792467,0.0880289860,0.1187901170,0.0114353673,0.0012554928,-0.0192432232,-0.0124819103,0.1547574860
0.3894870171,0.0609784624,0.0960369079,-0.0125723589,-0.0018808777,0.0254692953,0.0127312695,-0.4544976650
0.3845895020,0.0693929737,0.1073505294,0.0129156362,0.0040380474,-0.0339435195,-0.0166410419,0.3713301270
0.3623969562,0.0531959169,0.0936652694,-0.0167299693,-0.0218965055,0.0222814702,0.0052423434,-0.3506791339
0.3304093567,0.0709780021,0.1137296968,0.0052423434,0.0027412281,-0.0081035768,-0.0242451967,-0.0825093324
0.3431994362,0.0325620486,0.0766353782,-0.0242451967,0.0062875888,-0.0001878111,0.0266291608,0.0264580648
0.3796159527,0.0443397709,0.0884550846,0.0265353962,-0.0001811102,-0.0231051000,-0.0160745274,0.5825409397
0.3814943097,0.0462589439,0.0910174547,-0.0160759956,-0.0170274432,0.0143255456,-0.0083542189,-0.2792889757
0.3944223108,0.0073644232,0.0511174522,-0.0082621612,0.0306827605,0.0047393365,0.0315454460,1.0127701330
0.4213351224,-0.0108233350,0.0295796018,0.0317326594,0.0089397461,0.0313207547,0.0172413793,-0.2404115235
0.3914632941,-0.0109228402,0.0255587989,0.0166031573,0.0200248095,0.0158251006,0.0017841213,0.5509599053
0.3377638780,-0.0045443490,0.0285196544,0.0021419009,-0.0179812370,0.0027915353,-0.0047195013,-0.5466814108
0.5215029425,0.0056925295,0.0362344879,-0.0045418114,-0.0026536931,-0.0128412356,-0.0094837613,0.0328206673
0.5421159792,0.0189911425,0.0481301687,-0.0095723743,-0.0139246120,-0.0120076412,-0.0139102159,-0.0834973889
0.5382196601,-0.0080989047,0.0197188401,-0.0138198898,0.0080050369,-0.0031304668,0.0243656682,0.2905383856
0.5670363611,-0.0065864220,0.0185314209,0.0243634365,0.0096368341,0.0277085065,-0.0002682643,-0.2291891947
0.6138297872,-0.0116728200,0.0109195950,-0.0003576538,0.0106937693,0.0047631886,0.0061717352,0.2361228924
0.6162790698,-0.0154783338,0.0043963290,0.0060822898,-0.0050717034,0.0044722719,0.0056893946,-0.4944875252
0.6443163960,-0.0092436725,0.0079910858,0.0057788051,0.0038671120,-0.0018699911,-0.0038893309,-0.0795386547
0.6380805550,-0.0115931101,0.0035697544,-0.0038893309,-0.0069164770,0.0007137122,0.0038157778,-0.5050403123
0.6532364597,-0.0366359063,-0.0238763334,0.0038157778,0.0353521996,0.0043683694,0.0278465347,2.9154140963
0.6936170213,-0.0181640524,-0.0091543717,0.0278465347,-0.0015326975,0.0107402805,-0.0130730197,-0.1348971847
0.6181546985,-0.0251394273,-0.0183145124,-0.0129870130,0.0023878560,0.0047422499,0.0100217865,-0.4374378286
0.5989256938,-0.0211873699,-0.0168730564,0.0097594981,-0.0084226646,0.0081286601,-0.0000862813,-0.2800411458
0.6647789153,-0.0023461587,-0.0000050201,0.0000862962,-0.0052338052,-0.0165597364,-0.0156182587,0.8421307367
0.6134673367,-0.0043416957,-0.0023658091,-0.0156182587,-0.0097464206,-0.0077580887,0.0023667602,-0.2069518828
0.5902177481,0.0068037076,0.0083024833,0.0023667602,0.0074035363,0.0036428254,-0.0104066463,0.9323310940
0.6064762761,0.0108487453,0.0127890199,-0.0102317446,-0.0183295867,-0.0061968839,-0.0050371156,-0.5387511243
0.5700501737,0.0140432242,0.0167180305,-0.0052129351,-0.0011449709,-0.0075717085,-0.0047961631,0.2039402766
0.5484589677,0.0030206979,0.0065861259,-0.0048849809,-0.0011462834,-0.0089758550,0.0088353414,0.1752798859
0.5598986609,0.0097017768,0.0132693143,0.0089253838,-0.0001765537,0.0144008695,-0.0070771408,-0.4530233194
0.5821185617,0.0018716258,0.0059232030,-0.0068117481,0.0065336394,0.0024107143,0.0063257306,1.0211582441
0.5482815057,0.0232351396,0.0272202271,0.0059677563,-0.0071929825,-0.0202191146,-0.0211598052,0.7704273115
0.5318630050,0.0115178572,0.0170170008,-0.0211616788,-0.0056547093,0.0046363636,0.0080499276,-0.5673402961
0.4208316936,0.0137481149,0.0197825416,0.0081411126,-0.0026657189,0.0011763641,-0.0039479587,-0.0061966043
0.4529154313,0.0140995267,0.0207999714,-0.0038582324,-0.0080185317,-0.0030730296,-0.0024322133,-0.1544583489
0.4451746800,0.0052132134,0.0124934288,-0.0025220681,0.0059277888,-0.0045330916,0.0066823189,0.6288036763
0.4183006536,0.0426646653,0.0500940449,0.0066823189,0.0002678571,-0.0313296903,-0.0366881952,1.9575289809
0.3588785047,0.0375500979,0.0478469846,-0.0366881952,-0.0405248594,-0.0055471982,-0.0013967781,-0.4235076424
0.4178168130,0.0643262183,0.0772511385,-0.0013036596,-0.0005581915,-0.0261889004,-0.0305856024,0.1420424018
0.3742040205,0.0570735778,0.0742154038,-0.0307692308,-0.0249464768,0.0041747573,-0.0025009619,-0.3269907007
0.3800887762,0.0586034369,0.0792292640,-0.0025974026,-0.0025775656,-0.0124722034,-0.0097396336,-0.1712470324
0.3712374582,0.0493831447,0.0731514217,-0.0095486111,-0.0081355283,-0.0022518112,0.0001947609,-0.0097895157
0.2950000000,0.0339338403,0.0596853384,0.0002921414,0.0051143491,0.0078500638,0.0075941973,-0.1772765957
0.2970320445,0.0234717765,0.0498874474,0.0074961059,0.0076804916,0.0075941973,0.0051212678,-0.2465493381
0.2848550463,0.0233038829,0.0497241272,0.0051212678,0.0033346037,-0.0034785970,-0.0033647376,0.5400730955
0.3246949129,0.0302527486,0.0568468551,-0.0033647376,-0.0146234925,-0.0072723747,-0.0102247516,-0.4844617849
0.2991809860,0.0315297000,0.0587235600,-0.0102247516,-0.0080948251,-0.0115256886,-0.0057499269,1.1948001095
0.2963257516,0.0169105750,0.0443417619,-0.0055550141,0.0141843972,0.0056324111,0.0096059596,0.3037936614
0.3114231015,0.0328603228,0.0600977781,0.0096040768,-0.0128364786,-0.0468703940,-0.0179611650,1.3124359290
0.2913805186,0.0316807033,0.0596268938,-0.0180547467,-0.0081513828,0.0349484536,-0.0037567968,-0.6568638958
0.3678994868,0.0317211695,0.0602604492,-0.0038552788,-0.0034243225,-0.0013945612,-0.0047633224,-0.3183371228
0.3595019886,0.0076505171,0.0360650907,-0.0048625583,0.0063813077,-0.0021945137,0.0190447702,0.0620075173
0.5303173107,0.0137143311,0.0408280888,0.0190466693,0.0056579846,0.0096970909,-0.0071428571,-0.1787540443
0.5114376610,0.0106084663,0.0367820238,-0.0071435561,0.0038801048,0.0022772277,0.0009855130,0.2358983318
0.4809160305,0.0064002003,0.0314171964,0.0011827321,-0.0032853416,0.0026671935,0.0025598110,-0.1419312340
0.4944237918,0.0199388909,0.0439553134,0.0023626698,-0.0076587494,-0.0149753695,-0.0142394186,0.9751397730
0.4674601948,0.0280345256,0.0521241030,-0.0141426046,-0.0086948027,-0.0111022204,-0.0108587368,-0.2529501089
0.4781755763,0.0179800690,0.0423839666,-0.0108587368,-0.0053217700,-0.0074845757,0.0056400443,0.8032291166
0.4441206469,0.0318516731,0.0562760046,0.0056400443,-0.0068364213,-0.0069295832,-0.0161241863,-0.2987302972
0.4270103670,-0.0073038760,0.0170130091,-0.0161241863,0.0200518755,0.0081067214,0.0345073290,0.2588561178
0.5253283302,-0.0058867521,0.0160527132,0.0345073290,0.0149633252,0.0303338762,-0.0002951884,-0.1933471751
0.5663555657,-0.0278495966,-0.0084609661,-0.0002951884,0.0182116015,-0.0036554041,0.0235236220,0.5803534459
0.6351564970,-0.0287951109,-0.0131485543,0.0235236220,-0.0017980505,0.0125929598,0.0053851332,0.0256961095
0.5932075472,-0.0238982829,-0.0117019436,0.0052889701,0.0151687524,0.0200744222,-0.0004782401,0.0262303912
0.6131045242,-0.0213454379,-0.0119697132,-0.0003826287,-0.0149420994,-0.0044158587,0.0011483254,-0.5259830918
0.5605063291,-0.0082023236,-0.0011537995,0.0009569378,-0.0004740235,-0.0052068267,-0.0099407379,-0.4642821440
0.5455217445,0.0001080263,0.0060217995,-0.0098470363,-0.0143222992,-0.0067849181,-0.0070476926,0.0997233023
0.5860165593,0.0080301960,0.0135580644,-0.0064690547,-0.0052925327,-0.0091734166,-0.0078755469,0.2153541144
0.6225473894,-0.0060628921,-0.0003774573,-0.0083576288,0.0051272129,-0.0001969861,0.0129361035,-0.5369212063
0.6447978794,-0.0140963683,-0.0093588117,0.0131321051,0.0095283927,0.0182248054,0.0090944272,1.1296410946
0.6506953372,-0.0009118635,0.0023866352,0.0087057458,-0.0025741253,-0.0038699690,-0.0110258869,0.0778497338
0.6524155622,0.0153720013,0.0184015935,-0.0108362102,-0.0090804817,-0.0175796426,-0.0158991760,-0.0025807192
0.6511627907,-0.0063740604,-0.0024197564,-0.0158991760,0.0065592746,0.0010874938,0.0195054674,0.1196482884
0.6101108859,0.0012824255,0.0044565086,0.0195054674,-0.0053665549,0.0010863125,-0.0066673109,-0.3039496033
0.5826027553,0.0227743121,0.0258814708,-0.0065706832,-0.0070334329,-0.0139094407,-0.0212062257,0.5227250997
0.4870684321,0.0062696716,0.0109035554,-0.0212041630,-0.0102852707,0.0011004402,0.0129198966,-0.1509199478
0.5220800184,-0.0258538079,-0.0212115178,0.0128192388,0.0383333333,0.0160887379,0.0319858713,1.1929577518
0.5580979621,-0.0052306046,-0.0029565476,0.0318877551,-0.0053819281,0.0102281668,-0.0167332192,-0.4884035838
0.5847176080,-0.0228502058,-0.0211930986,-0.0167348103,0.0015188912,0.0063278816,0.0188551537,-0.1890601208
0.5832881172,-0.0558913364,-0.0561690338,0.0189536795,0.0805687204,0.0187675341,0.0387206985,6.6039398795
0.6069991132,-0.0429204466,-0.0476577834,0.0386257948,-0.0307894737,0.0283923654,-0.0045682960,-0.6982340423
0.6161196510,-0.0388755945,-0.0466651368,-0.0043859649,0.0036202371,0.0021237304,0.0026617715,-0.2748716173
0.5989583333,-0.0178806425,-0.0283544870,0.0024779736,-0.0141581748,-0.0158481526,-0.0152874405,0.2435445397
0.6100569260,-0.0140298728,-0.0251666767,-0.0150141902,-0.0137211855,-0.0040258403,-0.0011155527,-0.1084233329
0.6367237233,-0.0026825592,-0.0142199071,-0.0012082907,0.0025969208,-0.0103402895,-0.0092135877,-0.0096307340
0.6547861507,-0.0008620925,-0.0117741903,-0.0091196724,0.0033302498,0.0053191489,-0.0014089799,0.0506994501
0.6835244228,0.0087593847,-0.0015097769,-0.0016904583,-0.0175179790,-0.0183295540,-0.0094064528,0.4223375728
0.6753045232,0.0295054371,0.0205025014,-0.0091251176,-0.0060998498,-0.0115495669,-0.0214604501,-0.1832998342
0.6732152525,0.0157011312,0.0097728661,-0.0216462546,-0.0147294873,-0.0061343720,0.0091217855,-0.5421893925
0.6657701131,-0.0048019769,-0.0089629739,0.0092188258,0.0158121706,0.0147937690,0.0181748245,0.1102801829
0.6340407103,0.0109269217,0.0066273281,0.0181730769,-0.0008490566,-0.0003861749,-0.0148281073,0.1201170682
0.6393013100,0.0159663706,0.0128362231,-0.0152044575,-0.0088754603,-0.0010623913,-0.0066148979,-0.3701064778
0.6441351889,-0.0015220878,-0.0031226061,-0.0063291139,0.0051443270,0.0002900512,0.0150550087,0.1827519654
0.5405544148,-0.0087332591,-0.0103246875,0.0150550087,0.0083404417,0.0052194085,0.0075109336,-0.1246978139
0.5087780491,-0.0118655188,-0.0140259480,0.0074158585,0.0069555409,0.0174038462,0.0045295838,0.1766956325
0.5173083514,-0.0013150472,-0.0042879546,0.0047187618,0.0038271259,-0.0068991589,-0.0087364960,0.5674474715
0.5401407611,-0.0271129362,-0.0298961514,-0.0089235394,0.0165519807,0.0016178150,0.0267247915,0.7736107239
0.5658722593,-0.0243825385,-0.0291154552,0.0268221022,0.0036589828,0.0202375297,0.0014768322,-0.2676047153
0.5287637699,-0.0160972648,-0.0224539343,0.0017537382,-0.0055596063,0.0000931272,-0.0046082949,-0.3856949339
0.5158722261,-0.0171698713,-0.0243139905,-0.0050677232,0.0033910732,0.0054939939,0.0036111111,0.2347646595
0.4867924528,-0.0252302258,-0.0331281173,0.0037969994,0.0101388381,-0.0035191702,0.0109788726,0.3200587631
0.5517613713,-0.0037103804,-0.0132039850,0.0107943537,-0.0081381680,-0.0032527881,-0.0177039606,-0.2088349671
0.5074365704,0.0240700377,0.0147356636,-0.0176159182,-0.0149512262,-0.0336596737,-0.0265700483,1.6052131108
0.4272911246,0.0139799843,0.0072992437,-0.0264796061,-0.0211013420,0.0082979545,0.0062989120,-0.6711962201
0.4209810689,0.0123092579,0.0072361937,0.0062034739,0.0030254325,0.0057416268,-0.0004742033,-0.2343472258
0.4448005304,0.0098406095,0.0061273770,-0.0002845490,0.0053727967,-0.0016175071,0.0005693140,0.4848684553
0.3946258585,0.0162290673,0.0135551016,0.0005692600,-0.0094693418,-0.0045744782,-0.0077761972,-0.3085136637
0.4101590316,-0.0302906449,-0.0314206142,-0.0077754599,0.0411736867,-0.0028721876,0.0453980694,2.6685793516
0.5476883873,-0.0117161451,-0.0152282083,0.0452981651,0.0181818182,0.0276524244,-0.0140793564,0.4092738293
0.5272010512,-0.0049309341,-0.0091385349,-0.0140793564,-0.0349107143,-0.0182191909,-0.0050074184,-0.1083366991
0.5048514554,-0.0498638706,-0.0539563433,-0.0049146884,0.0418170043,0.0078987438,0.0480894688,0.0823682928
0.6332518337,-0.0272281153,-0.0351165361,0.0479917995,0.0123434864,0.0256821830,-0.0153832474,0.1274670906
0.6004214963,-0.0058002738,-0.0154436211,-0.0154721679,-0.0165789474,0.0007364448,-0.0173394744,-0.5409938161
0.6239113222,0.0155315024,0.0059468690,-0.0172507225,-0.0255998573,-0.0202373287,-0.0201268266,-0.2682990394
0.6376724655,0.0136173816,0.0059781188,-0.0200349233,-0.0183083120,-0.0131443057,-0.0004689552,0.2346500329
0.6715097915,0.0688938240,0.0625671434,-0.0011253869,-0.0020514733,-0.0438588146,-0.0536736417,0.5159638305
0.6215970372,0.0332948783,0.0329412013,-0.0531405502,-0.0339188937,-0.0372139303,0.0241943480,-0.2252045911
0.6572706409,0.0424023042,0.0447630535,0.0241943480,-0.0005803269,0.0510541546,-0.0136508859,-0.5161100855
0.6368820209,0.0242171929,0.0297229042,-0.0136508859,-0.0003871093,0.0001966568,0.0113859442,-0.3609782768
0.6562854213,0.0147793974,0.0217697860,0.0114840989,0.0118114048,0.0080613449,0.0056288820,0.1585363021
0.5988736585,0.0261720934,0.0339269369,0.0056283358,-0.0075590853,-0.0085820168,-0.0133178923,0.2694046376
0.5604747300,0.0127354194,0.0219183063,-0.0134131043,0.0007713074,0.0018689750,0.0092918623,-0.3885331661
0.5242644249,0.0069703442,0.0164531085,0.0093896714,0.0060693642,0.0124693176,0.0037794360,-0.1765573794
0.4638868206,-0.0041965676,0.0050461147,0.0037790698,0.0040218328,0.0014546160,0.0101370921,0.0137439699
0.3473827328,-0.0089499528,-0.0007712383,0.0100395791,0.0102050548,0.0107485233,0.0054477683,0.6841032056
0.3257051623,-0.0138536270,-0.0070381064,0.0055433432,0.0031155589,0.0045985821,0.0063688213,0.2238164185
0.3122750900,-0.0037234801,0.0015241865,0.0062731679,-0.0025411765,-0.0029563227,-0.0080287145,-0.2945519409
0.3415551474,-0.0066503454,-0.0021044404,-0.0080287145,-0.0047178713,-0.0022955524,0.0035231384,0.2719315443
0.2797537620,-0.0001245322,0.0035744842,0.0034279185,0.0006636329,-0.0022049660,-0.0055033684,-0.3078990444
0.4628005658,0.0020936681,0.0055162598,-0.0055987853,0.0014211274,0.0030745580,-0.0021944471,0.1085250266
0.4463452566,0.0032104788,0.0065513533,-0.0020040080,-0.0027436140,-0.0013409962,-0.0014343087,-0.1390481332
0.5293249723,-0.0004420556,0.0028969022,-0.0014343087,-0.0016127502,0.0013427969,0.0031600115,-0.1182084008
0.4903135610,-0.0021837558,0.0008670749,0.0031600115,0.0034207526,0.0014367816,0.0018136693,0.4519673405
0.4696591854,-0.0013720297,0.0012798742,0.0016227568,-0.0021780303,0.0004782401,-0.0004764173,-0.1905842599
0.6029882604,-0.0049552086,-0.0026181034,-0.0002859049,0.0108190187,0.0021988528,0.0038131554,0.9549058838
0.5715519724,0.0212163120,0.0230301414,0.0039084843,-0.0068538165,-0.0213679290,-0.0248812915,0.3777081304
0.4065102195,0.0274583551,0.0308617848,-0.0250688444,-0.0224995273,-0.0154985866,-0.0092520452,-0.3557506040
0.3521574866,0.0199254761,0.0252499380,-0.0091555469,-0.0094777563,0.0023762376,0.0032438809,-0.3077419641
0.3297675375,0.0026155295,0.0090437556,0.0031455814,0.0148408514,0.0064203872,0.0142073290,-0.1112829156
0.3974477529,0.0113978957,0.0176150627,0.0143067124,-0.0014431403,0.0052016881,-0.0090812482,-0.0880791584
0.3935176708,0.0266602891,0.0334385015,-0.0089846392,-0.0116581559,-0.0187463386,-0.0165740470,0.2442880858
0.3743500867,0.0320742115,0.0405552744,-0.0166699162,-0.0115032170,-0.0094527363,-0.0092197878,0.2226803322
0.3633305299,0.0205024690,0.0308466540,-0.0091206503,-0.0044378698,-0.0030135610,0.0065039023,-0.1600391921
0.3474588828,0.0100183553,0.0211510371,0.0064032016,0.0066369490,0.0098740554,0.0072571826,-0.2250358235
0.3272289801,-0.0023540644,0.0086338667,0.0073565961,0.0083644952,0.0105756759,0.0108566917,-0.1802533248
0.3663603173,0.0007439743,0.0107575716,0.0107569328,0.0030252757,0.0081942936,-0.0027338410,-0.2322342402
0.4212293388,0.0036757226,0.0130353272,-0.0025385667,-0.0031134462,-0.0038190364,-0.0030350499,-0.0668476628
0.4129113924,0.0024211423,0.0113745082,-0.0032302271,-0.0007807925,-0.0022608867,0.0006874202,0.0983254334
0.3952275394,0.0043155143,0.0128179985,0.0006874202,-0.0015628052,0.0007881773,-0.0022571148,0.2498591533
0.4861267041,0.0008951158,0.0090894766,-0.0022571148,0.0011739386,0.0001968892,0.0027540081,-0.0657432079
0.4737112519,0.0004630075,0.0081195309,0.0026556506,0.0051788157,0.0018700787,0.0002942619,0.4741399300
0.4569711963,0.0003917756,0.0075180841,0.0003923877,-0.0053465539,-0.0172905000,0.0000000000,1.0002795162
0.3944827586,0.0030856108,0.0097335502,-0.0000980584,0.0035183737,0.0148955313,-0.0027456364,-0.3795177326
0.4339908953,0.0049825417,0.0113993296,-0.0024517015,-0.0042851578,-0.0026595745,-0.0023598820,-0.1695869972
0.5575048733,0.0078915326,0.0142536718,-0.0025560362,-0.0009780908,-0.0055308642,-0.0036467573,0.0714390604
0.6258205689,0.0274106359,0.0340653213,-0.0036467573,-0.0046994322,-0.0223458139,-0.0201800376,0.8532013659
0.4520748101,0.0216464473,0.0299821729,-0.0201800376,-0.0200668896,-0.0127996749,0.0015143867,0.2069447133
0.3783156499,0.0252407336,0.0347500061,0.0015143867,-0.0011041959,0.0096727722,-0.0067540323,-0.3089732750
0.1934306569,0.0280351291,0.0389242470,-0.0068548387,-0.0053260979,-0.0043823889,-0.0064954836,0.1433530687
0.1815068493,0.0667676149,0.0796045401,-0.0063946407,-0.0100020206,-0.0555839902,-0.0403514149,1.9615388800
0.1118143460,0.0440480079,0.0610574462,-0.0404535703,-0.0259210123,0.0181010189,0.0119225037,-0.5554713900
0.2728842832,0.0440810934,0.0634708382,0.0118173108,-0.0032477737,-0.0017033961,-0.0065221965,-0.4186688908
0.2639933166,0.0348885916,0.0563086011,-0.0063131313,0.0007357578,0.0009597952,0.0023295214,-0.1884856654
0.2565400844,0.0250811911,0.0476001327,0.0024354087,-0.0001050310,0.0064990411,0.0043312909,-0.2490899061
0.3013481364,0.0091219985,0.0317028781,0.0042252033,0.0178571429,0.0044458558,0.0119911644,1.0051852206
0.3557115694,0.0016800069,0.0231862595,0.0118859788,0.0196078431,0.0083254294,0.0060284794,0.7219427950
0.3311552535,-0.0015699292,0.0184173997,0.0061330561,-0.0061740891,0.0079431438,0.0029961773,-0.6234892890
0.2878880844,-0.0126179981,0.0055557551,0.0030994937,0.0029534576,0.0041476566,0.0114338690,0.2274153555
0.2837440651,-0.0137903737,0.0019808197,0.0114326913,0.0077173030,0.0071251549,0.0031571443,0.1436296630
0.2871767241,-0.0066262715,0.0069454907,0.0029531568,-0.0040306328,-0.0006151953,-0.0050761421,-0.4197605766
0.3366259423,-0.0140577785,-0.0021222281,-0.0048735912,0.0035410765,-0.0089258233,0.0085714286,0.4439562243
0.3190671790,-0.0062648156,0.0037217829,0.0085705540,0.0061498135,0.0137681159,-0.0056657224,0.1257878087
0.3221404682,0.0010139047,0.0098165292,-0.0056651492,-0.0147294589,-0.0094965792,-0.0063085063,-0.2878446121
0.5377400625,-0.0037327041,0.0044610004,-0.0065113440,0.0037628394,0.0048453608,0.0046078231,-0.0132817874
0.5083135392,-0.0056920978,0.0015783737,0.0047107015,-0.0011144883,-0.0001025957,0.0025481602,-0.0826757130
0.5000000000,-0.0135416725,-0.0073188660,0.0024462338,0.0101430165,0.0084137082,0.0088450590,0.8979311290
0.5274261603,-0.0062507436,-0.0015444707,0.0089476360,0.0032131740,-0.0003052503,-0.0052403507,-0.0250421491
0.5412418906,-0.0285157431,-0.0247468265,-0.0051395747,0.0200180162,0.0046819338,0.0239084186,0.3573642763
0.5878434638,-0.0260559720,-0.0248433941,0.0239059968,-0.0010793838,0.0103332996,0.0019788266,-0.2703994323
0.5743766122,-0.0327447626,-0.0336900894,0.0018796992,0.0122789784,0.0153414218,0.0110595438,0.4874436745
0.6027287319,-0.0252318678,-0.0287281665,0.0110595438,-0.0025230471,-0.0024688920,-0.0025393105,-0.2205085609
0.6191950464,0.0015985591,-0.0037746642,-0.0023439789,-0.0057398580,-0.0189090189,-0.0229119749,0.4396273013
0.5209580838,-0.0039376133,-0.0087596889,-0.0232011747,-0.0135029354,0.0034308779,0.0053111534,-0.5090387245
0.4903703704,-0.0549550931,-0.0594865573,0.0054119062,0.0642729617,0.0082461786,0.0546251994,3.8237014830
0.6207276736,-0.0636694730,-0.0720946669,0.0547248804,0.0115563840,0.0432874526,0.0183364839,-0.3148773061
0.6106870229,-0.0642959704,-0.0770342442,0.0182402419,0.0221116639,0.0257170172,0.0111379246,0.0188864202
0.5806451613,-0.0567420800,-0.0736239607,0.0109522926,-0.0086533261,0.0110914344,0.0024784285,-0.5437886955
0.5775792039,-0.0458282702,-0.0660323254,0.0027543151,-0.0055464630,-0.0049778761,-0.0022891677,-0.0767789248
0.6481846654,-0.0445650930,-0.0667937232,-0.0023805164,0.0176465210,0.0039836946,0.0060572687,0.0187159414
0.6447229706,-0.0293858331,-0.0537317161,0.0060572687,-0.0086253369,-0.0005536588,-0.0085750775,-0.5468002710
0.6173864274,-0.0454181338,-0.0697802440,-0.0083926291,0.0150444082,0.0015695688,0.0215311005,1.0773019002
0.6170427753,-0.0231202369,-0.0497177035,0.0213431463,-0.0079464286,-0.0032264012,-0.0156728517,-0.1625473078
0.6047882794,-0.0099600347,-0.0366909539,-0.0156728517,-0.0153001530,-0.0110977527,-0.0096998536,-0.1810439277
0.6176543722,0.0019416617,-0.0238708635,-0.0097913616,-0.0106937209,-0.0037407650,-0.0103492885,0.4216200727
0.5883003079,0.0112741266,-0.0126997922,-0.0102578320,-0.0068366593,-0.0049751244,-0.0095238095,-0.4749754576
0.6345908201,0.0049921697,-0.0162106026,-0.0095238095,-0.0015813953,0.0000000000,0.0045248869,-0.1647429297
0.6336549133,0.0052618576,-0.0139919786,0.0045248869,-0.0049380416,-0.0041509434,-0.0010322823,0.4714718081
0.5629742033,0.0109100095,-0.0066097833,-0.0010322823,-0.0032771536,-0.0005683971,-0.0063879756,-0.4100332794
0.5336927224,-0.0043240306,-0.0194695491,-0.0062940348,0.0097698450,-0.0077725118,0.0136144464,1.9912621350
0.5454545455,-0.0032869220,-0.0176608500,0.0136131594,0.0087449995,0.0182460833,-0.0003730995,-0.1850981920
0.6139767055,-0.0068587090,-0.0203746149,-0.0005595971,0.0008300286,0.0003752697,0.0041056266,-0.2745953044
0.5610362423,-0.0061729411,-0.0192299488,0.0042926465,-0.0031330630,0.0006564757,0.0003717127,-0.3659995502
0.5305722681,0.0007262526,-0.0119312490,0.0002787586,-0.0030504714,-0.0065604499,-0.0059451928,0.1539415328
0.5419465485,0.0159954449,0.0041542090,-0.0060380864,-0.0044506259,-0.0075471698,-0.0151387721,0.3956779812
0.4020848846,0.0168149668,0.0070954932,-0.0150467290,-0.0158331005,-0.0120722433,-0.0032261125,0.5283655440
0.4488778055,0.0089456110,0.0013273495,-0.0032261125,0.0032175641,0.0047147118,0.0052356021,-0.2741486551
0.4586977648,0.0176884242,0.0112844121,0.0051404093,0.0020752759,-0.0011492051,-0.0099431818,-0.2968170759
0.4618395303,0.0094635964,0.0049694995,-0.0096600057,-0.0075308293,-0.0009587728,0.0054519369,-0.1085434099
0.4782608696,0.0041865529,0.0007931951,0.0052596347,0.0073034241,0.0084452975,0.0038051750,0.1484978816
0.4725274725,0.0005083258,-0.0022912122,0.0038051750,0.0088512241,0.0039969547,0.0030326005,0.4113041141
0.4244590781,-0.0007971681,-0.0033456525,0.0030326005,-0.0044801195,-0.0058767773,0.0012282691,-0.1824637512
0.3971819481,0.0058750037,0.0034358220,0.0014172336,-0.0039377461,0.0034324943,-0.0065112768,-0.4415942871
0.3240740741,0.0048757091,0.0030860387,-0.0066987452,-0.0043298193,-0.0017103763,0.0000949848,-0.3855736932
0.2615908124,-0.0019410514,-0.0032015463,0.0000949848,0.0037814332,0.0020940415,0.0060784500,0.3343402913
0.2769679300,0.0008140209,-0.0005111984,0.0061734258,0.0001883594,0.0014247720,-0.0024544511,-0.0928692619
0.3280467446,-0.0123957774,-0.0135427008,-0.0024542194,0.0096045198,-0.0056909798,0.0132487934,1.3468851249
0.3881807648,0.0030007685,0.0009220078,0.0130582892,0.0125909345,-0.0034341315,-0.0134491454,1.3070393457
0.3992848629,0.0278385555,0.0261106230,-0.0133569961,-0.0188818274,-0.0159854504,-0.0246142194,-0.0313550022
0.2937737504,0.0195972528,0.0202156539,-0.0245195494,-0.0271310552,-0.0042801556,0.0038823644,-0.4831621101
0.2859465051,0.0344855012,0.0366590243,0.0037849379,-0.0019299431,-0.0161195780,-0.0173063908,0.4827522948
0.2629433347,0.0325324174,0.0373114352,-0.0172097070,-0.0159528183,-0.0038725052,-0.0032467532,-0.0179640413
0.2846054334,0.0328286928,0.0398851068,-0.0034431874,-0.0008842602,0.0033891547,-0.0051327608,-0.4109417324
0.3072033898,0.0217967764,0.0308960412,-0.0050345508,0.0006883666,0.0000000000,0.0058537553,-0.4359739194
0.3264675592,0.0241003228,0.0343207978,0.0058537553,-0.0037342767,-0.0105304987,-0.0055237719,0.8150801471
0.3726060977,0.0116627003,0.0229512246,-0.0054251332,0.0113434602,0.0114457831,0.0086292402,0.2108252515
0.3781953848,0.0143571863,0.0257904762,0.0084300307,-0.0030235053,0.0007941235,-0.0044252139,-0.3538249842
0.4397463002,0.0049024501,0.0165501455,-0.0042289536,-0.0023478771,0.0004959333,0.0072105887,-0.3159008946
0.4453746337,-0.0019203167,0.0091881233,0.0070123457,0.0131398313,-0.0009913750,0.0060802197,2.6565583793
0.4115546486,0.0183267371,0.0286616290,0.0060808160,0.0149051491,-0.0030763124,-0.0195925529,0.4045197044
0.3461849555,0.0121862859,0.0231815171,-0.0196919477,-0.0255578867,-0.0065697790,0.0032809704,-0.3257694754
0.3333333333,-0.0110531506,-0.0001361011,0.0033810660,0.0124290468,0.0018036072,0.0216034090,-0.2790195611
0.4641601298,-0.0202817184,-0.0111568625,0.0216055500,0.0142097632,0.0293058612,0.0111553012,0.1333416493
0.4949005609,-0.0233451856,-0.0165571386,0.0112533954,0.0019062143,0.0100087455,0.0063315426,0.1001657427
0.5352049242,-0.0083147323,-0.0038401846,0.0061396777,0.0102739726,-0.0062536079,-0.0115347950,0.0096509442
0.4840461643,-0.0019340386,0.0015636557,-0.0112509535,-0.0226930320,-0.0051311840,-0.0051113897,-0.6032535586
0.4835209548,-0.0095097205,-0.0064497204,-0.0053037608,0.0039502842,0.0036006228,0.0079488174,-0.5316005263
0.4914529915,-0.0061350402,-0.0040563186,0.0079495880,-0.0003838772,0.0019392999,-0.0019234468,0.4468051635
0.5111111111,-0.0076772537,-0.0062455034,-0.0018274502,0.0024961598,-0.0003871093,0.0025052997,-0.3699369892
0.4894851342,-0.0132301496,-0.0125217199,0.0026980150,0.0060333269,0.0064865912,0.0068242983,0.2190327167
0.4563388897,-0.0174791237,-0.0178760282,0.0066307899,0.0062827225,0.0050019238,0.0063961814,0.5560876648
0.4543361474,-0.0168417714,-0.0185999524,0.0063961814,0.0098382367,0.0075612557,0.0020868905,0.4307301054
0.4405979544,-0.0202789263,-0.0232322034,0.0018971732,-0.0024355972,-0.0066495678,0.0061529724,0.3491605594
0.5419126328,-0.0104559992,-0.0148378897,0.0063434956,0.0085454033,0.0083197858,-0.0067739204,-0.1471885771
0.5501691094,-0.0018507901,-0.0067767215,-0.0067739204,-0.0105214153,-0.0070182094,-0.0070095671,-0.3322329355
0.4858223062,0.0068862977,0.0021377468,-0.0067253955,-0.0116683918,-0.0112702961,-0.0083945435,0.2214505576
0.4441558442,0.0124499163,0.0085771098,-0.0087736029,-0.0070456060,-0.0055061824,-0.0065416065,-0.2390667772
0.4392312041,0.0051811059,0.0026020653,-0.0063498172,0.0027807076,0.0030111705,0.0053258449,0.3041886889
0.4700181708,-0.0100147327,-0.0119611168,0.0051316809,0.0085102314,0.0030021305,0.0145444038,0.0228958482
0.5112881806,-0.0033645091,-0.0059790165,0.0146421347,0.0003792548,0.0096553056,-0.0051267445,-0.2413849458
0.5102344622,0.0037624799,0.0010554209,-0.0050318048,-0.0056866648,-0.0080328966,-0.0065845978,0.1929347047
0.4796221795,0.0048245607,0.0026145564,-0.0067748092,-0.0040987513,0.0000000000,-0.0016330451,-0.2399284352
0.5321926266,0.0098149369,0.0081440162,-0.0016332020,-0.0011485452,-0.0093512002,-0.0056768979,0.9167625451
0.5348189415,0.0062600983,0.0054974573,-0.0056774442,0.0046952856,0.0016543402,0.0020321270,-0.0653854858
0.5006976281,0.0040365066,0.0038299978,0.0020323236,0.0033381021,0.0038861362,0.0012554322,-0.0701641033
0.4934277048,0.0224483500,0.0225816195,0.0014487155,-0.0090304183,-0.0249685474,-0.0186149691,1.8099630060
0.4376012966,0.0108483630,0.0127472095,-0.0187096152,-0.0120863309,0.0070471464,0.0080589681,-0.4807313562
0.4530425607,0.0063341379,0.0089503288,0.0080589681,-0.0005825808,0.0040410014,0.0028273374,-0.3242751441
0.4276762402,-0.0024954748,0.0004093368,0.0031198206,0.0115612552,0.0063806813,0.0078747813,-0.0014962494
0.4459738472,-0.0301762910,-0.0277557651,0.0073865293,0.0262197464,0.0095591104,0.0289379763,0.8637218989
0.5385520895,-0.0176135414,-0.0177808884,0.0291365171,0.0107627515,0.0148792271,-0.0080622481,0.0269909727
0.5483261339,-0.0085319838,-0.0101020940,-0.0079685010,-0.0176851852,-0.0019040366,-0.0064266137,-0.6155152416
0.5291750503,-0.0066524457,-0.0087880844,-0.0064260064,-0.0040531624,-0.0021938192,-0.0005707220,-0.0503709685
0.5520239880,-0.0071409127,-0.0096452218,-0.0007608902,-0.0030285822,-0.0004779658,0.0015227943,-0.4166984681
0.5199040767,0.0047470475,0.0018272433,0.0016181230,0.0015188912,-0.0045906656,-0.0107383826,0.7131156025
0.4694673019,0.0049821332,0.0026550572,-0.0107383826,-0.0096682464,-0.0096079939,-0.0009606148,-0.0980904011
0.4939246659,0.0078010974,0.0060375584,-0.0007684918,-0.0032542113,0.0047535894,-0.0035576923,-0.1668276111
0.5423048327,0.0080600524,0.0070479908,-0.0040376851,-0.0028807375,-0.0037655692,-0.0014474573,-0.3501118571
0.6062052506,0.0182343451,0.0179368837,-0.0012548263,-0.0011556240,-0.0085287846,-0.0112098956,1.0495774345
0.6431397373,0.0119674836,0.0131426283,-0.0109210399,-0.0032780563,-0.0000977517,0.0034206411,-0.0755160530
0.6205620057,0.0188591270,0.0209195552,0.0033222591,-0.0044496034,-0.0061589598,-0.0085711503,0.2857441525
0.6432825943,0.0096098468,0.0130007622,-0.0085703155,-0.0041780023,0.0011804053,0.0062874546,-0.0197578548
0.6340179935,0.0101036898,0.0140176660,0.0060903733,0.0037076788,0.0028492828,-0.0019525530,-0.2634679995
0.4067916519,0.0089440501,0.0133758286,-0.0018551064,0.0017497813,-0.0012736357,-0.0003912746,-0.0003581109
0.4455637350,0.0053053921,0.0101115588,-0.0004890932,-0.0011644833,-0.0012752600,0.0022507095,0.2569940859
0.4315496873,0.0186116990,0.0235535924,0.0023487962,-0.0049548237,-0.0095275513,-0.0138644796,0.5690180799
0.3629456458,0.0084594951,0.0144765267,-0.0136692052,-0.0055653193,-0.0038675129,0.0072277228,0.0944323602
0.4459974587,0.0116329663,0.0179068759,0.0069293209,0.0008836524,0.0034843206,-0.0044234739,-0.4020873392
0.4791154791,0.0033051532,0.0099986956,-0.0043255997,0.0016676476,0.0009920635,0.0065165877,0.3588514868
0.4720777753,-0.0173498765,-0.0110183046,0.0064178515,0.0221329938,0.0081268583,0.0205022562,1.4078017048
0.5604770017,-0.0265643832,-0.0221398670,0.0207004807,0.0307559644,0.0185804168,0.0122080169,0.5658352951
0.5521812856,-0.0401611950,-0.0382192935,0.0121107266,-0.0010224949,0.0163111669,0.0184235518,-0.4814915576
0.6231290373,-0.0605267853,-0.0618938450,0.0185185185,0.0327533265,0.0185185185,0.0282543827,1.1814516065
0.6888252894,-0.0330635396,-0.0392742716,0.0280652681,0.0171186593,0.0003729604,-0.0187721048,-0.1416221010
0.6129181618,-0.0194582716,-0.0279200091,-0.0186831126,-0.0374701036,-0.0012116693,-0.0086876155,-0.7169765459
0.6248691647,-0.0402656732,-0.0494256781,-0.0085951941,0.0136204675,0.0009331840,0.0247995525,0.3931734791
0.6156625330,-0.0474168248,-0.0589488218,0.0247040179,0.0223352097,0.0194853627,0.0140101892,0.3990101407
0.5630720255,-0.0283533754,-0.0429909794,0.0140101892,-0.0091474245,0.0014631916,-0.0121119684,-0.4449427729
0.5827193570,-0.0284032546,-0.0441469087,-0.0120222501,0.0115622479,-0.0078531641,0.0045409136,0.9113650256
0.5712587897,-0.0488841233,-0.0652984955,0.0044496912,0.0160375687,0.0174873447,0.0261278365,-0.0263962861
0.6050542834,-0.0362688750,-0.0554684516,0.0260374288,0.0064533008,0.0168249661,-0.0052863436,0.0016880609
0.5976928623,-0.0604000475,-0.0804370875,-0.0051105824,0.0271207001,0.0010675207,0.0316209035,0.8105112393
0.6358890701,-0.0279904802,-0.0519309063,0.0315295368,-0.0174624599,0.0070203501,-0.0237829484,-0.3352633324
0.5845202902,-0.0056691106,-0.0305192621,-0.0236970894,-0.0159697776,-0.0160607130,-0.0181178540,-0.2191407196
0.5854455266,-0.0085269530,-0.0319006552,-0.0182921467,-0.0141348922,-0.0061883408,0.0037620924,-0.2426973667
0.5612395160,-0.0173867310,-0.0394805543,0.0039415928,0.0044251704,0.0052341846,0.0103515974,-0.3317958046
0.5272815065,-0.0078768728,-0.0298726264,0.0103506737,0.0067847387,0.0026932400,-0.0068892422,0.6705416945
0.5623069001,0.0019788481,-0.0191986393,-0.0068886338,-0.0077017329,-0.0197869102,-0.0086268232,0.1089276575
0.5614395887,0.0147836633,-0.0049218254,-0.0087149844,-0.0156994179,0.0025575448,-0.0129182740,-0.4507910678
0.5411872987,0.0226399227,0.0054026643,-0.0130079842,-0.0141577061,-0.0160349854,-0.0099063892,0.5624725153
0.5526613817,0.0256531000,0.0114084873,-0.0098163970,-0.0040901654,0.0014814815,-0.0063337617,-0.4816094073
0.5678191489,0.0148625921,0.0037941786,-0.0063337617,-0.0029205074,-0.0032359467,0.0067436490,0.0076000806
0.5743287492,-0.0027965228,-0.0117218441,0.0065588915,0.0147368421,0.0025044059,0.0154156726,0.8315930445
0.5376955903,0.0132918450,0.0046713641,0.0156020558,-0.0015334656,0.0074944486,-0.0154527381,-0.4187538833
0.5124120986,0.0040586416,-0.0028137658,-0.0154527381,-0.0082211582,-0.0030305813,0.0071592474,-0.1471634083
0.3987044196,0.0126629139,0.0065677935,0.0070674621,0.0002732738,-0.0051584377,-0.0091132780,-0.2391691387
0.4393276537,0.0265765278,0.0218703287,-0.0091141086,-0.0099262362,-0.0137037037,-0.0154511174,1.2334060542
0.4491525424,0.0248812952,0.0226385307,-0.0153605592,-0.0112214864,0.0017837026,-0.0023353573,-0.5772194465
0.5045753319,0.0154437425,0.0153524458,-0.0022419430,0.0031627907,-0.0029987817,0.0055243446,0.1857094242
0.4695004140,0.0096830545,0.0108266663,0.0055238274,0.0027818991,0.0093993796,0.0033522674,-0.2935326130
0.4286268927,0.0051150432,0.0069407888,0.0033519553,-0.0000924727,-0.0008380669,0.0030626450,-0.2155380491
0.3988527725,0.0069367580,0.0090407515,0.0030623608,0.0027744382,0.0028890960,-0.0025906736,-0.3291258937
0.4376835921,0.0051236471,0.0076232938,-0.0026829494,0.0036890160,-0.0029737013,0.0007421150,2.4847491611
0.4100946372,-0.0022313080,0.0004740984,0.0007421150,0.0011026371,0.0054991145,0.0065813867,-0.5031122170
0.4005482790,-0.0031731919,-0.0008491783,0.0065813867,-0.0018357045,-0.0011123471,0.0012892532,-0.0940015429
0.3723489077,0.0030344928,0.0049441142,0.0012892532,-0.0001839080,0.0012991834,-0.0057021981,0.2796357214
0.3162905501,0.0124004147,0.0144303660,-0.0058861400,-0.0047824887,-0.0109360519,-0.0097123300,0.7807071730
0.3443378119,0.0067312864,0.0095893992,-0.0096216116,-0.0020330838,0.0018740630,0.0037362227,-0.2114856709
0.3143315937,-0.0013670270,0.0017939865,0.0037365717,0.0038892490,0.0031799476,0.0070723990,-0.0832629079
0.3518479850,-0.0085772697,-0.0057803898,0.0072591903,0.0078406051,0.0048480328,0.0074847533,0.0274544090
0.4578313253,-0.0149372580,-0.0130465213,0.0073916659,0.0250777961,0.0080719985,0.0077960194,1.7333147790
0.4362532524,0.0073463574,0.0079167805,0.0077960194,-0.0115178571,-0.0137137598,-0.0198398253,-0.2526037379
0.3233205898,0.0070577009,0.0081728365,-0.0197488169,-0.0224008671,-0.0033594625,-0.0008356546,-0.2701754652
0.3766617430,0.0101963069,0.0117985475,-0.0011141027,-0.0038806246,-0.0015917603,-0.0041817675,-0.3883585780
0.4076825512,0.0059990540,0.0082900047,-0.0039037085,-0.0025971617,0.0013129513,0.0026129153,-0.0791817674
0.3645739099,-0.0056594971,-0.0030874590,0.0025193618,0.0158095415,0.0050576004,0.0107967238,1.2905096298
0.4211307071,-0.0025845723,-0.0006502506,0.0108897990,0.0027464982,-0.0013046314,-0.0022099448,0.0670042400
0.4489032477,-0.0105872753,-0.0090157560,-0.0023018138,0.0005477951,0.0086778016,0.0084902178,-0.3222681411
0.4895259096,-0.0236114399,-0.0230099255,0.0084902178,0.0238160416,0.0044403330,0.0150073206,2.9786363069
0.5152614083,0.0030814730,0.0017236821,0.0149158126,-0.0102495544,-0.0044207036,-0.0229895420,-0.4694372167
0.4361729343,-0.0129672605,-0.0139629476,-0.0229014516,-0.0037820801,0.0021276596,0.0157792747,-0.4237682763
0.4797592352,-0.0030021108,-0.0049742341,0.0159638276,0.0020790021,0.0080310163,-0.0079941860,-0.4509756356
0.4971332209,0.0068645310,0.0047795310,-0.0081743869,-0.0138913946,-0.0154761905,-0.0093406593,0.5198376207
0.5080770082,0.0336122167,0.0321910296,-0.0094322344,-0.0105195756,-0.0353455493,-0.0268996118,0.9638812473
0.4695723684,0.0436089770,0.0449945170,-0.0268096515,-0.0256078395,-0.0021212998,-0.0145340553,-0.4213380384
0.4858024035,0.0506739207,0.0554988604,-0.0146290491,-0.0153700190,-0.0204850710,-0.0131096973,0.7896855546
0.4550707312,0.0485106822,0.0570665463,-0.0131109611,-0.0105993448,-0.0032554010,-0.0053721430,-0.0902795755
0.4528152260,0.0395162479,0.0512907979,-0.0052749829,0.0024347487,0.0021773555,0.0014730433,-0.1997540772
0.4471153846,0.0404767245,0.0546271210,0.0014730433,-0.0020402215,-0.0067153861,-0.0067660326,0.1345960045
0.4588235294,0.0256426034,0.0418378286,-0.0063737988,-0.0021417445,0.0026844303,0.0083917465,-0.2267222916
0.4232506776,0.0258153110,0.0429251342,0.0077963091,-0.0021463415,0.0066435300,-0.0040140983,-0.1256702877
0.4512968300,0.0102250934,0.0279233156,-0.0038190364,0.0068439578,0.0014775414,0.0115010321,0.2606840161
0.4231701406,0.0274231936,0.0449462627,0.0115010321,-0.0007768499,-0.0142618275,-0.0182701652,0.7094489010
0.4373747495,0.0169627352,0.0352630877,-0.0182701652,-0.0099125364,0.0039912193,0.0061373985,-0.6492883848
0.3585606169,0.0178581046,0.0362192553,0.0061373985,0.0030427954,0.0008944544,-0.0034435262,0.4842513438
0.3697540863,0.0574983359,0.0766933728,-0.0034435262,-0.0068499853,-0.0415053123,-0.0400829302,2.9070215778
0.3136005995,0.0504891464,0.0728882539,-0.0401816566,-0.0302492856,-0.0054905211,-0.0017484316,-0.0103676654
0.3633338157,0.0398290053,0.0645278370,-0.0015428924,-0.0047754521,0.0035416667,0.0027817845,-0.5387946538
0.3408046777,0.0528480921,0.0793770675,0.0026784794,0.0013272078,-0.0213826033,-0.0181855543,0.1421011240
0.3313481321,0.0413394746,0.0700260825,-0.0180828111,-0.0206973899,-0.0102885023,0.0032440352,0.3940993934
0.2964685183,0.0369264288,0.0668420064,0.0031390604,0.0005205622,0.0118958311,-0.0018775425,-0.2611812520
0.3513845314,0.0250324726,0.0554931500,-0.0017732346,0.0048907388,0.0112264351,0.0060612394,-0.2836088286
0.3345070423,0.0366880308,0.0673478618,0.0062695925,-0.0026923475,-0.0082739841,-0.0149579308,-0.3644375535
0.3150867824,0.0247759754,0.0559010211,-0.0152647975,-0.0055030630,-0.0172140670,0.0061162080,1.0534278802
0.2948335521,0.0260185655,0.0569669384,0.0061162080,-0.0036542076,0.0143993123,-0.0049261084,-0.6528986595
0.2678774120,0.0213702257,0.0520822722,-0.0049261084,-0.0006287331,0.0024364407,0.0006319781,-0.1151672833
0.2506658775,0.0336415237,0.0642439990,0.0006319781,-0.0038796267,-0.0123639438,-0.0150526316,0.5931266629
0.2258823529,0.0251790210,0.0560991657,-0.0154736842,-0.0071578947,-0.0034239247,0.0032061558,-0.2042815959
0.2046783626,0.0219585428,0.0526164853,0.0036351973,0.0096480068,-0.0082671248,-0.0006391818,0.5810973799
0.3074027604,0.0107152364,0.0406211802,-0.0006391818,-0.0033602856,0.0155894771,0.0077816864,-0.4440638560
0.3119603160,0.0224777005,0.0514025483,0.0076750879,0.0026340744,-0.0063959066,-0.0131161413,0.1470853771
0.3118691263,0.0142364839,0.0426777153,-0.0129059558,-0.0110340479,-0.0019311233,0.0047159700,-0.2124107703
0.3478933127,0.0096766284,0.0370824566,0.0047154646,0.0051004144,0.0064495324,0.0023469170,0.1412812186
0.3410156250,0.0080806281,0.0342255372,0.0022400000,-0.0005285971,0.0021360675,0.0001064283,-0.3512898959
0.2822892498,-0.0048120795,0.0197532201,0.0002128565,0.0089909033,-0.0001065757,0.0117058636,0.4724774233
0.3166421208,-0.0144384530,0.0076905597,0.0117046180,0.0118461055,0.0134299723,0.0105185653,0.5481020142
0.3814432990,-0.0045494792,0.0149386738,0.0105174590,-0.0030045586,0.0008413967,-0.0077027168,-0.3764551162
0.3797717434,-0.0053103434,0.0123453923,-0.0079100749,-0.0028057778,-0.0027322404,0.0014685828,0.0136530398
0.3387677324,-0.0009353705,0.0150458301,0.0016785564,0.0016673614,0.0017913593,-0.0035613282,0.1494103459
0.3925866879,-0.0080902879,0.0065249595,-0.0035609552,0.0008322930,-0.0027348270,0.0073583517,-0.0196632745
0.4642321161,-0.0101509782,0.0026933887,0.0071473618,0.0050935551,0.0056956017,0.0033392466,1.4694564675
0.4653020469,-0.0017369375,0.0094228339,0.0032352327,-0.0031026993,-0.0009438909,-0.0068642746,-0.6255203050
0.4100307963,-0.0078079419,0.0023219101,-0.0067616769,-0.0010374520,0.0018895654,0.0063881035,0.0724194619
0.4037349933,0.0065910397,0.0154640131,0.0064935065,0.0051926472,-0.0088013412,-0.0131113424,1.0462487248
0.4021257750,-0.0046036336,0.0040493628,-0.0132154006,0.0080586837,0.0011627907,0.0102277520,0.4818760195
0.4289340102,-0.0147952573,-0.0072341182,0.0106506380,0.0050220355,0.0095026924,0.0110635633,0.1979502959
0.4668246445,0.0038543214,0.0097716422,0.0105383973,-0.0020395676,-0.0084719172,-0.0163105193,-0.0470377113
0.4460235863,-0.0020796041,0.0036760592,-0.0163138875,-0.0127733497,0.0002109705,0.0053520831,-0.5024142559
0.4201614179,0.0088767180,0.0140951584,0.0054581715,-0.0017596522,-0.0056950011,-0.0105427975,-0.2424503608
0.3979073704,0.0051781311,0.0107053065,-0.0106482931,-0.0090211530,-0.0025456088,0.0023209199,0.0376237631
0.3685923515,0.0016404523,0.0071561835,0.0027434842,0.0030344250,0.0087196937,0.0027365540,-0.1940158361
0.3746978243,-0.0114781690,-0.0063074485,0.0025255183,0.0104318798,0.0036896479,0.0130156398,-0.3246876977
0.3672642245,-0.0081707531,-0.0042926588,0.0130156398,0.0003097254,0.0076672618,-0.0015542431,-0.1141763938
0.4104064526,-0.0035010465,-0.0005519167,-0.0015542431,-0.0044380225,-0.0022930999,-0.0034246575,-0.0204512041
0.4554949337,0.0043587373,0.0068281277,-0.0035284350,-0.0041467966,-0.0120142081,-0.0072893887,1.4543916577
0.4535154431,0.0027414852,0.0053731787,-0.0073942929,-0.0017697273,0.0017976102,0.0009440890,-0.3978045319
0.4257054314,-0.0182575702,-0.0156566384,0.0011541286,0.0167900720,0.0037998733,0.0209599665,0.2703685154
0.5128412211,-0.0426690652,-0.0417435549,0.0210647663,0.0500512821,0.0242902208,0.0284335865,4.8312169774
0.5746721196,-0.0153682630,-0.0179698996,0.0285333060,-0.0037116624,-0.0004106355,-0.0210599860,-0.5062427260
0.5082437276,-0.0122989896,-0.0159364667,-0.0211555733,-0.0351960784,-0.0008216083,-0.0007137031,-0.5025396556
0.5817038151,-0.0100027981,-0.0143537241,-0.0008155775,0.0035565491,0.0027752081,-0.0004081216,-0.2622844869
0.6351351351,-0.0038885242,-0.0087373754,-0.0005101520,-0.0048602673,-0.0021525215,-0.0045932428,-0.2307195867
0.6659919028,0.0158772047,0.0109850268,-0.0044916292,-0.0018315018,-0.0200308166,-0.0188679245,1.5890052475
0.6413714862,0.0350706500,0.0317377456,-0.0188679245,-0.0219164118,-0.0221174004,-0.0209030100,0.1819880433
0.6409059071,0.0238824912,0.0235957495,-0.0210075251,-0.0153204794,-0.0064315575,0.0056575576,0.0334096641
0.6119591270,0.0218352152,0.0234774844,0.0055514039,0.0019051651,0.0096018988,-0.0015921877,-0.5232094646
0.6119591270,0.0151303167,0.0183820598,-0.0012740206,-0.0005282062,0.0021372088,0.0032957687,-0.5074410221
0.5533980583,0.0481212749,0.0524862110,0.0029765069,0.0050734595,-0.0333759864,-0.0336971495,3.7883631301
0.4810126582,0.0468020581,0.0547284684,-0.0333863275,-0.0331265117,-0.0022062879,-0.0058120408,-0.3951438064
0.5489833641,0.0461793083,0.0573221320,-0.0058114035,-0.0048944964,-0.0132669983,-0.0062872270,0.0821583033
0.5237957052,0.0331116728,0.0470325701,-0.0065071137,-0.0056836813,0.0016806723,0.0057720058,-0.2270349138
0.2929771650,0.0272239960,0.0427431136,0.0059946714,0.0053863911,0.0023489933,0.0007725417,-0.1573630311
0.2670678564,-0.0081377497,0.0078994810,0.0006621055,0.0337852613,0.0077000335,0.0314292016,2.7860497966
0.4387493593,0.0022224021,0.0165527588,0.0317600353,-0.0058170280,0.0238095238,-0.0090879932,-0.6935370225
0.4171031794,-0.0055233566,0.0078234115,-0.0099401454,-0.0053191489,-0.0067063277,0.0074449719,-0.4025673839
0.3886716568,-0.0055256813,0.0063816255,0.0083126417,0.0053475936,0.0141565937,0.0008568063,-0.3662536275
0.3728771843,-0.0101833843,0.0003425335,0.0002141328,0.0039361702,0.0023622893,0.0055644730,0.2925596360
0.3973462691,-0.0324024950,-0.0236829707,0.0061014772,0.0214051076,0.0068559186,0.0245823135,0.9536083534
0.4652487657,-0.0341387983,-0.0286879111,0.0243642941,0.0183629007,0.0222364081,0.0069588700,1.1547992735
0.4099680511,-0.0238523918,-0.0215165503,0.0069588700,-0.0099837001,-0.0083263947,-0.0051572976,-0.3623230451
0.4611795669,-0.0266415737,-0.0263832267,-0.0049510057,0.0049392879,0.0055625525,0.0066355625,-0.0433607301
0.6023444545,-0.0289438990,-0.0308175915,0.0068415051,0.0067581405,0.0069930070,0.0065918220,-0.3121287505
0.5841455491,-0.0295552178,-0.0335780404,0.0062802430,0.0078315704,0.0088101161,0.0052184590,0.4098393874
0.5612998523,-0.0259997110,-0.0320760427,0.0053202374,0.0062569381,0.0071920271,0.0010179153,0.1669032586
0.5501363223,-0.0108346802,-0.0186228725,0.0006106249,-0.0081235583,-0.0155054575,-0.0112873703,0.0855938156
0.5235328298,-0.0194543085,-0.0274460644,-0.0110862490,-0.0030333670,0.0074603668,0.0104905893,-0.0737483774
0.4668400520,0.0016862605,-0.0074305947,0.0104905893,0.0021298174,-0.0099763447,-0.0181170483,-0.1101384091
0.3885281385,-0.0133015336,-0.0214863751,-0.0180152672,-0.0085011638,0.0007271972,0.0149269203,-0.4079211603
0.4123764951,-0.0031097840,-0.0118206062,0.0148217247,0.0054098193,0.0072666874,-0.0081707691,-0.1186306734
0.4543481406,-0.0084513816,-0.0167165183,-0.0082729037,-0.0030456853,-0.0022673400,0.0058696324,0.1486644775
0.4559226663,-0.0089773778,-0.0172891499,0.0059732235,0.0065173116,0.0047515753,0.0018427518,0.4006351732
0.3796677085,-0.0002405633,-0.0087151439,0.0018427518,-0.0024281667,-0.0085329495,-0.0073574494,-0.0398776965
0.3936400123,0.0013426828,-0.0065355065,-0.0073574494,-0.0054766734,0.0039402737,-0.0015441631,-0.1826763553
0.4114230397,-0.0081696434,-0.0152903452,-0.0015441631,0.0024474811,0.0007229911,0.0093824106,-0.1107434947
0.4239696826,-0.0332779227,-0.0403305307,0.0093824106,0.0359104781,0.0087728352,0.0272727273,2.6128198246
0.5035383778,-0.0213464947,-0.0305957140,0.0269662921,-0.0068742021,0.0141190915,-0.0069603261,-0.5177863768
0.5289150461,-0.0249939724,-0.0351884437,-0.0065645514,0.0022743004,0.0036319613,0.0071092420,-0.4016502333
0.5499877780,-0.0075316619,-0.0191238581,0.0071085302,-0.0072020521,-0.0037193406,-0.0137204216,-0.2272232145
0.5375701828,-0.0008332095,-0.0122307327,-0.0138184710,-0.0063599324,-0.0058520835,-0.0055443548,-0.3540596856
0.5542521994,0.0087020305,-0.0020176695,-0.0054435484,-0.0119011901,-0.0104536689,-0.0093258996,0.1296891708
0.5915492958,-0.0034455809,-0.0125779978,-0.0094263126,0.0017206478,-0.0022564103,0.0108462089,0.7157902595
0.5768711159,0.0072806892,-0.0015393948,0.0109485317,0.0025260180,0.0046258224,-0.0101224820,-0.1466074184
0.5676681734,0.0131017651,0.0054634834,-0.0102226721,0.0003023584,-0.0095160135,-0.0068514163,0.7512504319
0.5923149016,0.0099422287,0.0039217197,-0.0069536762,-0.0181360202,-0.0227272727,0.0011326194,0.0361557761
0.5892351275,-0.0042859505,-0.0090071727,0.0011327361,0.0116983068,0.0232558140,0.0127532655,-0.3743774962
0.5927704752,-0.0251103805,-0.0297221513,0.0128574367,0.0244446698,0.0168388430,0.0220371687,1.0432676364
0.5929144385,-0.0257968820,-0.0320409868,0.0219356149,0.0099009901,0.0163568018,0.0046701113,0.0641911725
0.5805785124,-0.0155971167,-0.0234865039,0.0044718275,-0.0067647059,-0.0050979608,-0.0063297399,-0.2370516859
0.5341812401,-0.0176950251,-0.0262052637,-0.0058369608,-0.0010857763,0.0005023611,0.0045784811,-0.1826273543
0.5081699346,-0.0002131535,-0.0096437948,0.0042790327,-0.0020750988,-0.0077324764,-0.0147627068,0.3431757688
0.4915254237,0.0170014826,0.0081020512,-0.0145659929,-0.0148529557,-0.0231757919,-0.0168946098,0.2716670307
0.4805033014,0.0262481904,0.0192837180,-0.0170940171,-0.0121620263,-0.0002072109,-0.0115589198,-0.4374053800
0.4605373134,0.0206256768,0.0162777134,-0.0114578005,-0.0091575092,0.0000000000,0.0015523129,-0.0380738961
0.4232830612,0.0474316832,0.0449810019,0.0014488254,-0.0060587390,-0.0310880829,-0.0286216160,1.5241555623
0.3639240506,0.0425743092,0.0440924365,-0.0285212359,-0.0210765575,0.0009625668,-0.0023401766,-0.5220020770
0.3842482100,0.0454995688,0.0503454002,-0.0023401766,-0.0074934037,-0.0212629554,-0.0090627999,0.7060396384
0.3793590952,0.0334956215,0.0415729884,-0.0094892846,0.0029774564,0.0123362445,0.0048418334,-0.4215304421
0.3962869585,0.0259256629,0.0360528650,0.0051668461,-0.0033927057,0.0021567993,0.0023557126,-0.3431139174
0.3424862706,0.0290827439,0.0406079545,0.0025701435,-0.0001063830,-0.0045195308,-0.0069437026,-0.0073037895
0.2289452167,0.0318232466,0.0449062083,-0.0070497757,-0.0089371210,-0.0051886283,-0.0069922547,-0.2342613528
0.2222222222,0.0206251597,0.0351876982,-0.0069922547,-0.0016103060,-0.0107573617,0.0061748456,0.0042770792
0.2387096774,0.0193177345,0.0344746203,0.0061748456,0.0006451613,0.0163664323,-0.0018303187,-0.4674277355
0.2455348381,0.0197555934,0.0353830172,-0.0018303187,-0.0008596604,-0.0032421917,-0.0033437601,0.0255339678
0.2706035042,0.0059383604,0.0218140453,-0.0033437601,0.0069907507,0.0018432180,0.0107142857,0.4167540773
0.3606743701,0.0016997112,0.0168229346,0.0108225108,0.0040585282,0.0082251082,0.0033194132,0.1208724575
0.3583254044,-0.0004818817,0.0136295840,0.0033190578,-0.0004254867,0.0010734221,0.0019210245,-0.0594479260
0.3608794541,0.0061297395,0.0192426741,0.0018141074,-0.0003192508,-0.0038601759,-0.0064976566,-0.1387630098
0.4783919598,0.0198386137,0.0326533092,-0.0063911376,-0.0055354482,-0.0129171152,-0.0143668918,0.3179837662
0.4092863285,0.0134791794,0.0268834628,-0.0144725557,-0.0104902590,-0.0017448201,0.0032633526,-0.4254210998
0.4096766900,0.0174730097,0.0310405534,0.0032633526,0.0002163566,-0.0003277256,-0.0059633525,0.0026703805
0.4119532860,0.0224802225,0.0365424562,-0.0061802017,-0.0059485183,-0.0133318763,-0.0075261780,1.4655705882
0.4306987400,0.0137851183,0.0285228727,-0.0073096225,-0.0003264063,0.0047624322,0.0051654028,-0.4729619082
0.4323258870,0.0048525163,0.0194989656,0.0051654028,0.0062037440,0.0052910053,0.0067789197,0.0295222690
0.4454996762,0.0006285520,0.0145288676,0.0069975946,0.0024878313,0.0087719298,0.0034752389,-0.2384466170
0.4269462414,0.0069615848,0.0199654214,0.0032573290,-0.0016184722,-0.0036956522,-0.0063852814,0.2774079708
0.4006698765,0.0045775415,0.0171570291,-0.0063852814,-0.0017291689,0.0015273838,0.0013070472,-0.3730475626
0.3537080573,0.0075998785,0.0196573061,0.0015248884,-0.0030312872,-0.0039215686,-0.0036984662,0.1418334637
0.3255378859,0.0033632822,0.0150979511,-0.0039151713,0.0006515365,0.0010936133,0.0030571023,-0.2675652777
0.3226867074,-0.0034456612,0.0076182197,0.0031662845,0.0039066739,0.0001092419,0.0063132687,0.5966323412
0.3588261450,-0.0081724066,0.0017444988,0.0062037440,0.0067019782,0.0037138176,0.0053001622,0.7193104200
0.3615279673,-0.0071287719,0.0013997828,0.0054083288,0.0018254053,0.0079442812,0.0002151926,0.1906412479
0.3959171049,0.0033582558,0.0107556196,0.0002151694,-0.0034297964,-0.0095011876,-0.0093588640,-0.3388470477
0.3735188047,-0.0039723572,0.0030965892,-0.0093578574,0.0034416003,0.0033791149,0.0068411337,0.4123058345
0.3865316178,-0.0058273568,0.0003856688,0.0068403909,0.0052518757,0.0073872895,0.0024805867,-0.1372449001
0.3852459016,-0.0045024390,0.0007877787,0.0023724792,-0.0059707858,0.0008627197,-0.0004303389,-0.6752899661
0.4427994616,-0.0082927723,-0.0037740186,-0.0005379236,0.0041832028,0.0001077470,0.0045205037,0.3474305489
0.4273858921,-0.0044569018,-0.0009253207,0.0046286329,0.0038453322,0.0026933850,-0.0025715204,0.0364497934
0.4542472942,-0.0053739092,-0.0024641517,-0.0027858138,-0.0053202809,-0.0046201784,0.0016113439,-0.3770132091
0.4655241132,-0.0107010940,-0.0084495676,0.0018265821,0.0040650407,0.0063687392,0.0062205062,0.8766480481
0.5020423320,-0.0155603419,-0.0143373260,0.0062205062,0.0108672491,0.0018234474,0.0066083991,0.4063723886
0.5106382979,-0.0126437005,-0.0127526168,0.0066083991,0.0056913997,0.0009635974,-0.0005294367,0.5149279190
0.5794392523,-0.0249538781,-0.0260473540,-0.0008470987,0.0061831901,0.0088779549,0.0146201928,0.9917552789
0.6260387812,0.0001902666,-0.0028781952,0.0148367953,-0.0015623373,-0.0157972858,-0.0213010337,-0.4980416651
0.4373779032,-0.0146616560,-0.0174457645,-0.0211988304,-0.0038597955,0.0096951417,0.0150432092,-0.1382660671
0.5111278763,-0.0025510448,-0.0063359090,0.0150432092,-0.0007330611,0.0050144031,-0.0098801766,-0.3102269802
0.5057857409,0.0070351629,0.0032929927,-0.0097750683,-0.0123663802,-0.0115711253,-0.0091295117,0.1248653958
0.4961160021,0.0156369623,0.0127052455,-0.0092346885,-0.0050933786,-0.0090215874,-0.0095350332,0.0079857895
0.5125240848,0.0091923233,0.0077310121,-0.0094278980,-0.0082124573,-0.0048769914,0.0040021633,-0.1623853676
0.4570457355,0.0048551410,0.0042371634,0.0038935756,0.0038713840,0.0074057939,0.0029088559,-0.1822967071
0.4493889063,0.0167783312,0.0165911013,0.0029088559,-0.0019282271,-0.0100540541,-0.0124610592,1.0325307536
0.4081981213,0.0149698972,0.0161358664,-0.0126759050,-0.0095524310,-0.0039314186,-0.0007614489,-0.3918689189
0.4733459909,0.0052255842,0.0074826570,-0.0004352084,0.0056350238,-0.0017541936,0.0074025691,0.2813969882
0.4786757265,0.0037708350,0.0062759487,0.0074017634,0.0019396552,0.0105436573,0.0006483683,-0.1085734947
0.4473563218,0.0132576290,0.0159042811,0.0005402485,-0.0027963003,-0.0046734051,-0.0099352052,-0.0779681096
0.4142188165,0.0167631681,0.0202905983,-0.0097192225,-0.0025884383,-0.0087355318,-0.0054537522,0.6214125126
0.3768996960,0.0144067256,0.0190111074,-0.0054525627,-0.0095155709,-0.0013218771,-0.0002193463,-0.4066305963
0.4543973941,0.0527241109,0.0583534317,-0.0005482456,-0.0041484716,-0.0693801015,-0.0385037297,8.7080738399
0.2592901879,0.0352815916,0.0446157081,-0.0382885354,-0.0292698970,0.0370984947,0.0090131204,-0.7884130751
0.3045079811,0.0448578318,0.0564819407,0.0090120922,-0.0006775833,-0.0051428571,-0.0143600181,-0.3717301849
0.2939383678,0.0410617785,0.0554461487,-0.0143583946,-0.0128828116,-0.0157380816,-0.0029826775,0.7474983582
0.3104990163,0.0345065179,0.0510971448,-0.0029823354,0.0013737836,0.0107376284,0.0002301231,-0.4468959057
0.2741479947,0.0950816003,0.1143555329,0.0001150483,-0.0024008231,-0.0812933025,-0.0601633498,3.0536456878
0.2122964541,0.0501197260,0.0748368343,-0.0602783849,-0.0318588127,0.0144544997,0.0288861689,0.0955060720
0.3468618319,0.0502804800,0.0773678566,0.0287672910,0.0016571970,0.0286209887,-0.0074946467,-0.6254173633
0.3364164336,0.0362107595,0.0651258866,-0.0071394574,0.0024816828,-0.0245723922,0.0061129090,1.0987765315
0.3265662519,0.0215127048,0.0509118978,0.0061121764,0.0070729695,0.0321066930,0.0089349535,-0.3600578286
0.3648342598,0.0236421768,0.0527343462,0.0089338892,-0.0042139764,0.0001196458,-0.0053134963,-0.0366639110
0.3738791012,0.0096969961,0.0382288954,-0.0054309327,0.0086987187,0.0055030506,0.0102089269,0.4422969827
0.3518289786,0.0083236374,0.0355188080,0.0102089269,-0.0040787787,0.0029744200,-0.0001175088,-0.3298955220
0.3520296606,-0.0019881727,0.0236247571,-0.0002350176,0.0129885326,0.0015421115,0.0090492420,0.5467201918
0.3982039207,0.0001815370,0.0237825926,0.0090503056,-0.0057756729,0.0062773896,-0.0018634987,-0.4522028549
0.4342554444,0.0164018051,0.0386243658,-0.0017472335,-0.0041826420,-0.0108286252,-0.0159859977,-0.0654708314
0.4312098188,0.0152026803,0.0371161153,-0.0158693116,0.0008167075,-0.0080913851,-0.0013043994,0.3977552399
0.4357944477,0.0047513519,0.0260820925,-0.0015413801,-0.0027978550,0.0094769674,0.0080740917,-0.3800741874
0.4649938389,-0.0053520443,0.0145897581,0.0083125520,0.0025718962,0.0028520499,0.0094228504,0.2690369805
0.6787695411,0.0019012854,0.0200554824,0.0093039689,0.0012826493,0.0042659083,-0.0064177363,0.2374226568
0.6085140243,0.0126690526,0.0298174570,-0.0066511085,-0.0034936532,-0.0071976401,-0.0109219025,-0.4391927198
0.5874783945,0.0052295190,0.0220265644,-0.0106895337,-0.0063106229,-0.0023769907,0.0054618855,-0.0068054629
0.5846867749,0.0009969061,0.0169123903,0.0054618855,0.0110549218,0.0077436264,0.0034246575,0.3268866134
0.5571134021,-0.0033789377,0.0113746393,0.0034246575,-0.0019774340,-0.0017732593,0.0042367895,0.0308321639
0.5360999365,-0.0047253141,0.0086407980,0.0040014123,0.0255244755,0.0095926101,0.0018750732,1.5366675487
0.4908203579,-0.0032988214,0.0087086875,0.0019927324,-0.0237526992,-0.0008211144,-0.0007018365,-0.7919136628
0.4868603043,-0.0102063629,0.0005678321,-0.0005849321,0.0081490105,0.0025827659,0.0074915135,0.7095718809
0.4774647887,-0.0165204438,-0.0074313847,0.0074915135,0.0087759815,0.0072599532,0.0080167306,0.3918321881
0.4578096948,-0.0066512297,0.0004994437,0.0080167306,-0.0033195971,-0.0002325041,-0.0073766713,-0.5331215324
0.5268595041,-0.0131905995,-0.0071465083,-0.0072614108,-0.0021821523,-0.0059302326,0.0076637250,0.3373349397
0.4914463453,0.0008330350,0.0054322933,0.0074306281,-0.0012661142,0.0022224822,-0.0119843282,-0.4574084146
0.4407294833,-0.0050969846,-0.0007970347,-0.0119857093,-0.0017287081,-0.0012838469,0.0058315839,0.3086910360
0.4219030521,0.0173940909,0.0210468638,0.0058322641,-0.0016162549,-0.0143741966,-0.0213358071,1.9244836972
0.3425655977,0.0092176019,0.0139615064,-0.0212223124,-0.0121415356,-0.0097225516,0.0054502370,-0.3633677076
0.3437881874,0.0027185644,0.0078205233,0.0052132701,0.0019899333,0.0075431034,0.0050671695,-0.4139997952
0.3421804818,-0.0033089121,0.0016043384,0.0056577086,0.0040887850,0.0105763518,0.0056278579,-0.1021852520
0.3522316043,0.0029298426,0.0072398125,0.0052742616,0.0000000000,-0.0015286924,-0.0057129532,0.2070337612
0.3816938853,-0.0053354573,-0.0011439553,-0.0055963624,0.0005817336,0.0029442940,0.0078564728,0.0983120375
0.4102517660,-0.0046304257,-0.0011754278,0.0076210576,0.0060465116,0.0081023955,0.0001163467,-0.1633870506
0.3347465438,-0.0068065862,-0.0039850985,0.0003490808,0.0003467406,0.0002329645,0.0029083295,-0.0641754858
0.3150502942,-0.0070264078,-0.0049595320,0.0029079912,0.0067013287,0.0019797368,0.0012759541,1.2523213970
0.2835020846,0.0078317028,0.0092037211,0.0013917884,-0.0050499254,-0.0124360762,-0.0136700649,-0.0380246733
0.2585551331,0.0032097380,0.0050984433,-0.0137827195,-0.0087668705,0.0021183947,0.0034061546,-0.4731002561
0.2381395349,-0.0012589240,0.0007379772,0.0032883147,0.0004654952,0.0003523194,0.0039798666,-0.2585289037
0.2322834646,-0.0084639038,-0.0067282989,0.0040969215,0.0139583576,0.0063395163,0.0074618165,1.3678950801
0.2392717815,-0.0117365291,-0.0108089645,0.0073443693,0.0043592979,0.0062995800,0.0046290939,-0.0234245997
0.3075763287,0.0054737689,0.0053951735,0.0045133665,-0.0079954312,-0.0238812891,-0.0153208156,0.4949492667
0.2657856094,0.0095922113,0.0099578885,-0.0152073733,-0.0124352332,0.0052256532,-0.0049134300,-0.5555456428
0.2930638493,-0.0052159125,-0.0041267294,-0.0046794572,0.0106097703,0.0051984877,0.0134023043,0.2793641680
0.3334776960,-0.0074073633,-0.0068167262,0.0130465444,0.0023073373,0.0111659614,0.0030162413,-0.1263456768
0.2961806390,-0.0051170832,-0.0051611487,0.0032486367,0.0000000000,0.0000000000,-0.0011566042,-0.2964648733
0.3353643675,-0.0134686204,-0.0139135010,-0.0012721175,0.0062154696,0.0034871556,0.0092635479,0.2012149464
0.3828920570,-0.0191613103,-0.0206359825,0.0092635479,0.0056051247,0.0063709024,0.0079164754,0.6781836529
0.4065288357,-0.0102421969,-0.0131537370,0.0079164754,0.0096689796,0.0021869245,-0.0060330108,-0.3701326202
0.4446177847,-0.0110448593,-0.0145493430,-0.0059191804,-0.0073231185,-0.0005742506,0.0024049473,0.5332103116
0.4711111111,-0.0019339867,-0.0060908191,0.0027481965,-0.0037453184,-0.0036773156,-0.0074260254,-0.5277004187
0.4802744425,-0.0015215241,-0.0055251820,-0.0077652164,-0.0036454773,-0.0062283737,-0.0001151013,0.1039536718
0.5385949696,-0.0073437095,-0.0111489592,-0.0005754402,0.0086896867,0.0052228412,0.0061010706,0.9429799586
0.5318961725,-0.0174558322,-0.0215185503,0.0063334869,0.0125821809,0.0079667475,0.0114416476,0.2109163284
0.5662454138,-0.0443899084,-0.0493892165,0.0115573864,0.0269786186,0.0030927835,0.0309954751,0.5660432817
0.7292697407,-0.0127549965,-0.0211356343,0.0309954751,0.0028340964,0.0140459061,-0.0251261795,0.0586041799
0.5626813254,-0.0028242620,-0.0116723090,-0.0252359008,-0.0267391304,-0.0115990991,-0.0079909961,-0.5753419112
0.5545171340,0.0139456474,0.0053898742,-0.0081044575,-0.0155237883,-0.0140139000,-0.0161107329,0.3837809683
0.5495069034,0.0072702348,0.0004911828,-0.0162278711,-0.0093023256,-0.0055465681,0.0044972325,-0.2515064364
0.4928322356,-0.0011865775,-0.0068419654,0.0048448495,0.0070995076,0.0088310481,0.0073470325,-0.4772444021
0.4864652805,0.0102788593,0.0048875223,0.0074618299,0.0017055145,-0.0008062658,-0.0111680912,0.1679404631
0.4937908078,0.0105609254,0.0063812055,-0.0112807657,-0.0080590238,-0.0023054755,-0.0018439553,-0.1901341410
0.5082356042,0.0058006616,0.0027824267,-0.0018439553,-0.0006865774,-0.0110918544,0.0031174229,0.5093693178
0.5109422094,0.0207696592,0.0184009210,0.0030019628,-0.0048093439,-0.0028040659,-0.0155386740,0.2331867490
0.4842876661,0.0090797935,0.0085478344,-0.0156555773,-0.0065585088,0.0005858231,0.0084180989,0.3420269360
0.4382766229,0.0004909671,0.0007210723,0.0086539586,0.0114662960,0.0093676815,0.0071884058,-0.0802032471
0.4417772649,0.0172783416,0.0175348189,0.0071884058,0.0003435246,-0.0113689095,-0.0165764936,0.1901050668
0.4291248861,0.0146201352,0.0162359435,-0.0165764936,-0.0144230769,0.0003520300,0.0000000000,-0.4550911969
0.3068238419,0.0239976864,0.0266906606,0.0001170549,-0.0052264808,-0.0110263930,-0.0113543252,0.8155615200
0.3445832556,0.0080128944,0.0123676280,-0.0115870787,-0.0011675423,0.0000000000,0.0121951220,-0.6801329367
0.3673673674,0.0113940575,0.0160868315,0.0124333925,0.0042080655,0.0085399122,-0.0045619371,-0.0306763531
0.4095982143,0.0040955917,0.0093208221,-0.0045614035,-0.0015132115,0.0008232389,0.0055229142,-0.0182926438
0.4148230088,0.0055807811,0.0107565586,0.0055222653,0.0020983912,0.0025851939,-0.0021035410,-0.2755124261
0.4432003257,0.0127874939,0.0180671151,-0.0023369946,-0.0060493253,-0.0140646976,-0.0079634618,1.5834676484
0.4571608568,0.0328899644,0.0389275937,-0.0079643945,-0.0077247191,-0.0299572040,-0.0213670169,1.1563375507
0.3896545552,0.0363306313,0.0446126643,-0.0213695396,-0.0138004246,-0.0007352941,-0.0082026538,-0.4489487276
0.4309559939,0.0233975361,0.0338889700,-0.0079623598,-0.0089702189,-0.0041697326,0.0071758696,0.0982160773
0.4384587290,0.0033202490,0.0147138904,0.0072966071,0.0161718561,0.0174876847,0.0164231373,-0.3789503338
0.4809250506,0.0035247971,0.0143470428,0.0161777134,0.0027315914,0.0114984265,-0.0007128431,0.1333303680
0.5263157895,0.0015536010,0.0118407026,-0.0011880718,0.0013028544,0.0045470863,0.0014267031,-0.2760199868
0.5116707617,-0.0097366733,-0.0001941392,0.0020221244,0.0106458481,0.0015485408,0.0111599193,0.2350250746
0.5245057318,-0.0128747469,-0.0048534537,0.0110398860,0.0039794007,0.0110608944,0.0046964894,0.3482943099
0.5255083839,-0.0112406659,-0.0048428309,0.0046964894,-0.0006994637,0.0001176332,0.0003505902,0.0530580832
0.4686376348,-0.0102051141,-0.0051814054,0.0003505902,0.0053663089,0.0023523877,0.0007009346,-0.1764409265
0.4211754721,-0.0079402146,-0.0041000258,0.0007009346,0.0026688327,0.0023468669,-0.0007004436,0.1836339804
0.4636785162,-0.0126015080,-0.0096964930,-0.0007004436,0.0016201828,0.0007024116,0.0059579439,0.2079358251
0.4323916325,0.0040285804,0.0057381762,0.0059579439,-0.0045060659,-0.0077211044,-0.0146324469,0.2510099146
0.3930601843,0.0085197415,0.0104337687,-0.0146324469,-0.0142757660,-0.0150907805,-0.0050677666,0.5179685058
0.5016262197,0.0153879245,0.0178597196,-0.0051856217,-0.0008242082,-0.0055063443,-0.0080549633,-0.3625103529
0.5016262197,0.0202085506,0.0237497262,-0.0078189788,-0.0002356823,-0.0004814636,-0.0070456174,0.5724020510
0.4876425856,0.0069273364,0.0117693656,-0.0072835821,-0.0004714757,-0.0048169557,0.0101022249,0.1009706265
0.4466119097,-0.0107457243,-0.0057929025,0.0102237190,0.0170990566,0.0154888674,0.0167877128,-0.2187414240
0.4714504485,-0.0029044724,0.0008475503,0.0170258364,0.0062608696,0.0060772164,-0.0062060890,-0.0098997587
0.5029005801,-0.0110802371,-0.0078658646,-0.0063217045,-0.0129047125,0.0036716807,0.0087192176,-0.5877244488
0.4906743185,-0.0044916522,-0.0023889592,0.0088360038,0.0116726976,0.0049563370,-0.0049059689,0.0535196332
0.5133810010,0.0233476960,0.0249796188,-0.0050216046,-0.0115380178,-0.0263034288,-0.0265289353,0.4371910051
0.4776119403,0.0030642124,0.0063825277,-0.0268779343,-0.0150577799,-0.0010853835,0.0166405402,-0.3157313732
0.5562045875,-0.0071811304,-0.0038965135,0.0167651670,0.0090068737,0.0141253169,0.0098446210,-0.2393150838
0.5191583323,-0.0047905408,-0.0023188892,0.0098457888,0.0005872680,-0.0086904762,-0.0012919897,0.2834819804
0.5698630137,-0.0333828563,-0.0315325828,-0.0010572066,0.0289940134,0.0207757896,0.0303422322,1.0853851487
0.6438874438,-0.0209834693,-0.0219403725,0.0305738476,0.0011407712,0.0131764706,-0.0074192444,-0.1979507965
0.6339930151,-0.0045914923,-0.0071857160,-0.0076449110,-0.0033044667,-0.0053413841,-0.0132244710,-0.1934829796
0.6138412985,-0.0196511205,-0.0223756366,-0.0133379326,0.0003429747,-0.0022180714,0.0160820417,0.2798603326
0.6052863436,-0.0157247628,-0.0198188301,0.0159655052,0.0020571429,0.0133380133,-0.0009175364,-0.2485701500
0.6511627907,-0.0073801602,-0.0124556583,-0.0009176417,0.0015967153,-0.0005773005,-0.0059694639,-0.0686543678
