0.6444444444,-0.0325413751,-0.0040609137,0.0144927536,0.0030456853,0.0114345114,0.0040774720,-0.5416151146
0.5447154472,-0.0185676071,0.0054265331,0.0040816327,0.0080971660,0.0020554985,-0.0091370558,0.9485495233
0.5986597171,-0.0276659786,-0.0071822084,-0.0091463415,-0.0030120482,0.0000000000,0.0122950820,-0.5676967969
0.5488721805,-0.0184422769,-0.0015975490,0.0133333333,0.0010070493,0.0051282051,-0.0050607287,0.2880369114
0.5658914729,-0.0641583350,-0.0507292703,-0.0050607287,0.0492957746,0.0000000000,0.0518819939,4.9169377275
0.6351791531,-0.0487681011,-0.0414091237,0.0518819939,0.0038350911,0.0397959184,-0.0058027079,-0.2998554591
0.6556825824,-0.0431269370,-0.0402090787,-0.0048355899,0.0038204394,0.0009813543,0.0019455253,0.2366828246
0.5990602976,-0.0232153389,-0.0239641213,0.0009718173,-0.0190294957,-0.0058823529,-0.0135922330,-0.5965584715
0.5806451613,-0.0177101068,-0.0202603799,-0.0155339806,-0.0135790495,-0.0088757396,-0.0019685039,0.5263211487
0.5956192081,-0.0312272276,-0.0349391325,0.0000000000,0.0167158309,0.0049751244,0.0167652860,0.2488844218
0.5979729730,-0.0188095337,-0.0247839014,0.0167652860,0.0067698259,0.0079207921,-0.0077594568,0.2952866306
0.6102564103,-0.0149528588,-0.0219920373,-0.0087293889,-0.0163304515,-0.0049115914,-0.0009775171,-0.6593219954
0.7256097561,0.0100793071,0.0021912077,-0.0019569472,-0.0019531250,-0.0227048371,-0.0225048924,1.5152023593
0.6692607004,0.0015110495,-0.0049434720,-0.0215686275,-0.0156555773,0.0010101010,0.0070070070,-0.5567128263
0.6768060837,0.0042734316,-0.0015999528,0.0070140281,0.0009940358,0.0060544904,-0.0029821074,-0.2061796836
0.6966731898,0.0026163630,-0.0024759781,-0.0019900498,0.0019860973,-0.0040120361,0.0009970090,0.1126955194
0.6680942184,-0.0047253204,-0.0092005367,0.0019940179,0.0198216056,0.0070493454,0.0069721116,1.0732075890
0.6350053362,-0.0204691925,-0.0249151018,0.0059701493,0.0048590865,-0.0030000000,0.0168150346,0.9224374312
0.5107296137,-0.0342304478,-0.0398809616,0.0178041543,0.0309477756,0.0290872618,0.0175097276,0.2057552244
0.5369649805,-0.0345024519,-0.0424196291,0.0145772595,0.0046904315,-0.0019493177,0.0057361377,0.0897549407
0.5509433962,-0.0301163250,-0.0401898015,0.0086206897,-0.0093370682,0.0195312500,0.0009505703,-0.6831729893
0.5555555556,-0.0142494194,-0.0261143674,0.0009496676,0.0122525919,-0.0038314176,-0.0113960114,0.0816629101
0.4959785523,-0.0101554825,-0.0223015867,-0.0123339658,-0.0204841713,-0.0009615385,-0.0019212296,-0.6960889205
0.4992700730,-0.0057222311,-0.0178136606,-0.0019212296,-0.0028517110,-0.0057747834,-0.0028873917,1.2806600237
0.5261538462,-0.0058015389,-0.0174425447,-0.0028873917,-0.0028598665,-0.0019361084,0.0009652510,0.0306241749
0.4574132492,-0.0058676563,-0.0170983362,0.0009652510,-0.0057361377,0.0019398642,0.0009643202,-0.3967383209
0.5673076923,-0.0059226253,-0.0167790192,0.0019286403,0.0086538462,0.0029041626,0.0009633911,1.3055983530
0.5408163265,-0.0069230536,-0.0174275100,0.0000000000,-0.0057197331,-0.0028957529,0.0019249278,-0.7008806860
0.4925373134,-0.0068120395,-0.0170807901,0.0019249278,0.0009587728,0.0009680542,0.0009606148,0.7164740415
0.4925373134,-0.0207997380,-0.0306992432,0.0000000000,0.0134099617,0.0000000000,0.0153550864,-0.3727825506
0.5303867403,-0.0072784770,-0.0182176583,0.0153698367,0.0000000000,0.0096711799,-0.0103969754,1.1644112817
0.4272727273,-0.0192725455,-0.0298407235,-0.0094607379,0.0066162571,0.0019157088,0.0133715377,-0.3635143470
0.4056603774,-0.0172338026,-0.0285459019,0.0133715377,0.0009389671,0.0057361377,0.0009425071,0.7414993136
0.3762376238,0.0004908603,-0.0115393278,-0.0009425071,-0.0028142589,-0.0085551331,-0.0150659134,0.3586354142
0.3445065177,-0.0052904476,-0.0163270462,-0.0141509434,-0.0094073377,0.0000000000,0.0057361377,-0.2414951444
0.3739130435,0.0012339271,-0.0094682146,0.0066985646,-0.0009496676,-0.0057526366,-0.0057034221,0.0012202549
0.3467741935,0.0000879851,-0.0097136019,-0.0057034221,0.0047528517,0.0009643202,0.0009560229,0.8216757778
0.2857142857,-0.0065674118,-0.0155757091,0.0009560229,0.0047303690,0.0077071291,0.0066857689,-0.5905623087
0.3125000000,0.0030075398,-0.0059337209,0.0066857689,0.0000000000,-0.0057361377,-0.0085388994,1.5855776230
0.3414634146,0.0122312649,0.0041145658,-0.0085388994,-0.0160075330,-0.0096153846,-0.0095693780,0.0475275065
0.3658536585,0.0016396221,-0.0048437494,-0.0095693780,0.0057416268,0.0029126214,0.0086956522,-0.2591593510
0.3979739508,0.0149984631,0.0090463193,0.0086956522,-0.0028544244,-0.0048402711,-0.0134099617,0.5150647359
0.4122137405,0.0337678270,0.0293632391,-0.0124521073,-0.0124045802,-0.0369649805,-0.0203883495,0.6008155707
0.3375634518,0.0295931862,0.0282072202,-0.0213385063,-0.0173913043,0.0131313131,-0.0009910803,-0.6001772439
0.3653846154,0.0219987254,0.0230729366,-0.0009910803,-0.0009832842,0.0029910269,0.0029761905,-0.1051721856
0.2903225806,0.0186143061,0.0213638302,0.0009920635,0.0009842520,-0.0029821074,0.0000000000,-0.3282868209
0.3209876543,0.0097579380,0.0137649152,0.0000000000,0.0176991150,-0.0059820538,0.0059347181,3.1226056503
0.3440860215,0.0112397248,0.0157415797,0.0089197225,-0.0144927536,0.0040120361,-0.0029498525,-0.1348691063
0.3625498008,0.0095105364,0.0145755368,-0.0019646365,0.0480392157,0.0000000000,0.0000000000,1.9586927159
0.3497757848,-0.0027706925,0.0026193264,-0.0009842520,-0.0355472404,0.0089910090,0.0108481262,-0.8824485694
0.4268774704,0.0005841068,0.0053678422,0.0068965517,-0.0058195926,-0.0019801980,-0.0029268293,-0.4198242516
0.4541387025,0.0044254593,0.0089190267,0.0000000000,-0.0029268293,0.0069444444,-0.0039138943,0.9252636925
0.4754098361,-0.0050515847,-0.0005774016,-0.0039138943,0.0088062622,-0.0039408867,0.0088408644,0.2961888650
0.4978165939,-0.0270122046,-0.0233578175,0.0098231827,0.0193986421,0.0118694362,0.0233690360,-0.3570868636
0.5802919708,-0.0302381127,-0.0290185239,0.0223735409,0.0133206470,0.0244379277,0.0076117983,-0.3187403513
0.6136820926,-0.0337974485,-0.0350695457,0.0076117983,0.0103286385,0.0104961832,0.0084985836,1.1851673808
0.7843137255,-0.0340246687,-0.0378769871,0.0066100094,-0.0018587361,0.0037771483,0.0056179775,-0.1440970111
0.7402597403,-0.0611346283,-0.0672066241,0.0056285178,0.1126629423,0.0056444026,0.0344506518,20.9383941862
0.8048780488,-0.0448515442,-0.0554267481,0.0363805970,-0.0594142259,0.0289990645,-0.0072007201,-0.7659329572
0.7534246575,-0.0508589367,-0.0640493135,-0.0090009001,0.0409252669,0.0009090909,0.0135992747,0.9980973223
0.7677419355,-0.0430344849,-0.0593049199,0.0154405086,0.0059829060,0.0063578565,0.0000000000,0.1458727960
0.7484276730,-0.0250774866,-0.0437932801,0.0000000000,-0.0416312659,-0.0027075812,-0.0116279070,-0.7392877933
0.6800000000,0.0005111471,-0.0192479310,-0.0107334526,-0.0177304965,-0.0425339367,-0.0217194570,2.2895338586
0.5973451327,0.0022868789,-0.0160016248,-0.0226039783,-0.0081227437,0.0198487713,-0.0018501388,-0.7963053851
0.6020066890,-0.0026864203,-0.0193605244,-0.0018501388,0.0009099181,-0.0083410565,0.0046339203,0.3598475001
0.5458937198,-0.0004288977,-0.0161111184,0.0046339203,0.0109090909,0.0046728972,-0.0018450185,0.5064829317
0.6025492468,-0.0113278541,-0.0257229925,-0.0018450185,0.0008992806,0.0037209302,0.0110905730,-0.5209312888
0.5728518057,-0.0291094152,-0.0430613250,0.0110905730,0.0062893082,0.0139017609,0.0201096892,-0.0654451014
0.6071019473,-0.0193587790,-0.0346817140,0.0201096892,-0.0017857143,0.0036563071,-0.0053763441,0.2868210114
0.6381578947,-0.0092398919,-0.0250862930,-0.0053763441,-0.0008944544,0.0018214936,-0.0072072072,-0.4641920863
0.6691176471,-0.0042038651,-0.0196696813,-0.0072072072,-0.0080572963,-0.0045454545,-0.0036297641,-0.3803832184
0.6171428571,-0.0008271361,-0.0155228396,-0.0027223230,-0.0018050542,-0.0036529680,-0.0027322404,-0.0383629718
0.6352941176,-0.0088463527,-0.0224080023,-0.0036396724,0.0045207957,0.0000000000,0.0082191781,0.6379130186
0.6075949367,-0.0242776976,-0.0373160801,0.0073059361,0.0108010801,0.0091659028,0.0172101449,-0.4572751987
0.6335697400,-0.0135151707,-0.0276249443,0.0181323663,0.0008904720,-0.0027247956,-0.0071237756,1.9734298008
0.6528623630,-0.0149696548,-0.0290618384,-0.0071237756,-0.0035587189,0.0091074681,0.0035874439,-0.4370967178
0.7151079137,-0.0046612253,-0.0190191835,0.0026905830,0.0000000000,-0.0018050542,-0.0080428954,0.0669431362
0.6743554953,0.0023771839,-0.0113757880,-0.0071556351,-0.0062500000,-0.0072332731,-0.0063063063,-0.2960823279
0.6920052425,0.0111789972,-0.0014803752,-0.0063063063,-0.0071877808,-0.0136612022,-0.0090661831,0.8749846097
0.6575342466,0.0048623430,-0.0059182100,-0.0072529465,-0.0009049774,0.0092336103,0.0045745654,-0.7924265215
0.6318607764,0.0152094758,0.0055093492,0.0009132420,-0.0045289855,-0.0073193047,-0.0109289617,1.3087567722
0.5540765391,0.0054628320,-0.0022486685,-0.0091240876,-0.0009099181,-0.0009216590,0.0073664825,0.2280674389
0.5413533835,0.0009625698,-0.0057175026,0.0073664825,0.0000000000,0.0027675277,0.0036563071,0.7159483371
0.5189107413,-0.0153276870,-0.0213376294,0.0027422303,0.0200364299,0.0055197792,0.0163934426,0.7011590392
0.5395973154,-0.0049449437,-0.0117876095,0.0154968095,0.0053571429,0.0000000000,-0.0080645161,0.5206736209
0.5108005083,-0.0148631731,-0.0215212687,-0.0062836625,-0.0017761989,0.0100640439,0.0108401084,-0.5616869962
0.5217391304,-0.0009702878,-0.0084072565,0.0090334237,-0.0026690391,-0.0072463768,-0.0116175156,-0.0374497418
0.4666666667,-0.0044216578,-0.0113600481,-0.0107430618,-0.0026761820,0.0063868613,0.0036166365,-0.5172560568
0.4400000000,-0.0019431020,-0.0087324955,0.0054298643,0.0017889088,-0.0009066183,-0.0018018018,0.0962165001
0.4897119342,-0.0158556342,-0.0222054213,-0.0045004500,0.0464285714,0.0018148820,0.0144404332,11.1559297154
0.5200517464,-0.0090079784,-0.0161841703,0.0180831826,-0.0187713311,0.0099637681,-0.0044483986,-0.5615093636
0.5296442688,-0.0076221356,-0.0149853429,-0.0053285968,-0.0113043478,0.0008968610,0.0000000000,-0.6245552104
0.5385852090,-0.0152497695,-0.0226098142,-0.0008928571,0.0290237467,0.0026881720,0.0089365505,1.0027278112
0.5564142195,-0.0155196308,-0.0235297084,0.0089365505,-0.0256410256,0.0044682752,0.0026572188,-0.7358105220
0.5639097744,-0.0174717842,-0.0260884963,0.0026572188,0.0157894737,-0.0026690391,0.0044169611,1.3260609495
0.5538461538,-0.0113055608,-0.0207108465,0.0044169611,-0.0129533679,0.0071364853,-0.0035180299,-0.6953466352
0.5954465849,-0.0069367736,-0.0165727541,-0.0035180299,-0.0034995626,-0.0035429584,-0.0026478376,0.2189041624
0.5813953488,-0.0076259919,-0.0170848156,-0.0026478376,0.0070237050,-0.0106666667,0.0017699115,1.9260213400
0.5790645880,-0.0151528257,-0.0244373186,0.0017699115,-0.0043591979,0.0116801438,0.0088339223,-0.7489078241
0.5694760820,-0.0093517505,-0.0191917414,0.0088339223,0.0000000000,0.0000000000,-0.0035026270,0.4869397256
0.6648936170,0.0044439356,-0.0055359510,-0.0035026270,-0.0026269702,-0.0053285968,-0.0123022847,-0.3564423710
0.5897435897,0.0046540736,-0.0042399731,-0.0123022847,-0.0079016681,-0.0017857143,-0.0008896797,0.1359942068
0.5974025974,0.0039380623,-0.0039259010,-0.0008896797,0.0017699115,-0.0062611807,0.0000000000,0.8947800956
0.5373134328,0.0123468715,0.0053169721,-0.0008904720,-0.0088339223,-0.0027002700,-0.0089047195,-0.4597558114
0.5000000000,0.0177628087,0.0121985838,-0.0080213904,-0.0071301248,-0.0054151625,-0.0071877808,-0.1323322118
0.4883720930,0.0131962296,0.0094678938,-0.0080862534,-0.0008976661,-0.0054446461,0.0018099548,1.1365704909
0.4117647059,0.0084331592,0.0060401722,0.0018115942,-0.0008984726,0.0045620438,0.0027100271,-0.2322930409
0.4117647059,-0.0071752375,-0.0086963101,0.0018083183,0.0341726619,0.0054495913,0.0144144144,2.0113851313
0.5121951220,-0.0199967999,-0.0219498323,0.0162454874,0.0130434783,0.0090334237,0.0142095915,0.8846790295
0.5505617978,-0.0177804563,-0.0211810283,0.0150976909,-0.0145922747,0.0161145927,0.0008756567,-0.8058127948
0.4911591356,-0.0107174312,-0.0153045591,0.0000000000,-0.0017421603,-0.0044052863,-0.0043744532,-0.0188794636
0.5333333333,-0.0055732468,-0.0106935367,-0.0043744532,-0.0052356021,-0.0017699115,-0.0035149385,-0.1793034948
0.5362903226,-0.0151376480,-0.0202689472,-0.0043936731,0.0096491228,0.0017730496,0.0105820106,1.5124798413
0.5434782609,0.0011691497,-0.0048739868,0.0114739629,-0.0043440487,0.0000000000,-0.0139616056,-0.6374456301
0.5319148936,0.0009892805,-0.0045129508,-0.0139616056,-0.0087260035,-0.0044247788,0.0000000000,0.1456643232
0.4921259843,0.0017235645,-0.0032966197,0.0000000000,0.0008802817,-0.0035555556,-0.0008849558,-0.2218650836
0.5319148936,0.0005721544,-0.0039346802,-0.0008849558,-0.0017590150,0.0026761820,0.0008857396,0.3397363033
0.5172413793,0.0013702991,-0.0027607097,0.0000000000,0.0000000000,-0.0008896797,-0.0008849558,-0.1974689872
0.5743243243,-0.0050096327,-0.0087024332,0.0017714792,0.0061674009,-0.0008904720,0.0062001771,1.4681778368
0.5970149254,-0.0103371943,-0.0141326951,0.0026525199,0.0017513135,0.0080213904,0.0061619718,-0.5464576583
0.6134969325,-0.0035159694,-0.0078778384,0.0070546737,-0.0008741259,0.0008841733,-0.0052493438,-0.4414217624
0.5714285714,-0.0055988009,-0.0099066783,-0.0043782837,-0.0008748906,0.0044169611,0.0026385224,-0.1290658279
0.4843750000,0.0022962107,-0.0021705383,0.0017590150,-0.0017513135,-0.0061565523,-0.0070175439,0.0284637217
0.5060240964,-0.0033397042,-0.0072715691,-0.0061457419,0.0017543860,0.0000000000,0.0053003534,0.7511050232
0.5000000000,0.0051232256,0.0011850493,0.0061837456,-0.0017513135,-0.0017699115,-0.0079086116,-0.2190360241
0.4675324675,0.0025590246,-0.0006730191,-0.0079016681,-0.0070175439,0.0000000000,0.0017714792,-0.2420254364
0.3880597015,0.0039406435,0.0011472095,0.0008849558,0.0000000000,-0.0070921986,-0.0017683466,0.4064406938
0.4905660377,0.0051149309,0.0028387389,-0.0026525199,0.0000000000,0.0053571429,-0.0017714792,-0.1137742990
0.5112359551,0.0034376567,0.0017396070,-0.0017730496,-0.0008833922,-0.0008880995,0.0008873114,-0.3790227689
0.4525139665,-0.0006350609,-0.0019285134,0.0017761989,0.0044208665,0.0008888889,0.0035460993,1.0309321465
0.4787234043,0.0047883742,0.0035334212,0.0026595745,-0.0035211268,-0.0079928952,-0.0053003534,2.0580625798
0.4379562044,0.0067339409,0.0059518422,-0.0044208665,-0.0008833922,0.0044762757,-0.0026642984,-0.5444051790
0.4270557029,-0.0031784662,-0.0033638008,-0.0008880995,0.0053050398,-0.0008912656,0.0089047195,0.2047003546
0.4572864322,-0.0009258807,-0.0013517916,0.0062222222,-0.0017590150,0.0062444246,-0.0017652251,-0.4374254021
0.4866310160,-0.0007834375,-0.0012516588,-0.0017667845,-0.0008810573,-0.0008865248,0.0000000000,0.1503634887
0.5015576324,-0.0111546366,-0.0116454637,0.0008849558,0.0211640212,-0.0097604259,0.0106100796,3.2946977791
0.5932203390,-0.0222696457,-0.0235965305,0.0123784262,0.0094991364,0.0026881720,0.0131233596,1.8555136169
0.6470588235,-0.0094340250,-0.0124679376,0.0113537118,-0.0076988879,0.0160857909,-0.0094991364,-0.7255879258
0.6285714286,0.0042753009,0.0006695397,-0.0094991364,-0.0043103448,-0.0035180299,-0.0122057541,-0.3136185819
0.5951417004,0.0027325380,-0.0002624367,-0.0113339146,-0.0051948052,-0.0088261253,0.0008826125,0.4962559838
0.5308641975,0.0031968008,0.0006394011,0.0000000000,-0.0087032202,-0.0008904720,-0.0008818342,-0.2322534623
0.5375000000,0.0009381042,-0.0011711197,0.0008818342,-0.0008779631,0.0035650624,0.0017652251,-0.6141954468
0.5432098765,-0.0027208596,-0.0045924145,-0.0017621145,0.0123022847,0.0035523979,0.0035242291,0.5240718663
0.5432098765,0.0210042401,0.0190087185,0.0035304501,-0.0112847222,-0.0185840708,-0.0228270413,0.5815551890
0.4356435644,0.0326172717,0.0324426075,-0.0211081794,-0.0184372256,-0.0252479711,-0.0143755615,0.7516591866
0.3859649123,0.0146501847,0.0170596563,-0.0143755615,0.0017889088,0.0120259019,0.0127620784,-0.5265551987
0.4067796610,0.0151374553,0.0185463282,0.0136736554,-0.0026785714,-0.0036563071,-0.0027002700,-0.2926707926
0.4033613445,0.0229643998,0.0273720683,-0.0026978417,-0.0071620412,0.0018348624,-0.0099277978,-0.2116785626
0.4057971014,0.0129676291,0.0188432291,-0.0108205591,0.0081154193,0.0036630037,0.0063810392,-0.2031004261
0.3795712484,0.0046028448,0.0110368745,0.0063810392,-0.0044722719,0.0036496350,0.0063405797,-0.2776602702
0.3324287653,0.0038947148,0.0102193282,0.0054347826,0.0017969452,-0.0009090909,0.0000000000,0.0525225301
0.3301886792,0.0096570032,0.0158629174,0.0027027027,0.0000000000,0.0045495905,-0.0063006301,0.2876671898
0.3535353535,0.0018191959,0.0082947134,-0.0062893082,0.0026905830,-0.0009057971,0.0063405797,0.4169104070
0.3904761905,0.0106359529,0.0168326998,0.0045207957,-0.0062611807,-0.0054397099,-0.0090009001,-0.0566753743
0.3596491228,0.0154557745,0.0220840971,-0.0081008101,-0.0072007201,-0.0091157703,-0.0063578565,-0.2103794711
0.4056463596,0.5120154046,0.5230155150,-0.0081669691,-0.0063463282,-0.3449862006,-0.3299817185,94.0772239812
0.1369863014,0.4944064129,0.5476138934,-0.3302836231,-0.2965328467,-0.0168539326,-0.0409276944,-0.3749452319
0.1359223301,0.4388106106,0.5287966532,-0.0396174863,-0.0596627756,-0.0285714286,-0.0142247511,-0.2554995300
0.1375245580,0.3595304594,0.4768400369,-0.0142247511,0.0055172414,-0.0058823529,0.0086580087,-0.3258646239
0.1095334686,0.3136144649,0.4519041330,0.0057720058,-0.0356652949,-0.0088757396,-0.0071530758,-0.3731650660
0.1090909091,0.2545200907,0.4062717835,-0.0043041607,0.0099573257,0.0298507463,0.0086455331,0.0841933362
0.0970180596,0.2258706161,0.3880753662,0.0086455331,0.0084507042,-0.0101449275,-0.0085714286,0.3789508794
0.1065573770,0.1659212632,0.3305703183,-0.0071428571,0.0097765363,0.0000000000,0.0216138329,-0.2995079959
0.1349206349,0.1292458027,0.2933146540,0.0187050360,0.0082987552,0.0248901903,0.0098730606,-0.1568721409
0.1307814992,0.1445289229,0.3118973373,0.0127118644,-0.0137174211,-0.0128571429,-0.0307262570,-0.4319022786
0.1269841270,0.1126740437,0.2777470266,-0.0320781032,-0.0125173853,0.0000000000,0.0086455331,-0.1242196842
0.1242718447,0.0937770368,0.2553797731,0.0086455331,0.0098591549,0.0043415340,0.0014285714,-0.1992022105
0.0978520286,0.0918098269,0.2507364932,0.0028571429,-0.0153417015,-0.0115273775,-0.0114122682,-0.2470783886
0.0976522627,-0.1182575324,0.0081337069,-0.0142450142,0.7138810198,0.0087463557,0.2222222222,24.1676579104
0.6735751295,-0.1063942131,0.0004442380,0.2239884393,-0.2801652893,0.1777456647,0.0070838253,-0.8630534174
0.7112526539,-0.1016111914,-0.0123253869,0.0070838253,0.0022962113,0.0245398773,0.0128956624,-0.4891250226
0.6967953985,-0.0274453167,0.0518961705,0.0128956624,-0.0103092784,-0.0634730539,-0.0601851852,0.4687380821
0.5806087937,-0.0220185496,0.0493443057,-0.0601851852,-0.0381944444,0.0242966752,-0.0012315271,-0.4311949274
0.5912743972,-0.0149873840,0.0495716813,-0.0024630542,-0.0132370638,0.0000000000,-0.0036991369,-0.4917754333
0.6507592191,-0.0294972739,0.0280863279,-0.0012345679,0.0243902439,0.0000000000,0.0173267327,0.5661130311
0.6086461889,-0.0043683087,0.0476730636,0.0160692213,-0.0095238095,0.0000000000,-0.0206812652,-0.3954054673
0.6234986945,-0.0147119045,0.0325971611,-0.0206812652,-0.0084134615,0.0049937578,0.0111801242,0.0489957132
0.6258432797,-0.0136602542,0.0289185289,0.0111801242,0.0000000000,0.0000000000,0.0012285012,0.5924482869
0.6091676719,-0.0866443554,-0.0512213393,0.0000000000,0.0909090909,0.0037267081,0.0822085890,3.1595722950
0.6698930209,-0.1777297273,-0.1547593163,0.0835380835,0.1100000000,0.0742574257,0.1269841270,3.1845643054
0.7426528991,-0.0800483357,-0.0723702498,0.1269841270,0.0000000000,0.0483870968,-0.0764587525,-0.4287513711
0.6107119530,-0.0667165585,-0.0659920527,-0.0754527163,-0.0540540541,-0.0450549451,-0.0010893246,-0.0928517994
0.5569620253,-0.0574803021,-0.0621265153,0.0000000000,0.0052910053,0.0471806674,0.0010905125,-0.3726231778
0.5512820513,-0.0381596146,-0.0471448656,0.0000000000,-0.0168421053,-0.0373626374,-0.0108932462,-0.1937439551
0.5979899497,-0.0082599610,-0.0199058795,-0.0130576714,-0.0224839400,-0.0251141553,-0.0242290749,0.0261406410
0.6467391304,0.0561915616,0.0440213761,-0.0220507166,-0.0142387733,-0.0386416862,-0.0598194131,0.2798159054
0.5666666667,0.0667559976,0.0598453842,-0.0608793687,-0.0677777778,-0.0414129111,-0.0180072029,0.0354165820
0.5509259259,0.0735471062,0.0724563197,-0.0168067227,-0.0023837902,0.0063532402,-0.0158924205,-0.2100491167
0.5949119374,0.0012844195,0.0058627562,-0.0170940171,0.0286738351,0.0113636364,0.0608695652,-0.0389665556
0.5947387131,-0.0383260503,-0.0341553204,0.0596273292,0.1010452962,0.0486891386,0.0409836066,1.3757154737
0.6193656093,-0.0135665531,-0.0127464320,0.0422039859,-0.0432489451,0.0297619048,-0.0191226097,-0.6354407151
0.6711153480,-0.0148686046,-0.0151903584,-0.0191226097,-0.0077177508,-0.0161849711,0.0034403670,-0.0943326962
0.6072106262,0.0297872633,0.0282395669,0.0022935780,-0.0166666667,-0.0329024677,-0.0411428571,0.0979551649
0.4489795918,0.0502401290,0.0512063002,-0.0400457666,-0.0395480226,-0.0133657351,-0.0238379023,-0.2495412246
0.5142857143,0.0336760404,0.0385368575,-0.0250297974,-0.0188235294,0.0000000000,0.0085470085,-0.7566503913
0.4497041420,0.0436572012,0.0509503189,0.0097799511,-0.0095923261,-0.0123152709,-0.0145278450,0.1307167277
0.5164835165,0.0382161585,0.0484642608,-0.0145278450,-0.0108958838,-0.0024937656,-0.0012285012,0.5307892906
0.5280898876,0.0285413938,0.0410328659,0.0012285012,0.0134638923,0.0062500000,0.0036900369,-0.0044959210
0.4816883923,0.0203989435,0.0341912207,0.0012269939,0.0096618357,0.0111801242,0.0036764706,-0.1627094794
0.5057803468,0.0222533347,0.0367218925,0.0036764706,-0.0083732057,-0.0049140049,-0.0048840049,0.1029142762
0.5311077390,0.0418397014,0.0573543640,-0.0061050061,-0.0168878166,-0.0308641975,-0.0220858896,0.1982171923
0.5192878338,0.0661706084,0.0843997370,-0.0196560197,-0.0098159509,-0.0471337580,-0.0288582183,0.8701184546
0.3838193791,0.0128087466,0.0340600721,-0.0300751880,0.0285006196,0.0280748663,0.0426356589,0.0205473852
0.3744030564,0.0196830042,0.0405630534,0.0452196382,-0.0156626506,0.0273081925,-0.0086741016,-0.5489379703
0.3931795386,0.0413878102,0.0627998800,-0.0111248455,-0.0171358629,-0.0177215190,-0.0237500000,0.6684084482
0.4250513347,0.0363474041,0.0595046370,-0.0212500000,-0.0062266501,-0.0051546392,-0.0012804097,0.0814285481
0.4964028777,0.0334052528,0.0578092175,-0.0025542784,-0.0050125313,-0.0181347150,-0.0025641026,0.2627927586
0.5433070866,0.0526196512,0.0784790097,-0.0025608195,-0.0176322418,-0.0013192612,-0.0231362468,-0.4856448276
0.5531914894,0.0216711498,0.0491968724,-0.0243902439,0.0076923077,0.0026420079,0.0223684211,-0.0861872857
0.5753424658,-0.0267552922,-0.0007448752,0.0223684211,0.0814249364,0.0223978920,0.0463320463,4.2026552674
0.6153846154,-0.0104677247,0.0117550119,0.0463320463,0.0588235294,0.0051546392,-0.0123001230,0.5013090765
0.6625310174,0.0322796157,0.0528405564,-0.0123001230,-0.1044444444,-0.0230769231,-0.0398505604,-0.7741749036
0.6814580032,0.0051506658,0.0262973174,-0.0410958904,-0.0086848635,-0.0026246719,0.0220492866,-0.0958322812
0.6406357982,-0.0168517944,0.0027171453,0.0233766234,0.0325406758,0.0368421053,0.0215736041,-0.2321671966
0.6315789474,0.0134372100,0.0306836266,0.0241116751,0.0060606061,-0.0444162437,-0.0273291925,0.9902003898
0.6336633663,0.0433500243,0.0609296828,-0.0322180917,-0.0590361446,0.0000000000,-0.0306513410,-0.5755458557
0.5918367347,0.0285499600,0.0481307544,-0.0281690141,-0.0115236876,-0.0053120850,0.0079051383,0.5393037750
0.5375722543,0.0148712549,0.0350940643,0.0052700922,0.0168393782,0.0053404539,0.0091503268,-0.1740146102
0.5169867061,0.0464717018,0.0670492063,0.0117955439,-0.0012738854,-0.0119521912,-0.0323834197,-0.0593158199
0.4672897196,0.0337865383,0.0564257004,-0.0310880829,-0.0344387755,-0.0053763441,0.0053547523,-0.3901790082
0.4049318624,0.0272208054,0.0508467556,0.0026737968,0.0158520476,-0.0040540541,0.0013315579,0.1938997677
0.3673897831,0.0354250442,0.0597636711,0.0040000000,-0.0052015605,0.0054274084,-0.0119680851,-0.4942033197
0.3820549928,0.0258330466,0.0510927510,-0.0132802125,-0.0169934641,0.0000000000,0.0040376851,-0.2452452882
0.2787162162,0.0083420819,0.0334548210,0.0053835801,0.0186170213,0.0040485830,0.0134048257,0.3468548748
0.2661752662,0.0110708707,0.0350841629,0.0093708166,-0.0143603133,0.0000000000,-0.0039682540,-0.3975234286
0.3286147624,0.0053622326,0.0283881720,-0.0026525199,0.0556291391,0.0067204301,0.0039840637,5.7207033208
0.2774755169,0.0005667707,0.0222288806,0.0066489362,-0.0250941029,0.0000000000,0.0039682540,-0.5979018554
0.2179034158,0.0192805336,0.0397610246,0.0000000000,-0.0257400257,-0.0186915888,-0.0184453228,-0.1873580479
0.2356687898,0.0028531812,0.0230831044,-0.0132100396,0.0039630119,0.0054421769,0.0134228188,0.1157058511
0.2905718702,0.0410216559,0.0607108664,0.0133868809,-0.0039473684,-0.0243572395,-0.0370860927,0.4647115448
0.2449223417,0.0715593011,0.0938282155,-0.0396301189,-0.0264200793,-0.0443828017,-0.0343878955,1.2954341355
0.2188841202,0.0412674474,0.0671165595,-0.0330123796,-0.0189959294,0.0174165457,0.0185185185,-0.6368643563
0.2710495963,0.0263062492,0.0533060308,0.0184921764,0.0580912863,0.0213980029,0.0083916084,0.8765324153
0.2793614595,0.0208432625,0.0479040323,0.0069832402,-0.0496732026,-0.0097765363,0.0013869626,-0.4179504875
0.2793614595,0.0218826566,0.0487131192,0.0027739251,-0.0027510316,0.0028208745,-0.0041551247,-0.5466652092
0.2955367913,0.0086956909,0.0350279725,-0.0082987552,0.0386206897,0.0070323488,0.0097357441,2.6357970850
0.3121319199,-0.0049771023,0.0197912674,0.0125523013,-0.0013280212,0.0111731844,0.0123966942,-0.1120938007
0.3080568720,0.0485739617,0.0723052392,0.0110192837,-0.0199468085,-0.0400552486,-0.0503401361,-0.2573952660
0.2329749104,0.0177710491,0.0430400676,-0.0490463215,-0.0054274084,-0.0258992806,0.0229226361,2.0967056339
0.2751905165,0.0427862556,0.0682795208,0.0229226361,-0.0218281037,0.0132939439,-0.0266106443,-0.6494545119
0.2966507177,0.0513308169,0.0787432643,-0.0280112045,-0.0292887029,-0.0174927114,-0.0143884892,-0.4112043191
0.3034257749,0.0225352377,0.0514215229,-0.0144092219,0.0100574713,0.0014836795,0.0204379562,0.1783176110
0.3168000000,0.0032798963,0.0313819047,0.0233918129,0.0213371266,0.0222222222,0.0157367668,-0.1977633036
0.3386103782,-0.0056278481,0.0204339338,0.0142857143,0.0097493036,0.0188405797,0.0084507042,-0.4991589660
0.3483735572,0.0209031374,0.0451961909,0.0084507042,-0.0124137931,-0.0085348506,-0.0251396648,-0.2312932141
0.3346080306,0.0265111481,0.0508816919,-0.0223463687,-0.0223463687,-0.0243902439,-0.0085959885,1.1593381266
0.3710144928,0.0093057017,0.0336690057,-0.0128571429,0.0100000000,0.0102941176,0.0130057803,-0.5327286672
0.3988919668,0.0195089650,0.0430789014,0.0159189580,-0.0028288543,0.0043668122,-0.0114122682,0.1543253893
0.3864042934,0.0049069286,0.0280203924,-0.0128205128,0.0000000000,0.0014492754,0.0115440115,0.0716370872
0.3896797153,0.0055865194,0.0274104432,0.0129870130,0.0028368794,0.0130246020,-0.0014265335,-0.2909292108
0.4299424184,-0.0163511351,0.0038685707,-0.0028490028,0.0254596888,-0.0085714286,0.0214285714,1.7079141805
0.5220264317,0.0001525720,0.0178172157,0.0214285714,-0.0096551724,0.0100864553,-0.0139860140,-0.4123874193
0.5051546392,0.0353759399,0.0523211196,-0.0139860140,-0.0139275766,-0.0313837375,-0.0340425532,2.9005637613
0.4883720930,0.0269175770,0.0453753626,-0.0340425532,-0.0169491525,-0.0073637703,0.0029368576,-0.4366250400
0.4540162980,-0.1067055129,-0.0899031772,0.0044052863,0.1336206897,0.0014836795,0.1449487555,3.4626168255
0.6574141709,-0.0602459935,-0.0529677144,0.1432748538,0.0050697085,0.0637037037,-0.0319693095,1.3936044380
0.6380327869,0.0263001771,0.0283907939,-0.0345268542,-0.0453972257,-0.0417827298,-0.0752972259,-0.6093594756
0.5881702598,0.0310919269,0.0351605771,-0.0728476821,-0.0568031704,0.0000000000,-0.0085714286,-0.4622852097
0.6083476272,0.0428376810,0.0491858366,-0.0085714286,-0.0280112045,-0.0159883721,-0.0158501441,0.0732374627
0.5997745209,0.0739861675,0.0836198595,-0.0144092219,-0.0129682997,-0.0516986706,-0.0351390922,0.0677075116
0.6269662921,0.0514351731,0.0661015007,-0.0350877193,-0.0218978102,0.0124610592,0.0106221548,-0.5279449340
0.5701849837,0.0043145929,0.0213332255,0.0060606061,0.0447761194,0.0046153846,0.0390390390,0.4316745977
0.6014127144,0.0051032708,0.0212287507,0.0451807229,0.0071428571,0.0352220521,-0.0014450867,0.1913811708
0.6014127144,0.0131150995,0.0285875463,-0.0043227666,-0.0113475177,0.0073964497,-0.0086830680,-0.5853854788
0.6476906552,0.0140581456,0.0294757188,-0.0072358900,0.0014347202,0.0029368576,-0.0029197080,-0.4362645662
0.6590163934,0.0089409150,0.0242929385,-0.0043731778,0.0272206304,-0.0146412884,0.0029282577,2.7339716050
0.6224256293,0.0194716276,0.0345761022,0.0000000000,-0.0237099024,0.0029717682,-0.0116788321,-0.4779940121
0.6828992072,0.0105055022,0.0259531479,-0.0087847731,-0.0228571429,0.0000000000,0.0059084195,-0.8112288391
0.3852908891,0.0059349833,0.0210320667,0.0029542097,0.0058479532,0.0059259259,0.0029368576,0.7976935147
0.3632336656,-0.0080491852,0.0062150792,0.0058910162,0.0363372093,0.0029455081,0.0131771596,1.0603937908
0.5014326648,0.0062765629,0.0190076932,0.0131771596,-0.0252454418,0.0014684288,-0.0130057803,-0.4809201511
0.4888268156,0.0514967390,0.0643500857,-0.0144508671,-0.0172661871,-0.0454545455,-0.0439238653,1.6379285166
0.4216867470,0.0232040975,0.0389008536,-0.0410557185,-0.0204978038,0.0046082949,0.0199081164,-0.4042146369
0.4909090909,0.0075317528,0.0237223438,0.0183486239,0.0104633782,0.0030581040,0.0120120120,0.4260131680
0.4948453608,0.0169346575,0.0326904044,0.0120120120,0.0059171598,0.0060975610,-0.0103857567,0.1709804013
0.4130434783,0.0067822324,0.0226032018,-0.0089020772,0.0014705882,0.0060606061,0.0074962519,-0.1291985172
0.3728323699,0.0027544239,0.0178994280,0.0059880240,0.0102790015,0.0075301205,0.0029761905,0.0434932979
0.3343239227,0.0189605869,0.0334397721,0.0029761905,-0.0203488372,-0.0164424514,-0.0163204748,0.6139597611
0.3020134228,0.0316031995,0.0467508493,-0.0163204748,-0.0133531157,-0.0091185410,-0.0150829563,-0.3893064914
0.3295019157,0.0173929943,0.0337889965,-0.0150829563,-0.0015037594,0.0000000000,0.0091883614,-0.0663995896
0.3137003841,-0.0019423863,0.0143545449,0.0076569678,0.0301204819,0.0076687117,0.0166919575,1.6280893469
0.3431372549,0.0290751021,0.0444694374,0.0151975684,-0.0190058480,-0.0456621005,-0.0298507463,0.2681444088
0.3472668810,0.0246020095,0.0411754050,-0.0269461078,-0.0253353204,0.0239234450,0.0000000000,-0.7629959044
0.3409090909,0.0367673519,0.0543460840,0.0000000000,0.0000000000,-0.0031152648,-0.0153846154,0.2202526115
0.3383458647,0.0263000547,0.0454200417,-0.0123076923,-0.0076452599,-0.0031250000,0.0046875000,-0.1935128448
0.3715170279,0.0270457076,0.0469402298,0.0031152648,-0.0030816641,0.0000000000,-0.0046656299,0.2132045796
0.3645833333,0.0228848295,0.0434631757,-0.0077639752,-0.0046367852,-0.0125391850,0.0000000000,-0.0456958160
0.3468950749,0.0067793447,0.0274011666,0.0015649452,0.0139751553,0.0063492063,0.0125000000,-0.2467186342
0.3507014028,0.0199016695,0.0398133020,0.0125000000,-0.0015313936,0.0063091483,-0.0138888889,-0.1426174480
0.3636363636,0.0168398742,0.0368641685,-0.0123456790,-0.0046012270,-0.0078369906,0.0000000000,0.4364510379
0.4000000000,0.0158388565,0.0357543883,-0.0015625000,-0.0107858243,0.0047393365,-0.0015649452,-0.3576190962
0.4421052632,0.0118161906,0.0314891609,-0.0015649452,-0.0031152648,-0.0094339623,0.0015673981,0.0486995441
0.4027777778,0.0115813846,0.0307697286,0.0000000000,0.0046875000,0.0111111111,-0.0015649452,0.0373087062
0.4394904459,0.0066440092,0.0252764567,-0.0015673981,0.0031104199,-0.0031397174,0.0031347962,-0.0086699664
0.3230769231,-0.0021736643,0.0154707612,0.0047095761,0.0046511628,0.0031496063,0.0078125000,-0.0457951755
0.4418604651,0.0043895178,0.0206544187,0.0078125000,-0.0015432099,0.0047095761,-0.0062015504,-0.3527740890
0.4488188976,0.0068557229,0.0223142097,-0.0046511628,-0.0077279753,-0.0093750000,-0.0031201248,-0.2227027949
0.5327102804,0.0042294322,0.0190665220,-0.0046728972,0.0077881620,0.0047318612,0.0015649452,0.7135263267
0.5049504950,-0.0026546580,0.0113333536,0.0015649452,0.0000000000,0.0047095761,0.0062500000,-0.4000115212
0.5072463768,0.0039897118,0.0168094324,0.0046875000,0.0000000000,-0.0250000000,-0.0062111801,7.6431866434
0.5000000000,0.0176871354,0.0300493584,-0.0046656299,0.0262751159,0.0080128205,-0.0140625000,-0.2462281715
0.3775933610,0.0181932746,0.0310915992,-0.0125000000,-0.0376506024,-0.0047694754,-0.0031695721,-0.5549648919
0.4417475728,0.0825135941,0.0967931825,-0.0047468354,-0.0031298905,-0.0942492013,-0.0620031797,2.5946885755
0.2512077295,0.0771217151,0.0970610189,-0.0635930048,-0.0533751962,0.0211640212,-0.0067796610,0.2795712646
0.2424242424,0.0616335133,0.0861642685,-0.0050933786,-0.0082918740,0.0000000000,0.0034129693,-0.4881516669
0.2562929062,0.0703547464,0.0984630749,0.0000000000,-0.0100334448,-0.0120898100,-0.0170068027,-0.1198313273
0.2323651452,0.0275316827,0.0582147299,-0.0153583618,0.0641891892,0.0069930070,0.0311418685,2.1055579850
0.3934426230,0.0302102016,0.0610234907,0.0311958406,-0.0476190476,0.0000000000,-0.0067114094,-0.6823389412
0.4189944134,0.0307860563,0.0618844031,-0.0050420168,-0.0066666667,0.0086805556,-0.0050675676,-0.2583383681
0.4221388368,0.0005683722,0.0310429136,-0.0050675676,0.0939597315,0.0120481928,0.0254668930,4.0841446015
0.4604316547,0.0038047872,0.0321611908,0.0237691002,-0.0398773006,0.0136054422,-0.0033112583,-0.6426679474
0.5326251897,-0.0290384243,-0.0033329807,-0.0016583748,0.0079872204,0.0067114094,0.0332225914,0.9630455275
0.6164383562,-0.0369573747,-0.0157453175,0.0332225914,0.0443740095,0.0200000000,0.0128617363,-0.1431403922
0.5799769850,-0.0172320831,-0.0002975339,0.0128617363,-0.0409711684,-0.0098039216,-0.0142857143,-0.5497324765
0.5799769850,-0.0000895374,0.0144263367,-0.0158730159,-0.0142405063,0.0016501650,-0.0144927536,-0.6527345200
0.5575221239,0.0148484799,0.0284824612,-0.0129032258,-0.0160513644,-0.0115321252,-0.0147058824,0.3028673305
0.6684350133,0.0092167791,0.0229796818,-0.0147058824,-0.0130505710,-0.0133333333,0.0033167496,-0.0051215685
0.6224350205,0.0213036548,0.0349629436,-0.0016583748,0.0016528926,0.0050675676,-0.0132231405,-0.2897497046
0.6511627907,0.0062278529,0.0204085070,-0.0066445183,0.0115511551,-0.0100840336,0.0117252931,0.6809560727
0.6498673740,0.0170568038,0.0308436290,0.0100334448,-0.0130505710,0.0084889643,-0.0115894040,-0.2515331036
0.6199701937,0.0230005238,0.0372460688,-0.0149006623,-0.0132231405,-0.0134680135,-0.0083752094,-0.0391120330
0.6153846154,0.0177428215,0.0327426031,-0.0050420168,-0.0016750419,0.0000000000,0.0016891892,-0.0090063280
0.5578947368,0.0341972541,0.0497905747,0.0016891892,-0.0033557047,-0.0187713311,-0.0185497470,1.3069027303
0.5033112583,0.0201717757,0.0371918015,-0.0219224283,0.0016835017,0.0000000000,0.0085910653,-0.0142568277
0.4637904468,-0.0033069018,0.0137135774,0.0103448276,0.0302521008,0.0173913043,0.0204429302,0.0690033817
0.4131534570,-0.0894452598,-0.0752957983,0.0187713311,0.1549755302,0.0102564103,0.0951585977,6.8416525068
0.6282051282,-0.1017022216,-0.0959040379,0.0988274707,-0.0112994350,0.0524534687,0.0289634146,0.3291903066
0.6430801249,-0.0284844331,-0.0314016122,0.0259146341,-0.0142857143,-0.0080385852,-0.0592592593,-0.6037576686
0.5246179966,-0.0256366431,-0.0306021776,-0.0579494799,-0.0420289855,0.0210696921,0.0015748031,-0.4750112322
0.4779411765,0.0439656743,0.0368770431,0.0031545741,-0.0302571861,-0.0555555556,-0.0628930818,0.3153081782
0.4406047516,0.0621515941,0.0590217603,-0.0597484277,-0.0608424337,-0.0336134454,-0.0234899329,-0.4897798750
0.4276729560,0.0489850507,0.0510379638,-0.0267558528,-0.0232558140,0.0034782609,0.0034364261,-0.5500398979
0.4154175589,0.0450277513,0.0508561964,0.0034364261,0.0136054422,0.0017331023,-0.0034246575,-0.0051101301
0.4260614934,0.0345452665,0.0435031493,-0.0051369863,-0.0083892617,0.0051903114,0.0034364261,-0.0505498158
0.3663952628,0.0187638582,0.0297015681,0.0034423408,-0.0016920474,-0.0068846816,0.0102739726,-0.2017712147
0.3779069767,0.0263142044,0.0380579737,0.0120068611,0.0000000000,0.0000000000,-0.0101694915,-0.1971257088
0.3892215569,0.0170413378,0.0299480356,-0.0118644068,0.0016949153,0.0051993068,0.0051369863,0.2194126780
0.3846153846,0.0109750448,0.0242399184,0.0068610635,0.0050761421,0.0000000000,0.0034071550,0.2831760676
0.3605015674,0.0161876812,0.0294354415,0.0034071550,-0.0067340067,0.0017241379,-0.0067911715,-0.7322170411
0.2205882353,0.0331235230,0.0469411106,-0.0067911715,-0.0067796610,-0.0309810671,-0.0188034188,7.6681961752
0.1375921376,0.0298217108,0.0452850454,-0.0188034188,-0.0119453925,0.0035523979,-0.0017421603,-0.4747637887
0.1931034483,0.0288247667,0.0455800918,-0.0017421603,-0.0017271157,0.0053097345,-0.0034904014,-0.6240824799
0.2307692308,0.0208146543,0.0385660791,-0.0069808028,-0.0034602076,-0.0035211268,0.0035026270,0.7734088985
0.3314763231,0.0105578944,0.0285293718,0.0087873462,0.0017361111,0.0017667845,0.0069808028,-0.2278510466
0.4090909091,0.0054485128,0.0228706063,0.0052264808,0.0069324090,0.0141093474,0.0034662045,-0.2519428514
0.4090909091,-0.0022824148,0.0141701306,0.0034662045,0.0447504303,-0.0069565217,0.0069084629,4.5201791924
0.3943217666,-0.0002163794,0.0148612482,0.0034542314,-0.0197693575,0.0052539405,-0.0017152659,-0.6741581957
0.4408945687,0.0084808345,0.0225451673,0.0017211704,-0.0084033613,0.0034843206,-0.0085910653,0.1627873137
0.3979933110,0.0643600812,0.0788369311,-0.0051546392,-0.0016949153,-0.0694444444,-0.0537261698,2.4773229179
0.2650334076,0.0411109539,0.0594149159,-0.0587219344,-0.0509337861,0.0074626866,0.0128205128,-0.4267991076
0.3081761006,0.0182148827,0.0381185721,0.0091743119,0.0268336315,0.0185185185,0.0162748644,-0.4123029310
0.3726235741,0.0118118391,0.0316237154,0.0218181818,-0.0087108014,0.0200000000,0.0035587189,-0.2643909284
0.3351955307,0.0338239076,0.0535655298,0.0035587189,-0.0035149385,-0.0196078431,-0.0230496454,0.8583427671
0.3266787659,0.0175399398,0.0382914537,-0.0195035461,-0.0105820106,-0.0072727273,0.0108892922,-0.3373980413
0.3020134228,0.0315085922,0.0524606984,0.0108499096,-0.0035650624,-0.0073260073,-0.0161579892,0.1220390003
0.2760736196,0.0173784663,0.0390939366,-0.0161001789,0.0161001789,-0.0018450185,0.0091240876,0.5920021265
0.2923538231,0.0587392177,0.0811651764,0.0054545455,-0.0211267606,-0.0388170055,-0.0415913201,-0.0152601548
0.2678571429,0.0398921121,0.0651047828,-0.0415913201,0.0000000000,0.0115384615,0.0094339623,-0.3794047108
0.2842892768,0.0337548641,0.0602822063,0.0094339623,-0.0107913669,0.0057034221,0.0000000000,-0.2958238080
0.2931034483,0.0115451605,0.0383492993,0.0037383178,0.0218181818,0.0151228733,0.0168224299,0.4656876093
0.2749360614,-0.0120245932,0.0131595038,0.0111731844,-0.0106761566,-0.0018621974,0.0220588235,-0.2586828085
0.2657004831,0.0191535026,0.0421753843,0.0257826888,0.0125899281,0.0074626866,-0.0287769784,-0.3048867377
0.3107344633,-0.0287580932,-0.0069244387,-0.0233393178,0.0248667851,0.0055555556,0.0462962963,5.2778296086
0.3743589744,0.0059332469,0.0244114831,0.0367647059,-0.0225303293,-0.0092081031,-0.0300884956,-0.6193584672
0.3695150115,-0.0022623172,0.0151930568,-0.0283687943,-0.0106382979,0.0130111524,0.0072992701,-0.7060055594
0.3767123288,-0.0300293594,-0.0144976406,0.0091240876,0.0304659498,0.0091743119,0.0289855072,1.7997511510
0.3867924528,-0.0271222709,-0.0151576188,0.0253164557,0.0173913043,0.0218181818,0.0017605634,0.3532566552
0.3719806763,0.0071407061,0.0163300371,0.0035273369,-0.0273504274,-0.0231316726,-0.0298769772,-0.5601880632
0.3452914798,0.0097004709,0.0188117517,-0.0246045694,-0.0087873462,-0.0072859745,-0.0036231884,-0.3969298514
0.4067796610,0.0230893910,0.0324355327,-0.0054054054,-0.0212765957,-0.0348623853,-0.0145454545,1.7802781167
0.4615384615,0.0047075454,0.0150506039,-0.0181159420,0.0199275362,0.0247148289,0.0147601476,-0.0421657960
0.4716981132,-0.0086340769,0.0011932844,0.0166051661,-0.0035523979,0.0129870130,0.0127272727,-0.2404571817
0.4606741573,-0.0265304698,-0.0182827018,0.0108892922,0.0338680927,0.0091575092,0.0197486535,2.8738581050
0.4666666667,-0.0410206424,-0.0356050896,0.0197486535,0.0482758621,0.0072595281,0.0193661972,1.0198917415
0.4636871508,-0.0107910785,-0.0090058127,0.0176056338,-0.0411184211,0.0126126126,-0.0241796200,-0.7375226541
0.4721274175,-0.0143643760,-0.0135763631,-0.0224913495,-0.0222984563,-0.0124555160,0.0053097345,-0.2673617417
0.3966189857,-0.0241804176,-0.0245915849,0.0035398230,0.0491228070,0.0180180180,0.0123239437,3.2748248675
0.4243369735,0.0004179340,-0.0019409271,0.0141093474,-0.0334448161,-0.0300884956,-0.0208695652,-0.6689502221
0.4301075269,0.0626398062,0.0603550979,-0.0226086957,-0.0242214533,-0.0328467153,-0.0586145648,0.2792738710
0.3235955056,0.0431617643,0.0460162719,-0.0533807829,-0.0248226950,-0.0113207547,0.0094339623,0.2300633537
0.3413566740,-0.0044183148,0.0014274644,0.0056390977,0.0854545455,0.0038167939,0.0411214953,1.7029681482
0.4013015184,0.0126233837,0.0177667911,0.0411214953,-0.0552763819,0.0304182510,-0.0161579892,-0.7551412395
0.3783231084,0.0275572651,0.0334230082,-0.0161579892,-0.0195035461,-0.0055350554,-0.0164233577,-0.6161229002
0.3752535497,0.0233176859,0.0309472298,-0.0127737226,-0.0108499096,-0.0092764378,0.0000000000,0.1771622202
0.3797468354,0.0159605516,0.0248520519,-0.0036968577,0.0237659963,0.0018726592,0.0037105751,1.1649340721
0.3613744076,0.0079158997,0.0173695535,0.0074211503,-0.0214285714,0.0074766355,0.0055452865,-0.4860782204
0.3296019900,0.0066980690,0.0160829199,0.0018416206,-0.0018248175,0.0037105751,0.0000000000,-0.5066052845
0.3125000000,0.0168832206,0.0262100861,-0.0018382353,0.0054844607,-0.0295748614,-0.0110294118,2.7483539418
0.3365384615,0.0473815000,0.0576900304,-0.0092081031,-0.0054545455,-0.0285714286,-0.0315985130,-0.1055183774
0.3524096386,0.0420922155,0.0554424962,-0.0315985130,-0.0402193784,0.0078431373,-0.0019193858,-0.6091002545
0.3916083916,0.0296760512,0.0453050386,0.0019193858,0.0266666667,0.0058365759,0.0057692308,1.2043091538
0.3589743590,0.0231541871,0.0399606573,0.0000000000,-0.0222634508,0.0038684720,0.0019120459,-0.8341462267
0.4166666667,0.0176499245,0.0350253694,0.0038314176,0.0132827324,0.0000000000,0.0019083969,1.8373517902
0.3883495146,0.0168714495,0.0344011855,0.0019083969,-0.0056179775,0.0019267823,-0.0019047619,0.1536458603
0.2181818182,-0.0194085957,-0.0024152296,-0.0057142857,0.0433145009,0.0038461538,0.0343511450,0.6652389017
0.4069767442,0.0020656380,0.0165186327,0.0344827586,-0.0018050542,0.0172413793,-0.0184501845,-0.1624337419
0.4000000000,0.0112520966,0.0249278104,-0.0092592593,-0.0108499096,-0.0169491525,-0.0093984962,0.8567060360
0.4117647059,0.0095210048,0.0230813059,-0.0149532710,-0.0219378428,-0.0038314176,0.0000000000,-0.2480113553
0.4382022472,0.0080562348,0.0213715796,0.0037950664,0.0000000000,0.0115384615,0.0000000000,-0.3215991246
0.4630872483,0.0011178510,0.0140161119,0.0000000000,-0.0056074766,-0.0038022814,0.0056925996,-0.3117930046
0.4382022472,0.0104786918,0.0226252898,0.0018903592,-0.0018796992,-0.0038167939,-0.0094339623,0.1620119471
0.4444444444,0.0012381045,0.0132294986,-0.0094339623,-0.0037664783,-0.0057471264,0.0076190476,0.7402752382
0.5319148936,0.0029435505,0.0141666750,0.0076190476,0.0075614367,0.0134874759,-0.0018903592,-0.3008618893
0.5319148936,0.0140135781,0.0247623180,0.0018903592,-0.0056285178,-0.0114068441,-0.0113636364,-0.1622534782
0.5364238411,0.0079955909,0.0190237666,-0.0150943396,-0.0056603774,-0.0096153846,0.0038314176,0.6730899240
0.5454545455,0.0145098500,0.0254424033,0.0076628352,0.0000000000,0.0019417476,-0.0076335878,-0.4745312827
0.5962145110,0.0201246783,0.0314923373,-0.0152091255,-0.0094876660,-0.0077519380,-0.0076923077,1.0898504907
0.5744680851,0.0229761095,0.0351780486,0.0000000000,-0.0076628352,-0.0039062500,-0.0058139535,-0.5796549775
0.3870967742,0.0174579745,0.0305633717,-0.0057915058,0.0000000000,-0.0019607843,0.0019493177,0.0099912353
0.3846153846,0.0088837060,0.0223324971,-0.0019417476,0.0173745174,0.0039292731,0.0058365759,0.7055823333
0.4041450777,0.0036344503,0.0167449886,0.0058365759,-0.0132827324,0.0078277886,0.0038684720,-0.2514644570
0.3947368421,0.0187790270,0.0314029301,0.0038684720,0.0134615385,-0.0174757282,-0.0154142582,0.8330063262
0.3608247423,0.0299995285,0.0433695203,-0.0154142582,-0.0265654649,-0.0118577075,-0.0136986301,-0.4608303916
0.3356643357,0.0377382432,0.0526889748,-0.0136986301,-0.0116959064,-0.0280000000,-0.0119047619,0.4960947985
0.3298969072,0.0509249797,0.0680888992,-0.0119047619,-0.0177514793,0.0020576132,-0.0180722892,0.0825211548
0.2727272727,0.0738340835,0.0943771379,-0.0180722892,-0.0060240964,-0.0246406571,-0.0286298569,1.3008657917
0.2278481013,0.0923714763,0.1179836871,-0.0286298569,-0.0282828283,-0.0315789474,-0.0273684211,0.1382053689
0.2093023256,0.0398959117,0.0698764081,-0.0273684211,0.0166320166,0.0000000000,0.0367965368,-0.2106754279
0.4321503132,0.0468712895,0.0782060909,0.0303030303,-0.0081799591,0.0217391304,-0.0125260960,-0.4261234701
0.4250513347,0.0223686741,0.0545766555,-0.0063025210,0.0103092784,0.0063829787,0.0169133192,0.3557828884
0.4290657439,0.0231817335,0.0549203033,0.0190274841,-0.0061224490,0.0084566596,-0.0041580042,-0.5140628539
0.4328097731,0.0303707488,0.0619370708,-0.0062240664,0.0020533881,-0.0146750524,-0.0104384134,1.4209752353
0.4909090909,0.0107713232,0.0419615222,-0.0104384134,-0.0040983607,0.0042553191,0.0147679325,-0.4480767622
0.5221843003,-0.0033184219,0.0260542478,0.0147679325,0.0020576132,0.0084745763,0.0124740125,-0.1916273895
0.5498392283,0.0033730474,0.0304721814,0.0083160083,0.0000000000,0.0084033613,-0.0061601643,0.7242763282
0.5681063123,-0.0033236291,0.0218810096,-0.0020618557,0.0061601643,0.0020833333,0.0061983471,-0.0693808504
0.5307443366,0.0138421903,0.0373000303,0.0103305785,0.0000000000,-0.0083160083,-0.0164271047,-0.2744136643
0.5222929936,-0.0109992935,0.0113127636,-0.0184049080,0.0428571429,0.0000000000,0.0229645094,1.0549582328
0.5432835821,-0.0133343014,0.0063671601,0.0208333333,-0.0234833659,0.0167714885,0.0040816327,-0.5856925771
0.5557461407,-0.0251526498,-0.0082152402,0.0040816327,0.0060120240,0.0000000000,0.0142276423,0.9316382864
0.6136820926,-0.0073581762,0.0065127129,0.0142276423,-0.0039840637,0.0103092784,-0.0140280561,-0.3353256202
0.5488565489,-0.0001293770,0.0122022547,-0.0140280561,-0.0100000000,-0.0081632653,-0.0060975610,-0.3503549276
0.5739130435,-0.0142208311,-0.0029739722,-0.0040650407,0.0040404040,-0.0123456790,0.0143149284,0.8081444720
0.5682819383,0.0021096658,0.0115218317,0.0142857143,0.0020120724,0.0083333333,-0.0141129032,-0.6824324953
0.5276073620,-0.0002593575,0.0086057742,-0.0181086519,-0.0020080321,-0.0041322314,0.0020449898,1.5170263131
0.4954954955,-0.0042836049,0.0038708773,0.0040983607,0.0020120724,0.0020746888,0.0040816327,-0.4072715871
0.4653937947,0.0869549941,0.0948190680,0.0040816327,-0.0100401606,-0.0848861284,-0.0833333333,8.1376944581
0.2907488987,0.0954374740,0.1099451141,-0.0772357724,-0.0649087221,-0.0158371041,-0.0199556541,-0.0934966129
0.2738589212,0.0498760775,0.0703210021,-0.0264317181,0.0043383948,0.0160919540,0.0294117647,-0.4966271039
0.3295019157,0.0561298215,0.0793451620,0.0316742081,-0.0064794816,0.0022624434,-0.0131868132,-0.3762988040
0.3355006502,0.0569101449,0.0831168908,-0.0131578947,-0.0021739130,0.0022573363,-0.0089086860,0.5706802434
0.3265306122,0.0206320753,0.0486810447,-0.0111111111,0.0305010893,-0.0315315315,0.0269662921,0.3870229574
0.3888888889,0.0309939353,0.0589784787,0.0269662921,-0.0295983087,0.0372093023,-0.0131291028,-0.7657078935
0.4028776978,0.0307967985,0.0593072959,-0.0109409190,0.0130718954,-0.0022421525,-0.0044345898,0.4691641920
0.4179104478,-0.0028129557,0.0252304310,-0.0066371681,0.0430107527,0.0000000000,0.0289532294,6.6807114327
0.4274809160,0.0085346842,0.0345580256,0.0334075724,-0.0185567010,0.0089887640,-0.0108225108,-0.7043535792
0.4505494505,0.0028328905,0.0275014478,-0.0129310345,-0.0210084034,0.0044543430,0.0043763676,-0.3729883262
0.4073071719,0.0134366764,0.0367579632,0.0000000000,-0.0085836910,-0.0044345898,-0.0108932462,-0.3594651355
0.4628099174,0.0249146226,0.0478838362,-0.0087336245,-0.0108225108,-0.0111358575,-0.0132158590,-0.1643743480
0.5172413793,0.0142894866,0.0373900768,-0.0132158590,0.0000000000,-0.0045045045,0.0066964286,0.5285826505
0.6153846154,0.0031935999,0.0255248772,0.0066964286,0.0153172867,0.0135746606,0.0088691796,0.7551279835
0.6172607880,0.0138434132,0.0350078583,0.0088691796,-0.0129310345,-0.0156250000,-0.0109890110,-0.4460779388
0.5824411135,0.0185036819,0.0393436412,-0.0153846154,-0.0087336245,0.0090702948,-0.0066666667,0.0914128038
0.6017699115,0.0225195086,0.0434321981,-0.0022321429,0.0022026432,-0.0022471910,-0.0067114094,0.1545372891
0.6085011186,0.0473620513,0.0691098593,-0.0044742729,-0.0109890110,-0.0450450450,-0.0270270270,0.9878448098
0.5129533679,0.0376735597,0.0615333573,-0.0292134831,-0.0355555556,-0.0047169811,0.0023148148,-0.3036598631
0.4730077121,0.0200982025,0.0449094024,0.0000000000,0.0230414747,0.0189573460,0.0115473441,0.0288544907
0.4558139535,0.0146895286,0.0392101541,0.0115740741,0.0000000000,-0.0093023256,0.0022831050,-0.2867451418
0.3236994220,0.0240935366,0.0482447040,0.0045766590,-0.0112612613,-0.0023474178,-0.0113895216,-0.4344059428
0.3236994220,0.0227433903,0.0470836573,-0.0113895216,0.0091116173,0.0094117647,-0.0023041475,-0.0643931946
0.3589743590,0.0263554146,0.0508768812,0.0023041475,-0.0090293454,-0.0069930070,-0.0069284065,1.1982256948
0.3708609272,0.0441551455,0.0694929597,-0.0091954023,-0.0068337130,-0.0328638498,-0.0209302326,0.1137940720
0.3533123028,0.0473127612,0.0745548806,-0.0232018561,-0.0252293578,0.0072815534,-0.0095011876,-0.6846223894
0.3548387097,0.0603768358,0.0899424640,-0.0095011876,-0.0117647059,-0.0313253012,-0.0191846523,2.5636568419
0.3056768559,0.0434345377,0.0753920977,-0.0143884892,-0.0142857143,-0.0049751244,0.0073349633,-0.4898472208
0.3191489362,0.0469165394,0.0802958067,0.0000000000,0.0024154589,0.0100000000,-0.0097087379,0.4624014354
0.3146853147,0.1403146048,0.1783171274,-0.0072992701,-0.0168674699,-0.0965346535,-0.0882352941,1.8439291994
0.2153110048,0.1157284725,0.1619848362,-0.0906862745,-0.0686274510,-0.0219178082,0.0026881720,-0.0700662948
0.2009132420,0.0920684969,0.1438527010,0.0026954178,-0.0026315789,0.0364145658,0.0053619303,-0.5910668614
0.2152466368,0.0779041128,0.1331969453,0.0053763441,0.0131926121,0.0000000000,0.0000000000,0.1751866176
0.1666666667,0.0546690613,0.1114747740,0.0026737968,0.0208333333,-0.0027027027,0.0106666667,0.9324876636
0.2222222222,0.0659460953,0.1239768503,0.0133333333,-0.0153061224,-0.0081300813,-0.0184696570,-0.2600588346
0.2173913043,0.0643842864,0.1238567407,-0.0210526316,-0.0233160622,-0.0245901639,-0.0080645161,-0.1816128750
0.2127659574,0.0602254912,0.1207567295,-0.0080645161,-0.0132625995,0.0000000000,-0.0054200542,-0.4144014920
0.2150537634,0.1147466225,0.1792916927,-0.0054200542,-0.0107526882,-0.0420168067,-0.0572207084,0.9964157009
0.1904761905,0.1131797079,0.1831077595,-0.0599455041,-0.0353260870,-0.0087719298,-0.0144508671,-0.0229182505
0.1886792453,0.1426810361,0.2196164515,-0.0115942029,-0.0197183099,-0.0501474926,-0.0410557185,0.1753926688
0.1785714286,-0.0603109099,0.0089614901,-0.0410557185,0.1465517241,-0.0434782609,0.1926605505,1.5727500018
0.6034482759,0.1601799365,0.2327150271,0.1957186544,-0.0150375940,0.0129870130,-0.1820512821,-0.1561652440
0.4682274247,0.1954992122,0.2796604744,-0.1841432225,-0.1297709924,-0.0384615385,-0.0501567398,-0.4063521072
0.5017921147,0.1970270859,0.2930857619,-0.0501567398,-0.0730994152,-0.0433333333,-0.0264026403,0.4857533804
0.5847457627,0.2119049008,0.3206191307,-0.0198019802,-0.0347003155,-0.0139372822,-0.0372881356,-0.2913737696
0.6795131846,0.3343521024,0.4673743290,-0.0370370370,-0.0392156863,-0.1236749117,-0.1161971831,0.9150636223
0.6586237712,0.2778223915,0.4270684766,-0.1258741259,-0.0884353741,-0.0806451613,0.0039840637,0.3161603782
0.6482504604,0.2350804852,0.3954337746,0.0080000000,0.0410447761,0.0701754386,0.0000000000,-0.4607426475
0.6349206349,0.2231837760,0.3937970880,0.0079365079,0.0250896057,-0.0573770492,-0.0198412698,0.1080738910
0.6324110672,0.5136361298,0.7374373842,-0.0314960630,-0.1328671329,-0.2608695652,-0.2145748988,0.9038170803
