0.2331606218,0.0035291020,0.0013567294,0.0001806848,-0.0000903098,-0.0012660517,-0.0013548912,4.9513431528
0.2002567394,0.0016272261,-0.0001003623,-0.0013548912,0.0000000000,0.0009960159,0.0013567294,-0.3852119539
0.2627218935,0.0016483085,0.0001780984,0.0013567294,0.0003612717,0.0009045681,-0.0002709782,0.5198286659
0.2694174757,0.0011233664,-0.0001061170,-0.0001806522,0.0001805706,0.0000903751,0.0002710517,-0.4276185868
0.2293577982,0.0013123193,0.0002631429,0.0001806848,-0.0001805380,-0.0003614676,-0.0003613043,-0.0545327358
0.2752941176,0.0014723911,0.0006053045,-0.0003613043,-0.0006319971,0.0000000000,-0.0003614349,-0.3600854729
0.3074027604,0.0007935538,0.0001084612,-0.0003614349,0.0000903424,0.0000903996,0.0004519570,-0.4027880812
0.2780996524,0.0004906788,-0.0000802596,0.0006327398,0.0000000000,0.0000903914,0.0001807011,0.2575025481
0.3736654804,0.0007768074,0.0002871262,-0.0000903342,0.0001806685,0.0000903832,-0.0003613369,-0.5201407075
0.3707865169,0.0004764786,0.0000851085,-0.0001806848,0.0003612717,0.0000903751,0.0001807338,0.9566382385
0.3563218391,0.0003127954,-0.0000115454,0.0000000000,-0.0002708559,0.0000000000,0.0000903506,-0.7338974045
0.3488372093,0.0009881264,0.0007125640,0.0002710762,-0.0001806195,-0.0004518344,-0.0007227392,4.0941538799
0.4035874439,0.0008361069,0.0006597815,-0.0008130081,-0.0007226086,-0.0003616310,0.0000000000,1.9206039670
0.4242424242,0.0003457191,0.0002491877,0.0000000000,0.0005423484,0.0002713213,0.0003616310,-0.7285422488
0.4984423676,0.0002925316,0.0002307294,0.0002712232,-0.0003613696,0.0000000000,0.0000000000,0.5047522821
0.3811659193,-0.0000235921,-0.0000574713,0.0000903832,0.0006326254,0.0003616637,0.0002711252,1.1290823573
0.3636363636,-0.0013733597,-0.0014065663,0.0001807501,0.0016257225,0.0001807664,0.0013552584,0.1557888993
0.4776119403,-0.0005308109,-0.0006712022,0.0014457396,-0.0000901713,0.0005422013,-0.0006315979,-0.8736765278
0.4429065744,0.0002733322,0.0001008718,-0.0007218262,0.0000901795,-0.0006322254,-0.0007222824,13.0136165951
0.4037854890,-0.0003106539,-0.0004484605,-0.0007223476,-0.0000901713,0.0000000000,0.0005421034,0.3705218310
0.4112149533,0.0001887323,0.0000362833,0.0005421523,0.0003607178,0.0000000000,-0.0004515080,-0.5868208310
0.4466858790,-0.0002016002,-0.0003276556,-0.0003612390,-0.0013522041,0.0002711252,0.0003613696,-0.1485196809
0.4166666667,0.0011856678,0.0010526877,0.0003613696,0.0001805380,-0.0017166606,-0.0013546464,1.5131849470
0.3900709220,0.0000084940,-0.0000200242,-0.0013546464,-0.0007220217,-0.0001810119,0.0009947549,-0.4801489342
0.4545454545,0.0002782898,0.0002525547,0.0010851872,0.0004515896,0.0011767901,-0.0002710272,1.3066493888
0.4853273138,0.0012307352,0.0012291045,-0.0003613369,-0.0007222172,-0.0010849910,-0.0009940358,-0.3446439038
0.4673913043,0.0020384445,0.0021352092,-0.0009940358,-0.0007227392,-0.0009956553,-0.0009950249,-0.3287676820
0.4764397906,0.0014528023,0.0017049417,-0.0010854817,-0.0003616310,0.0002718130,0.0002716407,-0.1469680879
0.4495412844,0.0013199361,0.0016693232,0.0002716653,-0.0009044044,0.0004528986,-0.0000905223,-0.8475435038
0.5056726094,0.0011168690,0.0015456696,0.0000905305,0.0000000000,-0.0005432322,0.0000000000,4.9288349472
0.4403669725,0.0010356672,0.0015218438,-0.0000905223,-0.0000905223,0.0005435275,-0.0000905305,-0.9367463408
0.4660194175,0.0011482618,0.0016811874,-0.0000905305,0.0000905305,-0.0005432322,-0.0002716161,2.5338761399
0.4897959184,0.0007903364,0.0013752793,-0.0003621548,0.0000000000,-0.0000905879,0.0001811266,-0.5568790047
0.4444444444,0.0008499939,0.0014547640,0.0001811430,0.0000905223,0.0002717884,-0.0001810938,-0.5744046759
0.4597701149,0.0009005153,0.0015284072,-0.0000905551,-0.0002715424,-0.0001811430,-0.0001811266,-0.4954078607
0.4948453608,0.0003089361,0.0009618576,-0.0000905633,0.0000000000,0.0000000000,0.0004528986,0.1637586903
0.5526315789,0.0002614074,0.0008906089,0.0001811430,0.0000000000,0.0003623517,0.0000000000,0.2930470978
0.4395604396,0.0002211909,0.0008246379,0.0001811102,0.0000905387,-0.0000905551,0.0000000000,0.4870012578
0.4294478528,-0.0000844317,0.0004918039,-0.0000905387,0.0004526525,0.0001811266,0.0002716161,0.3039288005
0.4936708861,0.0003813010,0.0009083557,0.0002716407,-0.0001809791,-0.0001810938,-0.0004525706,1.1200238584
0.5820895522,0.0003226393,0.0008410701,-0.0003620893,-0.0002715178,0.0000000000,0.0000000000,-0.6885309379
0.5882352941,-0.0004511115,0.0000542884,0.0000000000,0.0010863661,-0.0002716899,0.0007244408,15.8023802096
0.6338028169,-0.0002912466,0.0001407694,0.0009055510,0.0005425936,0.0007247033,-0.0000904895,-0.5602832516
0.6585365854,-0.0003369066,0.0000398407,-0.0002714195,-0.0004519161,-0.0001810446,0.0000904977,-0.1342824192
0.5937500000,-0.0002850749,0.0000368895,0.0000904977,-0.0003616964,0.0000905387,0.0000000000,-0.1268810347
0.6031746032,-0.0001507413,0.0001246578,0.0000000000,-0.0001809136,-0.0003621220,-0.0000904895,-0.5620894870
0.6589147287,-0.0002180283,0.0000249239,-0.0001809791,0.0000904732,0.0001811266,0.0000904977,0.3942894242
0.6153846154,-0.0001844855,0.0000230777,0.0000905059,0.0000000000,0.0004527345,0.0000000000,1.4136271713
0.6067415730,-0.0000656195,0.0001118679,-0.0000904977,-0.0000904650,0.0000000000,-0.0000904895,-0.6709212740
0.6190476190,-0.0001460087,0.0000130824,0.0002715178,0.0003618927,0.0000000000,0.0000904977,7.3414421554
0.5833333333,-0.0006661215,-0.0005305359,0.0000904814,0.0005426427,0.0000905059,0.0005429373,-0.0050348569
0.6250000000,-0.0000210100,0.0000514337,0.0003618927,-0.0001807828,-0.0007239819,-0.0005426427,0.3155429280
0.5483870968,-0.0001987208,-0.0001333312,-0.0005426427,-0.0006328542,0.0007245064,0.0001809791,-0.9497635275
0.5846153846,0.0000128003,0.0000575019,0.0000904895,0.0002713950,0.0000000000,-0.0001809463,0.8766126302
0.5900621118,0.0001013297,0.0001437451,-0.0001809627,-0.0005426427,-0.0001809955,-0.0000904895,-0.5390698855
0.5238095238,0.0003573308,0.0004047004,-0.0001809955,0.0000904895,-0.0001810282,-0.0002714932,2.6745866384
0.4852941176,-0.0004215165,-0.0003492030,-0.0000905141,0.0003619254,0.0000000000,0.0007241785,-0.1720962614
0.6067415730,-0.0003566678,-0.0003233362,0.0006336562,0.0001808973,0.0006337136,0.0000000000,-0.1374229651
0.6067415730,0.0000600532,0.0000624645,0.0001809300,-0.0001808645,-0.0009047317,-0.0003618272,-0.5665967025
0.5595854922,0.0003223704,0.0003293956,-0.0004522431,-0.0000904486,0.0003622204,-0.0002714686,-0.3666802608
0.5979899497,0.0001822443,0.0002144624,-0.0002714686,-0.0004522840,0.0000905223,0.0000905141,-0.6596402968
0.5575221239,-0.0002981880,-0.0002538385,0.0000000000,0.0004524887,0.0000000000,0.0004525296,1.8137462124
0.5476190476,-0.0002523129,-0.0002350357,0.0006335988,0.0000000000,0.0005430847,0.0000000000,-0.5402754723
0.5814977974,0.0000579152,0.0000537840,0.0000000000,0.0000904568,-0.0004523250,-0.0002713950,9.0914357539
0.5600000000,0.0004111121,0.0004119073,-0.0003618272,-0.0001808973,-0.0001810119,-0.0003619582,-0.4406976376
0.5833333333,0.0022531158,0.0022867112,-0.0003619582,-0.0003618600,-0.0052502942,-0.0019009686,12.6077408801
0.4765957447,0.0016339539,0.0018447391,-0.0019009686,-0.0017194570,0.0032760033,0.0002720842,-0.9542732086
0.4327272727,0.0000224950,0.0003475682,0.0003627789,0.0015411114,0.0003628118,0.0013600508,2.6935715820
0.5026178010,0.0005626213,0.0008655741,0.0012692656,0.0000000000,0.0003626802,-0.0005432814,-0.2277433551
0.4836272040,0.0004760642,0.0008014575,-0.0006338283,-0.0007241130,0.0002719115,0.0000000000,-0.8267829523
0.4675324675,0.0004028235,0.0007420903,0.0000000000,-0.0000905797,0.0000906125,0.0000000000,2.4874553860
0.4675324675,0.0005221375,0.0008684702,0.0000000000,0.0000000000,-0.0006342303,-0.0001811922,0.4428660984
0.4800000000,0.0005324695,0.0008948327,-0.0000906043,-0.0000905879,0.0004533092,-0.0000906125,-0.6427403915
0.4931506849,0.0003598977,0.0007378612,0.0000000000,-0.0000905961,-0.0001812415,0.0000906208,0.0257512931
0.4931506849,0.0004858420,0.0008645866,0.0000000000,0.0001812087,0.0000000000,-0.0001812251,-0.0831565640
0.5320000000,0.0001391723,0.0005285125,-0.0001812251,0.0001811758,0.0000000000,0.0002718869,0.6311170834
0.4967741935,0.0002083844,0.0005800204,0.0002718869,-0.0001811430,0.0000906372,-0.0000906043,0.4015182450
0.5099337748,0.0008111275,0.0011720871,-0.0001812087,0.0012682308,-0.0004531448,-0.0006342878,1.5166479815
0.4904458599,0.0003235411,0.0007223237,-0.0005437245,-0.0011761513,0.0000000000,0.0003626802,-0.8630284632
0.6215139442,-0.0004510048,-0.0000562384,0.0003626802,0.0001811594,0.0001813401,0.0007250974,0.2323889361
0.6619217082,-0.0000193405,0.0003103258,0.0007250974,-0.0000905633,0.0000000000,-0.0003622860,1.2541871882
0.5490196078,0.0002555174,0.0005593037,-0.0003622860,-0.0003622860,0.0000000000,-0.0002718130,-0.7540286207
0.5833333333,0.0003068638,0.0006085579,-0.0002718130,-0.0001812087,0.0000000000,-0.0000906290,0.5902521592
0.6037735849,-0.0001934442,0.0001102437,-0.0000906290,0.0005437245,0.0001813072,0.0004531859,0.0315402600
0.6153846154,0.0001081342,0.0003739675,0.0004531859,-0.0001811430,0.0000906372,-0.0002717884,-0.2563938619
0.6043165468,-0.0002708867,-0.0000162109,-0.0002717884,0.0000000000,0.0000906290,0.0003624830,-0.5882527352
0.5813953488,-0.0002292118,-0.0000150101,0.0004531038,0.0000905879,0.0001812415,0.0000000000,2.1222438252
0.6153846154,-0.0006465951,-0.0004666265,-0.0000905797,0.0004528986,0.0000000000,0.0004529396,1.4404155116
0.6041666667,-0.0016319086,-0.0015169761,0.0005435275,0.0010864645,0.0006342303,0.0010865628,1.3134567586
0.6666666667,-0.0015614606,-0.0015852180,0.0009959258,0.0002713213,0.0001810938,0.0001808973,4.1829147634
0.6134969325,-0.0014115405,-0.0015580858,0.0001808973,0.0007233273,0.0008147746,0.0000904323,0.2029316520
0.6507936508,-0.0013749799,-0.0016232266,0.0000904323,-0.0002710517,0.0000904568,0.0001808482,-0.1475103753
0.6393442623,-0.0008021037,-0.0011417696,0.0002712723,-0.0002711252,-0.0003617945,-0.0003616310,0.4450171304
0.5961538462,-0.0004979123,-0.0008764717,-0.0004519978,0.0000000000,0.0001809627,-0.0001808809,-0.4522409942
0.6300813008,-0.0009635283,-0.0013535541,-0.0001808809,0.0002711987,-0.0001809300,0.0005427408,-0.4681478639
0.6491228070,-0.0009056190,-0.0013435771,0.0006331976,0.0002711252,0.0006333695,0.0000904077,3.0520880042
0.5846153846,-0.0009469209,-0.0014245944,0.0000000000,-0.0002710517,-0.0005425445,0.0001807991,-0.6018072220
0.5645161290,-0.0002590819,-0.0007771910,0.0000903996,-0.0000903751,0.0000904732,-0.0005422993,-0.5570540410
0.4929577465,-0.0003096275,-0.0008099803,-0.0004519570,-0.0002711497,0.0000904650,0.0000904323,0.8353564734
0.4705882353,-0.0005331201,-0.0010209771,0.0000904323,0.0001808155,0.0002713704,0.0002712723,-0.8883700926
0.4666666667,-0.0005414522,-0.0010356551,0.0001808482,0.0013558709,0.0002712968,0.0000903996,5.6320837292
0.4366197183,-0.0007291284,-0.0012297806,0.0002712232,-0.0010832280,0.0001808155,0.0002711742,-0.5472481418
0.3548387097,-0.0006169548,-0.0011386858,0.0000903832,0.0000903669,0.0000000000,0.0000000000,-0.1125588511
0.3571428571,-0.0004317108,-0.0009640589,0.0000000000,0.0000903587,-0.0000903914,-0.0000903669,2.3358759909
0.4222222222,-0.0000037949,-0.0005313390,0.0000000000,-0.0000903506,-0.0001807991,-0.0003615002,-0.4204348474
0.4166666667,-0.0000032111,-0.0004919805,-0.0004518753,-0.0004517936,-0.0001808318,0.0000000000,0.0705404173
0.4276729560,0.0008116130,0.0003584238,0.0000000000,0.0000000000,-0.0009043227,-0.0008136697,1.0703523564
0.3269230769,-0.0001274790,-0.0004820658,-0.0006329114,-0.0000903996,0.0004525706,0.0008143322,-0.3650196849
0.3636363636,-0.0001078668,-0.0004463573,0.0007237854,0.0002712232,0.0005428390,0.0000000000,-0.5986310633
0.3877551020,0.0002704568,-0.0000516815,0.0000904077,-0.0001807664,-0.0001808482,-0.0003616310,-0.8937064315
0.4146341463,0.0003193174,0.0000425911,-0.0004519978,-0.0000903996,-0.0005426427,-0.0000904404,18.9838443121
0.4722222222,0.0002701917,0.0000394362,-0.0000904404,-0.0002712232,0.0003619582,0.0000000000,-0.8855278403
0.5128205128,0.0001381626,-0.0000539288,0.0000000000,-0.0000904323,-0.0003618272,0.0000904486,0.4304588385
0.4794520548,0.0007504650,0.0005835185,0.0000904486,0.0004522022,-0.0000904895,-0.0006330831,68.2315111590
0.5000000000,0.0012692971,0.0011745231,-0.0006330831,-0.0008135961,-0.0007239819,-0.0006334842,0.8431709562
0.5147058824,0.0018905574,0.0019040691,-0.0006334842,-0.0007237854,-0.0011773229,-0.0008149959,0.9163343789
0.4878048780,0.0019629298,0.0021263136,-0.0008149959,-0.0005432322,-0.0003626802,-0.0003625159,-0.5663878637
0.4705882353,0.0016609406,0.0019688089,-0.0003625159,-0.0001811758,0.0000907029,0.0000000000,-0.4877784775
0.4605263158,0.0004077245,0.0008248685,-0.0000906618,0.0008154390,0.0000000000,0.0009972801,0.7161336113
0.5444444444,-0.0009218345,-0.0005035954,0.0011787107,0.0010863661,0.0014511155,0.0012680011,2.2429694561
0.6213017751,0.0005776220,0.0008917700,0.0012678863,0.0004521613,-0.0007245064,-0.0013568521,-0.7930388771
0.5634674923,0.0003981413,0.0007350667,-0.0014471780,-0.0016270451,0.0000906290,0.0000905797,0.3057572286
0.5013262599,0.0005181257,0.0008619165,0.0000000000,0.0001810774,0.0002718623,-0.0001811430,-0.5630413664
0.5121951220,0.0017088120,0.0020689255,-0.0001811594,-0.0007241785,-0.0012683457,-0.0012682308,-0.4073499810
0.4489311164,0.0004477387,0.0009170244,-0.0011777496,-0.0001811758,0.0000000000,0.0009977324,0.3202384147
0.4784172662,0.0001069891,0.0005771021,0.0009977324,0.0002718130,0.0010885341,0.0002718376,-0.2169198084
0.4912280702,-0.0001811852,0.0002625187,0.0003624502,0.0002717391,0.0001812251,0.0002717637,-0.2505300463
0.4574468085,-0.0001533106,0.0002430729,0.0000905797,0.0000905551,0.0002717884,0.0000000000,-0.3525858526
0.4488517745,-0.0002202677,0.0001344920,0.0000905715,0.0000000000,-0.0001811430,0.0000905633,0.4542929658
0.4180522565,-0.0004579213,-0.0001470957,0.0000000000,0.0004527345,0.0001811758,0.0002716653,0.9271513019
0.3624678663,-0.0005684299,-0.0003172033,0.0003622532,0.0000905059,0.0002717145,0.0001810610,-0.0009994344
0.3450704225,-0.0003905004,-0.0002032110,0.0002715915,0.0000000000,0.0000000000,-0.0000905141,0.0001045626
0.3725490196,-0.0003304234,-0.0001881584,-0.0001810119,-0.0001809955,0.0001810938,0.0000000000,-0.8094101297
0.3000000000,-0.0004605503,-0.0003552010,0.0000000000,0.0002715424,0.0000000000,0.0001810446,0.5306117477
0.3644859813,-0.0002992176,-0.0002384055,0.0001810446,-0.0000904895,0.0001810610,-0.0000905059,-0.9643730401
0.4424778761,-0.0006150179,-0.0005825914,-0.0000905059,0.0002714932,0.0000000000,0.0003620565,37.4458281147
0.4046511628,-0.0001585317,-0.0001775753,0.0003620565,-0.0000904732,-0.0006335988,-0.0003619254,1.3624196266
0.6444444444,-0.0003151134,-0.0003453873,-0.0005428882,0.0004524068,0.0000000000,0.0001810282,4.7271175554
0.5555555556,0.0000953911,0.0000422032,0.0003621220,-0.0003617618,0.0002717145,-0.0003619910,0.5030997469
0.4927536232,-0.0000098141,-0.0000514488,-0.0003619910,0.0000000000,0.0000905469,0.0000905305,0.0779224823
0.4615384615,-0.0001893146,-0.0002286410,0.0000905305,-0.0002714195,0.0000000000,0.0001810446,-0.6293021498
0.4594594595,-0.0000696896,-0.0001212097,0.0001810446,0.0000000000,-0.0005432322,-0.0000905059,1.8198062497
0.5095541401,0.0003031981,0.0002499158,-0.0001810119,-0.0001809955,-0.0002717637,-0.0003620565,0.0414544655
0.4642857143,-0.0005579152,-0.0005830435,-0.0003620893,0.0006335988,0.0006342878,0.0008149221,-0.8520467275
0.5714285714,-0.0033575033,-0.0034250806,0.0009961061,0.0040705563,0.0006338857,0.0028951416,6.9956080548
0.7262569832,-0.0013995925,-0.0017304767,0.0027139497,-0.0012612613,0.0016289593,-0.0014433920,-0.7453681282
0.5977011494,-0.0015450818,-0.0019629535,-0.0013533021,-0.0007216309,-0.0004517528,0.0003613696,-0.6313164464
0.6067415730,0.0001377784,-0.0003731325,0.0003613696,-0.0002708070,-0.0007231312,-0.0014449562,0.1331563195
0.5070422535,-0.0006968151,-0.0011585141,-0.0014449562,-0.0005417607,0.0000000000,0.0008139640,-0.5986143407
0.5291479821,-0.0013115997,-0.0017943361,0.0008139640,0.0017165056,0.0009950249,0.0007229351,-0.1039960298
0.5052790347,-0.0012000084,-0.0017515658,0.0007229351,-0.0006313131,0.0006325682,0.0000903016,-0.2690104307
0.5015197568,-0.0011055853,-0.0017119590,0.0000000000,-0.0004512228,0.0000903098,0.0000902935,-0.8646502540
0.4459234609,-0.0009354953,-0.0015851473,0.0000000000,0.0002708559,0.0000000000,0.0000000000,3.2971636287
0.4714285714,-0.0005208581,-0.0011971973,0.0001806032,-0.0001805217,-0.0001806032,-0.0002708559,1.3195456649
0.5333333333,-0.0000795158,-0.0007475470,-0.0002708559,-0.0003611086,-0.0004515896,-0.0003612390,-0.3275800602
0.5152979066,-0.0005187602,-0.0011433687,-0.0004515488,0.0000903098,0.0000903587,0.0004517120,0.4717650218
0.4693877551,-0.0007096635,-0.0013292194,0.0005421034,0.0004515080,0.0004517528,0.0002709048,-0.9745636694
0.4468085106,-0.0003297424,-0.0009601873,0.0002709048,0.0000000000,0.0000000000,-0.0002708315,5.8936896360
0.3452115813,-0.0000081102,-0.0006183250,-0.0003611086,-0.0003610434,-0.0003612390,-0.0002709048,-0.3285285285
0.4329608939,-0.0004582859,-0.0010236912,-0.0002709293,0.0004514673,0.0000903424,0.0004516304,0.0872770134
0.4407713499,-0.0006584579,-0.0012183881,0.0006323397,0.0005415162,0.0005420054,0.0002708559,5.9527934151
0.5737704918,-0.0007375452,-0.0013084227,0.0000902772,-0.0000902039,-0.0000902853,0.0001805217,4.2324720881
0.5185185185,-0.0015251460,-0.0021120421,0.0003610760,0.0010825440,0.0002708804,0.0009024456,-0.2396634762
0.5357142857,-0.0019204385,-0.0025851053,0.0007218914,0.0004505722,0.0009929590,0.0006311424,-0.4789795851
0.5806451613,-0.0018048738,-0.0025733650,0.0007213706,0.0000000000,0.0005410767,0.0001802127,-0.7377476286
0.5873015873,-0.0009871940,-0.0018432011,0.0001802127,0.0003602954,-0.0000901307,-0.0005405405,1.8681025760
0.5489614243,-0.0000240882,-0.0008961454,-0.0003603604,0.0009904556,-0.0013520822,-0.0008112493,19.8741968388
0.4805194805,-0.0014616645,-0.0022698799,-0.0009913482,-0.0011693802,0.0005415651,0.0014433920,-0.6474664745
0.5286783042,0.0011983349,0.0003312784,0.0013531800,-0.0002701729,-0.0011727560,-0.0024322133,4.4439829854
0.3846153846,-0.0005203529,-0.0012265052,-0.0023423423,-0.0007206558,0.0000000000,0.0015351273,-0.6030439030
0.4466858790,-0.0010707651,-0.0017656809,0.0015351273,0.0007211755,0.0017160405,0.0006311424,-0.1708174818
0.4052863436,-0.0012660010,-0.0019945962,0.0005409792,0.0002702459,0.0002704896,0.0003604253,-0.5909492230
0.3427230047,-0.0009812462,-0.0017569327,0.0006308011,0.0009005764,0.0003605553,-0.0000900739,0.7076615703
0.4127465857,-0.0006502384,-0.0014468862,-0.0003602305,-0.0008997661,-0.0000901063,-0.0001801639,-0.8225874468
0.4744525547,-0.0010002422,-0.0017893944,-0.0000900901,0.0006304035,-0.0000901144,0.0004504910,-0.2477391217
0.4857142857,-0.0009363321,-0.0017467470,0.0004504910,0.0000900009,0.0003604903,0.0000900576,0.1060939243
0.4503816794,-0.0007922810,-0.0016173583,0.0000900576,0.0004499640,0.0000900901,0.0000000000,0.2477287069
0.4521739130,-0.0011201349,-0.0019469251,0.0000000000,-0.0004497616,0.0003603279,0.0004502476,-0.7012474319
0.4661016949,-0.0014870574,-0.0023414979,0.0003601981,0.0003599712,0.0000000000,0.0005400540,1.0538954918
0.4388489209,-0.0009886649,-0.0018986847,0.0006301197,0.0000000000,0.0006303467,-0.0002698813,-0.8588087379
0.4803149606,-0.0007466451,-0.0016682068,-0.0003598417,-0.0001799208,-0.0000899928,-0.0000899847,-0.6804128984
0.4859611231,-0.0009015116,-0.0018141246,-0.0000899928,0.0003599064,0.0000000000,0.0002699784,0.2023995023
0.7741935484,-0.0011222877,-0.0020388853,0.0003600036,0.0002698327,0.0003600036,0.0003598740,1.4739851875
0.7142857143,-0.0008597692,-0.0017980823,0.0003598740,0.0000000000,-0.0001799370,-0.0000899361,6.0019582086
0.7142857143,-0.0009072223,-0.0018444477,-0.0001798723,0.0003596799,0.0002699541,0.0001798885,0.1190313848
0.6989247312,-0.0001382403,-0.0010790048,0.0002698570,-0.0002696629,-0.0008096438,-0.0006294964,4.8491548529
0.5701754386,-0.0001169725,-0.0009990785,-0.0005395683,-0.0003596475,0.0001800666,0.0000000000,0.1273847361
0.5531914894,0.0001710235,-0.0006552955,-0.0001799532,-0.0005396654,-0.0006301197,-0.0002699541,-0.4397215739
0.5384615385,0.0008654074,0.0001133986,-0.0001799856,0.0027897768,-0.0008106647,-0.0007200720,-0.2238537155
0.5106382979,0.0001016866,-0.0005251872,-0.0005400540,-0.0022435610,0.0005408816,0.0006305170,-0.7287065877
0.5400000000,-0.0009032512,-0.0014750120,0.0004502882,0.0036877136,-0.0022524552,0.0009901881,17.7879798309
0.5892857143,0.0027525585,0.0021489793,0.0009901881,-0.0030468680,-0.0009933177,-0.0035071942,2.3721162564
0.3787575150,0.0004331313,0.0000944807,-0.0035071942,-0.0009887640,0.0006327398,0.0018951358,-0.0932878311
0.4485981308,0.0018102865,0.0015308702,0.0018951358,0.0026093216,0.0013550136,-0.0014411818,-0.5139940305
0.3934426230,0.0027981686,0.0026837156,-0.0013511079,-0.0050255766,-0.0019846640,-0.0012628541,-0.5822658590
0.4172185430,0.0017343592,0.0018515258,-0.0013529359,-0.0000901957,0.0003615656,0.0006322254,-0.9093049944
0.4329896907,0.0013771495,0.0016239683,0.0006322254,-0.0004510193,0.0009939460,0.0000902609,-0.7843034544
0.3602941176,0.0009845972,0.0013229302,0.0000902609,0.0001804891,0.0000902690,0.0001805054,-0.6962220740
0.3602941176,0.0011944976,0.0015864536,0.0001805054,0.0000000000,-0.0000902609,-0.0003609457,0.7237548749
0.3684210526,0.0030933381,0.0035525013,-0.0003609457,-0.0004511414,-0.0031594151,-0.0020761870,2.0566561141
0.3482233503,0.0033435139,0.0040159136,-0.0020761870,-0.0010832280,-0.0002716653,-0.0007236545,-0.4098841080
0.3379310345,0.0039196527,0.0048099312,-0.0007236545,-0.0016266040,-0.0009057971,-0.0010862678,-0.0703689278
0.3301251203,0.0023174908,0.0034533693,-0.0009957455,0.0001810282,0.0005439710,0.0009968283,-0.2092814847
0.3477038425,0.0026871440,0.0039246506,0.0009967379,-0.0002714932,0.0000000000,-0.0007242441,-0.4841509981
0.3514644351,0.0017292205,0.0030886801,-0.0008147008,-0.0002715669,0.0000000000,0.0005435767,0.4428429636
0.3971631206,0.0011912223,0.0025875454,0.0006341729,0.0005432814,0.0007249003,0.0002716407,0.3795118520
0.2916666667,0.0007361905,0.0021237317,0.0001810774,0.0000904977,0.0002716407,0.0002715669,-0.7137730094
0.2907488987,0.0004418549,0.0017850996,0.0002715669,0.0003619582,0.0002715669,0.0001809955,4.0326580404
0.2845528455,0.0001024054,0.0013810511,0.0000904977,0.0000904568,0.0000904977,0.0002714441,0.3897940992
0.2605042017,0.0005391786,0.0017318183,0.0003619582,0.0000000000,-0.0000904895,-0.0004522840,-0.0487843924
0.3000000000,0.0002751828,0.0014222826,-0.0004522840,-0.0002713459,0.0000000000,0.0001809955,-0.7955040750
0.3000000000,-0.0002194606,0.0008641306,0.0002714932,0.0005428390,0.0001809955,0.0004524068,0.6775576100
0.2808988764,-0.0001856974,0.0008001209,0.0003618927,0.0000904241,0.0002714441,0.0000000000,0.3580443321
0.3465346535,0.0000237566,0.0009219003,0.0000000000,-0.0000904159,-0.0000904568,-0.0001808809,-0.7928511660
0.3932584270,0.0000201018,0.0008536114,-0.0001808809,-0.0002712723,-0.0000904650,0.0000000000,-0.0347780545
0.4666666667,-0.0006157985,0.0001570838,-0.0000904568,0.0005426918,0.0000000000,0.0006331976,0.8010321002
0.4366197183,-0.0008823395,-0.0002160722,0.0007237199,0.0009039957,0.0007237854,0.0003615983,0.6537375524
0.5263157895,0.0001572160,0.0007042385,0.0006327970,-0.0002709538,-0.0007232619,-0.0009036689,2.8792881908
0.3901345291,0.0001330289,0.0006520727,-0.0012647936,-0.0009937664,-0.0000904732,0.0000000000,-0.7299563008
0.3959390863,0.0002030299,0.0006942824,0.0000904568,-0.0000904323,-0.0090481361,-0.0000904486,2.5173699887
0.4600000000,0.0005338149,0.0010050450,-0.0000904486,0.0000000000,0.0088568298,-0.0003618272,-0.8223631475
0.4883720930,0.0004516895,0.0009305972,-0.0003618272,-0.0002713213,0.0001810119,0.0000000000,-0.5854748306
0.5056179775,-0.0000702171,0.0004090313,0.0000000000,0.0004523250,0.0000000000,0.0004524477,8.2392677038
0.5197740113,0.0004835397,0.0009219247,0.0004524477,0.0000904241,-0.0012668537,-0.0005426918,0.2186892868
0.5329949239,0.0004996919,0.0009442172,-0.0001808973,-0.0000904159,0.0006342303,-0.0000904977,-0.5197548259
0.5714285714,0.0005133686,0.0009648684,-0.0002713950,-0.0007233927,0.0003621876,-0.0000905059,-0.8822509953
0.5989304813,0.0002533147,0.0007122395,-0.0002714686,0.0000000000,-0.0000905141,0.0001810282,0.6696096029
0.5400000000,0.0000333417,0.0004783990,0.0002715424,0.0001809791,0.0001810446,0.0001809955,-0.5328598593
0.5106382979,-0.0000622635,0.0003524488,0.0000904895,0.0000000000,0.0001810119,0.0000904814,5.2865772970
0.4221105528,0.0000377921,0.0004168523,0.0000000000,0.0000904732,0.0000904895,-0.0000904732,-0.5360676142
0.4216867470,-0.0001489578,0.0002049746,0.0001809627,0.0000904650,0.0000000000,0.0001809627,-0.5717956305
0.5070422535,-0.0003973284,-0.0000815816,0.0000904650,0.0002713704,0.0001809627,0.0002713950,3.7588538128
0.5172413793,-0.0003362009,-0.0000755385,0.0000904568,-0.0000904323,0.0001809300,0.0000000000,-0.5996195519
0.4901960784,-0.0001036156,0.0001109579,0.0000000000,0.0000000000,-0.0000904486,-0.0001808809,0.0171728040
0.5319148936,-0.0001781154,0.0000122809,-0.0000904486,0.0000904404,0.0000000000,0.0000904568,1.5947990516
0.5095541401,-0.0002411399,-0.0000790703,0.0000904568,0.0000000000,0.0000000000,0.0000904486,0.4549851710
0.4379562044,-0.0004752338,-0.0003444411,0.0000904486,0.0006330259,0.0000904568,0.0002713213,1.3812992671
0.6000000000,-0.0003117332,-0.0002285317,0.0002713213,-0.0003615002,0.0002713459,-0.0000904159,-0.6506972188
0.6000000000,-0.0006252444,-0.0005730925,-0.0000904159,0.0003616310,0.0000000000,0.0003616964,-0.2527188054
0.6129032258,-0.0000771309,-0.0000787198,0.0003616964,0.0002711252,-0.0005425445,-0.0004519570,2.5924993669
0.4857142857,0.0001156209,0.0001079954,-0.0005423484,-0.0008131550,0.0000904732,-0.0001808645,-0.7433230092
0.4934210526,-0.0000830492,-0.0000808869,0.0000000000,0.0000000000,0.0000904650,0.0001808973,-0.2275074010
0.5095541401,-0.0003414766,-0.0003460982,0.0000904404,0.0001808482,0.0001809136,0.0002712968,4.4218281745
0.4871794872,-0.0001081458,-0.0001396711,0.0001808645,0.0001808155,0.0000000000,-0.0001808155,-0.4267826513
0.5029585799,-0.0000010840,-0.0000389045,-0.0001808318,-0.0003615656,-0.0003617618,-0.0000904241,-0.3416800211
0.5185185185,-0.0000913412,-0.0001264435,-0.0000904323,0.0000904241,0.0002714195,0.0000904323,-0.5645988299
0.4972375691,-0.0002580902,-0.0002978716,0.0002713213,0.0002712477,0.0003617945,0.0001808482,1.0727614472
0.4913294798,-0.0003087639,-0.0003661817,0.0001808318,0.0002711742,-0.0000904159,0.0000904077,6.9394884531
0.4913294798,0.0000099397,-0.0000678768,0.0000000000,-0.0000903669,-0.0007233927,-0.0002711987,-0.4623605355
0.4948453608,-0.0000820062,-0.0001532592,-0.0002711987,-0.0002711252,0.0005429373,0.0000904241,-0.9489166817
0.4615384615,-0.0004308977,-0.0005033882,0.0000904241,0.0002711987,0.0002713213,0.0003616637,6.3699694503
0.4639175258,-0.0007258762,-0.0008273340,0.0004520796,0.0002711252,0.0003616637,0.0003615329,-0.5126547248
0.4639175258,-0.0003432443,-0.0004951325,0.0001807501,0.0000000000,-0.0000903832,-0.0002710517,-0.2634301152
0.5056179775,-0.0004711024,-0.0006390906,-0.0002710762,-0.0000903506,-0.0000903914,0.0001807501,1.1077795948
0.4968944099,-0.0003082943,-0.0005014372,0.0002711497,0.0000000000,0.0002711987,-0.0000903587,-0.1904841075
0.5294117647,0.0003719391,0.0001683811,-0.0001807174,-0.0001807174,-0.0006326254,-0.0006325682,-0.0426970600
0.4306220096,0.0004956555,0.0003368175,-0.0005422503,-0.0004518753,-0.0001808645,-0.0001808482,-0.4710108209
0.4306220096,0.0007814453,0.0006738736,-0.0000904241,-0.0001808318,-0.0009044863,-0.0003617618,14.9998802626
0.3913043478,0.0017487997,0.0017114933,-0.0003617291,-0.0002712968,-0.0004526525,-0.0010856781,-0.6665270525
0.3379310345,0.0008452172,0.0009501131,-0.0011760449,-0.0003618272,-0.0000905715,0.0006340005,5.7918179660
0.4092307692,0.0020757138,0.0022404881,0.0006340005,-0.0002714686,-0.0009057971,-0.0013577118,0.8656702196
0.3799472296,0.0013025970,0.0016206057,-0.0013577118,-0.0008146271,-0.0000906618,0.0004531859,0.7519323609
0.3788235294,0.0015558828,0.0019544267,0.0004531859,0.0003623517,0.0003626802,-0.0004529806,1.0186077241
0.4180522565,0.0008629393,0.0013558540,-0.0004529806,0.0000000000,0.0000000000,0.0004531859,-0.7447955512
0.4289044289,0.0010929600,0.0016183914,0.0004531859,-0.0004527755,-0.0007250974,-0.0003623845,1.0958054702
0.4464751958,0.0006527479,0.0012262902,-0.0003623845,0.0000000000,0.0004535147,0.0002718869,-0.1093155840
0.4131455399,0.0002804359,0.0008634062,0.0001812579,0.0005435767,0.0003626473,0.0002718130,-0.5679275677
0.4239631336,0.0005998281,0.0011621901,0.0003624502,0.0000905469,0.0000906290,-0.0003623188,-0.6688162110
0.4097995546,0.0004168965,0.0009854001,-0.0003623188,-0.0007243096,-0.0001812415,0.0000906125,-0.4182896441
0.3783783784,0.0009876153,0.0015476194,0.0000000000,0.0000000000,-0.0002719115,-0.0006342303,-0.7067081222
0.3544303797,0.0012895682,0.0018871455,-0.0004530627,-0.0005436260,-0.0007252947,-0.0004533092,6.9211640447
0.3500000000,0.0010911731,0.0017473570,-0.0005439217,-0.0001813072,0.0000907276,0.0000000000,-0.3709189624
0.3750000000,0.0004695726,0.0011638806,-0.0000907029,0.0001813401,0.0000907194,0.0004535147,-0.3578719383
0.3548387097,0.0002159679,0.0008961810,0.0005442671,0.0002719608,0.0005442671,0.0001813237,-0.2020777660
0.4067796610,0.0003640988,0.0010112714,0.0001813237,-0.0001812579,-0.0002719855,-0.0001812908,0.6049890214
0.4130434783,0.0002174021,0.0008456239,-0.0002719362,0.0000000000,0.0001813730,0.0000906618,1.5507318935
0.3937007874,0.0003653291,0.0009644672,0.0002720102,0.0001812908,0.0000000000,-0.0001813072,-0.4982665248
0.3846153846,0.0001277613,0.0007115560,-0.0001812908,-0.0001812579,0.0000000000,0.0001813401,-0.9586354177
0.3777777778,-0.0000731882,0.0004774544,0.0001813237,0.0002719362,0.0002720102,0.0001813072,1.2697230671
0.3636363636,-0.0003337493,0.0001701296,0.0000906454,0.0004531038,0.0000906454,0.0002719115,1.0325806688
0.3636363636,-0.0010970215,-0.0006574493,0.0003625487,0.0004528986,-0.0002719115,0.0008155129,5.3938559078
0.4385964912,0.0003397236,0.0006596286,0.0006342303,-0.0000905387,0.0000906618,-0.0012675419,4.9777741551
0.3636363636,0.0002874584,0.0006107672,-0.0011771097,-0.0009960159,-0.0003626145,0.0000000000,0.1188596105
0.3735408560,0.0000619156,0.0003841483,0.0000000000,0.0004531859,-0.0000906865,0.0001813072,-0.5478523517
0.3513513514,-0.0001288609,0.0001743869,0.0002719608,-0.0000905961,0.0001813894,0.0001812744,-0.4736080584
0.3414634146,0.0007071273,0.0009778537,0.0000906290,0.0000906043,-0.0006347479,-0.0008155868,3.7063507399
0.2987012987,0.0006890957,0.0009962051,-0.0008155868,-0.0006341729,0.0000907359,-0.0000906947,1.6731360177
0.3488372093,0.0011279125,0.0014674285,-0.0001813894,-0.0000906536,-0.0003629105,-0.0005442177,0.0475548732
0.3191489362,0.0009543875,0.0013587301,-0.0004535559,-0.0005439710,-0.0004538029,0.0000000000,-0.9118389307
0.3424657534,0.0004443880,0.0008947492,-0.0000907523,0.0001814224,0.0004540089,0.0003630093,-0.5235244983
0.3137254902,0.0001945465,0.0006469153,0.0004538029,0.0000906947,0.0001815211,0.0001814388,0.3125464160
0.3137254902,0.0004368440,0.0008713416,0.0000907194,0.0000000000,0.0001814882,-0.0002721088,0.1909776079
0.3571428571,0.0003696372,0.0008067978,-0.0001814224,-0.0001813730,-0.0002721829,0.0000000000,0.1769076687
0.3653846154,0.0004943149,0.0009286588,0.0000000000,-0.0001814059,0.0000907523,-0.0001814553,-0.8607404918
0.3000000000,0.0007815266,0.0012232897,-0.0001814553,-0.0001814388,-0.0005444646,-0.0003629764,3.0071164660
0.3750000000,0.0007521370,0.0012235637,-0.0004537205,-0.0002722076,0.0000907935,-0.0000907771,-0.6804861160
0.4022988506,0.0005455888,0.0010420495,0.0000000000,-0.0000907606,0.0000000000,0.0000907853,0.3888533453
0.3772455090,0.0004616521,0.0009648606,0.0000907853,0.0000000000,-0.0000907853,0.0000000000,0.3801456149
0.3858267717,0.0005722867,0.0010751388,0.0000000000,0.0000000000,-0.0001815871,-0.0001815541,2.7449507939
0.4622641509,-0.0009670492,-0.0004565345,-0.0001815541,0.0012707634,-0.0027243008,0.0014526966,0.0152231243
0.6571428571,-0.0009088518,-0.0005133324,0.0013619030,0.0004532681,0.0042797305,0.0000906618,-0.6658147686
0.6666666667,-0.0008596041,-0.0005659101,0.0002720102,-0.0001812251,0.0000906701,0.0000906536,-0.5499592078
0.6345177665,-0.0010895439,-0.0008862511,0.0000000000,0.0002718869,0.0000906618,0.0003625816,0.1968940848
0.6345177665,-0.0009219217,-0.0008206028,0.0003625816,0.0002718130,0.0002719608,0.0000000000,2.1801287816
0.6571428571,-0.0009611385,-0.0009408720,-0.0001812251,0.0000000000,0.0000000000,0.0001812251,0.9405678903
0.6493506494,-0.0007227404,-0.0007806524,0.0003625159,0.0004528986,0.0000906290,-0.0000905961,-0.2642112375
0.6756756757,-0.0005209925,-0.0006322793,-0.0000905961,-0.0005432322,-0.0002718623,-0.0000906043,0.9902715671
0.6983240223,-0.0003502590,-0.0004948761,-0.0000906043,0.0001811758,0.0001812908,-0.0000906125,-0.1896488844
0.7763975155,-0.0007491373,-0.0009109096,-0.0000906125,0.0000905715,-0.0002718869,0.0004531038,-0.0613124942
0.7741935484,-0.0006338854,-0.0008434348,0.0004531038,0.0004528165,0.0007252289,0.0000000000,-0.6054004093
0.7945205479,0.0019139685,0.0016687753,0.0000000000,-0.0004526116,-0.0034423408,-0.0024456522,2.6061963803
0.4302670623,0.0022565586,0.0021821617,-0.0024456522,-0.0022640826,0.0002727025,-0.0006356125,0.7983211334
0.3950953678,0.0019093957,0.0020205201,-0.0006356125,-0.0006353817,-0.0006361323,0.0000000000,-0.3456749157
0.2600000000,0.0015246445,0.0017798307,0.0000908595,0.0001816530,0.0006365372,0.0000908595,0.4871769306
0.2600000000,0.0011081799,0.0014660225,-0.0000908513,0.0000000000,0.0000000000,0.0001817026,-0.5995867199
0.2745098039,0.0006650051,0.0010846283,0.0002725786,0.0002724301,0.0003635042,0.0002725043,-0.3604908752
0.2600000000,0.0004718438,0.0009133925,0.0002725043,0.0000907853,0.0002725291,0.0000908100,0.3141293934
0.2397260274,0.0004900987,0.0009366207,0.0000908100,0.0003631082,0.0000908183,-0.0000908018,-0.7037333968
0.2748091603,0.0005964273,0.0010490519,0.0000000000,-0.0004537205,-0.0001816201,-0.0001816201,-0.6469135927
0.2696629213,0.0004138051,0.0008804379,-0.0002724053,-0.0002723559,-0.0002724796,0.0000908265,0.0306199315
0.2218430034,0.0004410011,0.0009061208,0.0000908265,0.0003632401,0.0002725538,-0.0000908183,-0.6726752551
0.2218430034,0.0003731548,0.0008390008,-0.0000908183,-0.0001815541,-0.0000908265,0.0000000000,0.0069805423
0.1739130435,0.0005883863,0.0010496181,0.0000000000,-0.0002723806,-0.0002725043,-0.0002724796,-0.6327860876
0.1897233202,-0.0000472166,0.0004265285,-0.0003633061,0.0001816365,0.0000000000,0.0005451077,1.8931990040
0.4545454545,-0.0000399525,0.0003949338,0.0006360167,0.0000000000,0.0004542977,0.0000000000,1.0899503069
0.5714285714,-0.0001245965,0.0002748527,-0.0000908018,0.0000908018,0.0000000000,0.0000908018,-0.6424142895
0.5504587156,-0.0003777055,-0.0000178825,0.0001816201,0.0003631741,0.0001816365,0.0002723806,1.3630382796
0.5811965812,-0.0004103285,-0.0001073170,0.0002723806,0.0001815211,0.0002724053,0.0000907688,0.4602774557
0.5663716814,0.0005609138,0.0008089724,0.0000000000,-0.0001814882,-0.0007262164,-0.0009076057,-0.2224838458
0.3892215569,0.0008382960,0.0011128250,-0.0008169193,-0.0008168452,-0.0003633721,-0.0003633721,1.1867840912
0.4067796610,0.0001639817,0.0004848729,-0.0002725291,0.0001816695,-0.0000908760,0.0005452563,0.5451056169
0.4285714286,0.0004113454,0.0007216326,0.0004543389,0.0000908183,0.0003635372,-0.0002724796,-0.6710204009
0.4166666667,-0.0003784736,-0.0000585893,-0.0002724796,0.0003632401,0.0000000000,0.0007268102,0.7064314226
0.4980079681,0.0001337403,0.0003998586,0.0007268102,0.0000000000,0.0001817026,-0.0004539265,-0.0010214731
0.4545454545,-0.0009756900,-0.0007188953,-0.0005447118,0.0007262164,-0.0000908348,0.0010899183,5.3488967063
0.5138888889,-0.0020026810,-0.0018429294,0.0010900173,0.0010885341,0.0011809593,0.0011794593,-0.4533340055
0.5319148936,-0.0018754778,-0.0018873155,0.0011795663,0.0003624502,0.0008166228,0.0001812415,0.3970864948
0.5111111111,-0.0013154874,-0.0014761026,0.0001812579,-0.0002717391,-0.0000906618,-0.0002718130,1.3957999673
0.5348837209,-0.0015655401,-0.0018190822,-0.0001812251,0.0002718130,0.0004533503,0.0004531448,-0.7390338182
0.5555555556,-0.0024091239,-0.0027683810,0.0004531448,0.0011775362,0.0004531448,0.0010870550,0.3196399224
0.5959595960,-0.0023995791,-0.0029242155,0.0010870550,0.0002714195,0.0006341154,0.0003619582,0.0407815388
0.6078431373,-0.0028422105,-0.0035188534,0.0004524477,0.0007235890,0.0007242441,0.0008141113,-0.0942673777
0.6778042959,-0.0027654804,-0.0036184224,0.0007235890,0.0003615329,0.0009046499,0.0003615329,-0.8662565675
0.6716417910,-0.0026103660,-0.0036204614,0.0003615329,0.0008131550,0.0002711497,0.0002710517,0.6820655309
0.6625766871,-0.0021186365,-0.0032622477,0.0003614022,-0.0004513858,0.0002710762,-0.0000903261,-0.5371634339
0.7058823529,-0.0018828566,-0.0031106529,-0.0001806358,-0.0000903179,-0.0000903342,0.0000903342,0.5992230461
0.6842105263,-0.0024941942,-0.0037800806,0.0000903342,0.0009032608,0.0000903424,0.0009032608,0.5239650695
0.7731958763,-0.0023805612,-0.0037697877,0.0009032608,0.0007219565,0.0009936766,0.0002707337,0.1008843587
0.7500000000,-0.0024643101,-0.0039398676,0.0002707337,0.0000000000,0.0002707337,0.0004511007,-0.3459968964
0.7250000000,-0.0020851854,-0.0036480255,0.0004511007,0.0000000000,0.0003608805,0.0000000000,-0.7846807980
0.7368421053,-0.0017643877,-0.0033778014,0.0000000000,0.0000901795,0.0000000000,0.0000000000,2.1339272790
0.8484848485,-0.0006818817,-0.0023178600,0.0000000000,0.0000000000,-0.0009018759,-0.0008116151,3.3909098359
0.5312500000,0.0001451496,-0.0014251740,-0.0008116151,-0.0009017133,-0.0007221520,-0.0007220217,-0.4642739712
0.4482758621,-0.0011401903,-0.0025807931,-0.0007220217,0.0005415162,-0.0002710027,0.0012644509,1.5929092892
0.5051546392,-0.0010548851,-0.0024796035,0.0012644509,0.0001804077,0.0013553809,0.0000902039,0.5008706103
0.4606741573,-0.0008925951,-0.0022959291,0.0001804077,0.0005411255,0.0000000000,0.0000000000,0.4584556461
0.4683544304,-0.0003044314,-0.0016756374,-0.0001803752,-0.0003605553,-0.0001804728,-0.0004509786,-0.5357509770
0.4963503650,0.0000131170,-0.0012811536,-0.0002706116,-0.0003606853,-0.0003610108,-0.0002707093,1.4360630825
0.4755244755,-0.0005301790,-0.0017268833,-0.0004511414,-0.0000902039,0.0000902853,0.0005415651,0.2198184170
0.5098039216,-0.0008091690,-0.0019591071,0.0007221520,0.0009923320,0.0008124944,0.0003608480,0.0514636266
0.4680851064,-0.0003240805,-0.0014537946,0.0002706116,-0.0006308580,-0.0003608154,-0.0003607178,0.3552088908
0.5084745763,-0.0002742220,-0.0013461061,-0.0003607178,-0.0000901795,-0.0000902364,0.0000000000,-0.5206484838
0.5186721992,-0.0003222169,-0.0013364860,0.0000000000,-0.0000901876,0.0000902446,0.0000902120,-0.6701044810
0.4727272727,-0.0001824577,-0.0011473866,0.0001804240,0.0000000000,0.0002707093,-0.0000902039,-0.4648502665
0.5098039216,0.0002065352,-0.0007018003,-0.0001803914,-0.0000901957,-0.0004510600,-0.0003608480,-0.0098711750
0.5551601423,0.0003553138,-0.0004694107,-0.0003608480,-0.0003608154,-0.0001805054,-0.0001804891,0.0870860149
0.6215139442,0.0005715875,-0.0001639013,-0.0001804891,-0.0002707093,-0.0003610760,-0.0002707826,-0.2324167808
0.4883720930,0.0006643415,0.0000288153,-0.0002707826,-0.0001805217,-0.0000903016,-0.0001805706,0.0637589233
0.5500000000,0.0004717909,-0.0000636150,-0.0001805706,-0.0001805543,0.0000903098,0.0000903016,-0.8021408497
0.5000000000,0.0004895454,0.0000313935,0.0000000000,0.0000000000,0.0000000000,-0.0000902935,-0.5128962820
0.5454545455,0.0003238998,-0.0000612280,0.0000903016,0.0000000000,0.0000000000,0.0000903016,1.0386241962
0.5170454545,-0.0000870733,-0.0004177156,0.0000000000,0.0003611738,0.0000000000,0.0003611738,0.4318740701
0.4753086420,-0.0000736774,-0.0003867737,0.0002708804,0.0000000000,0.0003612064,0.0000000000,-0.8251682796
0.4188034188,0.0000279210,-0.0002678871,0.0000000000,0.0000000000,0.0000000000,-0.0000902609,2.0477653631
0.4666666667,-0.0003373288,-0.0006088998,0.0000902690,0.0002707826,0.0000000000,0.0003610760,0.5788857320
0.5238095238,-0.0001952132,-0.0004736024,0.0002707826,0.0000000000,0.0001805380,-0.0000902364,-0.2693540585
0.5714285714,-0.0011567223,-0.0014297916,-0.0000902364,0.0009926006,0.0000000000,0.0009926902,1.1181510024
0.6774193548,0.0001032074,-0.0002422824,0.0009926902,0.0004507347,-0.0027075812,-0.0010818608,4.3110183142
0.5719844358,-0.0000931593,-0.0004047679,-0.0011720159,-0.0014417012,0.0025339367,0.0001805054,-0.5097111815
0.5348837209,-0.0002592531,-0.0005551578,0.0002707826,0.0001804728,0.0002708070,0.0001804728,-0.2786368765
0.5122950820,-0.0000389348,-0.0003336549,0.0000902364,0.0000000000,0.0000902446,-0.0001804403,-0.3579506943
0.5122950820,0.0002378288,-0.0000382408,-0.0000902283,-0.0001804403,-0.0002707093,-0.0002707093,0.7205542127
0.5454545455,0.0001109689,-0.0001256577,-0.0002707093,-0.0000902364,0.0000000000,0.0000902609,-0.6750010042
0.4844961240,0.0000938968,-0.0001163497,0.0000902609,0.0000000000,0.0000902609,0.0000000000,-0.4029829993
0.5128205128,0.0000794511,-0.0001077312,0.0000000000,0.0000000000,-0.0000902527,0.0000000000,1.3008513832
0.5128205128,0.0002477780,0.0000807689,0.0000000000,0.0000000000,-0.0001805217,-0.0001805054,-0.6292370641
0.5333333333,0.0002999544,0.0001650699,-0.0000902527,-0.0001804891,-0.0001805543,-0.0000902690,3.6014099717
0.5333333333,0.0002538076,0.0001528425,-0.0002707826,-0.0000902609,0.0000902935,0.0000000000,-0.4290312118
0.5333333333,0.0002147602,0.0001415208,0.0000902853,0.0000000000,0.0000902853,0.0000000000,-0.1062901665
0.5000000000,-0.0004499355,-0.0005005859,0.0000000000,0.0011734970,0.0000000000,0.0006319401,3.2587484141
0.4285714286,-0.0002905207,-0.0003733190,0.0005416629,-0.0006311424,0.0005416629,-0.0000902201,-0.9014701573
0.6250000000,-0.0001556110,-0.0002554605,0.0000000000,0.0009924215,-0.0006315979,-0.0000902283,2.4046405084
0.6666666667,-0.0001316709,-0.0002365375,-0.0000902283,-0.0010815683,0.0005417118,0.0000000000,-0.7082166757
0.7058823529,-0.0001114138,-0.0002190162,0.0000000000,0.0000000000,0.0000000000,0.0000000000,0.2080680853
0.7142857143,-0.0001844930,-0.0002930028,0.0000902364,0.0000000000,0.0000000000,0.0000902364,-0.5941640071
0.7058823529,-0.0001561094,-0.0002712989,-0.0000902283,0.0000000000,0.0000000000,0.0000000000,0.9163916809
0.7619047619,-0.0000418681,-0.0001609889,0.0000000000,0.0000000000,0.0000000000,-0.0000902283,0.1274863601
0.7692307692,-0.0001256519,-0.0002392786,0.0000000000,0.0000000000,0.0000000000,0.0000902364,-0.5197453496
0.7142857143,-0.0000160941,-0.0001313379,0.0000000000,0.0000000000,0.0000000000,-0.0000902283,0.1414420781
0.7500000000,-0.0000136180,-0.0001216091,0.0000902364,0.0000000000,0.0000000000,0.0000000000,0.4751454342
0.7500000000,-0.0001017502,-0.0002028192,-0.0000902283,0.0000000000,0.0000000000,0.0000902364,-0.2513476943
0.7142857143,-0.0001763087,-0.0002779987,0.0000000000,0.0000902283,0.0000000000,0.0000902283,6.2648772991
0.6875000000,-0.0000589695,-0.0001672012,0.0000902364,0.0000000000,0.0000000000,-0.0000902201,0.0266734606
0.5000000000,-0.0001401129,-0.0002450221,0.0000000000,0.0000000000,0.0000902364,0.0000902283,-0.7097026675
0.5000000000,-0.0001185570,-0.0002268723,0.0000000000,0.0000000000,0.0000000000,0.0000000000,-0.1107842568
0.5000000000,0.0000801372,-0.0000296320,0.0000000000,0.0000000000,-0.0000902283,-0.0001804403,1.4312886854
0.4444444444,0.0000678084,-0.0000274370,-0.0000902283,0.0000000000,0.0000000000,0.0000000000,-0.1002622233
0.4444444444,0.0001476261,0.0000648376,0.0000000000,-0.0000902201,-0.0001804728,-0.0000902364,0.8959039473
0.4545454545,0.0002151784,0.0001502929,-0.0000902364,-0.0001804566,0.0000000000,-0.0000902446,-0.5853217472
0.4615384615,0.0003626449,0.0003197233,-0.0000902446,0.0000000000,-0.0001805054,-0.0001805054,0.4375363042
0.4285714286,0.0002165648,0.0002057525,-0.0001805054,-0.0000902446,-0.0000902690,0.0000902690,0.1266754249
0.4285714286,0.0002735327,0.0002807978,0.0000902690,0.0002707581,-0.0015347116,-0.0000902609,3.1905408985
0.4285714286,-0.0000393456,-0.0000108062,-0.0000902609,-0.0001804566,0.0015370705,0.0002708070,-0.5244278171
0.5121951220,-0.0000332924,-0.0000100057,0.0002708070,0.0000902446,0.0002708315,0.0000000000,-0.4046087525
0.5294117647,0.0000620796,0.0000809873,0.0000000000,0.0000000000,0.0000000000,-0.0000902446,-0.3215302807
0.5645161290,0.0002330764,0.0002555398,0.0000000000,-0.0000902364,-0.0003610108,-0.0001805054,0.8863883124
0.5384615385,-0.0001637984,-0.0001244201,-0.0002707337,0.0001804891,0.0001805706,0.0003610760,-0.5382415350
0.6511627907,-0.0002288144,-0.0002054217,0.0004513450,0.0000000000,0.0002708070,0.0000902364,-0.0317477859
0.6116504854,-0.0003740012,-0.0003705950,0.0000000000,0.0001804566,0.0000902446,0.0001804566,1.5343428579
0.6226415094,-0.0003164626,-0.0003431435,0.0001804566,0.0000902120,0.0001804728,0.0000000000,-0.8075379058
0.6226415094,-0.0001775801,-0.0002275340,0.0000000000,0.0000000000,0.0000000000,-0.0000902120,0.6302628930
0.6226415094,-0.0014115591,-0.0014719024,0.0000000000,0.0010824463,0.0000000000,0.0012630819,1.1053267553
0.7485029940,-0.0011943961,-0.0013628726,0.0012629680,0.0000901063,0.0012630819,0.0000000000,-0.8027153181
0.7692307692,-0.0003801384,-0.0006315732,-0.0000900982,0.0000000000,-0.0006307443,-0.0006307443,13.5979779958
0.6666666667,-0.0018515918,-0.0021143235,-0.0005406380,0.0008108839,0.0000000000,0.0015327743,-0.4126162094
0.7130434783,-0.0018363112,-0.0022271811,0.0015326361,0.0005401512,0.0012622847,0.0002700756,3.0085402475
0.7130434783,-0.0022721730,-0.0027802101,0.0000900171,0.0005398596,0.0004502476,0.0007200072,0.8089608745
0.7179487179,-0.0014735898,-0.0021255437,0.0008100810,0.0001798561,0.0002700270,-0.0004496807,0.0036987097
0.6511627907,-0.0015164042,-0.0022374219,-0.0004496807,-0.0000899119,0.0000899847,0.0002699298,0.1067967416
0.6000000000,-0.0014627527,-0.0022511866,0.0001799532,-0.0000899200,-0.0002699298,0.0001799047,-0.1064726754
0.5905511811,-0.0012377139,-0.0020844320,0.0002698813,0.0006294964,0.0000900009,0.0000000000,0.5749866692
0.6176470588,-0.0014065349,-0.0022889508,0.0000000000,0.0004493574,0.0004499640,0.0003597446,-0.0373897377
0.6270491803,-0.0011003401,-0.0020296776,0.0004496807,-0.0004491556,0.0000899523,-0.0000899038,-0.5080484370
0.6754966887,-0.0010208771,-0.0019690659,-0.0001797914,0.0007189719,0.0001798885,0.0000899119,-0.3149592470
0.6000000000,-0.0015819117,-0.0025406123,0.0001798238,-0.0002694207,0.0002697842,0.0007192304,-0.4649828112
0.5702479339,-0.0012488137,-0.0022627829,0.0007191658,0.0000000000,0.0006293266,-0.0000898392,-0.4366136867
0.6216216216,-0.0010566885,-0.0020951694,-0.0000898311,0.0002694934,-0.0000898473,0.0000000000,0.8464423624
0.7113402062,-0.0008043461,-0.0018502906,-0.0000898392,-0.0003592277,0.0000000000,-0.0000898473,-0.6595642283
0.6744186047,-0.0013984379,-0.0024303277,-0.0000898473,0.0013475878,0.0000000000,0.0007188427,3.7238800449
0.7083333333,-0.0012729701,-0.0023398841,0.0008086980,0.0001794366,-0.0002695660,0.0000897908,-0.2148208471
0.6585365854,-0.0007182556,-0.0018080778,0.0000000000,-0.0008073197,0.0004493978,-0.0003591309,-0.6850240761
0.6878980892,-0.0005179863,-0.0015844734,-0.0003591309,-0.0004488733,0.0001796784,-0.0000898150,-0.8023551951
0.7142857143,-0.0002586965,-0.0012876903,-0.0000898150,0.0000000000,-0.0002694691,-0.0001796461,1.6621190232
0.7252747253,-0.0000392257,-0.0010128094,-0.0002694691,-0.0002694449,-0.0001796945,-0.0001796784,-0.2018687499
0.7196261682,-0.0000331910,-0.0009377865,-0.0001796945,-0.0000898392,0.0000000000,0.0000000000,-0.1506725375
0.7241379310,0.0000617762,-0.0007785354,0.0000898634,0.0000000000,-0.0003594536,-0.0000898553,-0.0426235223
0.7241379310,0.0004118739,-0.0003615425,-0.0001797107,-0.0001796945,0.0000000000,-0.0003594536,0.6918618374
0.7391304348,0.0004384438,-0.0002448878,-0.0002696145,-0.0002695902,-0.0003595829,-0.0000898957,-0.1308789503
0.7043478261,0.0010009474,0.0004028321,-0.0001797914,0.0002696629,-0.0003597122,-0.0006293266,8.9207173617
0.6377952756,-0.0005017736,-0.0009750977,-0.0005394713,0.0002695902,-0.0005397625,0.0013494063,0.4608394267
0.7578947368,-0.0010527899,-0.0015307799,0.0013494063,0.0007187135,0.0015301530,0.0006288743,-0.3935985714
0.7380952381,-0.0004421071,-0.0009689102,0.0006288743,-0.0000897747,0.0000000000,-0.0004489136,1.0005526321
0.7187500000,-0.0000148037,-0.0005380402,-0.0004489136,-0.0000897827,0.0000000000,-0.0003592922,-0.1503081807
0.7801418440,-0.0001922024,-0.0006777742,-0.0003592922,-0.0002693724,-0.0002696145,0.0001797107,-0.5200910910
0.7272727273,0.0011865540,0.0007209907,0.0002695660,0.0001796300,-0.0008989572,-0.0013475878,3.3928208176
0.6371681416,0.0019053255,0.0015685993,-0.0013474668,-0.0015265805,-0.0008097895,-0.0008996042,0.7033178545
0.5950413223,0.0004411437,0.0002815388,-0.0009894756,0.0005396169,0.0000900495,0.0011705384,-0.2728806705
0.6115702479,0.0006432574,0.0005306356,0.0010804970,-0.0004494382,0.0005402485,-0.0002698084,-0.7175663929
0.6247654784,0.0003643083,0.0003113524,-0.0002698327,0.0001798561,0.0002699784,0.0001799208,-0.2955054147
0.5601436266,0.0006682783,0.0006482995,0.0002699055,-0.0002697357,-0.0001799370,-0.0003597769,-0.6337756885
0.5601436266,0.0001155312,0.0001503266,-0.0003597769,0.0000899361,0.0000899847,0.0004498830,0.6856383103
0.5167785235,0.0003676648,0.0004091101,0.0004498830,0.0000899281,0.0001799532,-0.0002698084,-0.2481660538
0.5384615385,0.0004911102,0.0005588271,-0.0002698084,-0.0003596799,-0.0001799208,-0.0001799208,-0.6349912977
0.5021645022,0.0004155548,0.0005174325,-0.0001799208,-0.0000899523,-0.0005398596,0.0000000000,1.5654907555
0.4888888889,0.0004416396,0.0005691320,-0.0000899766,-0.0000899604,0.0004501260,-0.0000899766,-0.7335928885
0.5116279070,-0.0000761942,0.0000770159,0.0000899847,0.0002699055,0.0000000000,0.0004499235,0.2358967947
0.4986807388,-0.0004240963,-0.0002883622,0.0002699298,0.0004497212,0.0003599388,0.0003597769,-0.1203579437
0.5165394402,-0.0004487223,-0.0003568818,0.0004497616,0.0000899038,0.0004497616,0.0000899119,-0.0540149755
0.5660377358,-0.0004695497,-0.0004203122,0.0000899119,0.0000898957,0.0000899119,0.0000899038,-0.7411232253
0.6300813008,-0.0003973113,-0.0003891779,0.0001798076,0.0000000000,0.0000899038,0.0000000000,1.0123164513
0.5357142857,-0.0000665172,-0.0000906872,-0.0000898876,0.0001797753,-0.0004494786,-0.0002696872,1.8839670587
0.5357142857,0.0003035052,0.0002758094,-0.0003595829,-0.0004493574,-0.0002698084,-0.0003596799,0.4637150983
0.5303867403,0.0007969562,0.0007955224,-0.0002697842,-0.0003596475,-0.0005397625,-0.0005397140,2.9673312203
0.5026178010,-0.0002254585,-0.0001632672,-0.0005397140,0.0002698327,0.0000900090,0.0009000090,0.0934687833
0.5701357466,-0.0003705459,-0.0003309538,0.0009000090,0.0003596799,0.0009000090,0.0001798399,-0.3689140998
0.5450236967,-0.0008525018,-0.0008454055,0.0000899200,0.0003595506,-0.0001798399,0.0005394228,0.8199359285
0.5420560748,-0.0002721933,-0.0003336561,0.0005394713,0.0000898553,0.0004496807,-0.0004492767,0.0228429367
0.5215827338,0.0003992038,0.0003205309,-0.0004493170,-0.0006289308,-0.0007191658,-0.0006292700,-0.6257739927
0.4531250000,0.0007879039,0.0007468854,-0.0005394228,-0.0000899038,-0.0006297229,-0.0004497616,1.4801905981
0.4444444444,-0.0005026305,-0.0004777868,-0.0004497616,0.0008092070,0.0002700513,0.0011699064,-0.0426099946
0.5238095238,0.0010143584,0.0009972413,0.0011699064,-0.0004491959,-0.0008099352,-0.0014382022,2.7982536089
0.4933920705,0.0009484057,0.0010134799,-0.0013483146,-0.0009886752,0.0001801315,-0.0000900171,-0.7663619213
0.5688073394,-0.0000077235,0.0001280766,-0.0001800180,0.0002699055,0.0001800991,0.0008102269,-0.4834829211
0.5765765766,-0.0001864064,-0.0000613041,0.0008102269,0.0004497212,0.0004501666,0.0001799047,0.9117095648
0.5268817204,-0.0024902452,-0.0023895154,0.0001799047,0.0058437472,0.0004499640,0.0023383398,19.7967931499
0.5930232558,0.0019383811,0.0018325702,0.0023383398,-0.0037540222,-0.0019789512,-0.0040376851,-0.3643646252
0.4245577523,0.0003784301,0.0004350143,-0.0041274114,-0.0026018303,0.0003605228,0.0012612613,-0.8461653704
0.4385786802,0.0004102236,0.0004928120,0.0013514731,0.0004497616,0.0010811785,-0.0000899766,-0.5801483276
0.5051546392,0.0001671128,0.0002762883,-0.0000899766,-0.0004495594,0.0001800018,0.0001799694,-0.3835199694
0.4904458599,0.0006815821,0.0007960632,0.0001799694,-0.0000899523,-0.0008998470,-0.0005398111,-0.4018259216
0.4873417722,0.0028335275,0.0029942615,-0.0005398111,-0.0004498021,-0.0018013150,-0.0022504276,1.1080085470
0.4375000000,0.0028499865,0.0032250199,-0.0022504276,-0.0024300243,-0.0013534242,-0.0004511007,0.2168979184
0.4375000000,0.0006052175,0.0011787845,-0.0003608805,0.0014435222,0.0009938562,0.0018052171,-0.5446705815
0.4624434389,-0.0012875370,-0.0007092190,0.0018050542,0.0018018018,0.0018052171,0.0018019641,-0.5201937611
0.4899034241,-0.0010894544,-0.0006566843,0.0016216216,0.0000899281,0.0015316695,0.0000000000,0.0453658419
0.4475457170,-0.0017298711,-0.0014163199,0.0000899442,0.0010790397,0.0002698813,0.0008094253,0.4561674223
0.4475457170,-0.0024498129,-0.0022976336,0.0007194892,0.0008982305,0.0007194892,0.0009884975,2.4862474673
0.4704797048,-0.0020729186,-0.0021274385,0.0010784578,0.0000897424,0.0007189719,0.0000000000,1.6434528726
0.4357798165,-0.0032751789,-0.0034906924,0.0000000000,0.0015254846,0.0002694207,0.0015261693,-0.3164901081
0.5895404120,-0.0038428260,-0.0043031483,0.0014363946,0.0008063794,0.0015263063,0.0010756544,-0.4878067103
0.5842696629,-0.0026264775,-0.0033597115,0.0011653967,-0.0000895255,0.0004482295,-0.0006267908,2.9796776098
0.5473684211,-0.0013276165,-0.0022168532,-0.0005372493,0.0002686006,-0.0012544803,-0.0008959771,0.4484560494
0.5832241153,0.0015712010,0.0006394201,-0.0009854865,-0.0017901898,-0.0023326754,-0.0026903417,0.0920670971
0.4906284454,0.0021404897,0.0014024704,-0.0027800197,-0.0017037303,-0.0008093525,-0.0008092797,-0.0737550352
0.5487053021,0.0010904562,0.0005782250,-0.0006294964,-0.0008084074,-0.0001800018,0.0007199424,0.3685759822
0.4974358974,-0.0006948865,-0.0010815608,0.0007198776,0.0014383315,0.0008101539,0.0016187050,-0.3965104528
0.4922279793,-0.0013948983,-0.0018080288,0.0015286395,0.0009874327,0.0017089405,0.0008080445,-0.4151045276
0.4615384615,-0.0015385874,-0.0020322124,0.0008978273,0.0000000000,0.0004489539,0.0003588409,-0.0966889759
0.4400000000,-0.0017494875,-0.0023290241,0.0002691066,0.0005380683,0.0007180039,0.0004483903,-0.6619464952
0.4285714286,-0.0015698327,-0.0022459404,0.0004483903,0.0000896298,0.0001793722,0.0000896379,-0.2068929080
0.3978494624,-0.0015073094,-0.0022584292,0.0000896379,0.0001792436,0.0002690100,0.0001792597,0.1566424539
0.3762376238,-0.0015438419,-0.0023593452,0.0001792597,0.0001792115,-0.0004482295,0.0002688413,1.1531943631
0.3297872340,-0.0013957924,-0.0022739648,0.0001792275,0.0002687690,0.0009865471,0.0000895897,-0.8147689858
0.2881355932,-0.0009125554,-0.0018372718,0.0001791954,-0.0001791312,-0.0000895977,-0.0002687450,-0.6059403546
0.3035714286,-0.0007721623,-0.0017011776,-0.0002687450,0.0000000000,-0.0000896057,0.0000000000,2.3949590282
0.2881355932,-0.0008324304,-0.0017540615,0.0000000000,0.0000000000,0.0000896138,0.0001792115,-0.8549334776
0.4690265487,-0.0008833852,-0.0018029874,0.0000896057,0.0000895817,-0.0000896057,0.0001791794,1.3427243667
0.6250000000,-0.0010159277,-0.0019376329,0.0002687931,0.0003582945,0.0003584551,0.0002687209,-0.2309001222
0.6024096386,-0.0005911412,-0.0015258658,0.0003582945,0.0000000000,0.0000000000,-0.0002686487,3.0251508754
0.5161290323,-0.0007687108,-0.0016811078,-0.0004477077,-0.0000895415,-0.0007166532,0.0002687209,-0.2351602554
0.4642857143,-0.0015445601,-0.0024498831,0.0002687450,0.0009850452,0.0009861049,0.0008954957,0.7440113047
0.5161290323,0.0003040042,-0.0006590216,0.0010746910,0.0000894614,-0.0007164607,-0.0016104500,0.2754287434
0.2727272727,0.0005262171,-0.0003414557,-0.0016103060,-0.0016101619,-0.0009858398,-0.0002688413,2.0331852174
0.3250000000,0.0007143663,-0.0000472618,-0.0002688172,-0.0001791954,0.0003588409,-0.0002689136,-0.0134379564
0.3636363636,0.0008736847,0.0002252856,-0.0003585193,-0.0002688413,-0.0002690342,-0.0002689859,-0.2581855834
0.3888888889,0.0004700869,-0.0000604443,-0.0001793239,-0.0000896379,-0.0001794044,0.0002690583,-0.1250798336
0.4107142857,-0.0007669459,-0.0012201504,0.0002690342,0.0010757508,0.0006280280,0.0011656057,-0.0962592429
0.4615384615,0.0008748567,0.0003933089,0.0010758472,0.0000000000,-0.0003586479,-0.0015224790,0.9221242666
0.3963302752,0.0017286044,0.0013521446,-0.0015224790,-0.0014327931,-0.0014351063,-0.0009866356,0.9746276214
0.4061433447,0.0000261042,-0.0001842732,-0.0009866356,0.0003587122,-0.0004491152,0.0014365236,0.1155196316
0.4912280702,-0.0012315212,-0.0014239911,0.0013467409,0.0011653967,0.0022465852,0.0012551551,-0.8001993520
0.5427069645,0.0000324771,-0.0002442742,0.0012552676,0.0000000000,-0.0005379718,-0.0010744986,0.9914203805
0.5067484663,0.0000274806,-0.0002261798,-0.0010745948,-0.0009849570,0.0004485512,0.0000000000,-0.6937581829
0.5392022008,0.0000232528,-0.0002094257,0.0000896459,0.0003585193,0.0002690100,0.0000000000,0.3748317622
0.5457627119,0.0001093231,-0.0001042842,0.0000896379,-0.0003583908,-0.0003585836,-0.0000896379,-0.4809538599
0.6168582375,0.0000925042,-0.0000965594,-0.0000896298,0.0001792597,-0.0009864586,0.0000000000,-0.6011656044
0.5948275862,-0.0001906137,-0.0003582482,-0.0001792757,0.0000000000,0.0012567325,0.0002689377,-0.1229005635
0.5268817204,-0.0000716731,-0.0002421112,0.0003586157,0.0000000000,0.0002689618,-0.0000896218,-0.5104056308
0.5384615385,-0.0002398631,-0.0004033644,-0.0000896218,0.0000000000,0.0000000000,0.0001792597,0.5876995228
0.5333333333,-0.0002029611,-0.0003734856,0.0000896298,0.0000000000,0.0000896298,0.0000000000,-0.6689010368
0.5102040816,-0.0001717363,-0.0003458200,0.0000896218,0.0000000000,0.0000000000,0.0000000000,1.1315440863
0.5833333333,0.0000339183,-0.0001410014,-0.0000896138,0.0000000000,-0.0005377308,-0.0001792275,1.9298775992
0.6862745098,0.0000287001,-0.0001305569,-0.0001792436,0.0000000000,0.0002690100,0.0000000000,-0.6736869858
0.6129032258,-0.0001549472,-0.0003000919,0.0000896379,0.0001792275,0.0000896459,0.0001792597,1.2308116069
0.3684210526,0.0000481270,-0.0000986530,0.0001792597,-0.0000895977,0.0000896379,-0.0001792275,-0.5598127164
0.6086956522,0.0000407228,-0.0000913454,-0.0001792275,-0.0001792115,-0.0011651878,0.0000000000,3.9585532147
0.6086956522,0.0000344578,-0.0000845790,-0.0000896298,0.0000000000,0.0009870782,0.0000000000,-0.4373829492
0.6086956522,-0.0001500762,-0.0002575274,0.0000896379,0.0000896218,0.0000896459,0.0001792597,-0.3921962664
0.5744680851,-0.0000373771,-0.0001488509,0.0000896298,0.0000000000,-0.0000896379,-0.0000896138,-0.0674583569
0.6000000000,-0.0001212377,-0.0002274263,0.0000000000,0.0000896138,0.0001792918,0.0000896218,0.5200453178
0.5384615385,-0.0001921823,-0.0003001668,0.0000896218,0.0000896057,0.0001792597,0.0000896138,-0.0990456896
0.4897959184,-0.0000730166,-0.0001883433,0.0000896138,-0.0000895977,-0.0000896138,-0.0000896057,-0.3391081328
0.5000000000,0.0003864587,0.0002737995,0.0000000000,0.0000000000,-0.0004481090,-0.0004480688,2.8178266516
0.4054054054,0.0004166948,0.0003432028,-0.0005376344,-0.0005376344,0.0000000000,-0.0000896539,-0.7774776668
0.4285714286,0.0002629024,0.0002280979,-0.0000896539,0.0001793079,0.0000000000,0.0000896620,0.2488741649
0.4117647059,0.0003121378,0.0003008827,0.0000000000,0.0000000000,-0.0002689859,-0.0000896539,0.4304936712
0.4329896907,0.0001744390,0.0001889162,0.0000000000,0.0000000000,0.0001793722,0.0000896620,0.1824394477
0.3956043956,0.0001476022,0.0001749224,0.0001793239,-0.0000896379,0.0000000000,0.0000000000,-0.2988557466
0.4000000000,0.0001248942,0.0001619652,-0.0001792918,0.0000000000,0.0000896700,0.0000000000,-0.0334225682
0.4000000000,0.0002850387,0.0003293347,0.0000896620,0.0000896459,-0.0007172958,-0.0001793079,0.0024344231
0.3956043956,0.0002411866,0.0003049395,-0.0001793079,-0.0002689136,0.0006280843,0.0000000000,-0.2733521813
0.3529411765,0.0001144007,0.0001926641,0.0000000000,0.0000896620,-0.0000896700,0.0000896700,0.0138786057
0.3333333333,0.0000968006,0.0001783927,0.0001793400,0.0000000000,0.0000896781,0.0000000000,-0.4549424525
0.3333333333,0.0001715855,0.0002548632,-0.0000896539,-0.0000896539,0.0000000000,-0.0000896620,-0.3747524620
0.3529411765,-0.0000341462,0.0000566343,0.0000000000,0.0000896620,0.0000000000,0.0001793400,1.1911693146
0.3846153846,-0.0001185362,-0.0000372114,0.0000896620,0.0000896539,0.0001793400,0.0000896539,-0.2708528950
0.4897959184,-0.0000106549,0.0000551958,0.0000896539,0.0000000000,0.0000000000,-0.0000896459,-0.1236133969
0.4897959184,-0.0002779028,-0.0002177960,-0.0000896459,0.0003585836,0.0000000000,0.0002689618,8.9701184045
0.5614035088,-0.0001455317,-0.0001120432,0.0001793079,-0.0001792275,0.0000896539,-0.0000896298,-0.4142642146
0.5614035088,-0.0000335074,-0.0000141071,-0.0000896379,-0.0000896298,0.0000000000,-0.0000896379,-0.7577024028
0.5932203390,0.0002406500,0.0002559444,0.0000000000,0.0000896379,-0.0003585836,-0.0002689377,2.7987349026
0.5384615385,0.0000242826,0.0000576352,-0.0003585836,-0.0000896298,0.0000000000,0.0001793400,0.1906637825
0.5454545455,-0.0000691009,-0.0000362847,0.0002690342,0.0000000000,0.0001793561,0.0000896539,-0.2437419500
0.5434782609,-0.0001481027,-0.0001232318,0.0000896539,0.0001792757,0.0001793239,0.0000896459,-0.2496047667
0.5288461538,-0.0000356830,-0.0000244679,0.0001792918,-0.0000896218,0.0000000000,-0.0000896379,-0.1933673555
0.5555555556,-0.0000301933,-0.0000226554,-0.0000896298,0.0000000000,-0.0001792918,0.0000000000,0.5805957507
0.5555555556,-0.0001151837,-0.0001106132,-0.0000896379,-0.0000896298,-0.0000896620,0.0000896459,0.2074482443
0.5288461538,0.0000818272,0.0000768698,0.0000896459,0.0000000000,0.0001793400,-0.0001792757,-0.5599159900
0.5000000000,0.0000692384,0.0000711758,-0.0001792757,-0.0000896379,0.0000000000,0.0000000000,-0.0215277571
0.5161290323,0.0003276363,0.0003349554,0.0000000000,0.0000000000,-0.0003586157,-0.0002689618,3.2123053859
0.4660194175,0.0000978570,0.0001307643,-0.0002689618,0.0000000000,0.0000000000,0.0001793561,-0.0319128854
0.4329896907,0.0001724796,0.0002107589,0.0001793561,-0.0001792918,0.0000896861,-0.0000896620,-0.7591867050
0.4329896907,0.0001459442,0.0001951472,0.0000000000,0.0000000000,-0.0000896781,0.0000000000,1.2564862976
0.4117647059,0.0001234913,0.0001806918,-0.0000896620,0.0004483099,0.0000896861,0.0000000000,0.5482664357
0.4444444444,-0.0002540963,-0.0001913042,-0.0000896700,-0.0001792436,-0.0002690342,0.0003586801,0.3515749272
0.5070422535,-0.0000357352,0.0000021426,0.0003587122,0.0000000000,0.0005382131,-0.0001792757,-0.8314174132
0.5263157895,0.0000594218,0.0000916460,0.0000000000,0.0000000000,-0.0001793079,-0.0000896539,1.2213227076
0.5833333333,-0.0001290209,-0.0000944496,-0.0001792918,0.0000000000,0.0000896700,0.0001793239,-0.2965703110
0.5555555556,-0.0004675874,-0.0004458770,0.0001793239,0.0002689136,0.0000896620,0.0003585836,0.8311543453
0.5909090909,-0.0007538357,-0.0007710278,0.0003585836,0.0004480688,0.0000000000,0.0003584551,2.8173597304
0.6400000000,-0.0009063624,-0.0009823956,0.0004480688,0.0002687209,0.0007172315,0.0002687450,-0.4110100282
0.6440677966,-0.0003192771,-0.0004620445,0.0002687209,0.0000000000,-0.0001791794,-0.0004477879,0.0928837095
0.5688622754,0.0004469445,0.0002891700,-0.0005372974,-0.0005372974,-0.0008064516,-0.0007167817,0.4082030512
0.4822335025,0.0056077408,0.0054967296,-0.0007167817,-0.0007167817,-0.0055600395,-0.0052003945,4.2167080196
0.2138364780,0.0051980074,0.0055427158,-0.0052900565,-0.0052003945,-0.0008116151,-0.0004506534,0.0371912427
0.2052313883,0.0033126735,0.0040457106,-0.0003605553,0.0009914376,0.0008122744,0.0010820559,-0.2776481539
0.2685185185,0.0025321256,0.0034748678,0.0010820559,0.0002701243,0.0009919740,0.0002702216,-0.7259161112
0.2577181208,0.0012409551,0.0023148904,0.0002702216,0.0008101539,0.0004504505,0.0009004953,-0.0546277574
0.2919334187,0.0009599840,0.0020532638,0.0008104457,-0.0001798885,-0.0000900495,0.0000899685,0.5909174913
0.2404438964,0.0000925443,0.0011806371,0.0001799532,0.0014393667,0.0010806916,0.0007196833,2.0386483771
0.2155963303,0.0001682175,0.0011831846,0.0007196833,0.0000898311,-0.0001799208,-0.0000898957,0.3367847595
0.2675386445,0.0004121605,0.0013656210,0.0000000000,-0.0004491152,0.0001799532,-0.0002697114,-0.5811484293
0.3052109181,0.0007987506,0.0017148753,-0.0002696872,-0.0006290439,-0.0002698813,-0.0004496403,-0.7216449536
0.3368010403,0.0008559569,0.0017681027,-0.0005395198,-0.0002697599,-0.0000899847,-0.0001799370,-0.1072313631
0.3847241867,0.0010846005,0.0019977900,-0.0000899685,-0.0001798885,-0.0003599712,-0.0003599388,0.0541119272
0.3874643875,0.0011881110,0.0021204295,-0.0005398596,-0.0006297229,-0.0003601008,-0.0002700513,-0.5166012550
0.4017725258,0.0014561874,0.0024146548,-0.0001800504,-0.0002700513,-0.0002701729,-0.0004502071,-0.3350222322
0.6601941748,0.0009616527,0.0019650145,-0.0003601657,0.0000900414,-0.0000900820,0.0002702459,0.7152802290
0.6523929471,0.0007235834,0.0017292445,0.0001801477,-0.0000900333,0.0003603604,0.0000900576,-0.6806671576
0.5687500000,0.0007023756,0.0016913542,0.0000900576,0.0000000000,0.0000000000,-0.0000900495,-0.0858639448
0.6052631579,0.0007745726,0.0017464985,-0.0000900495,0.0000000000,-0.0002701729,-0.0001801153,0.6967731524
0.5294117647,0.0005652828,0.0015269169,-0.0002701729,-0.0000900414,0.0000000000,0.0000900739,0.1973617690
0.5294117647,0.0001180107,0.0010531695,0.0001801639,0.0006303467,-0.0000900820,0.0003602630,3.8457167223
0.4378378378,-0.0002601843,0.0006148023,0.0003602630,-0.0000899928,0.0006306306,0.0003601332,-0.9389214194
0.4541484716,-0.0005799508,0.0002091825,0.0003601332,0.0003600036,0.0003601332,0.0003600036,1.7618128402
0.4741035857,-0.0002208817,0.0004637182,0.0002700027,0.0000899685,0.0000000000,-0.0002699055,0.6339026045
0.4979079498,-0.0004567550,0.0001593473,-0.0002699298,0.0000899604,-0.0008100081,0.0002699784,2.9898856897
0.4878048780,-0.0010156249,-0.0004819323,0.0003600036,0.0008095709,0.0008106647,0.0006297796,0.7397882681
0.5465587045,-0.0019362285,-0.0015235325,0.0006297796,0.0009886752,0.0009900099,0.0010789426,-0.3291968112
0.6117647059,-0.0011898066,-0.0009620353,0.0009890307,0.0002693724,0.0002697357,-0.0004490749,0.5163964547
0.6117647059,-0.0003780099,-0.0002619509,-0.0002694691,-0.0005385996,-0.0004494382,-0.0006289873,0.4058581023
0.5555555556,-0.0002299633,-0.0001526489,-0.0007187781,-0.0010777798,-0.0003597122,-0.0000899119,0.2465290095
0.6122448980,-0.0013619519,-0.0013087713,-0.0000899119,0.0017982377,0.0004498021,0.0011689596,0.1924862634
0.6250000000,-0.0008832139,-0.0009426344,0.0010790397,-0.0005385030,0.0004495999,-0.0002694449,0.2351149716
0.6122448980,-0.0018234393,-0.0019487789,-0.0000898230,0.0018857759,0.0005392774,0.0010780703,-0.1450649873
0.6599552573,-0.0016325061,-0.0018939974,0.0010779734,-0.0006274088,0.0008084801,0.0000897424,-0.2467981611
0.6481481481,-0.0020082305,-0.0023803468,-0.0000897344,0.0001793722,0.0001795171,0.0006281407,-0.6987580254
0.6599552573,-0.0020572463,-0.0025618181,0.0006281971,0.0003586801,0.0005384546,0.0003587122,-0.3642072936
0.6599552573,-0.0020985779,-0.0027296586,0.0005381166,0.0002689136,0.0004484707,0.0003585836,-0.5673957575
0.6363636364,-0.0028480223,-0.0035989566,0.0001792757,0.0013442065,0.0003586157,0.0010753652,4.6257072377
0.6666666667,-0.0027669443,-0.0036891163,0.0011650833,0.0001789869,0.0010754616,0.0003580700,-0.6012543210
0.6571428571,-0.0022519766,-0.0033266606,0.0003580700,0.0000000000,-0.0000895255,-0.0000894855,-0.4254834207
0.6769596200,-0.0027979493,-0.0039716217,-0.0000894855,0.0007158196,0.0003581341,0.0008949347,0.5326239263
0.7127659574,-0.0023674956,-0.0036774275,0.0008949347,0.0000000000,0.0006265103,0.0000000000,-0.6173470663
0.8170731707,-0.0020924919,-0.0034941265,0.0000000000,0.0002682403,0.0000894454,0.0000894134,-0.1170842094
0.7727272727,-0.0016813149,-0.0031461781,0.0000894134,0.0000000000,0.0002683123,-0.0000894055,-0.5256775335
0.7857142857,-0.0016904380,-0.0031805151,-0.0000894055,0.0000893895,0.0000000000,0.0002682403,0.2039878912
0.8529411765,-0.0022330793,-0.0037464126,0.0003576538,0.0007150518,0.0002682403,0.0008045052,0.5394855392
0.8461538462,-0.0017111991,-0.0032908532,0.0007150518,0.0000000000,0.0006257263,-0.0001786352,1.4322903712
0.8181818182,-0.0012694974,-0.0028689317,-0.0001786352,-0.0000893176,-0.0003573343,-0.0001786671,-0.0725405627
0.7966101695,-0.0002702616,-0.0018537631,-0.0001786671,-0.0002679768,-0.0006255585,-0.0008041458,1.4078771246
0.6718750000,-0.0000498489,-0.0015378795,-0.0008041458,-0.0004467477,-0.0005365287,-0.0001788429,0.8426395563
0.6964285714,0.0004947103,-0.0008878143,-0.0001788429,-0.0002681684,-0.0002684083,-0.0005366246,0.2396017622
0.6217105263,0.0004186010,-0.0008220503,-0.0005366246,-0.0005364807,-0.0003579739,0.0000000000,-0.3419878986
0.6363636364,-0.0001826139,-0.0012973738,0.0000000000,0.0002683843,0.0002685765,0.0005369128,0.2757172044
0.6126760563,-0.0009586847,-0.0020045954,0.0004474273,0.0008049369,0.0003580059,0.0008049369,-0.1790283571
0.6043165468,-0.0009004798,-0.0019452986,0.0008050089,0.0009830206,0.0007157556,0.0000893655,1.9348492147
0.5686274510,-0.0009404914,-0.0019795636,0.0001787470,0.0006249442,0.0005364327,0.0001787150,0.2360506513
0.5769230769,0.0017100409,0.0006703110,0.0000893575,-0.0014275517,-0.0029487981,-0.0025015635,0.4495675130
0.3797468354,0.0039647376,0.0031363608,-0.0023230879,-0.0020550393,-0.0019716795,-0.0025078370,-0.1170854922
0.3292682927,0.0042565078,0.0038053625,-0.0025971700,-0.0025964724,-0.0008979885,-0.0008979079,-0.4803687523
0.2926829268,0.0032410094,0.0031628609,-0.0008081171,-0.0007181329,-0.0007190365,0.0003594859,-0.6016928392
0.2659758204,0.0029225961,0.0031088119,0.0002695902,0.0000898311,0.0008994423,-0.0001796784,-0.2279819031
0.2659758204,0.0031941046,0.0035999600,-0.0001796784,-0.0002694691,-0.0006290439,-0.0007188427,-0.2225791403
0.2682926829,0.0019819184,0.0026120575,-0.0006289873,0.0000000000,-0.0000899200,0.0007193598,-0.4880278841
0.2678571429,0.0009574770,0.0016985081,0.0006293832,0.0008086253,0.0007194245,0.0007188427,2.0404394560
0.2631578947,0.0016195987,0.0023827353,0.0007188427,-0.0001795493,-0.0002695902,-0.0008081171,-0.2823191393
0.2770352369,0.0013704297,0.0022062364,-0.0008979079,-0.0007183263,0.0000000000,0.0000000000,-0.7630384069
0.2735042735,0.0007998532,0.0016827530,0.0000898715,0.0002695660,0.0002696629,0.0003594536,0.0056950720
0.2410714286,-0.0003110361,0.0005693997,0.0003594536,0.0009881423,0.0000000000,0.0009881423,0.9208890561
0.3032786885,-0.0002631844,0.0005272219,0.0009881423,0.0000897424,0.0012580877,0.0000000000,-0.8048344648
0.3307086614,0.0000465454,0.0007575997,0.0000000000,0.0000897344,-0.0002692515,-0.0002692273,2.7840118612
0.4117647059,-0.0000503775,0.0006116597,-0.0001794849,0.0003589053,-0.0000897747,0.0000897666,1.1186990768
0.4838709677,-0.0009393695,-0.0003309369,0.0000000000,0.0001793883,0.0001795655,0.0008975855,-0.1496055656
0.5443786982,-0.0007052363,-0.0002167644,0.0008975855,0.0002690342,0.0008078995,-0.0000896781,0.6588394124
0.6034482759,0.0007495615,0.0011461256,0.0000000000,-0.0000896539,-0.0012557180,-0.0013452915,0.0999210131
0.4929577465,0.0005443885,0.0009713332,-0.0015245269,-0.0012552676,-0.0010776830,0.0000898069,1.8410871122
0.4673913043,0.0003708043,0.0008095111,0.0002694449,0.0006284227,0.0012586532,0.0000897989,-0.4868333342
0.4235294118,-0.0006732762,-0.0002379164,0.0000000000,0.0002691549,-0.0002693724,0.0009876987,0.5869475869
0.4431818182,-0.0006593383,-0.0003099673,0.0009876987,0.0005381649,0.0008083348,0.0000897022,-0.1174795525
0.4411764706,-0.0001991965,0.0000717956,0.0001794044,0.0004482295,-0.0008076820,-0.0003587766,0.2647595983
0.4651162791,0.0007293669,0.0009646062,-0.0003587444,-0.0001792115,-0.0002694449,-0.0008972633,0.5998555051
0.4379562044,-0.0015349011,-0.0012594974,-0.0010766194,0.0008962180,-0.0005390351,0.0021553660,0.1392372034
0.5147058824,-0.0029071209,-0.0027747732,0.0022453745,0.0011640401,0.0029662921,0.0016130478,-0.4603428095
0.5592654424,-0.0011193320,-0.0012288419,0.0015234340,-0.0004471872,0.0000000000,-0.0013420417,-0.3459676219
0.4820143885,-0.0017520216,-0.0019425574,-0.0012526843,-0.0003579098,0.0001792436,0.0008063071,0.0399737840
0.5102040816,-0.0015718566,-0.0018880127,0.0008063071,0.0002685285,0.0005376344,0.0000895175,-0.6184960465
0.4782608696,-0.0012406340,-0.0016587989,0.0000895175,0.0001789709,0.0002686728,-0.0000895095,0.1451218329
0.4782608696,-0.0008708882,-0.0013571329,-0.0000895095,-0.0005368167,-0.0001790671,-0.0001790350,-0.5568185236
0.5631399317,-0.0007369054,-0.0012566046,-0.0001790350,0.0000895175,-0.0000895496,0.0000000000,0.4203078187
0.5919854281,-0.0007130050,-0.0012529441,0.0000000000,-0.0000895095,0.0002686728,0.0000895335,-0.7120130879
0.5919854281,-0.0006033119,-0.0011601334,0.0001790671,0.0000000000,0.0000000000,0.0000000000,-0.2415105297
0.5844155844,-0.0003315030,-0.0008953069,0.0000000000,0.0000895175,-0.0001790671,-0.0001790510,0.2141461126
0.6516393443,-0.0000118811,-0.0005605138,-0.0001790350,-0.0002685285,-0.0001790991,-0.0002686246,-0.0818747555
0.6583850932,-0.0002786752,-0.0007874795,-0.0003581341,-0.0000895335,0.0000000000,0.0002686968,0.0196989767
0.6698564593,-0.0001462736,-0.0006396634,0.0001791312,0.0002686246,0.0001791312,-0.0000895415,1.5155150060
0.6153846154,0.0000553390,-0.0004132558,0.0000895496,-0.0002685525,-0.0004477478,-0.0001790991,-0.3093939281
0.4851485149,0.0005845331,0.0001548326,-0.0002686246,-0.0001790831,-0.0005375381,-0.0005373936,0.6816044405
