0.5659494855,-0.0118905474,0.0033538290,-0.0005586592,-0.0148678414,0.0005592841,-0.0033426184,-0.8938220291
0.5492957746,-0.0083984014,0.0047903447,-0.0067076579,-0.0016769145,-0.0190050307,-0.0016769145,28.1405693950
0.6190476190,-0.0020776154,0.0095226847,0.0022509848,-0.0005599104,0.0125356125,-0.0050391937,-0.9039506625
0.6093750000,0.0004941148,0.0110932562,0.0000000000,-0.0022408964,-0.0067529544,-0.0022509848,-0.3795295613
0.6245654693,-0.0046345195,0.0051691520,0.0044918585,0.0044918585,0.0096317280,0.0050761421,0.5061475410
0.6539923954,0.0005703819,0.0093174187,0.0005589715,0.0005589715,-0.0044893378,-0.0044893378,7.8142857143
0.6370370370,0.0021774066,0.0103358120,-0.0100558659,-0.0100558659,-0.0016910936,-0.0016910936,-0.7798873196
0.6202531646,-0.0004152521,0.0072951085,0.0011286682,0.0022573363,0.0005646527,0.0022586110,0.1868863955
0.6275862069,-0.0003513671,0.0067547301,0.0005636979,-0.0005630631,0.0016930023,0.0000000000,-1.0000000000
0.5778611632,-0.0081205849,-0.0016201654,0.0050704225,0.0078873239,0.0050704225,0.0078873239,-1.0000000000
0.5065789474,-0.0040878316,0.0012983329,-0.0005605381,0.0016769145,-0.0005605381,-0.0027948575,1.7671439337
0.5486935867,-0.0012195163,0.0034520526,0.0000000000,-0.0050223214,-0.0016825575,-0.0022421525,0.8812636166
0.5961538462,0.0040447323,0.0082944631,0.0000000000,0.0005608525,-0.0061797753,-0.0050561798,0.0854082224
0.6136363636,0.0062634127,0.0105330597,0.0005608525,0.0000000000,-0.0016958734,-0.0028232637,-0.6024273140
0.6183206107,0.0047308805,0.0091813827,-0.0044843049,-0.0039237668,0.0005662514,0.0005662514,0.6722576317
0.5436893204,-0.0005220315,0.0039559224,0.0022522523,0.0045019696,0.0028296548,0.0045274477,0.6188565697
0.5701357466,-0.0010045333,0.0030977656,0.0039325843,0.0016806723,0.0022573363,0.0005633803,-0.0079306072
0.5211267606,0.0031036847,0.0068366893,-0.0055959709,-0.0005592841,-0.0039414414,-0.0039414414,-0.3957032226
0.4887780549,-0.0096897049,-0.0060311313,-0.0005627462,0.0089535534,0.0039570379,0.0124364047,1.5560148822
0.6024096386,-0.0081989811,-0.0055843808,0.0084459459,-0.0066555740,0.0084459459,0.0000000000,-0.6912502022
0.5813953488,-0.0069375994,-0.0051707230,0.0000000000,0.0000000000,0.0000000000,0.0000000000,-1.0000000000
0.6052631579,0.0053564850,0.0064512805,-0.0111669458,-0.0111669458,-0.0111669458,-0.0111669458,-1.0000000000
0.5247148289,0.0045324104,0.0059734079,0.0000000000,0.0000000000,0.0000000000,0.0000000000,-1.0000000000
0.4897959184,0.0038351165,0.0055309332,0.0000000000,0.0000000000,0.0000000000,0.0000000000,-1.0000000000
0.4705882353,0.0032450986,0.0051212344,0.0000000000,0.0000000000,0.0000000000,0.0000000000,-1.0000000000
0.4383561644,-0.0067880844,-0.0048110313,0.0022586110,0.0095990966,0.0022586110,0.0095990966,-1.0000000000
0.4788273616,-0.0035144897,-0.0022224941,0.0028169014,-0.0022371365,-0.0039436620,-0.0022371365,1.4472789116
0.4867549669,-0.0057603451,-0.0048469710,0.0011235955,0.0028026906,0.0079185520,0.0028026906,0.0576789437
0.5063694268,-0.0015254252,-0.0011379235,0.0039281706,0.0061486864,0.0005611672,-0.0033538290,7.4750328515
0.5487804878,-0.0074143797,-0.0071787221,0.0061486864,0.0016666667,0.0039259675,0.0061693775,-0.6578804558
0.5978260870,-0.0051646364,-0.0055383120,-0.0044444444,-0.0061009429,0.0011173184,-0.0011148272,-0.9712213913
0.6321839080,-0.0093454625,-0.0100996643,0.0027901786,0.0050223214,0.0027901786,0.0050223214,16.1732283465
0.5675675676,-0.0012530833,-0.0027066100,0.0061213133,0.0038867296,-0.0044518642,-0.0066629650,1.4731774415
0.5440414508,-0.0043993754,-0.0058403618,-0.0049778761,-0.0033185841,0.0022358860,0.0033538290,0.1644419726
0.5217391304,-0.0048313714,-0.0065146898,-0.0044469150,-0.0022197558,-0.0016731735,0.0011142061,-0.0942525076
0.5813953488,-0.0013093114,-0.0032587723,0.0027917365,0.0033370412,0.0011173184,-0.0027824151,1.9128142028
0.5896226415,-0.0033325829,-0.0052378330,0.0011135857,-0.0033259424,0.0016741071,0.0022321429,-0.8487116046
0.5708245243,0.0005226253,-0.0015141466,-0.0005561735,0.0033370412,-0.0038997214,-0.0033407572,1.4212205824
0.5694200351,-0.0001163728,-0.0019595521,0.0000000000,-0.0038802661,0.0016778523,0.0005586592,-0.0812191104
0.4820295983,0.0010193636,-0.0006984855,-0.0027824151,0.0044518642,-0.0111669458,-0.0011166946,1.6311637081
0.4967320261,0.0047940972,0.0032788843,-0.0005580357,-0.0077562327,0.0028232637,-0.0039128004,-0.7011039935
0.4904458599,0.0006872266,-0.0003298887,-0.0022333892,-0.0016750419,0.0050675676,0.0033670034,1.2115823073
0.4957627119,0.0164998414,0.0155987790,0.0000000000,0.0000000000,-0.0212885154,-0.0156599553,0.0347422680
0.3450704225,0.0042611545,0.0047384538,-0.0089535534,-0.0061521253,0.0137378363,0.0096590909,-0.9360366643
0.3913043478,0.0115752340,0.0123633077,-0.0050818746,-0.0078784468,-0.0107284020,-0.0078784468,28.5778816199
0.3620689655,-0.0048811750,-0.0032521213,-0.0017026107,0.0147475893,0.0039954338,0.0147475893,-0.5966612249
0.4615384615,-0.0057974177,-0.0046802894,0.0147811256,0.0016769145,0.0142126208,0.0016769145,0.8045436741
0.4492385787,-0.0065686179,-0.0059976677,0.0039215686,0.0039062500,0.0033632287,0.0016741071,-0.8818464655
0.4534005038,0.0079182834,0.0079230119,0.0078125000,0.0561423013,-0.0111731844,-0.0133704735,38.0453153705
0.3883495146,-0.0023134570,-0.0016831157,-0.0177187154,-0.0584210526,0.0022598870,0.0090344438,-0.9409670488
0.4324324324,-0.0002792180,0.0001205532,0.0056369786,-0.0027948575,0.0022547914,-0.0016787913,-0.6992561105
0.4417177914,-0.0030304586,-0.0026835461,0.0022421525,0.0028026906,0.0056242970,0.0028026906,0.4266784452
0.4550898204,0.0036066283,0.0036865892,-0.0033557047,-0.0027948575,-0.0055928412,-0.0061486864,0.5244582043
0.4281690141,-0.0031156884,-0.0027561665,0.0033670034,0.0100896861,0.0056242970,0.0061867267,1.0978878960
0.4046511628,-0.0070764792,-0.0069925090,0.0055928412,0.0016648169,0.0027964206,0.0044717719,-0.7978702807
0.4101382488,-0.0201645962,-0.0206444093,0.0055617353,0.0099722992,0.0083658673,0.0144685587,0.4549808429
0.4956896552,-0.0138165466,-0.0158761685,-0.0033185841,0.0016456391,-0.0033185841,-0.0032912781,6.3219223173
0.5136268344,-0.0106018782,-0.0136144262,0.0033296337,0.0005476451,0.0033296337,-0.0011007155,-0.3645926992
0.5710955711,-0.0165566093,-0.0201639145,0.0132743363,0.0103995621,0.0071902655,0.0077134986,0.5634639875
0.5388471178,-0.0036592615,-0.0083690401,0.0000000000,-0.0065005417,-0.0065897858,-0.0103881903,-0.3709837994
0.5225603358,-0.0063900329,-0.0110274732,-0.0081877729,0.0065430752,0.0038695412,0.0033149171,-0.2579856115
0.5314109166,-0.0010060967,-0.0058310243,0.0038525041,-0.0113759480,-0.0044052863,-0.0044052863,1.1361256545
0.6006984866,-0.0025064457,-0.0070466961,-0.0098684211,-0.0076712329,-0.0016592920,0.0016592920,-0.9094952796
0.5608194622,0.0034198563,-0.0010084760,0.0016611296,0.0011043622,-0.0027700831,-0.0055218112,3.7311935807
0.5277108434,-0.0020930398,-0.0059015067,-0.0016583748,0.0044125758,0.0000000000,0.0049972238,1.3559465762
0.5409836066,-0.0050691470,-0.0087502688,0.0005537099,0.0005491488,0.0027777778,0.0033149171,-0.0998830199
0.5354838710,0.0051198837,0.0012710312,0.0088544549,0.0071350165,-0.0033240997,-0.0093612335,-0.0628811357
0.4988452656,0.0021040735,-0.0010442549,-0.0065825562,-0.0081743869,0.0022234575,0.0022234575,-0.3241945808
0.4845605701,0.0062451292,0.0034856125,-0.0104914412,-0.0087912088,-0.0088740987,-0.0044370494,2.0187845304
0.4117647059,0.0109161851,0.0088477407,0.0061383929,0.0000000000,-0.0011191942,-0.0055710306,-0.6877745242
0.3983739837,0.0013827893,0.0003464976,-0.0066555740,-0.0027716186,0.0033613445,0.0078431373,-0.6675598727
0.4000000000,0.0034010721,0.0025499583,0.0039084310,-0.0005558644,-0.0055834729,-0.0022234575,1.0267002519
0.3920000000,0.0068040858,0.0062853049,-0.0055617353,-0.0055617353,0.0028074116,-0.0038997214,-0.6728809346
0.4336283186,0.0159853437,0.0160484019,0.0033557047,0.0033557047,-0.0089585666,-0.0100671141,3.4635258359
0.4126074499,0.0262821089,0.0276324643,-0.0161649944,-0.0128205128,-0.0180790960,-0.0124293785,1.5238338441
0.3750000000,0.0112468934,0.0145578128,-0.0130311615,-0.0022586110,-0.0011507480,0.0108695652,-0.5484654300
0.4642857143,0.0135317250,0.0175103405,0.0154994259,0.0022637238,0.0126728111,-0.0039615167,-0.2207947416
0.4721906924,0.0114499212,0.0162132782,-0.0050876201,-0.0022586110,0.0011376564,0.0000000000,-0.2425230061
0.4804469274,0.0045514838,0.0098482977,-0.0034090909,0.0113186191,-0.0034090909,0.0051136364,3.5077195647
0.4972972973,0.0010219115,0.0062746036,0.0085518814,-0.0072747622,0.0057012543,0.0028264556,-0.4501403706
0.4843962008,0.0008646944,0.0058098182,0.0016958734,0.0016910936,0.0039682540,0.0000000000,-0.5288471357
0.5197472354,0.0001678720,0.0048130503,0.0000000000,-0.0011254924,-0.0050818746,0.0005636979,1.9440832250
0.4585987261,-0.0043454118,-0.0000502875,0.0084650113,0.0090140845,0.0119182747,0.0045070423,-0.8491607774
0.4458598726,-0.0081272414,-0.0045131329,0.0027979855,0.0044667783,0.0033651150,0.0044868200,0.6076134700
0.4180602007,-0.0101928335,-0.0075037722,-0.0016741071,0.0000000000,0.0000000000,0.0033500838,1.4347298118
0.3720930233,-0.0146563027,-0.0129897363,0.0078256009,0.0111172874,0.0055897149,0.0061213133,0.3819201995
0.3483535529,-0.0080121602,-0.0076365449,0.0027731559,-0.0060472787,-0.0050027793,-0.0044247788,-0.2256609221
0.4044265594,-0.0089817829,-0.0092724916,0.0011061947,0.0033185841,0.0044692737,0.0022222222,-0.0773712421
0.5126353791,0.0001618178,-0.0008315616,-0.0049723757,-0.0071664829,-0.0044493882,-0.0077605322,-0.3791361455
0.4020618557,-0.0015364798,-0.0024418496,-0.0038867296,-0.0027762354,-0.0005586592,0.0016759777,-0.3789666395
0.3571428571,-0.0029683052,-0.0039275738,-0.0033444816,0.0038975501,-0.0050307434,0.0016731735,3.2882410744
0.3452380952,-0.0069350946,-0.0080551052,0.0027964206,0.0027731559,0.0067415730,0.0044543430,0.1112893370
0.3413173653,-0.0091636216,-0.0107486238,0.0044617959,0.0105088496,0.0022321429,0.0033259424,0.3180974637
0.3452380952,-0.0088490281,-0.0110451971,0.0005552471,-0.0082101806,0.0016703786,0.0011049724,-0.8650466705
0.3314917127,-0.0123929721,-0.0151188283,0.0027746948,0.0049668874,0.0044469150,0.0049668874,-0.2874806801
0.3597883598,-0.0006076891,-0.0041553102,0.0110680686,0.0032948929,-0.0027670172,-0.0098846787,5.8167028200
0.3103448276,-0.0038292426,-0.0071514978,-0.0120415982,-0.0098522167,-0.0038845727,0.0033277870,-0.2777247414
0.3031358885,-0.0059875370,-0.0093598450,0.0088642659,0.0066334992,0.0089136490,0.0027639580,0.3890296288
0.2994746060,-0.0078012143,-0.0113914640,-0.0021965953,0.0373421197,-0.0038652678,0.0027563396,1.8002537467
0.2766726944,-0.0044117184,-0.0083670406,0.0000000000,-0.0333509794,0.0022172949,-0.0021990104,-0.8802457949
0.2982456140,-0.0048295990,-0.0088394478,-0.0016510732,0.0000000000,0.0000000000,0.0011019284,2.9640576969
0.2899408284,-0.0029891585,-0.0070917644,0.0011025358,-0.0049288061,-0.0016592920,-0.0011007155,-0.8576712002
0.3798449612,0.0052245099,0.0011559666,0.0011013216,0.0011007155,-0.0038781163,-0.0077134986,0.4744341995
0.3498098859,0.0010856398,-0.0022536351,-0.0060506051,-0.0005497526,0.0027808676,0.0033314825,0.6114269471
0.3643122677,0.0031391810,0.0001271961,0.0011068069,-0.0049504950,-0.0005546312,-0.0022136137,-0.2100899630
0.3789279113,0.0009906882,-0.0015435510,-0.0033167496,0.0005527916,-0.0016648169,0.0016638935,0.0013398839
0.3612167300,0.0008382746,-0.0014292139,0.0016638935,-0.0011049724,0.0022234575,0.0000000000,-0.0943354148
0.3797468354,-0.0003976701,-0.0024280770,-0.0005537099,0.0000000000,-0.0033277870,0.0011074197,0.6843142083
0.3302961276,-0.0030934220,-0.0049998791,0.0011080332,0.0165929204,0.0055648303,0.0027654867,0.7229532164
0.4146341463,-0.0118828127,-0.0138761287,0.0088544549,0.0000000000,0.0088544549,0.0093767237,-0.4573610522
0.4838709677,-0.0095134382,-0.0123085452,0.0054854635,-0.0027203482,-0.0016456391,-0.0005464481,-0.3418295543
0.5333333333,-0.0096742049,-0.0130156928,-0.0027277687,0.0010911075,0.0043956044,0.0016402406,-0.8576859111
0.5205479452,-0.0005481330,-0.0044436037,0.0027352298,0.0016348774,-0.0054704595,-0.0076419214,4.3205342237
0.4367816092,-0.0042976423,-0.0079342829,-0.0076377523,-0.0059847661,-0.0016501650,0.0038503850,0.6771258237
0.4673913043,0.0046206898,0.0008798515,0.0038482683,0.0000000000,-0.0049586777,-0.0082191781,1.2840037418
0.3901996370,0.0028017462,-0.0002899746,-0.0093099671,-0.0027367269,0.0016611296,0.0011049724,-0.8541120577
0.3982300885,0.0079332539,0.0052794046,0.0005527916,-0.0065861690,-0.0105030404,-0.0055187638,1.2638966873
0.3876739563,-0.0010482481,-0.0028585990,0.0011049724,0.0038674033,0.0122905028,0.0077691454,-0.3206845238
0.3984962406,0.0013185683,-0.0004451883,0.0049668874,0.0022014309,-0.0044150110,-0.0022026432,2.4866739686
0.4480286738,0.0011157117,-0.0004122114,-0.0049423394,-0.0049423394,0.0044345898,0.0000000000,-1.0000000000
0.4480286738,0.0037136931,0.0023842838,-0.0044150110,-0.0027593819,-0.0044150110,-0.0027593819,-1.0000000000
0.4948453608,0.0003743028,-0.0005578035,0.0033259424,0.0038738240,0.0016629712,0.0027670172,0.0586223742
0.4948453608,0.0003167178,-0.0005164847,0.0011049724,-0.0011025358,0.0027670172,0.0000000000,-1.0000000000
0.4315545244,-0.0008348393,-0.0015802352,-0.0022075055,0.0011037528,-0.0027593819,0.0011037528,-1.0000000000
0.3642384106,-0.0007064025,-0.0014631807,0.0033185841,0.0000000000,0.0038738240,0.0000000000,-1.0000000000
0.3846153846,0.0043854440,0.0036245974,-0.0049614112,-0.0049614112,-0.0049614112,-0.0049614112,-1.0000000000
0.4109589041,0.0037107603,0.0033561087,0.0000000000,0.0000000000,0.0000000000,0.0000000000,-1.0000000000
0.4006968641,-0.0007353903,-0.0007676313,0.0005540166,0.0055401662,-0.0005540166,0.0038781163,-1.0000000000
0.4615384615,-0.0044681270,-0.0045563028,0.0044296788,0.0022038567,0.0055432373,0.0038631347,-0.4582737244
0.5000000000,-0.0015851983,-0.0020242397,-0.0005512679,-0.0021990104,-0.0022050717,-0.0021990104,1.1980633803
0.5600000000,-0.0040848894,-0.0046163996,0.0038610039,0.0033057851,-0.0055248619,0.0027548209,0.2286744093
0.4859813084,-0.0040036956,-0.0048212456,0.0005494505,0.0000000000,0.0116666667,0.0005494505,-0.8956975228
0.4285714286,-0.0066606891,-0.0077335281,0.0032948929,0.0032948929,0.0032948929,0.0032948929,0.7187500000
0.4400000000,-0.0061799305,-0.0077038029,-0.0005473454,0.0060207991,-0.0043787630,0.0005473454,10.9163636364
0.3953488372,-0.0079426767,-0.0098414619,0.0010952903,-0.0005440696,0.0043980209,0.0027352298,-0.7126945377
0.3953488372,-0.0300048437,-0.0323405157,-0.0005470460,0.0283070223,-0.0005473454,0.0240043644,9.8523632501
0.5714285714,-0.0030815346,-0.0077420264,0.0246305419,-0.0089994706,-0.0054764513,-0.0223761321,0.3840959139
0.3413173653,-0.0181248256,-0.0226149551,-0.0176282051,0.0181623932,0.0093612335,0.0158038147,0.5201173809
0.3888888889,-0.0105590473,-0.0161896158,0.0146818923,-0.0194123820,0.0027277687,-0.0048283262,-0.6290498895
0.3888888889,-0.0041027319,-0.0101880629,-0.0096463023,-0.0112359551,0.0000000000,-0.0048517520,-0.5241707944
0.4216867470,0.0085479895,0.0025142320,-0.0086580087,-0.0086580087,-0.0092491839,-0.0119176598,-0.2279615233
0.4159592530,-0.0004391537,-0.0053067147,0.0016375546,0.0032751092,0.0071389347,0.0076754386,-0.7253797576
0.4328112119,0.0050968351,0.0005299550,-0.0032697548,-0.0048966268,-0.0032715376,-0.0054406964,-0.8881292728
0.4163362411,0.0065151468,0.0026847577,0.0054674686,0.0098414434,-0.0131291028,-0.0021881838,290.5055555556
0.4716981132,0.0005757650,-0.0024363026,-0.0070690593,-0.0075798592,0.0049889135,0.0049342105,-0.7038554630
0.4909090909,0.0021273287,-0.0006201896,-0.0027382256,-0.0010911075,0.0044125758,-0.0016366612,-0.7618250853
0.5458715596,0.0095231755,0.0071305745,0.0027457441,-0.0021845986,-0.0054914882,-0.0076502732,0.2910024318
0.5884923525,0.0113997006,0.0099391873,-0.0038335159,-0.0032840722,-0.0115958034,-0.0033039648,0.3017999163
0.6447761194,-0.0013884810,-0.0018265893,0.0005497526,0.0049423394,0.0106145251,0.0110497238,1.1736334405
0.5765124555,-0.0098320744,-0.0103440163,0.0098901099,0.0087431694,0.0121614151,0.0087431694,-0.7284763314
0.6464646465,-0.0034609147,-0.0047254249,-0.0010881393,-0.0010834236,-0.0005461496,-0.0048754063,0.6090983383
0.6068571429,-0.0029284663,-0.0043753935,0.0005446623,-0.0016268980,0.0010928962,0.0000000000,0.3399356695
0.6051282051,-0.0035627857,-0.0051344319,0.0027218291,0.0005431831,0.0021834061,0.0010887316,0.0025268478
0.5567144720,0.0002487896,-0.0014963429,-0.0016286645,-0.0016286645,-0.0049019608,-0.0032626427,-0.5174543163
0.6215429403,-0.0041358649,-0.0057249464,-0.0021750952,0.0038064165,0.0038314176,0.0043644299,0.2413162706
0.5968992248,-0.0126171814,-0.0144019985,-0.0005449591,0.0140845070,0.0000000000,0.0092341119,2.1958762887
0.6315789474,-0.0042449352,-0.0069213280,0.0070883315,-0.0080128205,0.0065430752,-0.0064585576,-0.4500987492
0.5901639344,-0.0110917144,-0.0138872817,0.0043313481,0.0016155089,0.0005417118,0.0075839653,-0.5991859212
0.6062992126,-0.0072503513,-0.0107311343,-0.0016172507,0.0021505376,0.0021656741,-0.0021505376,0.1795101553
0.6015625000,-0.0055991363,-0.0094025083,0.0102591793,0.0042918455,0.0021609941,-0.0005387931,1.7791846037
0.6695652174,-0.0116640741,-0.0156047530,-0.0021378942,0.0005341880,0.0032345013,0.0070080863,-0.2587699317
0.6676557864,-0.0082768981,-0.0128635084,-0.0010712373,0.0016017085,0.0000000000,-0.0016059957,1.4186846958
0.6666666667,-0.0043341838,-0.0092545018,0.0000000000,-0.0021321962,-0.0059108006,-0.0026809651,0.0652571661
0.6539792388,-0.0074029666,-0.0122861857,0.0032171582,0.0037393162,0.0048648649,0.0037634409,-0.3541507634
0.6630434783,-0.0094473992,-0.0145430724,-0.0042757883,0.0026609899,0.0005379236,0.0032137118,-0.1043067149
0.6494345719,-0.0090520930,-0.0145181110,0.0053676865,-0.0037154989,0.0048387097,0.0010678057,-0.7191752577
0.6494345719,-0.0092446718,-0.0150186655,-0.0010678057,0.0063931806,0.0010700910,0.0016000000,0.7265785609
0.6363636364,-0.0046423583,-0.0107456146,0.0037413148,-0.0058231869,-0.0010689471,-0.0031948882,0.5101207688
0.6315789474,-0.0071104875,-0.0131127433,-0.0010649627,0.0058572950,-0.0005350455,0.0032051282,-0.4856949763
0.5850860421,-0.0038949368,-0.0100328728,0.0000000000,-0.0058231869,0.0005353319,-0.0021299255,0.6489268506
0.6552462527,-0.0027635725,-0.0087607540,-0.0010660981,-0.0015974441,-0.0016051364,-0.0005336179,0.5841413202
0.6426799007,-0.0018054686,-0.0075819545,-0.0005336179,-0.0010666667,0.0021436227,-0.0005339028,-0.7520751237
0.6727272727,0.0022199130,-0.0032933268,0.0069407368,0.0074746396,-0.0026737968,-0.0037393162,1.6428812986
0.6152019002,0.0002693755,-0.0046504751,-0.0053022269,-0.0058293588,0.0000000000,0.0016085791,-0.4479846449
0.5384615385,-0.0019093061,-0.0064335467,-0.0015991471,-0.0010660981,-0.0032171582,0.0021413276,0.1708391284
0.5254237288,0.0075340481,0.0031528404,-0.0016017085,-0.0021344717,-0.0091447015,-0.0090811966,-0.2439120966
0.4246575342,0.0101869901,0.0067182334,-0.0058823529,-0.0058823529,0.0010857763,-0.0037735849,0.9363707777
0.3943661972,0.0064413165,0.0040473239,-0.0069930070,-0.0021516945,0.0000000000,0.0021645022,-0.3682217715
0.3737864078,0.0065373181,0.0048326546,0.0081256771,0.0032345013,0.0000000000,-0.0010799136,3.0894691781
0.4155844156,0.0077104101,0.0066512234,-0.0085975282,-0.0059108006,0.0000000000,-0.0021621622,-0.3234585994
0.4383954155,0.0136626627,0.0132944163,0.0005420054,-0.0005405405,-0.0081344902,-0.0070422535,0.6209190778
0.4058355438,0.0093580783,0.0101053777,-0.0075839653,-0.0043266631,-0.0010934937,0.0021822149,-0.7449408171
0.3760445682,0.0079183739,0.0093568312,0.0027292576,-0.0021727322,0.0054734537,0.0000000000,-1.0000000000
0.3658536585,0.0017920902,0.0037460871,0.0048992923,0.0059880240,0.0016330974,0.0048992923,-1.0000000000
0.3971631206,0.0004324919,0.0023825942,0.0043336945,0.0037878788,0.0010869565,0.0010834236,-0.1382840429
0.3421052632,-0.0028714756,-0.0010372797,-0.0032362460,-0.0005390836,-0.0016286645,0.0032467532,0.6975297002
0.3470715835,0.0084489190,0.0099342074,0.0037878788,0.0026968716,-0.0059815117,-0.0107874865,-0.0331037547
0.3152173913,0.0049572483,0.0070020435,-0.0107816712,-0.0112963959,0.0016411379,0.0021810251,-0.4983915441
0.3152173913,0.0124573040,0.0147649154,0.0032697548,0.0016322089,-0.0043691972,-0.0081610446,0.9919835089
0.3222222222,0.0105407957,0.0136712179,-0.0097772949,-0.0076045627,-0.0082281953,0.0000000000,0.3636886283
0.3091684435,0.0083659993,0.0121033495,0.0010970927,-0.0010946907,0.0088495575,0.0005485464,-0.7075042159
0.2863436123,0.0070789225,0.0112068051,-0.0005479452,-0.0005479452,0.0000000000,0.0000000000,-1.0000000000
0.2500000000,-0.0016727421,0.0026806576,0.0076754386,0.0076754386,0.0076754386,0.0076754386,-1.0000000000
0.2631578947,0.0045968802,0.0085178336,-0.0054406964,-0.0048966268,-0.0092491839,-0.0059847661,6.7972972973
0.2714932127,-0.0042853295,-0.0003206649,0.0076586433,0.0071077091,0.0115321252,0.0082101806,-0.4719815136
0.3221052632,0.0034558882,0.0068086868,-0.0059717698,-0.0048859935,-0.0119435396,-0.0070575461,11.3435448578
0.3306320908,0.0023761671,0.0057544466,0.0038230475,0.0027277687,0.0043956044,0.0005467469,-0.9150859777
0.2940170940,0.0080700403,0.0114076910,-0.0103373232,-0.0103373232,-0.0049234136,-0.0060109290,-0.4091858038
0.3280000000,0.0029688026,0.0066886688,-0.0021990104,0.0038482683,-0.0021990104,0.0038482683,0.7897526502
0.3333333333,0.0063699991,0.0100653133,0.0027548209,-0.0032858708,0.0000000000,-0.0038335159,-0.1303060217
0.3804347826,0.0064966476,0.0104307084,-0.0049450549,-0.0016483516,-0.0038567493,-0.0010995052,19.5232690125
0.4359464627,0.0088284626,0.0130031480,0.0011043622,0.0044028619,0.0016592920,-0.0033021464,-0.3610972844
0.4769874477,0.0052499175,0.0098095608,-0.0011031440,-0.0038356164,-0.0022087245,0.0022087245,-0.4511772853
0.4565217391,0.0066607740,0.0113117128,0.0038652678,0.0000000000,0.0022136137,-0.0022038567,-0.0906940063
0.5152603232,0.0006631141,0.0054769596,-0.0027502750,0.0011001100,-0.0033130867,0.0049696300,1.3491760624
0.5192878338,-0.0032724709,0.0012204112,0.0038610039,0.0038461538,0.0055401662,0.0038461538,-0.0923724433
0.4816000000,0.0016168289,0.0055330011,0.0043956044,0.0005473454,-0.0011019284,-0.0043787630,0.0682557761
0.4958813839,0.0030223284,0.0067835949,-0.0043763676,-0.0043763676,-0.0011031440,-0.0016492578,-0.4251770619
0.4534412955,-0.0067407767,-0.0030515608,-0.0032967033,0.0115384615,0.0000000000,0.0093612335,2.7725225225
0.5614973262,-0.0067874358,-0.0039123579,0.0115766262,0.0027159153,0.0077305356,0.0010911075,0.0322388060
0.5669014085,-0.0100590338,-0.0079475778,0.0000000000,0.0016251354,0.0043835616,0.0043596730,-0.5654747729
0.6067415730,-0.0149254320,-0.0137802665,0.0049046322,0.0054083288,0.0027277687,0.0065111232,0.0446288757
0.6276595745,-0.0173965599,-0.0175262251,0.0070498915,0.0075309306,0.0097932535,0.0048517520,-0.3139709189
0.6488549618,-0.0141912987,-0.0156999282,0.0037695207,-0.0032034170,-0.0026939655,-0.0005364807,-0.4499071343
0.6589147287,-0.0077471402,-0.0102869953,-0.0021459227,-0.0026780932,-0.0027012426,-0.0042941492,1.5594836147
0.6390977444,-0.0017118258,-0.0046960276,0.0021505376,0.0048335124,0.0000000000,-0.0048517520,0.8992783425
0.6243902439,0.0034437279,0.0005298157,-0.0069742489,-0.0090860502,-0.0048754063,-0.0048754063,-0.6518221932
0.5907692308,-0.0057458836,-0.0081483123,-0.0064829822,-0.0005393743,0.0010887316,0.0087098530,-0.6896268482
0.6156069364,0.0010808341,-0.0016180192,0.0081566069,0.0005396654,0.0000000000,-0.0059363195,1.9788279773
0.6037735849,-0.0017950164,-0.0042012029,-0.0048543689,-0.0010787487,0.0032626427,0.0027144408,-0.4443457292
0.5905848787,0.0022797095,-0.0001004538,-0.0010840108,-0.0021598272,-0.0032520325,-0.0037899296,2.6429876656
0.5679012346,-0.0002443968,-0.0022620084,-0.0016277808,0.0000000000,0.0000000000,0.0021739130,-0.6387861308
0.5161290323,-0.0050627815,-0.0069412681,0.0032608696,0.0048701299,0.0038064165,0.0048806941,0.4669328242
0.5454545455,-0.0026692173,-0.0048159008,0.0027085590,-0.0005385030,0.0021668472,-0.0016189962,-0.4246834694
0.5720653789,-0.0049478985,-0.0071425659,0.0032414911,0.0010775862,0.0016216216,0.0027027027,0.7272727273
0.5384615385,-0.0014952960,-0.0039286585,-0.0010770059,-0.0005382131,-0.0053966541,-0.0026954178,-0.0603715170
0.5407279029,0.0008988552,-0.0014786818,-0.0048517520,-0.0043080237,-0.0027129680,-0.0021621622,0.5934609048
0.5270270270,-0.0046314592,-0.0067497039,-0.0021668472,0.0037858302,-0.0010881393,0.0054171181,-0.3425322093
0.5435816165,-0.0049911348,-0.0073194248,0.0054288817,0.0010775862,0.0038126362,0.0010775862,-0.5425184468
0.5284974093,-0.0015363366,-0.0040972053,0.0010799136,0.0005382131,0.0016277808,-0.0026910657,1.2900581703
0.5553539020,0.0063029594,0.0037902435,-0.0026968716,-0.0053792361,-0.0043336945,-0.0075553157,-0.1612977716
0.4545454545,-0.0033380649,-0.0051461227,-0.0070308275,0.0032449973,-0.0038084875,0.0087003806,0.4034966960
0.5349650350,0.0036682160,0.0017151697,0.0027233115,-0.0021563342,0.0016384489,-0.0064690027,1.1390877881
0.5176848875,-0.0006916531,-0.0022016728,0.0054318305,0.0005402485,0.0021810251,0.0037981552,-0.5977622891
0.5137318255,-0.0043525596,-0.0058004221,-0.0005402485,0.0026997840,0.0016322089,0.0037837838,0.3155494756
0.5274725275,0.0077128484,0.0060057170,0.0054054054,0.0016155089,-0.0054318305,-0.0113085622,1.9188908146
0.4614305750,0.0142602671,0.0132874418,-0.0145161290,-0.0134408602,-0.0065537957,-0.0076252723,0.5865099157
0.4223363286,0.0199031770,0.0201418177,-0.0092744135,-0.0016348774,-0.0060472787,-0.0076838639,-0.2812687126
0.4302176697,0.0179672197,0.0197779041,-0.0038546256,-0.0027292576,-0.0016592920,-0.0011061947,-0.3911322867
0.4386422977,-0.0067948668,-0.0037524102,-0.0027639580,0.0103995621,-0.0011080332,0.0221483942,-0.0662362097
0.5384615385,-0.0068255313,-0.0045529448,0.0227272727,0.0010834236,0.0144204104,0.0010834236,-0.5352841508
0.5128712871,0.0134180745,0.0150079457,-0.0016260163,-0.0032467532,-0.0087479497,-0.0189393939,-0.6342136382
0.4961240310,0.0036039182,0.0061269262,-0.0141150923,-0.0081433225,0.0011031440,0.0077220077,0.2403017241
0.4725274725,0.0046992216,0.0073271474,0.0022026432,-0.0005473454,0.0027548209,-0.0016420361,-0.5506081668
0.4983443709,0.0017793799,0.0045813664,0.0016483516,0.0010952903,0.0016483516,0.0021929825,-0.5969067182
0.4608540925,0.0053554586,0.0081023541,0.0005485464,0.0060175055,-0.0010970927,-0.0038293217,9.5911270983
0.4734917733,0.0084079039,0.0113900051,-0.0071271930,-0.0097879282,-0.0093355299,-0.0038440417,0.6681761576
0.5099904853,0.0048985070,0.0083228768,-0.0005521811,-0.0010982976,0.0033259424,0.0022050717,-0.9215473363
0.4985394352,0.0046975295,0.0082609664,0.0038674033,-0.0010995052,0.0033149171,-0.0005500550,0.7188581315
0.5523193096,0.0028709570,0.0065411276,0.0005503577,0.0011007155,0.0011013216,0.0011007155,-0.7544036236
0.5273972603,0.0024292713,0.0060565996,0.0005500550,0.0000000000,0.0005500550,0.0000000000,-1.0000000000
0.5454545455,-0.0023322264,0.0012046437,0.0043980209,0.0043980209,0.0043980209,0.0043980209,-1.0000000000
0.4993252362,-0.0019734224,0.0011154108,0.0000000000,0.0000000000,0.0000000000,0.0000000000,-1.0000000000
0.3483606557,0.0038245684,0.0065420491,-0.0054734537,-0.0054734537,-0.0054734537,-0.0054734537,-1.0000000000
0.3786982249,0.0004830554,0.0032965927,0.0027517887,0.0027517887,0.0027517887,0.0027517887,0.0000000000
0.5240793201,0.0070412833,0.0097024718,-0.0049396268,-0.0049396268,-0.0071350165,-0.0065861690,11.9317406143
0.4082840237,0.0137995524,0.0168488998,-0.0016547159,0.0000000000,-0.0110558320,-0.0077348066,7.9960411718
0.3511450382,-0.0000159198,0.0038630140,-0.0066298343,0.0044125758,0.0016769145,0.0116926503,-0.0602593440
0.4848484848,0.0077512612,0.0113694749,0.0066740823,-0.0010982976,0.0061383929,-0.0077050083,-0.7707604895
0.4528301887,0.0121725841,0.0161632497,-0.0038674033,-0.0082462892,-0.0061009429,-0.0055463117,0.3139043987
0.4403669725,0.0013641143,0.0059889374,-0.0055463117,0.0049889135,0.0005580357,0.0089235917,-0.3399668325
0.5056726094,0.0067193103,0.0111347805,0.0039040714,-0.0071704357,-0.0027886224,-0.0055279160,3.5965766332
0.4712990937,0.0101777448,0.0148228127,-0.0022222222,0.0011111111,0.0005592841,-0.0044469150,-0.4566635920
0.5287009063,0.0080490964,0.0131591319,0.0011135857,-0.0005549390,-0.0011179430,0.0005583473,-0.3077842052
0.4779116466,0.0068107739,0.0121843814,-0.0033370412,-0.0049972238,0.0027979855,0.0000000000,-1.0000000000
0.4910277325,-0.0031375947,0.0023324379,0.0089285714,0.0089285714,0.0089285714,0.0089285714,-1.0000000000
0.5143212951,-0.0026548878,0.0021596647,0.0000000000,0.0000000000,0.0000000000,0.0000000000,-1.0000000000
0.5100864553,0.0010757104,0.0053359815,-0.0038716814,-0.0033185841,-0.0044247788,-0.0033185841,-1.0000000000
0.5608308605,0.0064956530,0.0105486518,0.0022209883,0.0016648169,-0.0044444444,-0.0055493896,1.6810207337
0.5675675676,-0.0022982234,0.0019396169,-0.0055401662,0.0005540166,0.0016741071,0.0078125000,0.7763236169
0.5845272206,0.0036124505,0.0073738700,0.0005571031,-0.0055370986,-0.0005571031,-0.0055370986,0.0676490288
0.5474209651,0.0024985049,0.0062673749,-0.0005567929,0.0005567929,0.0005574136,0.0005567929,-0.4356963614
0.5161290323,0.0060330015,0.0097364332,-0.0027855153,-0.0038953812,-0.0061281337,-0.0038953812,1.4380211228
0.5303867403,0.0028638110,0.0067654607,0.0022346369,0.0022346369,0.0056053812,0.0022346369,-0.7373461012
0.4585987261,0.0041023256,0.0079498503,-0.0011148272,0.0033444816,-0.0027870680,-0.0016722408,6.1145833333
0.4954128440,0.0001207104,0.0039974968,-0.0027901786,-0.0016666667,-0.0011179430,0.0033500838,-0.5006100537
0.4929577465,-0.0015646973,0.0020285503,0.0050363738,0.0061213133,0.0050363738,0.0016694491,0.0776936233
0.5045871560,0.0003432641,0.0035508721,0.0000000000,-0.0055309735,0.0000000000,-0.0016666667,-0.0342326003
0.5301204819,0.0008474089,0.0038464681,0.0011135857,0.0061179088,-0.0027839644,-0.0005564830,1.5953051643
0.4949494949,-0.0009517506,0.0018880122,0.0000000000,-0.0027639580,0.0027917365,0.0016703786,-0.0018994211
0.4748358862,0.0003067423,0.0028630711,-0.0005561735,-0.0033259424,-0.0016703786,-0.0011117287,-0.3993656547
0.5011547344,-0.0069246334,-0.0045503689,0.0000000000,0.0066740823,0.0022308979,0.0072342794,-0.3012975256
0.5919282511,-0.0047595920,-0.0031117706,0.0100166945,0.0027624309,0.0055648303,-0.0011049724,0.3433383718
0.5555555556,-0.0040273471,-0.0028812691,-0.0044077135,-0.0033057851,-0.0027670172,0.0000000000,-0.3827358946
0.6250000000,0.0004657293,0.0012085187,-0.0016602103,-0.0027639580,-0.0005549390,-0.0038716814,0.0770833333
0.6189024390,-0.0023755616,-0.0016526485,-0.0016629712,0.0022172949,0.0000000000,0.0027762354,-0.4523694391
0.6538461538,-0.0036651319,-0.0031860672,0.0066629650,0.0033185841,0.0044419767,0.0016611296,0.3739514349
0.6470588235,-0.0036520383,-0.0035009185,-0.0038610039,-0.0016538037,-0.0027639580,0.0005527916,0.6956940874
0.6181818182,-0.0052884438,-0.0054395150,0.0027685493,0.0027609056,0.0038802661,0.0022099448,0.0920977828
0.6037735849,-0.0055712304,-0.0061323626,0.0016565433,0.0000000000,0.0016565433,0.0011025358,-0.2351205969
0.5961538462,-0.0074469184,-0.0084082670,0.0033076075,0.0027533040,0.0033076075,0.0027533040,0.0914246824
0.6000000000,-0.0063012386,-0.0077854324,0.0005494505,0.0000000000,0.0005494505,0.0000000000,-1.0000000000
0.5510204082,-0.0014935167,-0.0033776759,0.0021965953,0.0054914882,-0.0054914882,-0.0038440417,-1.0000000000
0.5116279070,-0.0034611844,-0.0053208166,-0.0060273973,-0.0070999454,0.0005521811,0.0022050717,-0.7641872594
0.4644351464,0.0092848738,0.0072624121,-0.0016538037,-0.0038503850,-0.0088300221,-0.0121012101,0.7767245919
0.2651933702,-0.0076150486,-0.0087296478,-0.0077305356,0.0071783545,0.0005567929,0.0155902004,0.7858624778
0.3513513514,0.0017949426,0.0001418434,0.0094602115,-0.0054824561,0.0055648303,-0.0082236842,-0.6038503029
0.3376623377,0.0020727350,0.0006845065,-0.0022050717,-0.0005512679,-0.0005534034,-0.0005527916,-0.4476330121
0.3661971831,0.0006469423,-0.0004718704,-0.0011049724,-0.0011031440,0.0005537099,0.0011061947,0.2135001896
0.3525179856,-0.0022089162,-0.0031905343,0.0038716814,0.0022087245,0.0044272274,0.0027624309,-0.5468750000
0.3617021277,-0.0089673882,-0.0100447868,0.0038567493,0.0071625344,0.0038567493,0.0071625344,1.0682758621
0.4117647059,-0.0086723935,-0.0103834599,0.0032930845,0.0010940919,0.0027442371,0.0010940919,0.5378459486
0.4039735099,-0.0057081925,-0.0079880657,0.0010940919,0.0000000000,-0.0027367269,-0.0016393443,4.2304856895
0.4675118859,-0.0080875213,-0.0106454689,-0.0021857923,0.0016393443,0.0016465423,0.0032840722,-0.5357128052
0.4716981132,-0.0238840459,-0.0268459659,0.0038335159,0.0212765957,0.0043835616,0.0174577196,-0.2248214286
0.5450236967,-0.0175757321,-0.0222360247,0.0158210584,-0.0053418803,0.0092744135,-0.0026809651,-0.6073485372
0.5555555556,-0.0116836560,-0.0174192966,-0.0021482277,-0.0005370569,0.0000000000,-0.0032258065,1.9381050161
0.5919282511,-0.0072087399,-0.0134684293,0.0026910657,0.0010746910,-0.0005405405,-0.0026968716,-0.7110623003
0.6830530401,-0.0193587785,-0.0256448505,0.0000000000,0.0059044552,0.0075716604,0.0135208221,0.6140290256
0.6754966887,-0.0163805049,-0.0237452319,0.0059044552,0.0000000000,0.0016103060,0.0000000000,0.5970884179
0.7522123894,-0.0138604272,-0.0219863258,0.0000000000,0.0000000000,0.0042872454,0.0000000000,-0.9403485255
0.7188160677,-0.0195756341,-0.0281367638,0.0048025614,0.0080042689,0.0026680896,0.0080042689,5.5573033708
0.7466666667,-0.0170843346,-0.0265678752,0.0042485396,0.0058231869,0.0058541778,0.0005293806,6.2141877999
0.7387033399,-0.0237535605,-0.0338017723,0.0015864622,0.0047368421,0.0021164021,0.0095238095,-0.4735166975
0.7485822306,-0.0231709561,-0.0343346209,0.0068637804,0.0078575170,0.0068637804,0.0031446541,0.2568799062
0.7559633028,-0.0221606329,-0.0343140064,0.0078657577,0.0010395010,0.0041950708,0.0026123302,1.2510409189
0.7168141593,-0.0084169320,-0.0215749899,-0.0015608741,-0.0036344756,-0.0083550914,-0.0104220948,-0.2977963453
0.6181818182,-0.0092089936,-0.0220367966,-0.0104220948,-0.0072954664,0.0000000000,0.0021063718,-0.1955583814
0.5401459854,-0.0051784009,-0.0178238418,0.0021063718,-0.0005249344,-0.0005265929,-0.0026274304,-0.7300852481
0.5401459854,-0.0059529257,-0.0180556294,-0.0026274304,0.0005252101,0.0000000000,0.0015806112,0.3145785401
0.4904458599,-0.0045134263,-0.0162006587,0.0015806112,-0.0010498688,0.0010537408,-0.0005260389,-0.7412887828
0.5261958998,0.0025126055,-0.0087400205,-0.0031562336,-0.0036784025,-0.0063157895,-0.0063157895,1.0731857319
0.4388185654,-0.0047269942,-0.0148757763,-0.0026385224,0.0026371308,0.0010593220,0.0068855932,0.1839216850
0.4609929078,-0.0107646562,-0.0204723725,0.0079365079,0.0068385060,0.0079365079,0.0068385060,-0.8616887998
0.4770642202,-0.0142587187,-0.0240548823,0.0068241470,0.0052246604,0.0041994751,0.0052246604,1.7192028986
0.4605678233,-0.0141147272,-0.0243015183,0.0088633994,0.0103950104,0.0078410873,0.0020790021,2.5363091272
0.4705882353,-0.0195710493,-0.0300477151,-0.0051679587,-0.0005144033,-0.0067427386,0.0077800830,0.6088922381
0.4605678233,-0.0078797043,-0.0192409477,0.0067532468,-0.0025733402,0.0057441253,-0.0087493567,-0.6798594848
0.4322580645,-0.0051177813,-0.0162834235,-0.0046439628,-0.0030959752,-0.0015576324,-0.0015576324,1.2201901975
0.4781491003,-0.0069125610,-0.0176315043,0.0010368066,0.0020703934,0.0026001040,0.0026001040,0.4965403624
0.5242566510,-0.0037822483,-0.0142804055,0.0015535992,-0.0010330579,-0.0062240664,-0.0020746888,-0.4809555262
0.5625000000,-0.0052684130,-0.0152698537,-0.0067218201,-0.0031023785,-0.0015657620,0.0020790021,2.3066808059
0.5309033281,0.0002111476,-0.0095151207,0.0010411244,-0.0020746888,0.0031364349,-0.0046680498,-0.8163684177
0.5439093484,-0.0008626471,-0.0098422487,0.0005200208,0.0010395010,-0.0010422095,0.0010422095,-0.1980440098
0.4782608696,-0.0064193580,-0.0147548883,-0.0005197505,0.0031152648,0.0031298905,0.0057261843,-0.7704703833
0.5090909091,-0.0085109231,-0.0167156119,0.0088403536,0.0113871636,0.0078003120,0.0031055901,2.4971537002
0.4852686308,-0.0168403702,-0.0250358901,0.0061855670,0.0015353122,0.0056759546,0.0098039216,3.1736299512
0.5058236273,-0.0091866244,-0.0181643349,0.0030737705,0.0005109862,-0.0025654182,-0.0051098620,0.4503380135
0.4896142433,-0.0092998002,-0.0183314150,-0.0045965271,-0.0030643514,-0.0020576132,0.0015408320,-0.6763176766
0.4857997010,-0.0068504468,-0.0159642650,0.0005130836,0.0000000000,0.0010309278,-0.0010256410,3.8327333149
0.4878048780,-0.0032381081,-0.0122464251,0.0010256410,0.0005122951,-0.0015447992,-0.0025667351,-0.4281703054
0.5649717514,-0.0027399376,-0.0113392825,-0.0040983607,-0.0040962622,-0.0015471893,0.0000000000,-0.5718007816
0.5434782609,0.0023243701,-0.0058946273,-0.0020576132,-0.0025706941,-0.0025826446,-0.0046320124,-0.1156096419
0.5357142857,0.0056065087,-0.0018452253,-0.0015463918,0.0005154639,-0.0020714656,-0.0036194416,-0.4461497751
0.5172413793,0.0021436998,-0.0042921120,-0.0020650490,-0.0010303967,0.0020757654,0.0025947068,0.9622551362
0.5227272727,0.0065025764,0.0006874095,0.0005173306,0.0005157298,-0.0041429311,-0.0046583851,-0.3963963964
0.5227272727,0.0018552810,-0.0029927612,-0.0025853154,-0.0030927835,0.0031201248,0.0036401456,-0.2613957241
0.5483870968,0.0057387183,0.0013797216,-0.0020736133,-0.0046535677,-0.0036288232,-0.0041450777,-0.4751501912
0.5283018868,0.0059025634,0.0023205174,0.0015584416,0.0015584416,-0.0072840791,-0.0010405827,4.9729448491
0.5666666667,0.0008243751,-0.0020096658,-0.0015560166,0.0000000000,0.0089098532,0.0041666667,-0.9425087108
0.4693877551,-0.0070278575,-0.0095664569,0.0067532468,0.0077800830,0.0067532468,0.0077800830,9.7848484848
0.5588235294,-0.0028674952,-0.0057876946,0.0025799794,0.0000000000,-0.0041279670,-0.0030880082,2.0924416971
0.5932203390,-0.0049947604,-0.0079198442,-0.0010293361,-0.0005146680,0.0056994819,0.0025813113,-0.9703797928
0.5490196078,-0.0113535501,-0.0144381663,0.0082431736,0.0164778579,0.0072127769,0.0072090628,6.6993865031
0.5684210526,-0.0146444551,-0.0183871431,0.0000000000,-0.0040526849,0.0010230179,0.0051124744,-0.6159362550
0.5722801788,-0.0203640839,-0.0249603484,0.0071538068,0.0081383520,0.0045988758,0.0081383520,8.9024896266
0.6097560976,-0.0117463903,-0.0176594935,0.0060882801,0.0010090817,0.0025432350,-0.0055499495,-0.1826943222
0.5813953488,-0.0129439900,-0.0193366594,-0.0055471508,-0.0015120968,0.0005073567,0.0030441400,-0.5185849782
0.5844155844,-0.0134476811,-0.0203818513,0.0025354970,0.0005047956,-0.0040567951,0.0025290845,0.9294462194
0.5860306644,-0.0083769209,-0.0158929512,0.0025290845,0.0010090817,0.0061099796,-0.0030272452,-0.6282599696
0.5993930197,-0.0080921191,-0.0157119385,-0.0020181635,-0.0015120968,-0.0005060729,0.0010121457,0.5126206385
0.5901639344,-0.0068471777,-0.0145480912,0.0040444894,0.0040383645,0.0015189873,0.0000000000,1.0174233129
0.5400000000,-0.0088004379,-0.0164539111,-0.0030211480,-0.0025138260,-0.0005055612,0.0030333670,-0.6551514414
0.5337837838,-0.0104391479,-0.0182042433,0.0035353535,0.0030241935,0.0050581689,0.0030241935,4.7065255732
0.5035971223,-0.0088331251,-0.0168557808,0.0015098138,0.0055276382,0.0010065425,0.0000000000,0.9712572629
0.4778156997,-0.0039705617,-0.0121322929,-0.0020100503,-0.0074962519,-0.0030165913,-0.0035175879,-0.8127684927
0.5038759690,-0.0013452739,-0.0092350873,-0.0015105740,-0.0015105740,-0.0020171457,-0.0020171457,-0.9562887289
0.5100000000,-0.0071585700,-0.0145265909,0.0010085729,0.0110943016,0.0030318343,0.0060636685,31.1915708812
0.5196078431,-0.0085470881,-0.0159218634,0.0035264484,-0.0034912718,0.0010075567,0.0025113009,-0.5129731016
0.4615384615,-0.0116884660,-0.0191650685,0.0015060241,0.0050050050,0.0040261701,0.0045090180,0.3802541544
0.5294117647,-0.0079110106,-0.0157819064,0.0030075188,-0.0034860558,0.0030075188,-0.0019950125,-0.9410410765
0.5504587156,0.0003047016,-0.0076700380,-0.0004997501,0.0029985007,-0.0119940030,-0.0069965017,656.3153153153
0.4878048780,0.0027811792,-0.0045970987,-0.0065000000,-0.0084703538,0.0010116338,-0.0025163563,-0.9429291960
0.4950495050,-0.0016762556,-0.0082595615,-0.0025163563,0.0000000000,0.0015159171,0.0040363269,-0.3987351905
0.5299539171,-0.0014183701,-0.0076477421,0.0040363269,0.0000000000,0.0040363269,0.0000000000,-0.9640527227
0.5299539171,-0.0012001593,-0.0070812427,0.0040201005,0.0040201005,-0.0020100503,0.0000000000,6.5000000000
0.5405405405,0.0060623058,0.0004818596,-0.0100100100,-0.0100100100,-0.0055387714,-0.0070351759,-0.7254320988
0.5151515152,0.0041133344,-0.0005654071,0.0030333670,0.0050556117,-0.0005063291,0.0010121457,17.9100719424
0.4736842105,-0.0005617039,-0.0045496136,-0.0015120968,-0.0010060362,-0.0030395137,0.0040444894,-0.4002282671
0.4721030043,-0.0009783200,-0.0047137564,0.0025239778,0.0005035247,0.0091463415,0.0005035247,-0.9498889946
0.4100227790,-0.0063287572,-0.0098460655,0.0025176234,0.0055359839,0.0025176234,0.0055359839,4.9841772152
0.4045977011,-0.0023591839,-0.0061321391,-0.0025113009,-0.0030030030,-0.0035158212,-0.0030030030,0.7096774194
0.4304635762,0.0101745451,0.0064479726,0.0010070493,-0.0020080321,-0.0080645161,-0.0120481928,2.9690689762
0.3495145631,0.0147970172,0.0121419422,-0.0120724346,-0.0090543260,-0.0060975610,-0.0060975610,-0.6954488778
0.3243243243,0.0083962330,0.0071234248,-0.0091649695,-0.0030456853,-0.0051124744,0.0040899796,0.3922722620
0.3417266187,0.0076175484,0.0071085481,0.0087358684,-0.0005091650,0.0087358684,-0.0005091650,-0.9829075538
0.3571428571,0.0064456179,0.0065819890,0.0000000000,0.0000000000,0.0000000000,0.0000000000,-1.0000000000
0.3448275862,0.0054539844,0.0060944343,0.0000000000,0.0000000000,0.0000000000,0.0000000000,-1.0000000000
0.3448275862,-0.0009832482,0.0000391077,0.0040753948,0.0056036679,0.0000000000,0.0056036679,-1.0000000000
0.3747714808,-0.0003255586,0.0005430716,-0.0020294267,-0.0005065856,0.0015282731,-0.0005065856,-0.6614386155
0.4371002132,-0.0058183001,-0.0050442987,0.0055922725,0.0055752661,0.0061037640,0.0055752661,0.1357827476
0.4863813230,-0.0024090870,-0.0021559190,-0.0015166835,-0.0025201613,-0.0015166835,-0.0025201613,-0.0281293952
0.5070422535,-0.0000172703,0.0000250522,-0.0025316456,-0.0020212228,-0.0035443038,-0.0020212228,2.6975397974
0.5751503006,-0.0000146134,0.0000231965,0.0025380711,0.0000000000,0.0035569106,0.0000000000,-1.0000000000
0.5691056911,-0.0030411010,-0.0030073602,-0.0005063291,0.0030379747,-0.0045569620,0.0030379747,-1.0000000000
0.5346534653,-0.0045831673,-0.0047940948,0.0070921986,0.0070671378,0.0081383520,0.0020191822,-0.4415653495
0.6349206349,0.0001527778,-0.0004104040,-0.0060362173,-0.0090225564,-0.0035317861,-0.0040302267,-0.7361545789
0.6779661017,-0.0201904987,-0.0206894288,0.0050607287,0.0207384927,0.0055696203,0.0207384927,3.7111913357
0.7934782609,-0.0022515357,-0.0043554230,0.0095669688,-0.0064420218,0.0010070493,-0.0148662042,-0.7337712096
0.6033057851,-0.0019051456,-0.0040327990,-0.0084788030,-0.0084788030,0.0000000000,0.0000000000,-1.0000000000
0.6033057851,-0.0149899494,-0.0170835422,0.0060362173,0.0196177062,0.0055331992,0.0135814889,-1.0000000000
0.6345177665,-0.0223871566,-0.0254906441,0.0145000000,0.0039467193,0.0150075038,0.0099255583,-0.9936600655
0.6542617047,-0.0165265821,-0.0211975281,0.0064070971,0.0171990172,0.0004928536,-0.0024570025,47.4382022472
0.6359393232,-0.0149545191,-0.0205922746,-0.0083251714,-0.0115942029,-0.0024630542,0.0009852217,-0.7258176757
0.6157635468,-0.0092407754,-0.0156760411,0.0034567901,-0.0068426197,0.0000000000,-0.0034448819,3.6772419628
0.6067961165,-0.0048705860,-0.0115862195,-0.0073818898,-0.0063976378,-0.0039506173,-0.0029629630,-0.8661481414
0.5980861244,-0.0041212651,-0.0107279810,0.0009915716,0.0000000000,0.0009915716,0.0000000000,-1.0000000000
0.5980861244,-0.0034872243,-0.0099333157,0.0000000000,0.0000000000,0.0000000000,0.0000000000,-1.0000000000
0.6266666667,0.0020121850,-0.0042656953,-0.0044576523,-0.0044576523,-0.0049529470,-0.0049529470,-0.3509433962
0.6716417910,0.0037010273,-0.0019625852,-0.0009950249,-0.0009950249,-0.0019910403,-0.0019910403,0.4011627907
0.6852791878,0.0001387047,-0.0047953769,0.0014940239,0.0014940239,0.0029925187,0.0029925187,-0.3858921162
0.5709342561,-0.0033518226,-0.0078935428,0.0000000000,0.0034808553,-0.0124316261,0.0034808553,5.5090090090
0.6595744681,0.0001374921,-0.0043485243,0.0014917951,-0.0019821606,0.0130916415,-0.0029732408,1.6993079585
0.6619217082,0.0086386341,0.0044605816,-0.0004965243,-0.0004965243,-0.0104373757,-0.0084493042,3.1975387771
0.5268817204,0.0022856253,-0.0008779624,-0.0044709389,-0.0034773969,0.0065293822,0.0050125313,-0.9690945182
