0.5000000000,0.0189842209,0.0000000000,0.0000000000,0.0000000000,0.0000000000,0.0000000000,-1.0000000000
0.5000000000,-0.0245789713,-0.0400000000,0.0000000000,0.0416666667,-0.0416666667,0.0416666667,-1.0000000000
0.5000000000,-0.0207975911,-0.0370370370,0.0416666667,0.0000000000,0.0869565217,0.0000000000,-1.0000000000
0.5000000000,-0.0175979617,-0.0342935528,0.0000000000,0.0000000000,0.0000000000,0.0000000000,-1.0000000000
0.5000000000,-0.0148905830,-0.0317532896,0.0000000000,0.0000000000,0.0000000000,0.0000000000,-1.0000000000
0.5000000000,0.0285419541,0.0110404228,-0.0400000000,-0.0400000000,-0.0400000000,-0.0400000000,-1.0000000000
0.5000000000,0.0241508842,0.0102226137,0.0000000000,0.0000000000,0.0000000000,0.0000000000,-1.0000000000
0.5000000000,0.0204353636,0.0094653831,0.0000000000,0.0000000000,0.0000000000,0.0000000000,-1.0000000000
0.5000000000,0.0172914615,0.0087642436,0.0000000000,0.0000000000,0.0000000000,0.0000000000,-1.0000000000
0.5000000000,-0.0634173200,-0.0694322705,0.0416666667,0.0833333333,0.0416666667,0.0833333333,472.2241014799
0.6000000000,-0.0536608092,-0.0642891393,0.0400000000,0.0000000000,0.0400000000,0.0000000000,-0.9941117341
0.6000000000,-0.0454053001,-0.0595269808,0.0000000000,0.0000000000,0.0000000000,0.0000000000,-1.0000000000
0.6000000000,0.0000433359,-0.0173222778,-0.0384615385,-0.0384615385,-0.0384615385,-0.0384615385,-1.0000000000
0.6000000000,0.0000366688,-0.0160391462,0.0000000000,0.0000000000,0.0000000000,0.0000000000,-0.9974261700
0.6000000000,0.0000310275,-0.0148510613,0.0000000000,0.0000000000,0.0000000000,0.0000000000,0.7789072427
0.6666666667,0.0000262540,-0.0137509826,0.0000000000,0.0000000000,0.0000000000,0.0000000000,-0.6142857143
0.6666666667,0.0000222149,-0.0127323913,0.0000000000,0.0000000000,0.0000000000,0.0000000000,-1.0000000000
0.6666666667,0.0000187973,-0.0117892512,0.0000000000,0.0000000000,0.0000000000,0.0000000000,-1.0000000000
0.6666666667,0.0000159054,-0.0109159734,0.0000000000,0.0000000000,0.0000000000,0.0000000000,0.2042516241
0.6666666667,0.0416806858,0.0311381430,0.0000000000,0.0000000000,-0.0400000000,-0.0400000000,-0.3358068024
0.6666666667,0.0352682726,0.0288316139,-0.0400000000,-0.0400000000,0.0000000000,0.0000000000,-1.0000000000
0.6666666667,0.0298423845,0.0266959388,0.0000000000,0.0000000000,0.0000000000,0.0000000000,-1.0000000000
0.6666666667,0.0252512484,0.0247184618,0.0000000000,0.0000000000,0.0000000000,0.0000000000,-1.0000000000
0.0000000000,0.0213664410,0.0228874646,0.0416666667,0.0416666667,0.0000000000,0.0000000000,-1.0000000000
0.0000000000,0.0180792962,0.0211920969,-0.0400000000,-0.0400000000,0.0000000000,0.0000000000,-1.0000000000
0.0000000000,-0.0253140486,-0.0211625805,0.0416666667,0.0416666667,0.0416666667,0.0416666667,-1.0000000000
0.5000000000,-0.0214195796,-0.0195949820,0.0000000000,0.0000000000,0.0000000000,0.0000000000,-1.0000000000
0.5000000000,-0.0181242597,-0.0181435018,0.0000000000,0.0000000000,0.0000000000,0.0000000000,-1.0000000000
0.5000000000,-0.0153359120,-0.0167995387,0.0000000000,0.0000000000,0.0000000000,0.0000000000,-1.0000000000
0.5000000000,-0.0129765409,-0.0155551285,0.0000000000,0.0000000000,0.0000000000,0.0000000000,-1.0000000000
0.5000000000,-0.0109801500,-0.0144028967,0.0000000000,0.0000000000,0.0000000000,0.0000000000,-1.0000000000
0.5000000000,-0.0092908962,-0.0133360155,0.0000000000,0.0000000000,0.0000000000,0.0000000000,-0.9358408854
0.5000000000,-0.0078615275,-0.0123481625,0.0000000000,0.0000000000,0.0000000000,0.0000000000,-0.8735000000
0.9900990099,-0.0066520618,-0.0114334838,0.0000000000,0.0000000000,0.0000000000,0.0000000000,-1.0000000000
0.9900990099,-0.0056286676,-0.0105865591,0.0000000000,0.0000000000,0.0000000000,0.0000000000,-1.0000000000
0.9900990099,-0.0047627188,-0.0098023695,0.0000000000,0.0000000000,0.0000000000,0.0000000000,-1.0000000000
0.9900990099,-0.0040299928,-0.0090762681,0.0000000000,0.0000000000,0.0000000000,0.0000000000,-1.0000000000
0.9900990099,-0.0034099939,-0.0084039519,0.0000000000,0.0000000000,0.0000000000,0.0000000000,-1.0000000000
0.9900990099,-0.0028853795,-0.0077814369,0.0000000000,0.0000000000,0.0000000000,0.0000000000,-1.0000000000
0.9900990099,-0.0024414749,-0.0072050342,0.0000000000,0.0000000000,0.0000000000,0.0000000000,-1.0000000000
0.9900990099,-0.0020658634,-0.0066713280,0.0000000000,0.0000000000,0.0000000000,0.0000000000,-1.0000000000
0.9900990099,-0.0017480383,-0.0061771555,0.0000000000,0.0000000000,0.0000000000,0.0000000000,-1.0000000000
0.9900990099,0.0401259278,0.0357087620,0.0000000000,0.0000000000,-0.0400000000,-0.0400000000,-1.0000000000
0.0000000000,0.0339527081,0.0330636685,-0.0400000000,-0.0400000000,-0.0416666667,0.0000000000,-0.9268135053
0.0000000000,0.0287292146,0.0306145079,0.0000000000,0.0000000000,0.0434782609,0.0000000000,-1.0000000000
0.0000000000,0.0243093354,0.0283467666,0.0000000000,0.0000000000,0.0000000000,0.0000000000,-1.0000000000
0.0000000000,0.0205694377,0.0262470061,0.0000000000,0.0000000000,0.0000000000,0.0000000000,-1.0000000000
0.0000000000,0.0174049088,0.0243027834,0.0000000000,0.0000000000,0.0000000000,0.0000000000,-1.0000000000
0.0000000000,0.0147272305,0.0225025772,0.0000000000,0.0000000000,0.0000000000,0.0000000000,-0.2717920052
0.0000000000,0.0124615027,0.0208357197,0.0000000000,0.0000000000,0.0000000000,0.0000000000,-0.4061850575
0.0000000000,0.0105443485,0.0192923330,-0.0416666667,0.0000000000,-0.0416666667,0.0000000000,-0.9889965066
0.0000000000,0.0527883211,0.0621181962,0.0000000000,-0.0416666667,0.0000000000,-0.0416666667,-0.5186246418
0.0000000000,0.0446670409,0.0575168483,0.0000000000,0.0000000000,0.0000000000,0.0000000000,-1.0000000000
0.0000000000,0.0377951885,0.0532563410,0.0000000000,0.0000000000,0.0000000000,0.0000000000,-1.0000000000
0.0000000000,-0.0110186453,0.0055901174,0.0434782609,0.0434782609,0.0434782609,0.0434782609,-1.0000000000
0.5000000000,-0.0093234691,0.0051760346,0.0000000000,0.0000000000,0.0000000000,0.0000000000,-1.0000000000
0.5000000000,-0.0078890892,0.0047926247,0.0000000000,0.0000000000,0.0000000000,0.0000000000,-1.0000000000
0.5000000000,-0.0066753832,0.0044376154,0.0000000000,0.0000000000,0.0000000000,0.0000000000,-1.0000000000
0.5000000000,-0.0056484012,0.0041089032,0.0000000000,0.0000000000,0.0000000000,0.0000000000,-1.0000000000
0.5000000000,-0.0047794164,0.0038045400,0.0000000000,0.0000000000,0.0000000000,0.0000000000,-1.0000000000
0.5000000000,-0.0040441215,0.0035227222,0.0000000000,0.0000000000,0.0000000000,0.0000000000,-1.0000000000
0.5000000000,-0.0432850710,-0.0368686914,0.0000000000,0.0416666667,0.0000000000,0.0416666667,-1.0000000000
0.5000000000,0.0035147611,0.0061065863,0.0000000000,-0.0400000000,-0.0416666667,-0.0400000000,-0.5491555402
0.5000000000,0.0029740286,0.0056542465,0.0000000000,0.0000000000,0.0434782609,0.0000000000,-0.4759934615
0.5000000000,0.0025164858,0.0052354135,0.0000000000,0.0000000000,0.0000000000,0.0000000000,3.1554580268
0.5000000000,0.0021293341,0.0048476051,0.0000000000,0.0000000000,0.0000000000,0.0000000000,-0.9955993663
0.5000000000,0.0018017442,0.0044885232,0.0000000000,0.0000000000,0.0000000000,0.0000000000,-1.0000000000
0.5000000000,0.0015245528,0.0041560400,0.0000000000,0.0000000000,0.0000000000,0.0000000000,-1.0000000000
0.5000000000,0.0012900062,0.0038481852,0.0000000000,0.0000000000,0.0000000000,0.0000000000,-1.0000000000
0.5000000000,0.0010915437,0.0035631344,0.0000000000,0.0000000000,0.0000000000,0.0000000000,-1.0000000000
0.5000000000,0.0009236139,0.0032991985,0.0000000000,0.0000000000,0.0000000000,0.0000000000,1.3936036263
0.5000000000,0.0007815195,0.0030548135,0.0000000000,0.0000000000,0.0000000000,0.0000000000,-1.0000000000
0.5000000000,0.0006612857,0.0028285310,0.0000000000,0.0000000000,0.0000000000,0.0000000000,-1.0000000000
0.5000000000,0.0005595495,0.0026190102,0.0000000000,0.0000000000,0.0000000000,0.0000000000,-1.0000000000
0.5000000000,0.0439723112,0.0460087055,-0.0416666667,-0.0416666667,-0.0416666667,-0.0416666667,-1.0000000000
0.0000000000,-0.0060096322,-0.0008410407,0.0000000000,0.0434782609,0.0000000000,0.0434782609,-0.9056738274
0.5000000000,-0.0050850734,-0.0007787414,0.0434782609,0.0000000000,0.0434782609,0.0000000000,-1.0000000000
0.5000000000,0.0389884301,0.0427258538,-0.0416666667,-0.0416666667,-0.0416666667,-0.0416666667,-1.0000000000
0.5000000000,0.0329902101,0.0395609757,0.0000000000,0.0000000000,0.0000000000,0.0000000000,-1.0000000000
0.5000000000,0.0279147932,0.0366305331,0.0000000000,0.0000000000,0.0000000000,0.0000000000,-1.0000000000
0.5000000000,0.0236202096,0.0339171602,0.0000000000,0.0000000000,0.0000000000,0.0000000000,-1.0000000000
0.5000000000,0.0199863312,0.0314047780,0.0000000000,0.0000000000,0.0000000000,0.0000000000,-1.0000000000
0.5000000000,0.0169115110,0.0290784982,0.0000000000,0.0000000000,0.0000000000,0.0000000000,-0.9771408534
0.5000000000,0.0143097401,0.0269245353,0.0000000000,0.0000000000,0.0000000000,0.0000000000,-1.0000000000
0.5000000000,0.0121082416,0.0249301253,0.0000000000,0.0000000000,0.0000000000,0.0000000000,-1.0000000000
0.5000000000,0.0102454352,0.0230834494,0.0000000000,0.0000000000,0.0000000000,0.0000000000,-1.0000000000
0.5000000000,0.0086692144,0.0213735642,0.0000000000,0.0000000000,0.0000000000,0.0000000000,-1.0000000000
0.5000000000,0.0073354891,0.0197903372,0.0000000000,0.0000000000,0.0000000000,0.0000000000,-1.0000000000
0.5000000000,0.0062069523,0.0183243863,0.0000000000,0.0000000000,0.0000000000,0.0000000000,-1.0000000000
0.0000000000,0.0052520366,0.0169670244,0.0000000000,0.0000000000,0.0000000000,0.0000000000,-1.0000000000
0.0000000000,-0.0374078037,-0.0266110509,0.0434782609,0.0434782609,0.0434782609,0.0434782609,-1.0000000000
0.9900990099,-0.0703866467,-0.0636542675,0.0000000000,0.0416666667,0.0000000000,0.0416666667,1.3696286339
0.9900990099,-0.0595579318,-0.0589391365,0.0416666667,0.0400000000,0.0416666667,0.0000000000,4.1665753340
0.9900990099,-0.0503951731,-0.0545732746,0.0000000000,-0.0384615385,-0.0400000000,0.0000000000,-0.6007421605
0.9900990099,-0.0027521557,-0.0109695935,-0.0400000000,-0.0400000000,0.0000000000,-0.0400000000,-0.6461056940
0.5000000000,0.0410482638,0.0328796198,0.0000000000,0.0000000000,-0.0416666667,-0.0416666667,-0.5238442629
0.5000000000,0.0347331463,0.0304440924,-0.0416666667,-0.0416666667,0.0000000000,0.0000000000,-1.0000000000
0.5000000000,-0.0135016474,-0.0146522328,0.0434782609,0.0434782609,0.0434782609,0.0434782609,-1.0000000000
0.5000000000,-0.0114244709,-0.0135668823,0.0000000000,0.0000000000,0.0000000000,0.0000000000,-1.0000000000
0.5000000000,-0.0096668600,-0.0125619280,0.0000000000,0.0000000000,0.0000000000,0.0000000000,-1.0000000000
0.5000000000,-0.0478524647,-0.0511661582,0.0000000000,0.0416666667,0.0000000000,0.0416666667,-1.0000000000
0.5000000000,-0.0005109865,-0.0076834088,0.0000000000,-0.0400000000,0.0000000000,-0.0400000000,-0.9977626881
0.5000000000,-0.0004323732,-0.0071142674,0.0000000000,0.0000000000,0.0000000000,0.0000000000,-1.0000000000
0.5000000000,-0.0003658543,-0.0065872846,0.0000000000,0.0000000000,0.0000000000,0.0000000000,-1.0000000000
0.5000000000,-0.0003095690,-0.0060993376,0.0000000000,0.0000000000,0.0000000000,0.0000000000,-1.0000000000
0.5000000000,-0.0002619430,-0.0056475348,0.0000000000,0.0000000000,0.0000000000,0.0000000000,-1.0000000000
0.5000000000,-0.0002216441,-0.0052291989,0.0000000000,0.0000000000,0.0000000000,0.0000000000,-1.0000000000
0.5000000000,-0.0401800432,-0.0446481768,0.0000000000,0.0833333333,0.0000000000,0.0416666667,-1.0000000000
0.5000000000,-0.0339984981,-0.0413409045,0.0416666667,0.0769230769,0.0416666667,0.0000000000,0.5778115208
0.5000000000,-0.0287679599,-0.0382786152,0.0000000000,-0.1071428571,0.0000000000,0.0000000000,-0.9557898601
0.5000000000,-0.0243421199,-0.0354431623,0.0000000000,0.0000000000,0.0000000000,0.0000000000,5.4460056416
0.5000000000,-0.0205971784,-0.0328177428,0.0000000000,0.0000000000,0.0000000000,0.0000000000,-0.8711049094
0.5000000000,-0.0174283817,-0.0303867989,0.0000000000,0.0000000000,0.0000000000,0.0000000000,-1.0000000000
0.5000000000,0.0263051123,0.0123584115,-0.0400000000,-0.0400000000,-0.0400000000,-0.0400000000,-1.0000000000
0.5000000000,0.0222581719,0.0114429736,0.0000000000,0.0000000000,0.0000000000,0.0000000000,-1.0000000000
0.5000000000,0.0188338378,0.0105953460,0.0000000000,0.0000000000,0.0000000000,0.0000000000,-1.0000000000
0.5000000000,-0.0247011287,-0.0305819147,0.0416666667,0.0416666667,0.0416666667,0.0416666667,-1.0000000000
0.5000000000,-0.0209009551,-0.0283165877,0.0000000000,0.0000000000,0.0000000000,0.0000000000,-1.0000000000
0.5000000000,-0.0176854235,-0.0262190627,0.0000000000,0.0000000000,0.0000000000,0.0000000000,-1.0000000000
0.5000000000,0.0260785530,0.0163782189,-0.0400000000,-0.0400000000,-0.0400000000,-0.0400000000,-1.0000000000
0.5000000000,0.0220664679,0.0151650175,0.0000000000,0.0416666667,0.0000000000,0.0000000000,-0.5954806819
0.5000000000,0.0186716267,0.0140416829,0.0000000000,-0.0400000000,0.0000000000,0.0000000000,-1.0000000000
0.5000000000,0.0157990687,0.0130015582,0.0000000000,0.0000000000,0.0000000000,0.0000000000,-1.0000000000
0.5000000000,0.0133684428,0.0120384798,0.0000000000,0.0000000000,0.0000000000,0.0000000000,-1.0000000000
0.5000000000,0.0113117593,0.0111467406,0.0000000000,0.0000000000,0.0000000000,0.0000000000,-1.0000000000
0.5000000000,0.0095714886,0.0103210561,0.0000000000,0.0000000000,0.0000000000,0.0000000000,-1.0000000000
0.5000000000,0.0080989519,0.0095565334,0.0000000000,0.0000000000,0.0000000000,0.0000000000,-1.0000000000
0.5000000000,0.0068529593,0.0088486420,0.0000000000,0.0000000000,0.0000000000,0.0000000000,-1.0000000000
0.5000000000,0.0057986579,0.0081931871,0.0000000000,0.0000000000,0.0000000000,0.0000000000,-1.0000000000
0.5000000000,0.0049065567,0.0075862843,0.0000000000,0.0000000000,0.0000000000,0.0000000000,-1.0000000000
0.0000000000,0.0041517018,0.0070243373,0.0000000000,0.0000000000,0.0000000000,0.0000000000,-1.0000000000
0.0000000000,0.0035129784,0.0065040161,0.0000000000,0.0000000000,0.0000000000,0.0000000000,-1.0000000000
0.0000000000,0.0029725202,0.0060222371,0.0000000000,0.0000000000,0.0000000000,0.0000000000,-1.0000000000
0.9900990099,0.0025152094,0.0055761455,0.0000000000,0.0000000000,0.0000000000,0.0000000000,-1.0000000000
0.9900990099,0.0021282541,0.0051630976,0.0000000000,0.0000000000,0.0000000000,0.0000000000,-1.0000000000
0.9900990099,0.0018008304,0.0047806460,0.0000000000,0.0000000000,0.0000000000,0.0000000000,-1.0000000000
0.9900990099,0.0015237796,0.0044265240,0.0000000000,0.0000000000,0.0000000000,0.0000000000,-1.0000000000
0.9900990099,0.0012893520,0.0040986334,0.0000000000,0.0000000000,0.0000000000,0.0000000000,-1.0000000000
0.9900990099,0.0010909901,0.0037950309,0.0000000000,0.0000000000,0.0000000000,0.0000000000,-1.0000000000
0.9900990099,-0.0760709426,-0.0736794608,0.0416666667,0.0833333333,0.0416666667,0.0833333333,-1.0000000000
0.9900990099,-0.0269424295,-0.0309505919,0.0400000000,0.0000000000,0.0000000000,-0.0384615385,1.8634726021
0.6666666667,0.0179193330,0.0118146298,-0.0384615385,-0.0384615385,-0.0400000000,-0.0400000000,-0.6287072061
0.6666666667,0.0151625125,0.0109394720,-0.0400000000,0.0000000000,0.0000000000,0.0000000000,-0.8006811062
0.6666666667,0.0128298183,0.0101291408,0.0000000000,-0.0400000000,0.0000000000,0.0000000000,1.7189857477
0.6666666667,0.0108560001,0.0093788340,0.0000000000,0.0000000000,0.0000000000,0.0000000000,-0.9876860454
0.6666666667,0.0091858462,0.0086841056,0.0000000000,0.0000000000,0.0000000000,0.0000000000,-1.0000000000
0.6666666667,0.0077726391,0.0080408385,0.0000000000,0.0000000000,0.0000000000,0.0000000000,-1.0000000000
0.6666666667,0.0065768485,0.0074452208,0.0000000000,0.0000000000,0.0000000000,0.0000000000,-1.0000000000
0.6666666667,0.0055650256,0.0068937230,0.0000000000,0.0000000000,0.0000000000,0.0000000000,0.6462620975
0.6666666667,0.0047088678,0.0063830768,0.0000000000,0.0000000000,0.0000000000,0.0000000000,-0.9905473217
0.6666666667,0.0039844266,0.0059102563,0.0000000000,0.0000000000,0.0000000000,0.0000000000,-1.0000000000
0.6666666667,0.0033714379,0.0054724596,0.0000000000,0.0000000000,0.0000000000,0.0000000000,-1.0000000000
0.6666666667,0.0028527552,0.0050670922,0.0000000000,0.0000000000,0.0000000000,0.0000000000,-1.0000000000
0.0000000000,0.0024138698,0.0046917520,0.0000000000,0.0000000000,0.0000000000,0.0000000000,-1.0000000000
0.0000000000,0.0020425052,0.0043442148,0.0000000000,0.0000000000,0.0000000000,0.0000000000,-1.0000000000
0.9900990099,0.5025924104,0.5060336317,0.0000000000,0.0000000000,-0.3750000000,-0.3333333333,101.3075664928
0.0000000000,0.6288805727,0.6783424674,-0.3333333333,-0.2916666667,-0.0666666667,-0.1250000000,-0.8010811933
0.0000000000,0.4299877343,0.5195552188,-0.0625000000,-0.1176470588,0.0714285714,0.0714285714,-0.9199473973
0.1666666667,0.3638357752,0.4810696470,0.0000000000,0.0666666667,-0.0666666667,0.0000000000,0.7023422454
0.1666666667,0.3078610406,0.4454348583,0.0000000000,0.0000000000,0.0000000000,0.0000000000,2.4770054465
0.1666666667,0.3505333610,0.5133282325,-0.0666666667,-0.0625000000,0.0000000000,-0.0666666667,0.2709854187
0.2142857143,0.2101648081,0.3769503244,0.0000000000,0.0666666667,0.0000000000,0.0714285714,-0.5636409072
0.2142857143,0.1778317607,0.3490280781,0.0714285714,0.0000000000,0.0000000000,0.0000000000,-0.9659329753
0.2142857143,0.0785684640,0.2404757623,0.0000000000,0.0000000000,0.0714285714,0.0666666667,6.0076277651
0.2142857143,0.1375797419,0.3041735924,0.0000000000,0.0000000000,-0.0666666667,-0.0625000000,-0.4778156425
0.2500000000,0.1164136278,0.2816422151,0.0000000000,0.0000000000,0.0000000000,0.0000000000,7.0982361902
0.2500000000,0.0298473489,0.1819810895,0.0000000000,0.0000000000,0.0000000000,0.0666666667,-0.5095016003
0.2500000000,0.0936058124,0.2464010761,0.0000000000,-0.0625000000,0.0000000000,-0.0625000000,0.0932285664
0.2777777778,0.0117546108,0.1513898230,0.0000000000,0.1333333333,0.0714285714,0.0666666667,4.8870871558
0.4444444444,0.0099462091,0.1401757620,0.0666666667,0.0000000000,0.0666666667,0.0000000000,-0.9652868463
0.5000000000,0.0084160231,0.1297923722,0.0000000000,-0.0588235294,0.0000000000,0.0000000000,0.9148244180
0.5000000000,0.0071212503,0.1201781225,0.0000000000,0.0000000000,-0.0625000000,0.0000000000,-0.1733427695
0.5000000000,0.0730940516,0.1853611086,-0.0625000000,0.0000000000,0.0000000000,-0.0625000000,4.3273728668
0.5000000000,-0.0045167379,0.0984037401,0.0666666667,0.0000000000,0.0000000000,0.0666666667,-0.9675008490
0.5000000000,-0.0038218552,0.0911145742,0.0000000000,0.0000000000,0.0666666667,0.0000000000,0.6418328663
0.5000000000,0.0632171974,0.1566563695,-0.0625000000,-0.0625000000,-0.0625000000,-0.0625000000,-0.9800020078
0.5000000000,-0.0123517425,0.0734864319,0.0000000000,0.0666666667,0.0000000000,0.0666666667,5.6395582329
0.5000000000,-0.0104514744,0.0680429925,0.0666666667,0.0000000000,0.0666666667,0.0000000000,-1.0000000000
0.5000000000,0.0572335411,0.1338696222,0.0000000000,0.0000000000,-0.0625000000,-0.0625000000,-1.0000000000
0.5000000000,-0.0170983929,0.0537062693,0.0000000000,0.0625000000,0.0666666667,0.0666666667,0.6196590882
0.5000000000,-0.0144678709,0.0497280271,0.0000000000,0.0000000000,0.0000000000,0.0000000000,-0.3848517236
0.5000000000,-0.0122420446,0.0460444696,0.0000000000,-0.0588235294,0.0000000000,0.0000000000,2.6000416215
0.5000000000,-0.0103586531,0.0426337681,0.0000000000,0.0000000000,0.0000000000,0.0000000000,-0.6748156563
0.5000000000,-0.0670729545,-0.0216699189,-0.0625000000,0.0625000000,-0.0625000000,0.0625000000,-0.5319649427
0.5000000000,0.0021988341,0.0411812141,0.0666666667,-0.0588235294,0.0000000000,-0.0588235294,-0.7691961171
0.5000000000,0.0018605520,0.0381307538,-0.0625000000,0.0625000000,0.0000000000,0.0000000000,0.9131266743
0.5000000000,0.1446563579,0.1832071469,0.0000000000,-0.1176470588,-0.0666666667,-0.1250000000,33.6966593319
0.4444444444,0.0475747647,0.0916604973,-0.0666666667,0.0000000000,0.0000000000,0.0714285714,-0.8668890957
0.4444444444,0.0402555702,0.0848708308,0.0000000000,0.0000000000,0.0000000000,0.0000000000,-0.9675241144
0.4285714286,0.1079240059,0.1556258242,0.0000000000,-0.0666666667,0.0000000000,-0.0666666667,0.5213390237
0.4444444444,0.0913203127,0.1440979854,0.0000000000,0.0000000000,0.0000000000,0.0000000000,1.3363724029
0.4444444444,0.0772710338,0.1334240605,0.0000000000,0.0000000000,0.0000000000,0.0000000000,-0.4057258639
0.4285714286,0.0653831825,0.1235407968,0.0714285714,0.0714285714,0.0000000000,0.0000000000,17.8505493118
0.4285714286,0.0553242313,0.1143896267,-0.0666666667,-0.0666666667,0.0000000000,0.0000000000,-0.9655875802
0.4285714286,0.0468128111,0.1059163210,0.0000000000,0.0000000000,0.0000000000,0.0000000000,-0.6140743625
0.4285714286,-0.0296965492,0.0248659564,-0.0714285714,0.0714285714,-0.0714285714,0.0714285714,86.6983606557
0.4285714286,0.0445058758,0.0960971790,0.0769230769,0.0000000000,0.0769230769,-0.0666666667,-0.8492252476
0.4444444444,0.0376588179,0.0889788694,0.0000000000,-0.0666666667,0.0000000000,0.0000000000,2.3763637751
0.4285714286,0.0318651536,0.0823878421,0.0000000000,0.0000000000,0.0000000000,0.0000000000,0.4925317485
0.4285714286,0.0269628223,0.0762850389,0.0000000000,0.0000000000,0.0000000000,0.0000000000,-0.9903369392
0.5000000000,0.0228146958,0.0706342953,0.0000000000,0.0000000000,0.0000000000,0.0000000000,-1.0000000000
0.5000000000,0.0193047426,0.0654021253,0.0000000000,0.0000000000,0.0000000000,0.0000000000,-1.0000000000
0.5000000000,0.0163347822,0.0605575234,-0.0714285714,0.0000000000,-0.0714285714,0.0000000000,-1.0000000000
0.5000000000,0.0138217388,0.0560717809,0.0769230769,0.0000000000,0.0769230769,0.0000000000,-1.0000000000
0.5000000000,0.0116953174,0.0519183157,-0.0714285714,0.0000000000,-0.0714285714,0.0000000000,-1.0000000000
0.5000000000,0.0875803484,0.1286934772,0.0000000000,0.0000000000,-0.0769230769,-0.0714285714,-0.6211736263
0.5000000000,-0.0026154405,0.0392205822,0.0000000000,0.0000000000,0.0000000000,0.0769230769,-0.0946901753
0.5000000000,0.0745397761,0.1160319196,0.0000000000,0.0000000000,0.0833333333,-0.0714285714,-0.7742808756
0.5000000000,0.0630721182,0.1074369626,0.0000000000,0.0000000000,0.0000000000,0.0000000000,0.1053351320
0.5000000000,-0.0218719071,0.0209444784,0.0000000000,0.0000000000,0.0000000000,0.0769230769,-0.2228445321
0.5000000000,0.0569924634,0.0978078845,0.0000000000,0.0714285714,-0.0769230769,-0.0714285714,25.7008002754
0.5000000000,0.0482243921,0.0905628560,0.0000000000,-0.1333333333,0.0833333333,0.0000000000,-0.9635316962
0.5000000000,0.0408052548,0.0838544963,0.0000000000,0.0000000000,-0.0769230769,0.0000000000,11.5888253099
0.5000000000,0.1207381503,0.1674466398,-0.1538461538,0.0769230769,-0.0833333333,-0.0769230769,-0.1285783983
0.5000000000,0.1021630502,0.1550431850,0.0909090909,-0.0714285714,0.0909090909,0.0000000000,-0.3965114804
0.5000000000,0.0864456579,0.1435585046,0.0000000000,0.0000000000,-0.0833333333,0.0000000000,1.9044377257
0.5000000000,-0.0094033915,0.0457764997,0.0833333333,0.0000000000,0.0000000000,0.0833333333,-0.9051506426
0.5000000000,-0.0079567159,0.0423856479,0.0000000000,0.0000000000,0.1818181818,0.0000000000,-1.0000000000
0.5000000000,0.0760396771,0.1258498011,-0.0769230769,-0.0769230769,-0.1538461538,-0.0769230769,-1.0000000000
0.5000000000,0.0643412653,0.1165275936,0.0000000000,0.0000000000,0.0909090909,0.0000000000,-0.8010344125
0.5000000000,0.0544426091,0.1078959200,0.0000000000,0.0000000000,0.0000000000,0.0000000000,-0.6725069592
0.5000000000,0.0460668231,0.0999036296,0.0000000000,0.0000000000,0.0000000000,0.0000000000,-0.3071250000
0.5000000000,-0.0409418897,0.0084646407,0.0833333333,0.0833333333,-0.0833333333,0.0833333333,2.4106079740
0.5000000000,-0.0346431374,0.0078376303,0.0000000000,0.0000000000,0.1818181818,0.0000000000,-1.0000000000
0.5000000000,-0.0293134240,0.0072570651,0.0000000000,0.0000000000,0.0000000000,0.0000000000,-1.0000000000
0.5000000000,-0.0248036664,0.0067195047,0.0000000000,0.0000000000,0.0000000000,0.0000000000,-1.0000000000
0.5000000000,-0.0209877178,0.0062217636,0.0000000000,0.0000000000,0.0000000000,0.0000000000,-1.0000000000
0.5000000000,-0.0177588381,0.0057608922,0.0000000000,0.0000000000,0.0000000000,0.0000000000,-1.0000000000
0.5000000000,0.0670543984,0.0891120061,-0.0769230769,0.0000000000,-0.0769230769,-0.0769230769,-1.0000000000
0.5000000000,-0.0245492273,-0.0007589691,0.0833333333,0.0000000000,0.0833333333,0.0833333333,-0.9983392289
0.5000000000,0.0608298750,0.0825720217,-0.0769230769,-0.0769230769,-0.0769230769,-0.0769230769,379.8587570621
0.5000000000,0.0514714327,0.0764555756,0.0000000000,0.0000000000,0.0000000000,0.0000000000,-1.0000000000
0.5000000000,0.0435527507,0.0707921997,0.0000000000,0.0000000000,0.0000000000,0.0000000000,-1.0000000000
0.5000000000,-0.0429055438,-0.0164169234,0.0000000000,0.0833333333,0.0000000000,0.0833333333,-1.0000000000
0.5000000000,0.0440032515,0.0668657405,0.0000000000,-0.0769230769,0.0000000000,-0.0769230769,-0.9967231890
0.5000000000,-0.0425536734,-0.0197728714,0.0000000000,0.0833333333,0.0000000000,0.0833333333,310.9713093375
0.5000000000,0.0443257994,0.0634994345,0.0000000000,-0.0769230769,0.0000000000,-0.0769230769,-0.8741608129
0.5000000000,0.1318252134,0.1550499339,0.0833333333,0.0833333333,-0.0833333333,-0.0833333333,-0.9791384305
0.5000000000,-0.0594624211,-0.0323682854,-0.0769230769,0.0769230769,0.0909090909,0.1818181818,1143.0433121019
0.5555555556,-0.1181490452,-0.0992584465,0.0833333333,0.0000000000,0.0833333333,0.0769230769,-0.8705006492
0.5454545455,0.0500323528,0.0594430362,-0.0769230769,-0.1428571429,-0.0769230769,-0.1428571429,0.8099441101
0.5070422535,0.0423350678,0.0550398484,-0.0833333333,0.0000000000,-0.0833333333,0.0000000000,-0.9758713328
0.5000000000,0.0358219804,0.0509628226,0.0909090909,0.0000000000,0.0909090909,0.0000000000,-0.5631029730
0.5102040816,0.0303109065,0.0471877987,-0.0833333333,0.0000000000,-0.0833333333,0.0000000000,-0.1520955385
0.5000000000,-0.0532482860,-0.0365916251,0.0909090909,0.0833333333,0.0909090909,0.0833333333,18.6760563380
0.4897959184,0.1285698958,0.1417768413,-0.0833333333,-0.1538461538,-0.0833333333,-0.1538461538,-0.9810915574
0.4615384615,0.1087899118,0.1312748530,0.0000000000,0.0000000000,0.0000000000,0.0000000000,-1.0000000000
0.4716981132,0.0920530023,0.1215507898,0.0000000000,0.0000000000,0.0000000000,0.0000000000,-1.0000000000
0.4545454545,-0.0119332482,0.0198347753,0.0909090909,0.0909090909,0.0909090909,0.0909090909,-1.0000000000
0.4545454545,-0.0862437205,-0.0599702775,0.0000000000,0.0833333333,-0.0833333333,0.0833333333,-0.0944000722
0.4186046512,0.0042765895,0.0231779624,0.0000000000,-0.0769230769,0.0909090909,-0.0769230769,-0.9415848655
0.4186046512,-0.0735827821,-0.0571128527,0.0000000000,0.0833333333,-0.0833333333,0.0833333333,26.6431617856
0.3750000000,0.0158824497,0.0260442064,0.0000000000,-0.0769230769,0.0909090909,-0.0769230769,-0.9453821705
0.4000000000,0.0134389959,0.0241150060,0.0000000000,0.0000000000,0.0000000000,0.0000000000,940.6195856874
0.4285714286,-0.0664263464,-0.0563119607,0.0000000000,0.0833333333,0.0000000000,0.0833333333,-0.9393426000
0.4285714286,-0.0562069085,-0.0521407044,0.0000000000,0.0000000000,0.0000000000,0.0000000000,0.0263710611
0.4285714286,-0.0475596918,-0.0482784300,0.0833333333,0.0000000000,0.0833333333,0.0000000000,-0.9683280595
0.4285714286,-0.0402428161,-0.0447022500,-0.0769230769,0.0000000000,-0.0769230769,0.0000000000,58.4358454204
0.4285714286,0.0464440852,0.0384931134,-0.0833333333,-0.0769230769,-0.0833333333,-0.0769230769,-0.9765451945
0.5000000000,0.0392988413,0.0356417717,0.0909090909,0.0000000000,0.0909090909,0.0000000000,-0.9241850990
0.5000000000,0.0332528657,0.0330016405,0.0000000000,0.0000000000,0.0000000000,0.0000000000,34.2140115163
0.5000000000,0.0281370402,0.0305570745,0.0000000000,0.0000000000,0.0000000000,0.0000000000,1.9527430300
0.5000000000,0.0238082648,0.0282935875,0.0833333333,0.0833333333,0.0000000000,0.0000000000,-0.9616964327
0.5000000000,0.0201454548,0.0261977662,-0.0769230769,-0.0769230769,0.0000000000,0.0000000000,288.1879518072
0.5000000000,0.0170461541,0.0242571909,-0.0833333333,0.0000000000,-0.0833333333,0.0000000000,-0.9580703757
0.5000000000,0.0144236689,0.0224603620,0.0909090909,0.0000000000,0.0909090909,0.0000000000,-1.0000000000
0.5000000000,0.1042232468,0.1135963252,0.0000000000,0.0000000000,-0.0833333333,-0.0833333333,-1.0000000000
0.5000000000,-0.0024935073,0.0130833007,0.0000000000,0.0000000000,0.0909090909,0.0909090909,-0.8594851143
0.5000000000,-0.0021098908,0.0121141673,0.0000000000,0.0000000000,0.0000000000,0.0000000000,-1.0000000000
0.5000000000,-0.0017852922,0.0112168216,0.0000000000,0.0000000000,0.0000000000,0.0000000000,-1.0000000000
0.5000000000,0.0892611289,0.1022392138,0.0000000000,0.0000000000,-0.0833333333,-0.0833333333,-0.9576905208
0.5000000000,0.0755286475,0.0946659387,-0.0833333333,-0.0833333333,0.0000000000,0.0000000000,-1.0000000000
0.5000000000,0.0639088556,0.0876536469,0.0000000000,0.0000000000,0.0000000000,0.0000000000,-1.0000000000
0.5000000000,-0.0337630030,-0.0089359478,0.0909090909,0.0909090909,0.0909090909,0.0909090909,-1.0000000000
0.5000000000,-0.0285686949,-0.0082740258,0.0000000000,0.0000000000,0.0000000000,0.0000000000,-1.0000000000
0.5000000000,-0.0241735111,-0.0076611350,0.0000000000,0.0000000000,0.0000000000,0.0000000000,-1.0000000000
0.5000000000,-0.0204545094,-0.0070936435,0.0000000000,0.0000000000,0.0000000000,0.0000000000,-1.0000000000
0.5000000000,0.0720280054,0.0837437944,-0.0833333333,-0.0833333333,-0.0833333333,-0.0833333333,-1.0000000000
0.5000000000,0.0609467738,0.0775405504,0.0000000000,0.0000000000,0.0000000000,0.0000000000,-0.8286134302
0.5000000000,0.0515703470,0.0717968059,0.0000000000,0.0000000000,0.0000000000,0.0000000000,0.2873507292
0.5000000000,0.1480000922,0.1731263764,0.0000000000,0.0000000000,-0.0909090909,-0.0909090909,0.0469531225
0.5000000000,0.0229371339,0.0548201822,0.0000000000,0.0000000000,0.1000000000,0.1000000000,4.1402461037
0.5000000000,0.0194083441,0.0507594279,0.0000000000,0.0000000000,0.0000000000,0.0000000000,-0.9814950075
0.5000000000,0.1180646895,0.1516994173,0.0000000000,0.0909090909,-0.0909090909,-0.0909090909,14.6172196920
0.5000000000,-0.0000900990,0.0367840213,0.0909090909,0.0000000000,0.1000000000,0.1000000000,-0.5512630015
0.5000000000,-0.0000762376,0.0340592790,0.0000000000,0.3333333333,0.0000000000,0.0000000000,47.2341400012
0.5000000000,-0.0000645088,0.0315363695,-0.0833333333,-0.2500000000,-0.0909090909,0.0000000000,-0.7309208424
0.5000000000,-0.0000545843,0.0292003421,0.0000000000,0.0000000000,0.1000000000,0.0000000000,-0.9777084719
0.5000000000,-0.0833756712,-0.0585490924,0.0909090909,0.0000000000,0.0909090909,0.0909090909,-0.9108995615
0.5000000000,-0.0705486448,-0.0542121226,0.0000000000,0.0000000000,0.0000000000,0.0000000000,-1.0000000000
0.5000000000,0.0257872649,0.0361493712,-0.0833333333,-0.0833333333,-0.0833333333,-0.0833333333,-1.0000000000
0.5000000000,0.0218199934,0.0334716400,0.0000000000,0.0909090909,-0.0909090909,0.0000000000,39.5608435773
0.5000000000,0.0184630713,0.0309922592,0.0000000000,-0.0833333333,0.1000000000,0.0000000000,-1.0000000000
0.5000000000,0.0156225988,0.0286965363,0.0000000000,0.0909090909,0.0000000000,0.0000000000,-1.0000000000
0.5000000000,0.0132191221,0.0265708670,0.0000000000,-0.0833333333,0.0000000000,0.0000000000,-1.0000000000
0.5000000000,0.0111854110,0.0246026546,0.0000000000,0.0000000000,0.0000000000,0.0000000000,-1.0000000000
0.5000000000,0.0094645785,0.0227802357,-0.0909090909,0.0000000000,-0.0909090909,0.0000000000,-1.0000000000
0.5000000000,0.0080084895,0.0210928109,0.1000000000,0.0000000000,0.1000000000,0.0000000000,-1.0000000000
0.5000000000,-0.0771216203,-0.0654304846,0.0000000000,0.0909090909,0.0000000000,0.0909090909,-1.0000000000
0.5000000000,0.0197199029,0.0248176923,0.0000000000,-0.0833333333,0.0000000000,-0.0833333333,-0.2408472098
0.5000000000,0.0166860717,0.0229793447,0.0000000000,0.0000000000,0.0000000000,0.0000000000,-0.9946252741
0.5000000000,0.0141189838,0.0212771711,0.0000000000,0.0000000000,0.0000000000,0.0000000000,-1.0000000000
0.5000000000,0.1131415156,0.1216711927,-0.0909090909,-0.0909090909,-0.0909090909,-0.0909090909,-1.0000000000
0.5000000000,0.0957351286,0.1126585118,0.0000000000,0.0000000000,0.0000000000,0.0000000000,8.7373310811
0.5000000000,0.0810066473,0.1043134368,0.0000000000,0.0000000000,0.0000000000,0.0000000000,44.8254401943
0.5000000000,0.0685440862,0.0965865156,0.0000000000,0.0000000000,0.0000000000,0.0000000000,-0.9960942343
0.5000000000,-0.0381828708,-0.0096073101,0.0000000000,0.1000000000,0.0000000000,0.1000000000,45.0867458202
0.5000000000,-0.0323085830,-0.0088956575,0.0000000000,0.0000000000,-0.1000000000,0.0000000000,-0.1437960042
0.5000000000,0.0699281651,0.0909396081,0.0000000000,-0.0909090909,0.1111111111,-0.0909090909,-0.8388025791
0.5000000000,-0.0371181947,-0.0143605992,0.0000000000,0.1000000000,0.0000000000,0.1000000000,-0.0496362043
0.5000000000,-0.0314077032,-0.0132968512,0.1000000000,0.0000000000,0.1000000000,0.0000000000,-0.9348645182
0.5000000000,-0.1076944365,-0.0946192409,0.0000000000,0.0909090909,0.0000000000,0.0909090909,284.0024615385
0.5000000000,-0.0911260616,-0.0876104083,0.0909090909,0.0000000000,0.0909090909,0.0000000000,-1.0000000000
0.5000000000,-0.0771066675,-0.0811207484,0.0000000000,0.0000000000,0.0000000000,0.0000000000,-1.0000000000
0.5000000000,0.1217070761,0.1098658351,-0.1666666667,-0.1666666667,-0.1666666667,-0.1666666667,-1.0000000000
0.4285714286,0.1029829105,0.1017276251,0.0000000000,0.0000000000,0.0000000000,0.0000000000,-1.0000000000
0.4000000000,-0.0116914674,-0.0052797769,0.1000000000,0.1000000000,0.1000000000,0.1000000000,-1.0000000000
0.4000000000,0.0891179418,0.0946224495,0.0000000000,0.0000000000,-0.0909090909,-0.0909090909,73.6699669967
0.4285714286,-0.0223568280,-0.0112605644,0.0000000000,0.0000000000,0.1000000000,0.1000000000,2.3706813996
0.4285714286,-0.0189173160,-0.0104264485,0.0000000000,0.0000000000,0.0000000000,0.0000000000,-1.0000000000
0.4285714286,-0.0980063797,-0.0921829424,0.0909090909,0.0909090909,0.0909090909,0.0909090909,-1.0000000000
0.4285714286,0.0004416635,-0.0022049923,-0.1666666667,-0.0833333333,-0.1666666667,-0.0833333333,16.5510204082
0.4285714286,0.0003737153,-0.0020416596,0.0000000000,0.0000000000,0.0000000000,0.0000000000,-0.2248974008
0.4285714286,0.1003478427,0.0979205319,0.0000000000,-0.0909090909,0.0000000000,-0.0909090909,7.3426579598
0.4444444444,0.0849097130,0.0906671592,0.1000000000,0.1000000000,0.0000000000,0.0000000000,-0.5746199981
0.4444444444,-0.1755025536,-0.1661914821,0.0000000000,0.1818181818,0.1000000000,0.3000000000,9.6199925401
0.5454545455,-0.0775440075,-0.0833710854,0.0000000000,-0.0769230769,0.0000000000,-0.0769230769,0.0473631589
0.5555555556,0.0193300071,0.0066958733,0.0000000000,-0.0833333333,0.0000000000,-0.0833333333,-0.5085075037
0.6000000000,0.0163561598,0.0061998827,0.0000000000,0.0000000000,0.0000000000,0.0000000000,-0.9945326359
0.6000000000,0.0138398275,0.0057406321,0.0000000000,0.0000000000,0.0000000000,0.0000000000,71.5166389351
0.6250000000,0.0117106233,0.0053154001,0.0000000000,0.0000000000,0.0000000000,0.0000000000,-0.9841794298
0.6250000000,0.0099089889,0.0049216668,0.0000000000,0.0000000000,0.0000000000,0.0000000000,1.0087019579
0.6666666667,0.0083845291,0.0045570989,0.0000000000,0.0000000000,0.0000000000,0.0000000000,2.6389891697
0.6666666667,0.0070946016,0.0042195360,0.0000000000,0.0000000000,0.0000000000,0.0000000000,0.2921626984
0.7500000000,0.0060031244,0.0039069778,0.0000000000,0.0000000000,0.0000000000,0.0000000000,-1.0000000000
0.7500000000,0.0050795668,0.0036175720,0.0000000000,0.0000000000,0.0000000000,0.0000000000,-1.0000000000
0.7500000000,0.0042980950,0.0033496037,0.0000000000,0.0000000000,0.0000000000,0.0000000000,-1.0000000000
0.7500000000,0.0036368496,0.0031014849,0.0000000000,0.0000000000,0.0000000000,0.0000000000,-1.0000000000
0.7500000000,0.2259834086,0.2257321331,-0.0909090909,-0.0909090909,-0.1818181818,-0.1818181818,-1.0000000000
0.0000000000,0.1912167303,0.2090112344,-0.1000000000,0.0000000000,-0.1111111111,0.0000000000,2.3812995895
0.0000000000,0.0456188946,0.0741760287,0.0000000000,0.0000000000,0.1250000000,0.1111111111,-0.9965774051
0.3333333333,0.0386006031,0.0686815080,0.1111111111,0.0000000000,0.1111111111,0.0000000000,19.7104283054
0.3333333333,0.0326620488,0.0635939889,0.0000000000,0.0000000000,0.0000000000,0.0000000000,-1.0000000000
0.3333333333,0.0276371182,0.0588833231,0.0000000000,0.0000000000,0.0000000000,0.0000000000,-1.0000000000
0.3333333333,0.0233852539,0.0545215954,0.0000000000,0.0000000000,0.0000000000,0.0000000000,-1.0000000000
0.3333333333,0.0197875225,0.0504829587,0.0000000000,0.0000000000,0.0000000000,0.0000000000,-1.0000000000
0.3333333333,0.0167432883,0.0467434803,0.0000000000,0.0000000000,0.0000000000,0.0000000000,-1.0000000000
0.3333333333,0.1268526642,0.1592011114,0.0000000000,0.0000000000,-0.1000000000,-0.1000000000,-1.0000000000
0.4000000000,0.1073368697,0.1474084365,-0.1000000000,-0.1000000000,0.0000000000,0.0000000000,-1.0000000000
0.4000000000,0.0908235051,0.1364892931,0.0000000000,0.0000000000,0.0000000000,0.0000000000,-1.0000000000
0.4000000000,0.0768506582,0.1263789751,0.0000000000,0.0000000000,0.0000000000,0.0000000000,-1.0000000000
0.4000000000,0.0650274800,0.1170175695,0.0000000000,0.0000000000,0.0000000000,0.0000000000,-1.0000000000
0.5000000000,0.0550232523,0.1083496014,0.0000000000,0.0000000000,0.0000000000,0.0000000000,-1.0000000000
0.5000000000,0.0465581366,0.1003237050,0.0000000000,0.0000000000,0.0000000000,0.0000000000,-1.0000000000
0.0000000000,0.0393953463,0.0928923194,0.0000000000,0.0000000000,0.0000000000,0.0000000000,-1.0000000000
0.0000000000,-0.0699989286,-0.0225897338,0.0000000000,0.1111111111,0.0000000000,0.1111111111,-1.0000000000
0.5000000000,-0.0592298626,-0.0209164202,0.1111111111,0.0000000000,0.1111111111,0.0000000000,-1.0000000000
0.5000000000,-0.0501175761,-0.0193670557,0.0000000000,0.0000000000,0.0000000000,0.0000000000,-1.0000000000
0.5000000000,0.0639920225,0.0911861567,-0.1000000000,-0.1000000000,-0.1000000000,-0.1000000000,2.0983904465
0.5000000000,0.0541470960,0.0844316265,0.1111111111,0.1111111111,0.0000000000,0.0000000000,0.5896103896
0.5000000000,-0.0587649038,-0.0296403112,0.0000000000,0.0000000000,0.1111111111,0.1111111111,1.6358844613
0.5000000000,-0.0497241494,-0.0274447326,0.0000000000,0.0000000000,0.0000000000,0.0000000000,-1.0000000000
0.5000000000,-0.1291584366,-0.1140107177,0.0000000000,0.1000000000,0.0000000000,0.1000000000,-1.0000000000
0.5000000000,-0.1092879079,-0.1055654793,0.1000000000,0.0000000000,0.1000000000,0.0000000000,-1.0000000000
0.5000000000,-0.0017218220,-0.0075203956,-0.0909090909,-0.0909090909,-0.0909090909,-0.0909090909,-1.0000000000
0.5000000000,-0.0014569263,-0.0069633293,0.0000000000,0.1000000000,0.0000000000,0.0000000000,0.6294097024
0.5000000000,-0.0012327838,-0.0064475271,0.0000000000,-0.0909090909,0.0000000000,0.0000000000,-0.9731049043
0.5000000000,-0.0010431247,-0.0059699325,0.0000000000,0.0000000000,0.0000000000,0.0000000000,0.4055000000
0.5000000000,-0.0008826440,-0.0055277153,0.0000000000,0.0000000000,0.0000000000,0.0000000000,-0.3340448239
0.5000000000,-0.0007468526,-0.0051182549,0.0000000000,0.0000000000,0.0000000000,0.0000000000,-1.0000000000
0.5000000000,-0.0006319522,-0.0047391249,0.0000000000,0.0000000000,0.0000000000,0.0000000000,-1.0000000000
0.5000000000,-0.0005347288,-0.0043880786,0.0000000000,0.0000000000,0.0000000000,0.0000000000,-1.0000000000
0.5000000000,-0.0004524628,-0.0040630358,0.0000000000,0.0000000000,0.0000000000,0.0000000000,-1.0000000000
0.5000000000,-0.0912571392,-0.0943291547,0.1000000000,0.1000000000,0.0000000000,0.1000000000,-1.0000000000
0.5000000000,0.0150606627,0.0039240091,0.0909090909,0.0909090909,0.0000000000,-0.0909090909,-0.9941114220
0.5000000000,0.0127436377,0.0036333418,-0.1666666667,-0.1666666667,0.0000000000,0.0000000000,-1.0000000000
0.5000000000,-0.0811062927,-0.0878507224,0.0000000000,0.1000000000,0.0000000000,0.1000000000,-1.0000000000
0.5000000000,0.0245087583,0.0105224124,0.0000000000,-0.0909090909,0.0000000000,-0.0909090909,-0.6243210475
0.5000000000,0.0207381801,0.0097429744,0.0000000000,0.0000000000,-0.1000000000,0.0000000000,0.7719744401
0.5000000000,0.0175476909,0.0090212726,0.0000000000,0.1000000000,0.1111111111,0.0000000000,-0.9370565180
0.5000000000,-0.0774108672,-0.0833154271,0.1000000000,0.0909090909,0.0000000000,0.1000000000,94.5418981481
0.5000000000,0.0279483467,0.0151416946,-0.0909090909,-0.1666666667,0.0000000000,-0.0909090909,-0.9931252287
0.5000000000,0.0236486011,0.0140200876,0.0000000000,0.0000000000,0.0000000000,0.0000000000,-0.6759471366
0.5000000000,0.0200103548,0.0129815626,0.0000000000,0.0000000000,0.0000000000,0.0000000000,-1.0000000000
0.5000000000,0.0169318386,0.0120199654,0.0000000000,0.0000000000,0.0000000000,0.0000000000,-1.0000000000
0.5000000000,0.0143269404,0.0111295976,0.1000000000,0.1000000000,0.0000000000,0.0000000000,-0.7647887432
0.5000000000,-0.0798883675,-0.0815407428,-0.0909090909,0.0000000000,0.0000000000,0.1000000000,-0.9810017046
0.5000000000,0.0256423656,0.0169492435,0.0000000000,-0.0909090909,0.0000000000,-0.0909090909,14.1412856652
0.5000000000,0.0216973863,0.0156937439,0.0000000000,0.0000000000,0.0000000000,0.0000000000,-1.0000000000
0.5000000000,0.0183593269,0.0145312444,0.0000000000,0.0000000000,0.0000000000,0.0000000000,-1.0000000000
0.5000000000,0.0155348150,0.0134548559,0.0000000000,0.0000000000,0.0000000000,0.0000000000,-1.0000000000
0.5000000000,0.0131448435,0.0124581999,0.0000000000,0.0000000000,0.0000000000,0.0000000000,33.8677940046
0.5000000000,0.1234695110,0.1239281892,0.1000000000,0.1000000000,-0.1000000000,-0.1000000000,0.8949804907
0.5000000000,-0.0059732186,0.0032734910,-0.0909090909,-0.0909090909,0.1111111111,0.1111111111,3.6494264908
0.5000000000,-0.0050542619,0.0030310102,0.0000000000,0.0000000000,0.0000000000,0.0000000000,-1.0000000000
0.5000000000,-0.0042766831,0.0028064909,0.0000000000,0.0000000000,0.0000000000,0.0000000000,-1.0000000000
0.5000000000,-0.0036187319,0.0025986027,0.0000000000,0.0000000000,0.0000000000,0.0000000000,-1.0000000000
0.5000000000,-0.0030620039,0.0024061136,0.0000000000,0.0000000000,0.0000000000,0.0000000000,-1.0000000000
0.5000000000,-0.0025909264,0.0022278830,0.0000000000,0.0000000000,0.0000000000,0.0000000000,-0.9382536288
0.5000000000,-0.0021923223,0.0020628546,-0.1000000000,0.0000000000,-0.1000000000,0.0000000000,0.1700810612
0.5000000000,-0.0018550420,0.0019100506,0.1111111111,0.0000000000,0.1111111111,0.0000000000,-1.0000000000
0.5000000000,-0.0015696509,0.0017685653,-0.1000000000,0.0000000000,-0.1000000000,0.0000000000,-1.0000000000
0.5000000000,-0.0921165147,-0.0894203995,0.1111111111,0.1000000000,0.0000000000,0.1000000000,-0.5619248674
0.5000000000,0.0142607825,0.0089236671,0.0000000000,-0.0909090909,0.1111111111,-0.0909090909,1.3144692945
0.5000000000,0.0120668160,0.0082626547,0.0000000000,0.0000000000,0.0000000000,0.0000000000,2.6960119588
0.5000000000,-0.0816269248,-0.0839539943,0.1000000000,0.1000000000,0.1000000000,0.1000000000,-0.9934349271
0.5000000000,0.0240241700,0.0144913021,-0.1818181818,-0.0909090909,-0.1818181818,-0.0909090909,1.9383938394
0.5000000000,0.0203281439,0.0134178723,0.1111111111,0.0000000000,0.1111111111,0.0000000000,-1.0000000000
0.5000000000,0.0172007371,0.0124239558,0.0000000000,0.0000000000,0.0000000000,0.0000000000,-1.0000000000
0.5000000000,0.0145544699,0.0115036628,0.0000000000,0.0000000000,0.0000000000,0.0000000000,-1.0000000000
0.5000000000,0.0123153207,0.0106515396,0.0000000000,0.1000000000,0.0000000000,0.0000000000,-1.0000000000
0.5000000000,-0.0814357673,-0.0819431485,0.0000000000,0.0000000000,0.0000000000,0.1000000000,-0.8369947009
0.5000000000,-0.0689071877,-0.0758732856,0.1000000000,0.0000000000,0.1000000000,0.0000000000,-1.0000000000
0.5000000000,0.0358633099,0.0227216536,-0.1818181818,-0.0909090909,-0.1818181818,-0.0909090909,-1.0000000000
0.5000000000,0.0303458776,0.0210385681,0.1111111111,0.0000000000,0.1111111111,0.0000000000,-0.9782386351
0.5000000000,0.1396414234,0.1327557285,-0.1000000000,0.0000000000,-0.2000000000,-0.1000000000,940.6670000000
0.5000000000,0.1181581275,0.1229219708,0.0000000000,-0.1000000000,0.1250000000,0.0000000000,-0.9166690560
0.5000000000,0.2374774483,0.2530437196,0.0000000000,0.0000000000,-0.1111111111,-0.1111111111,1.6727539187
0.5000000000,-0.0392460350,-0.0125602077,0.0000000000,0.1111111111,0.1250000000,0.2500000000,-0.6770672910
0.6000000000,-0.0332081835,-0.0116298219,0.1111111111,0.0000000000,0.1111111111,0.0000000000,-1.0000000000
0.6000000000,-0.0280992322,-0.0107683536,0.0000000000,0.0000000000,0.0000000000,0.0000000000,-1.0000000000
0.6000000000,0.0846930296,0.1000325580,-0.1000000000,-0.1000000000,-0.1000000000,-0.1000000000,-1.0000000000
0.6000000000,0.0716633327,0.0926227389,0.0000000000,0.0000000000,0.0000000000,0.0000000000,-0.9965272297
0.6000000000,-0.0454256159,-0.0228143843,0.0000000000,0.1111111111,0.0000000000,0.1111111111,254.6123499142
0.5714285714,0.0684032671,0.0876395224,0.0000000000,-0.1000000000,0.0000000000,-0.1000000000,-0.9597576197
0.6000000000,0.0578796876,0.0811477059,0.0000000000,0.0000000000,0.0000000000,0.0000000000,-0.5835417709
0.6000000000,0.0489751203,0.0751367647,0.1111111111,0.1111111111,0.0000000000,0.0000000000,16.2036036036
0.6000000000,-0.0627035623,-0.0373860294,0.0000000000,0.0000000000,0.1111111111,0.1111111111,-0.9883628916
0.5714285714,0.0521590440,0.0726481179,-0.1000000000,-0.1000000000,-0.1000000000,-0.1000000000,1.4990000000
0.5714285714,0.0441345757,0.0672667758,0.0000000000,0.1111111111,0.0000000000,0.0000000000,10.2973189276
0.5714285714,0.0373446410,0.0622840517,0.0000000000,-0.1000000000,0.0000000000,0.0000000000,-0.8619297251
0.5714285714,0.0315993116,0.0576704182,0.0000000000,0.0000000000,0.0000000000,0.0000000000,22.8719856337
0.5000000000,0.0267378791,0.0533985354,0.0000000000,0.0000000000,0.0000000000,0.0000000000,-1.0000000000
0.5000000000,0.0226243592,0.0494430883,-0.1111111111,0.0000000000,-0.1111111111,0.0000000000,-1.0000000000
0.5000000000,0.0191436886,0.0457806373,0.1250000000,0.0000000000,0.1250000000,0.0000000000,-1.0000000000
0.5000000000,0.0161985057,0.0423894790,0.0000000000,0.0000000000,0.0000000000,0.0000000000,-1.0000000000
0.5000000000,0.0137064279,0.0392495176,0.0000000000,0.0000000000,0.0000000000,0.0000000000,-1.0000000000
0.5000000000,0.1380474650,0.1658849142,-0.1111111111,-0.1111111111,-0.1111111111,-0.1111111111,-1.0000000000
0.5000000000,0.1168093935,0.1535971428,0.0000000000,0.0000000000,0.0000000000,0.0000000000,2.9782460911
0.5000000000,-0.0232544733,0.0153062903,0.1250000000,0.1250000000,0.1250000000,0.1250000000,18.1351674641
0.5000000000,-0.0196768620,0.0141724911,0.0000000000,0.0000000000,0.0000000000,0.0000000000,-0.5457987658
0.5000000000,-0.1149846872,-0.0881895908,0.1111111111,0.1111111111,0.0000000000,0.1111111111,-0.3788560980
0.5000000000,-0.0972947353,-0.0816570285,-0.1000000000,0.0000000000,0.0000000000,0.0000000000,14.5695112687
0.5000000000,-0.0823263145,-0.0756083597,0.1111111111,0.0000000000,0.1111111111,0.0000000000,-1.0000000000
0.5000000000,-0.0696607277,-0.0700077405,0.0000000000,0.0000000000,0.0000000000,0.0000000000,-1.0000000000
0.5000000000,0.0456181193,0.0390866867,-0.1000000000,-0.1000000000,-0.1000000000,-0.1000000000,-1.0000000000
0.5000000000,0.0385999471,0.0361913766,0.0000000000,0.0000000000,0.0000000000,0.0000000000,-0.0355027082
0.5000000000,0.0326614937,0.0335105339,0.0000000000,0.0000000000,0.0000000000,0.0000000000,0.1140847336
0.5000000000,-0.0751270163,-0.0720745551,0.1111111111,0.1111111111,0.1111111111,0.1111111111,-0.9868731951
0.5000000000,-0.0635690138,-0.0667356992,0.0000000000,0.0000000000,0.0000000000,0.0000000000,-1.0000000000
0.5000000000,0.0513453716,0.0424529844,-0.1000000000,-0.1000000000,-0.1000000000,-0.1000000000,-1.0000000000
0.5000000000,0.0434460837,0.0393083189,0.0000000000,0.0000000000,0.0000000000,0.0000000000,35.7409381663
0.5000000000,0.0367620708,0.0363965916,0.0000000000,0.0000000000,0.0000000000,0.0000000000,0.8381549294
0.5000000000,-0.0720042692,-0.0696695070,0.0000000000,0.1111111111,0.0000000000,0.1111111111,-0.8544607856
0.5000000000,-0.0609266893,-0.0645088028,0.1111111111,0.0000000000,0.1111111111,0.0000000000,-1.0000000000
0.5000000000,0.1855583094,0.1753370338,-0.2000000000,-0.1000000000,-0.2000000000,-0.2000000000,-1.0000000000
0.4285714286,0.0284541131,0.0331992048,0.0000000000,0.0000000000,0.0000000000,0.1250000000,20.3578322197
0.4285714286,0.0240765572,0.0307400044,0.1250000000,0.0000000000,0.1250000000,0.0000000000,-1.0000000000
0.4285714286,0.0203724715,0.0284629671,0.0000000000,0.0000000000,0.0000000000,0.0000000000,-1.0000000000
0.4000000000,0.1443930257,0.1546489240,0.0000000000,0.0000000000,-0.1111111111,-0.1111111111,9.4137558516
0.4285714286,-0.0025078097,0.0161719539,0.0000000000,0.0000000000,0.1250000000,0.1250000000,-0.9615823507
0.4285714286,-0.0021219928,0.0149740314,0.0000000000,0.0000000000,0.0000000000,0.0000000000,-1.0000000000
0.4285714286,-0.0017955324,0.0138648439,0.0000000000,0.0000000000,0.0000000000,0.0000000000,-1.0000000000
0.4285714286,0.1232907913,0.1394425457,-0.1111111111,-0.1111111111,-0.1111111111,-0.1111111111,-1.0000000000
0.4285714286,0.1043229772,0.1291134683,0.0000000000,0.0000000000,-0.1250000000,0.0000000000,0.2719747897
0.4285714286,0.0882732884,0.1195495077,0.0000000000,0.0000000000,0.1428571429,0.0000000000,0.3476487013
0.4285714286,-0.0447175266,-0.0127164546,0.0000000000,0.1250000000,-0.1250000000,0.1250000000,-0.9214542337
0.4285714286,0.0824323544,0.1117536931,-0.1250000000,-0.1111111111,0.0000000000,-0.1111111111,-0.8640838304
0.4444444444,0.2225719472,0.2611150192,0.0000000000,-0.1250000000,0.0000000000,-0.1250000000,665.9334400427
0.5000000000,0.1883301091,0.2417731659,0.0000000000,0.0000000000,0.0000000000,0.0000000000,-0.9996822000
0.5000000000,0.1593562462,0.2238640425,0.0000000000,0.0000000000,0.0000000000,0.0000000000,-1.0000000000
0.5000000000,-0.0070150870,0.0563713307,0.0000000000,0.1428571429,0.0000000000,0.1428571429,-1.0000000000
0.5000000000,-0.0059358428,0.0521956766,0.1428571429,0.0000000000,0.1428571429,0.0000000000,-1.0000000000
0.5000000000,-0.0050226362,0.0483293302,0.0000000000,0.0000000000,0.0000000000,0.0000000000,-1.0000000000
0.5000000000,-0.0042499230,0.0447493798,0.0000000000,0.0000000000,0.0000000000,0.0000000000,-1.0000000000
0.5000000000,0.1387473272,0.1902109839,-0.1250000000,-0.1250000000,-0.1250000000,-0.1250000000,87.9939637827
0.5000000000,0.1174015846,0.1761212814,0.0000000000,0.1428571429,0.0000000000,0.0000000000,-0.4793918155
0.5000000000,-0.0380776729,0.0176908530,-0.1428571429,0.0000000000,-0.1428571429,0.1428571429,1.2034829436
0.5000000000,0.1060347778,0.1615776222,0.3333333333,0.0000000000,0.1666666667,-0.1250000000,0.2902036915
0.5000000000,0.2713420242,0.3412103944,-0.2500000000,0.0000000000,-0.1428571429,-0.1428571429,-0.9149939661
0.5000000000,0.0539403692,0.1279447574,0.0000000000,-0.1250000000,-0.1666666667,0.1666666667,49.0144660587
0.5000000000,0.0456418509,0.1184673680,0.1666666667,0.0000000000,0.2000000000,0.0000000000,-0.9247317816
0.5000000000,0.4540680387,0.5535688104,-0.1428571429,-0.1428571429,-0.1666666667,-0.2857142857,-0.7968350956
0.4444444444,0.1535095145,0.2604697611,-0.1666666667,0.0000000000,0.0000000000,0.2000000000,2.8576127820
0.4444444444,0.1298926661,0.2411757047,0.2000000000,0.0000000000,0.2000000000,0.0000000000,-0.3230752832
0.4444444444,0.3318910148,0.4679730052,-0.1666666667,-0.1666666667,-0.1666666667,-0.1666666667,2.8456641548
0.4545454545,0.0673590489,0.1944236151,0.0000000000,0.2000000000,-0.2000000000,0.2000000000,-0.6881006557
