0.6040268456,-0.0154341125,-0.0038022814,0.0115606936,0.0075757576,0.0116054159,0.0038167939,-0.6436744129
0.5390625000,-0.0092926857,0.0002827255,0.0019047619,0.0056390977,-0.0019120459,-0.0038022814,0.9644005822
0.5564516129,-0.0227823945,-0.0147797477,-0.0038022814,0.0000000000,0.0019157088,0.0152671756,-0.2292009662
0.5703125000,-0.0062011096,-0.0005340843,0.0152671756,0.0037383178,0.0038240918,-0.0131578947,-0.6336342766
0.6186440678,-0.0640765657,-0.0596050615,-0.0112781955,0.0391061453,0.0000000000,0.0628571429,3.5021420414
0.6377858002,-0.0525206408,-0.0534936238,0.0589353612,0.0161290323,0.0514285714,-0.0017921147,-0.1119778548
0.7029177719,-0.0461530144,-0.0512344823,0.0000000000,-0.0105820106,0.0036231884,0.0017953321,-0.4969417962
0.6351791531,-0.0390525506,-0.0474393355,0.0017953321,0.0017825312,0.0000000000,0.0000000000,-0.2143555364
0.5888650964,-0.0450244460,-0.0557704838,0.0000000000,0.0071174377,0.0000000000,0.0125448029,-0.3738898214
0.5932203390,-0.0564672719,-0.0697503912,0.0125448029,0.0212014134,0.0162454874,0.0194690265,0.2975345911
0.5864332604,-0.0592131725,-0.0758151091,0.0194690265,0.0155709343,0.0177619893,0.0121527778,1.5681795399
0.5781250000,-0.0533509632,-0.0733779814,0.0121527778,0.0017035775,0.0034904014,0.0034305317,-0.2967793386
0.7169811321,-0.0217315706,-0.0450900290,0.0034305317,-0.0051020408,-0.0191304348,-0.0239316239,-0.0254037369
0.5966386555,-0.0252168555,-0.0484161136,-0.0256410256,-0.0153846154,0.0053191489,0.0070052539,-0.1568969609
0.6033057851,-0.0213373393,-0.0448297348,0.0105263158,0.0034722222,0.0052910053,0.0000000000,-0.4041745713
0.5544303797,-0.0129046088,-0.0364819631,-0.0034722222,-0.0017301038,-0.0017543860,-0.0052173913,0.5540877819
0.5977011494,-0.0057044475,-0.0286852876,-0.0034843206,-0.0017331023,-0.0052724077,-0.0052447552,0.0924720723
0.6388206388,-0.0152112558,-0.0367180815,-0.0034965035,0.0034722222,-0.0053003534,0.0105448155,1.1838297217
0.5083612040,-0.0363342292,-0.0569592166,0.0087719298,0.0432525952,0.0195381883,0.0243478261,1.1120773608
0.4936708861,-0.0340244008,-0.0559456329,0.0260869565,-0.0182421227,0.0121951220,0.0033955857,-0.5424526946
0.4984326019,-0.0336949792,-0.0565903932,0.0000000000,0.0101351351,0.0086058520,0.0050761421,-0.0319235196
0.4827586207,-0.0152484896,-0.0394619732,0.0050847458,-0.0033444816,0.0000000000,-0.0134680135,-0.5795925853
0.4666666667,-0.0212536463,-0.0446899735,-0.0118043845,0.0016778523,0.0000000000,0.0085324232,-0.2110014470
0.4343434343,-0.0179838545,-0.0413796051,0.0085324232,-0.0016750419,0.0051194539,0.0000000000,-0.0191470725
0.4235294118,-0.0201907586,-0.0431714469,-0.0016920474,0.0000000000,-0.0016977929,0.0050761421,0.4114962256
0.4302325581,-0.0154269577,-0.0383546303,0.0050847458,-0.0033557047,0.0017006803,-0.0016835017,-0.5451695719
0.5849802372,-0.0113864404,-0.0338843465,0.0000000000,0.0101010101,-0.0033955857,-0.0016863406,1.6740093372
0.6321839080,-0.0028975013,-0.0247851051,-0.0016863406,-0.0100000000,-0.0034071550,-0.0067567568,-0.4921901226
0.6226415094,-0.0058332514,-0.0262612081,-0.0067567568,0.0000000000,-0.0051282051,0.0034013605,0.3964264620
0.5952380952,-0.0182477234,-0.0373685631,0.0034013605,0.0084175084,-0.0017182131,0.0135593220,-0.1044530793
0.6056338028,-0.0088103502,-0.0280995148,0.0118644068,0.0083472454,0.0172117040,-0.0066889632,0.1010339152
0.5948553055,-0.0107855999,-0.0292864650,-0.0050251256,-0.0066225166,0.0033840948,0.0033670034,0.1616688366
0.4980079681,-0.0157321017,-0.0336029832,0.0050505051,0.0100000000,0.0067453626,0.0067114094,-0.2555002732
0.5172413793,-0.0083535461,-0.0262450988,0.0050251256,-0.0016501650,-0.0016750419,-0.0050000000,0.4597957766
0.5333333333,-0.0169483017,-0.0340094650,-0.0050000000,0.0033057851,0.0000000000,0.0100502513,1.2947815614
0.6224066390,-0.0127035632,-0.0298814252,0.0083752094,-0.0016474465,0.0033557047,-0.0016583748,-0.6343531151
0.6410256410,-0.0091031608,-0.0260501294,0.0000000000,-0.0016501650,0.0000000000,-0.0016611296,-0.2174320011
0.6603773585,-0.0060488456,-0.0224940243,-0.0016611296,0.0016528926,0.0016722408,-0.0016638935,0.2020514474
0.6875000000,-0.0067736313,-0.0224570386,-0.0016638935,0.0066006601,-0.0016694491,0.0016666667,-0.1798695595
0.6414342629,0.0076818684,-0.0075833492,0.0016666667,-0.0131147541,-0.0117056856,-0.0133111481,1.7263233654
0.5494880546,-0.0085473003,-0.0218668114,-0.0133111481,0.0049833887,-0.0050761421,0.0151770658,-0.3089362350
0.6037735849,0.0044472886,-0.0087205422,0.0151770658,0.0000000000,0.0085034014,-0.0116279070,-0.2032406715
0.5833333333,0.0404861302,0.0282153784,-0.0132890365,-0.0132231405,-0.0472175379,-0.0352941176,0.8499017898
0.4334975369,0.0324587861,0.0243407845,-0.0336700337,-0.0251256281,0.0088495575,0.0017421603,-0.6343815658
0.3898305085,0.0310513924,0.0261068307,0.0034843206,-0.0068728522,-0.0035087719,-0.0034782609,0.9396333254
0.4329896907,0.0298689110,0.0277602873,-0.0052083333,-0.0034602076,-0.0052816901,-0.0034904014,0.1890872926
0.4540059347,0.0325066653,0.0329399766,-0.0017452007,-0.0052083333,-0.0035398230,-0.0070052539,-0.0971499412
0.4486803519,0.0220977155,0.0250762942,-0.0087412587,-0.0017452007,0.0053285968,0.0052910053,-0.5369605539
0.4012738854,0.0204883975,0.0250170665,0.0052910053,0.0052447552,-0.0088339223,-0.0017543860,0.7251934572
0.4012738854,0.0120006562,0.0177977060,-0.0017543860,-0.0017391304,0.0106951872,0.0052724077,-0.2741403008
0.3715846995,0.0101544014,0.0164793574,0.0035149385,-0.0034843206,-0.0123456790,0.0000000000,-0.2476029146
0.3459302326,0.0156949477,0.0224083731,0.0017513135,0.0034965035,0.0107142857,-0.0069930070,-0.4199723660
0.3950617284,0.0150674309,0.0225487555,-0.0069930070,-0.0034843206,-0.0176678445,-0.0017605634,2.0616136802
0.4324324324,-0.0250782857,-0.0172528070,-0.0017605634,0.0314685315,0.0179856115,0.0388007055,0.9588095282
0.5800000000,-0.0359508892,-0.0307845648,0.0370370370,0.0186440678,0.0388692580,0.0152801358,-0.3692421932
0.6031746032,-0.0205931587,-0.0186579857,0.0170068027,0.0016638935,0.0051020408,-0.0100334448,-0.6767558351
0.7267759563,-0.0174249804,-0.0172759127,-0.0100334448,-0.0049833887,0.0016920474,0.0000000000,-0.2394306786
0.7640117994,-0.0213566692,-0.0226002677,-0.0016891892,-0.0016694491,-0.0016891892,0.0067567568,0.5032104243
0.7321428571,-0.0213550711,-0.0242006682,0.0084602369,0.0050167224,0.0050761421,0.0033557047,-0.3100528698
0.6913183280,-0.0097903305,-0.0141652608,0.0033557047,-0.0049916805,-0.0016835017,-0.0083612040,-0.4047515353
0.6782334385,-0.0015492133,-0.0064138836,-0.0083612040,-0.0033444816,-0.0151770658,-0.0067453626,17.9968325855
0.6956521739,0.0038018702,-0.0008497305,-0.0067453626,-0.0083892617,0.0017123288,-0.0050933786,-0.7815474898
0.6760563380,0.0015079092,-0.0024890246,-0.0033955857,-0.0033840948,0.0000000000,0.0017064846,-0.6609832085
0.6647230321,0.0012759232,-0.0023046525,0.0000000000,0.0016977929,0.0000000000,0.0000000000,-0.4816994497
0.6647230321,-0.0123802668,-0.0155506240,0.0000000000,0.0288135593,-0.0034188034,0.0136286201,8.8434666091
0.6686046512,-0.0088097444,-0.0127394645,0.0153321976,-0.0082372323,0.0102915952,-0.0016806723,-0.2594902941
0.6686046512,-0.0350702342,-0.0392908437,-0.0016778523,0.0182724252,0.0067911715,0.0286195286,0.1224276080
0.6426332288,-0.0328406380,-0.0395243573,0.0268907563,0.0048939641,0.0236087690,0.0032733224,-0.3403705707
0.5985915493,-0.0293716389,-0.0381656880,0.0016366612,0.0097402597,0.0065897858,0.0016313214,0.7608284058
0.6060606061,-0.0184585182,-0.0290129515,0.0049019608,-0.0080385852,-0.0016366612,-0.0065146580,-0.6314531715
0.5952380952,-0.0188356784,-0.0300440275,-0.0081300813,0.0016207455,-0.0016393443,0.0032786885,1.7547507489
0.5809859155,-0.0159378817,-0.0278185439,0.0032786885,-0.0048543689,0.0016420361,0.0000000000,-0.7225614673
0.6031128405,-0.0118713105,-0.0241634068,0.0016339869,-0.0016260163,0.0000000000,-0.0016339869,1.8707943942
0.6652360515,-0.0368431012,-0.0488379358,-0.0048939641,0.0244299674,0.0000000000,0.0278232406,0.0048668858
0.7529411765,-0.0433614106,-0.0572301183,0.0295081967,0.0158982512,0.0213114754,0.0127388535,0.1371721264
0.7777777778,-0.0427111092,-0.0589096575,0.0127388535,0.0109546166,0.0144462279,0.0062893082,0.2694130503
0.7866666667,-0.0300781578,-0.0485997274,0.0078616352,-0.0046439628,0.0047468354,-0.0062500000,-0.2195052888
0.7468354430,-0.0177284886,-0.0374323922,-0.0078003120,-0.0108864697,-0.0062992126,-0.0078616352,-0.8540230917
0.7083333333,-0.0087171438,-0.0285011511,-0.0078616352,-0.0047169811,-0.0063391442,-0.0063391442,0.1007410815
0.6692913386,-0.0121028255,-0.0310261931,-0.0063391442,-0.0015797788,-0.0015948963,0.0047846890,1.1204820919
0.5948553055,0.0089777719,-0.0098683052,0.0031897927,-0.0031645570,-0.0143769968,-0.0190476190,-0.3733259921
0.5384615385,-0.0004900737,-0.0170896686,-0.0190779014,-0.0111111111,-0.0032414911,0.0080906149,-0.0669305875
0.5652173913,-0.0020165773,-0.0174009727,0.0113452188,0.0048154093,0.0081300813,0.0016051364,0.3090893769
0.5235602094,-0.0017063346,-0.0161120118,0.0016025641,0.0047923323,0.0048387097,0.0000000000,-0.0250549266
0.5491329480,-0.0062216024,-0.0196318379,0.0000000000,0.0000000000,-0.0016051364,0.0048076923,1.0938615101
0.5297157623,-0.0004820502,-0.0134573278,0.0048000000,0.0015898251,0.0000000000,-0.0047846890,-0.4272150944
0.5112219451,0.0011965930,-0.0108753531,-0.0079617834,-0.0079365079,-0.0096463023,-0.0016025641,1.0702739965
0.4528301887,0.0010125018,-0.0100697714,-0.0016051364,-0.0016000000,0.0048701299,0.0000000000,-0.6491177766
0.3983402490,0.0040801034,-0.0061332790,0.0016077170,0.0016025641,-0.0032310178,-0.0032102729,0.2888850813
0.4038461538,0.0050708668,-0.0040752184,-0.0016051364,-0.0016000000,-0.0081037277,-0.0016103060,2.7056059475
0.4285714286,0.0091738326,0.0010705393,-0.0048231511,0.0080128205,-0.0098039216,-0.0048387097,-0.2178189269
0.4468085106,0.0243648210,0.0174820348,-0.0032310178,-0.0174880763,0.0016501650,-0.0162074554,-0.6118440782
0.3962264151,0.0106266670,0.0062407032,-0.0145867099,-0.0032362460,-0.0016474465,0.0098846787,-0.4040120799
0.4506437768,0.0073484861,0.0041403533,0.0082236842,0.0016233766,0.0082508251,0.0016313214,0.1114661217
0.4897959184,0.0045818230,0.0022014106,0.0000000000,-0.0016207455,0.0016366612,0.0016286645,-0.0919070227
0.4186046512,0.0006228690,-0.0012097552,0.0032626427,0.0032467532,0.0016339869,0.0032520325,-0.0067694167
0.4382022472,-0.0043142169,-0.0059534334,0.0048780488,0.0339805825,0.0048939641,0.0048622366,27.5549199781
0.4444444444,-0.0052549187,-0.0071138675,0.0032362460,-0.0266040689,-0.0016233766,0.0016129032,-0.9127510959
0.4117647059,-0.0060470381,-0.0081840415,0.0016129032,0.0048231511,0.0065040650,0.0016103060,-0.6075108197
0.3865979381,-0.0130504030,-0.0154918687,0.0032206119,0.0048000000,0.0000000000,0.0080385852,0.5652036935
0.3846153846,-0.0062880460,-0.0096055937,0.0064205457,0.0143312102,0.0080775444,-0.0047846890,1.2131569988
0.3968253968,-0.0069121413,-0.0104798377,-0.0047846890,-0.0141287284,-0.0032051282,0.0016025641,-0.4631725151
0.3544303797,-0.0105978652,-0.0144342690,0.0016025641,0.0031847134,0.0048231511,0.0048000000,-0.5164848726
0.3103448276,-0.0073868301,-0.0117914834,0.0048000000,-0.0031746032,-0.0032000000,-0.0015923567,-0.3290075312
0.3396226415,0.0001300201,-0.0045675942,-0.0015923567,0.0000000000,-0.0064205457,-0.0063795853,0.9229856751
0.4736842105,0.0049492590,0.0005889916,-0.0063795853,-0.0079617834,0.0016155089,-0.0048154093,-0.4009963726
0.4210526316,-0.0006477409,-0.0042726728,-0.0032102729,0.0016051364,-0.0016129032,0.0048387097,0.1827146951
0.4469273743,-0.0053377941,-0.0087295515,0.0032206119,0.0048076923,0.0032310178,0.0048154093,0.2836010184
0.4705882353,0.0018852275,-0.0017040301,0.0048154093,-0.0015948963,0.0000000000,-0.0063897764,0.2010189937
0.4545454545,-0.0079741883,-0.0111168712,-0.0047923323,0.0047923323,0.0016103060,0.0096463023,-0.0132085433
0.4893617021,-0.0083264881,-0.0118668596,0.0080256822,0.0015898251,0.0032154341,0.0015923567,0.5212911896
0.4893617021,-0.0148763614,-0.0187876135,0.0015923567,0.0079365079,0.0064102564,0.0079491256,0.0215192281
0.5294117647,-0.0063184059,-0.0111571825,0.0079491256,-0.0015748031,0.0015923567,-0.0063091483,-0.4894560376
0.4981132075,0.0026108858,-0.0024133703,-0.0063091483,-0.0063091483,-0.0063593005,-0.0079365079,0.8879457372
0.4731182796,-0.0009876285,-0.0054172669,-0.0079365079,0.0000000000,-0.0016000000,0.0032000000,-0.6249621000
0.4842105263,0.0007604234,-0.0034265565,0.0048000000,0.0015873016,0.0016025641,-0.0015948963,0.9151235935
0.5147058824,-0.0041291090,-0.0079270806,-0.0031847134,0.0000000000,0.0000000000,0.0047923323,0.7040328923
0.4842105263,-0.0050756172,-0.0089155404,0.0047923323,-0.0015847861,0.0000000000,0.0015898251,-0.3745584118
0.4687500000,0.0004693869,-0.0035099392,0.0015898251,0.0015873016,0.0016000000,-0.0047619048,0.6001427006
0.4687500000,0.0019952521,-0.0016576913,-0.0047619048,-0.0031695721,0.0000000000,-0.0015948963,-0.7107095567
0.5000000000,-0.0015017999,-0.0047147245,0.0015948963,0.0000000000,-0.0015974441,0.0031948882,-0.4647158455
0.4878048780,-0.0091596103,-0.0122298973,0.0000000000,0.0063593005,0.0048000000,0.0079617834,2.5578912794
0.5274261603,-0.0014404264,-0.0050366911,0.0063694268,-0.0015797788,0.0000000000,-0.0063191153,-0.3755108321
0.4750000000,0.0019670825,-0.0014886861,-0.0047468354,-0.0047468354,-0.0047770701,-0.0031796502,-0.5546236708
0.5121951220,-0.0031053763,-0.0061337539,-0.0047694754,0.0031796502,0.0000000000,0.0047846890,2.7663030249
0.4827586207,-0.0057838678,-0.0088259860,0.0047923323,0.0031695721,0.0064000000,0.0031746032,-0.7573750169
0.4909090909,-0.0064660893,-0.0097390778,0.0063593005,0.0015797788,0.0047694754,0.0015822785,0.3154217772
0.5191256831,-0.0117163845,-0.0152404736,-0.0015797788,0.0126182965,0.0000000000,0.0063191153,2.3060050441
0.5440414508,-0.0083571246,-0.0125614106,0.0063291139,-0.0062305296,0.0031645570,-0.0015698587,-0.6273167934
0.5440414508,-0.0163511195,-0.0208680298,0.0000000000,0.0094043887,0.0000000000,0.0094339623,0.5965470614
0.5769230769,-0.0076527135,-0.0131738000,0.0094339623,-0.0015527950,0.0047318612,-0.0062305296,1.2104777993
0.5679012346,-0.0095801375,-0.0152848443,-0.0062305296,-0.0015552100,-0.0015698587,0.0031347962,0.0631796426
0.5656108597,-0.0096536863,-0.0156906170,0.0015673981,0.0046728972,0.0015723270,0.0015625000,0.5106033908
0.5123152709,-0.0097134126,-0.0160633517,0.0031298905,0.0077519380,0.0047095761,0.0015600624,0.3824300475
0.5025125628,-0.0020009790,-0.0086971319,0.0000000000,-0.0123076923,-0.0046875000,-0.0062305296,-0.6663523512
0.4545454545,0.0223431447,0.0158302566,-0.0046801872,-0.0046728972,-0.0266875981,-0.0235109718,6.8616260362
0.3246753247,0.0254899429,0.0212143988,-0.0235109718,-0.0234741784,-0.0112903226,-0.0064205457,-0.6073204341
0.3086419753,0.0265435841,0.0246087555,-0.0080256822,-0.0080128205,-0.0048939641,-0.0048465267,-0.2280828911
0.3197492163,0.0342123691,0.0345420443,-0.0016181230,0.0000000000,-0.0049180328,-0.0113636364,-0.0122135629
0.3153153153,0.0374667168,0.0405262831,-0.0129659643,-0.0145395800,-0.0098846787,-0.0082101806,0.4082423239
0.3425076453,0.0282976474,0.0341001634,-0.0098522167,-0.0032786885,-0.0016638935,0.0033112583,-0.4346574966
0.3086816720,0.0290384128,0.0367064355,0.0049751244,0.0016447368,0.0016666667,-0.0049504950,-0.0650717674
0.2990654206,0.0296938195,0.0391573775,-0.0066006601,-0.0049261084,-0.0066555740,-0.0049751244,0.3653806320
0.2195121951,0.0442704987,0.0556096750,-0.0033222591,-0.0099009901,-0.0201005025,-0.0183333333,0.3411638788
0.1970802920,0.0517448115,0.0659687936,-0.0183333333,-0.0166666667,-0.0119658120,-0.0135823430,0.3694353349
0.1746724891,0.0437840713,0.0610822163,-0.0152801358,-0.0152542373,-0.0069204152,0.0000000000,-0.6535209839
0.1923076923,0.0442373016,0.0638820971,0.0000000000,0.0017211704,-0.0087108014,-0.0068846816,-0.0646224600
0.2471910112,0.0483327702,0.0702795130,-0.0068965517,-0.0103092784,0.0000000000,-0.0103986135,-0.1117200717
0.2417582418,0.0282909409,0.0521748076,-0.0104166667,0.0086805556,0.0017574692,0.0122591944,2.0869644782
0.4545454545,0.0134185725,0.0375396988,0.0157894737,0.0086058520,0.0122807018,0.0103806228,-0.4988795211
0.4736842105,-0.0106686111,0.0122265402,0.0103626943,0.0221843003,0.0103986135,0.0222602740,1.5846687921
0.5436893204,0.0027300171,0.0233195928,0.0205128205,0.0050083472,0.0102915952,-0.0117252931,-0.1421371167
0.5436893204,-0.0027606939,0.0164239581,-0.0100502513,-0.0099667774,0.0033955857,0.0050847458,-0.5465174487
0.5081967213,-0.0040155408,0.0134982653,0.0050761421,-0.0016778523,-0.0050761421,0.0016863406,-0.0597395165
0.5000000000,0.0067716453,0.0228300101,-0.0016835017,-0.0016806723,-0.0034013605,-0.0101010101,-0.4360192722
0.4827586207,-0.0094319029,0.0057448445,-0.0084317032,0.0117845118,-0.0102389078,0.0153061224,1.3736750133
0.4814814815,-0.0145832979,-0.0013716766,0.0187074830,0.0216306156,0.0310344828,0.0067001675,0.4588264345
0.4976851852,-0.0188696990,-0.0078732440,0.0033388982,-0.0097719870,0.0033444816,0.0066555740,-0.5913700886
0.5053763441,-0.0351050800,-0.0265972037,0.0066555740,0.0180921053,0.0016666667,0.0198347107,0.8878926544
0.5327313770,-0.0689386503,-0.0640666935,0.0181818182,0.0549273021,0.0249584027,0.0421393841,5.4883257392
0.5730337079,-0.0553945846,-0.0563859767,0.0422077922,-0.0030627871,0.0357142857,-0.0031104199,-0.7329138720
0.6296296296,-0.0193341420,-0.0248252349,0.0000000000,-0.0061443932,-0.0282131661,-0.0280811232,0.0434239051
0.5123152709,-0.0601105327,-0.0664424582,-0.0295950156,0.0108191654,-0.0064516129,0.0465489567,0.7238630146
0.5763195435,-0.0435278493,-0.0542682505,0.0465489567,0.0091743119,0.0373376623,-0.0076687117,-0.2072138837
0.5913978495,-0.0412766513,-0.0546318491,-0.0076687117,-0.0075757576,0.0031298905,0.0046367852,-0.5396403637
0.5660964230,-0.0274452065,-0.0432252396,0.0015455951,-0.0061068702,0.0046801872,-0.0076923077,-0.0764641892
0.6043956044,-0.0062756298,-0.0233676241,-0.0046296296,-0.0030721966,-0.0170807453,-0.0170542636,-0.3539507699
0.6133960047,-0.0146353656,-0.0308088450,-0.0170542636,-0.0077041602,0.0000000000,0.0094637224,0.0394422407
0.5863808323,-0.0123837709,-0.0285267083,0.0078864353,0.0077639752,0.0078988942,0.0000000000,0.6432510750
0.5940594059,-0.0026870681,-0.0187475843,0.0015649452,0.0015408320,-0.0203761755,-0.0078125000,6.1428813999
0.6349206349,-0.0085192212,-0.0235099925,-0.0078125000,-0.0107692308,0.0160000000,0.0062992126,-0.8769283303
0.6349206349,-0.0194842000,-0.0338641096,0.0062992126,0.0171073095,0.0047244094,0.0125195618,0.4910716621
0.6229508197,-0.0119050467,-0.0268433387,0.0125195618,-0.0061162080,0.0031347962,-0.0046367852,-0.5540358557
0.5882352941,-0.0177000535,-0.0323676170,-0.0046367852,0.0000000000,0.0046875000,0.0077639752,-0.1520608419
0.5392156863,-0.0073292740,-0.0224387271,0.0062111801,0.0015384615,-0.0031104199,-0.0077041602,0.3575589538
0.6179775281,0.0126678947,-0.0021837497,-0.0061728395,-0.0092165899,-0.0171606864,-0.0186335404,0.5787148140
0.4417475728,0.0027855578,-0.0098554129,-0.0201863354,-0.0124031008,-0.0063492063,0.0079113924,-0.4851226501
0.4305555556,-0.0007802572,-0.0122267113,0.0095087163,0.0062794349,0.0127795527,0.0031397174,-0.2456676185
0.4225352113,-0.0068769503,-0.0174714425,0.0015698587,0.0062402496,0.0015772871,0.0062597809,-0.0487674181
0.4028436019,-0.0058189580,-0.0161772616,0.0094043887,0.0046511628,0.0110236220,0.0000000000,0.2846375192
0.4372990354,0.0013052258,-0.0088129299,-0.0015527950,-0.0046296296,-0.0093457944,-0.0062208398,0.3636153150
0.4458598726,0.0042476068,-0.0050460233,-0.0062208398,-0.0077519380,-0.0062893082,-0.0031298905,-0.5692442064
0.4745762712,0.0035941288,-0.0046722438,-0.0046948357,-0.0031250000,0.0000000000,0.0000000000,0.9802761047
0.4729729730,0.0014690211,-0.0058867690,0.0000000000,0.0015673981,0.0031645570,0.0015698587,-0.5114070763
0.4448398577,-0.0111562765,-0.0177671119,0.0047169811,0.0125195618,0.0063091483,0.0125391850,1.8082072554
0.4448398577,-0.0185555098,-0.0255020937,0.0125195618,0.0092735703,0.0047021944,0.0092879257,0.0374248799
0.4350877193,-0.0065587183,-0.0145444402,0.0061823802,0.0015313936,-0.0046801872,-0.0092024540,-0.0845604750
0.4276315789,-0.0040079013,-0.0119375659,-0.0076804916,-0.0107033639,0.0078369906,-0.0015479876,-0.5519512006
0.4642857143,-0.0377056724,-0.0451038617,-0.0015479876,0.0355486862,0.0031104199,0.0356589147,2.1640161896
0.6829268293,-0.0304533827,-0.0403261975,0.0356589147,0.0000000000,0.0248062016,-0.0014970060,0.4523628764
0.7236842105,-0.0154354859,-0.0271290316,-0.0029940120,-0.0059701493,-0.0075642965,-0.0104947526,-0.1288354420
0.7058823529,-0.0085542240,-0.0206679645,-0.0105105105,-0.0060060060,-0.0182926829,-0.0045454545,2.6427533123
0.7348066298,-0.0026842363,-0.0146376326,-0.0015174507,-0.0045317221,0.0155279503,-0.0045662100,-0.9237360604
0.7378640777,-0.0128372391,-0.0239998483,-0.0045592705,0.0045523520,0.0015290520,0.0107033639,-0.4053109389
0.7325581395,-0.0063525328,-0.0177641277,0.0122137405,0.0015105740,0.0030534351,-0.0045385779,0.5711914646
0.7241379310,-0.0038613315,-0.0149512318,-0.0090497738,-0.0075414781,-0.0030441400,-0.0015197568,-0.4825886599
0.7422680412,-0.0032672805,-0.0138437332,0.0000000000,-0.0015197568,-0.0030534351,0.0000000000,1.8629129497
0.7787610619,0.0110858694,0.0008925859,-0.0015220700,0.0000000000,-0.0091883614,-0.0136986301,-0.4571903672
0.7605633803,0.0062745653,-0.0022529976,-0.0137195122,-0.0091324201,0.0000000000,0.0030864198,-0.1884635002
0.7384615385,0.0099706506,0.0025410034,0.0061823802,0.0015360983,0.0000000000,-0.0046153846,-0.5731579108
0.7559055118,0.0099977519,0.0039044106,-0.0061443932,-0.0030674847,-0.0030911901,-0.0015455951,0.7515036856
0.7559055118,0.0100231395,0.0051711876,-0.0015455951,0.0015384615,0.0000000000,-0.0015479876,-0.1195139349
0.5844155844,0.0084811180,0.0047881366,-0.0015479876,-0.0076804916,-0.0062015504,0.0000000000,1.4892571739
0.5664335664,0.0103090720,0.0075576697,-0.0015503876,-0.0015479876,-0.0015600624,-0.0031007752,0.3768085621
0.6090225564,0.0087230609,0.0069978423,-0.0031055901,0.0000000000,0.0000000000,0.0000000000,-0.5135681362
0.6101694915,0.0042573893,0.0033586170,0.0015576324,0.0015503876,0.0031250000,0.0031104199,-0.2545270896
0.5620437956,-0.0010439011,-0.0015341964,0.0015552100,0.0154798762,0.0031152648,0.0046511628,0.3804674768
0.4495412844,0.0022099397,0.0016710250,0.0062111801,-0.0106707317,0.0015527950,-0.0030864198,2.0464107554
0.4622641509,-0.0012222423,-0.0015439499,-0.0046296296,0.0092449923,-0.0062015504,0.0030959752,0.7854505436
0.4285714286,0.0275076749,0.0271010001,0.0046511628,-0.0076335878,-0.0187207488,-0.0277777778,-0.4490948045
0.3043478261,0.0249025543,0.0267232381,-0.0277777778,-0.0307692308,-0.0190779014,-0.0015873016,0.6791916786
0.3600000000,0.0114234735,0.0150611209,-0.0015873016,0.0095238095,0.0129659643,0.0095389507,-0.6359989784
0.4482758621,0.0128561140,0.0171491016,0.0063593005,0.0031446541,0.0048000000,-0.0031496063,-0.0396946705
0.4572864322,0.0124777412,0.0174862009,-0.0015797788,-0.0062695925,0.0015923567,-0.0015797788,-0.7528367196
0.4572864322,0.0105580887,0.0161909268,0.0015822785,0.0031545741,0.0000000000,0.0000000000,-0.3149658228
0.4285714286,0.0057510110,0.0117897326,-0.0015797788,-0.0031446541,0.0015898251,0.0031645570,0.0117790966
0.4090909091,0.0017062834,0.0077374366,0.0015822785,0.0047318612,0.0047619048,0.0031545741,1.5846057404
0.3711790393,0.0061899573,0.0119375837,0.0031595577,0.0015698587,0.0000000000,-0.0047169811,0.0950720696
0.3863636364,-0.0042011951,0.0015598598,-0.0015748031,0.0031347962,-0.0047393365,0.0094786730,-0.6112150420
0.4375000000,-0.0112912327,-0.0063308741,0.0078864353,0.0078125000,0.0142857143,0.0078247261,3.1760325534
0.4600000000,-0.0064686188,-0.0027649171,0.0078247261,0.0015503876,0.0015649452,-0.0031055901,-0.2643506519
0.4600000000,0.0039088793,0.0068497019,-0.0031055901,-0.0046439628,-0.0078125000,-0.0093457944,-0.7200243719
0.4711538462,-0.0014028507,0.0016177047,-0.0093457944,-0.0015552100,-0.0015748031,0.0047169811,1.8787093875
0.6153846154,-0.0027476727,-0.0000669657,0.0015723270,0.0000000000,0.0047318612,0.0015649452,-0.6317422101
0.5605381166,0.0008025541,0.0030725966,0.0047095761,-0.0031152648,-0.0031397174,-0.0031250000,0.9219020205
0.5428571429,0.0149972270,0.0171941303,-0.0031250000,-0.0031250000,-0.0110236220,-0.0141065831,0.5334142179
0.4523809524,0.0159202323,0.0191610668,-0.0125391850,-0.0094043887,-0.0031847134,-0.0031796502,1.4938084187
0.4418604651,0.0102484826,0.0145056658,-0.0047619048,-0.0015822785,-0.0031948882,0.0031897927,-0.4442121818
0.4285714286,-0.0055571195,-0.0008648790,0.0047846890,0.0110935024,0.0032051282,0.0143084261,0.3580129903
0.5000000000,0.0047468519,0.0086852543,0.0111111111,0.0047021944,0.0079872204,-0.0094043887,-0.5910260201
0.5027624309,0.0120230787,0.0160805138,-0.0078492936,-0.0140405616,-0.0063391442,-0.0079113924,1.8048726511
0.4866310160,-0.0009799595,0.0036839616,-0.0063291139,0.0063291139,0.0015948963,0.0111642743,-0.2718325911
0.4960629921,-0.0024026938,0.0018309006,0.0095541401,0.0141509434,0.0031847134,0.0015772871,1.5745540003
0.4560906516,-0.0082801031,-0.0045751146,0.0015772871,-0.0062015504,0.0015873016,0.0062992126,-0.1058061016
0.4354838710,0.0039921075,0.0067928120,0.0062992126,0.0000000000,0.0000000000,-0.0109546166,-0.1708855861
0.4274406332,0.0033779371,0.0062896407,-0.0109546166,-0.0093603744,-0.0031695721,0.0000000000,0.3732307483
0.4363636364,0.0157154116,0.0187189176,0.0000000000,0.0000000000,-0.0095389507,-0.0126582278,-0.1335301051
0.4522471910,0.0485866291,0.0527618153,-0.0126582278,-0.0157480315,-0.0337078652,-0.0336538462,0.5835727629
0.3569844789,0.0533395858,0.0611722822,-0.0336538462,-0.0352000000,-0.0199335548,-0.0116086235,1.0026820241
0.3650793651,0.0451334957,0.0566410020,-0.0132669983,-0.0082918740,-0.0016949153,0.0000000000,-0.6653888507
0.3382352941,0.0434421063,0.0577697165,0.0000000000,-0.0033444816,-0.0016977929,-0.0050335570,-0.3486312134
0.3920000000,0.0385099869,0.0552700229,-0.0050420168,-0.0033557047,-0.0017006803,-0.0016863406,-0.0112489838
0.3555555556,0.0360856630,0.0547392555,-0.0016891892,0.0033670034,-0.0034071550,-0.0033783784,0.1181441930
0.3720930233,0.0322836558,0.0524683404,-0.0016920474,-0.0067114094,0.0034188034,-0.0016949153,-0.1256194540
0.3902439024,0.0152511366,0.0362662387,-0.0016949153,0.0101351351,0.0017035775,0.0118845501,0.2507100357
0.3902439024,0.0197487593,0.0405634983,0.0118845501,-0.0016722408,0.0017006803,-0.0067114094,-0.5000532819
0.4782608696,-0.0018364689,0.0186315198,-0.0067114094,0.0117252931,0.0000000000,0.0185810811,1.8355316579
0.6000000000,0.0034382951,0.0223376643,0.0185810811,0.0132450331,0.0169779287,-0.0049751244,0.1981710127
0.6183206107,-0.0135318099,0.0039505139,-0.0049751244,-0.0032679739,0.0016694491,0.0166666667,-0.6390202368
0.6268656716,-0.0065642433,0.0086183011,0.0166666667,0.0016393443,0.0100000000,-0.0049180328,-0.5191842156
0.6511627907,-0.0200835980,-0.0067470707,-0.0065573770,0.0114566285,-0.0016501650,0.0148270181,1.2497020031
0.7551020408,-0.0185870166,-0.0078579080,0.0165016502,-0.0016181230,0.0066115702,0.0016233766,0.0762628707
0.7578347578,-0.0421196411,-0.0338946273,0.0016233766,0.0453808752,0.0114942529,0.0275526742,9.2546088539
0.7905544148,0.0089182055,0.0133706244,0.0259319287,-0.0093023256,-0.0275974026,-0.0441640379,-0.1469884383
0.6043956044,0.0176216357,0.0225040099,-0.0426540284,-0.0469483568,0.0016694491,-0.0099009901,-0.7745109174
0.5772113943,0.0217220954,0.0276883015,-0.0099009901,-0.0131362890,-0.0116666667,-0.0066666667,-0.3652380214
0.5670103093,0.0357587369,0.0431396595,-0.0066666667,-0.0033277870,-0.0219224283,-0.0167785235,1.2839344244
0.5252387449,-0.0070216576,0.0023145719,-0.0167785235,0.0267111853,0.0103448276,0.0375426621,1.9744922344
0.5847255370,0.0226524995,0.0309695740,0.0375426621,-0.0113821138,0.0051194539,-0.0279605263,-0.7070722351
0.5349344978,0.0226281702,0.0321684875,-0.0263157895,-0.0197368421,-0.0101867572,-0.0033840948,-0.2068662236
0.5639187575,0.0054900032,0.0159861640,-0.0033783784,0.0083892617,0.0068610635,0.0135823430,0.1259349995
0.5275590551,-0.0151505809,-0.0051940949,0.0101694915,0.0166389351,0.0034071550,0.0201005025,0.1102237672
0.5348837209,-0.0365500174,-0.0287321993,0.0201342282,0.0278232406,0.0322580645,0.0246305419,2.1112195108
0.5179856115,-0.0355636511,-0.0312612859,0.0263157895,0.0031847134,0.0197368421,0.0048076923,-0.4976858896
0.4994663821,-0.0377656404,-0.0366280273,0.0064102564,0.0063492063,0.0080645161,0.0079744817,-0.1034473710
0.5119667014,-0.0288823848,-0.0308479030,0.0063694268,0.0031545741,0.0048000000,-0.0031645570,-0.3770171674
0.5235903337,-0.0118915319,-0.0160685050,-0.0047468354,-0.0110062893,-0.0111464968,-0.0126984127,-0.6143132321
0.6074766355,0.0044720967,-0.0004147938,-0.0111287758,-0.0063593005,-0.0161030596,-0.0144694534,7.0089735452
0.5932203390,-0.0027234325,-0.0068645606,-0.0144694534,0.0080000000,-0.0049099836,0.0065252855,0.6843301944
0.5520000000,-0.0071320020,-0.0111640291,0.0065252855,-0.0047619048,0.0131578947,0.0048622366,-0.8269589015
0.5421686747,-0.0044290113,-0.0087382547,0.0064829822,-0.0079744817,0.0032467532,-0.0016129032,-0.4568147632
0.5235602094,0.0027320653,-0.0016395358,-0.0032206119,-0.0048231511,-0.0097087379,-0.0064620355,-0.3790164365
0.6224066390,0.0039441771,0.0001081033,-0.0080775444,0.0000000000,0.0016339869,-0.0016260163,-0.0591851524
0.6315789474,0.0066162610,0.0033683966,0.0000000000,-0.0064620355,-0.0048939641,-0.0032573290,-0.0086431969
0.6447368421,0.0088954185,0.0064078002,-0.0032573290,0.0000000000,0.0000000000,-0.0032679739,0.5029871812
0.6233766234,0.0058779124,0.0042867765,-0.0016339869,-0.0048780488,-0.0016393443,0.0016393443,-0.4477800646
0.4688644689,0.0099323696,0.0089230331,0.0016366612,0.0000000000,-0.0049261084,-0.0049099836,1.1128747239
0.4775510204,0.0050980691,0.0049562904,-0.0065359477,0.0000000000,0.0000000000,0.0032894737,-0.0463796831
0.4128440367,0.0092774102,0.0095541783,0.0032894737,0.0000000000,-0.0016501650,-0.0049180328,0.4651726922
0.4054054054,0.0078501163,0.0088464614,-0.0049180328,-0.0065359477,0.0000000000,0.0000000000,-0.2715675632
0.4444444444,0.0033365197,0.0048801954,0.0000000000,0.0065789474,0.0000000000,0.0032948929,0.6593676783
0.5121951220,0.0044725893,0.0061708683,0.0032948929,0.0081699346,0.0049586777,-0.0016420361,0.0813689222
0.4848484848,0.0037844986,0.0057137670,-0.0016420361,-0.0113452188,-0.0049342105,0.0000000000,-0.0339540247
0.4395604396,0.0015549737,0.0036398016,0.0000000000,0.0065573770,0.0033057851,0.0016447368,0.6669309684
0.3962264151,0.0029626479,0.0050204666,0.0000000000,-0.0032573290,-0.0032948929,-0.0016420361,1.1421190963
0.4468085106,0.0058154594,0.0079642521,0.0000000000,0.0000000000,0.0016528926,-0.0032894737,-0.7609724784
0.4285714286,0.0099203791,0.0123861199,-0.0032894737,-0.0081699346,-0.0082508251,-0.0049504950,1.6222340994
0.4117647059,0.0151280178,0.0182230111,-0.0049504950,-0.0065897858,-0.0099833611,-0.0066334992,0.3208311638
0.3818181818,0.0094302457,0.0134892211,-0.0066334992,-0.0033167496,0.0033613445,0.0033388982,-0.8762122060
0.4188034188,-0.0003372234,0.0041361415,0.0033388982,0.0083194676,0.0067001675,0.0083194676,0.7983041002
0.5070422535,-0.0035738779,0.0005276890,0.0083194676,0.0099009901,0.0083194676,0.0033003300,0.1405820985
0.5070422535,-0.0062928241,-0.0027916895,0.0033003300,-0.0016339869,-0.0033003300,0.0032894737,-0.2792989456
0.5147058824,-0.0101926026,-0.0074662114,0.0016447368,0.0098199673,0.0066225166,0.0049180328,0.3989059636
0.5246913580,-0.0004717509,0.0012536739,0.0082101806,-0.0032414911,-0.0032894737,-0.0081566069,-0.2516953872
0.4838709677,-0.0101672601,-0.0086225213,-0.0097719870,0.0000000000,0.0000000000,0.0098684211,-0.3681030101
0.5000000000,0.0011804561,0.0018058174,0.0115131579,0.0032520325,0.0016501650,-0.0097719870,-0.0135952853
0.4615384615,0.0026479395,0.0033222542,-0.0130081301,-0.0129659643,-0.0065897858,-0.0016447368,0.0109792301
0.5147058824,0.0038944265,0.0047314025,0.0000000000,0.0016420361,0.0033167496,-0.0016474465,-0.0874545963
0.5147058824,-0.0081615953,-0.0070883482,0.0000000000,0.0065573770,0.0000000000,0.0115511551,0.1150850963
0.5364238411,-0.0036552483,-0.0033114467,0.0098846787,0.0000000000,0.0082644628,-0.0032626427,0.1232236205
0.5491525424,-0.0111846808,-0.0111581499,-0.0032626427,0.0048859935,0.0016393443,0.0081833061,0.8492252201
0.5714285714,-0.0174392911,-0.0182999647,0.0065466448,0.0113452188,0.0049099836,0.0081168831,0.3661380056
0.5932203390,-0.0484660602,-0.0505792841,0.0097560976,0.0320512821,0.0097719870,0.0354267311,2.3911695970
0.6842105263,-0.0365144764,-0.0423646987,0.0370370370,0.0031055901,0.0258064516,-0.0046656299,-0.1963120044
0.7042253521,-0.0293802714,-0.0377230150,-0.0062111801,-0.0046439628,-0.0031446541,-0.0015625000,-0.3928850874
0.7466666667,-0.0217985663,-0.0318986665,-0.0015625000,0.0062208398,0.0047318612,-0.0031298905,-0.3131223297
0.7741935484,-0.0169016151,-0.0280099152,-0.0015649452,-0.0092735703,-0.0031397174,-0.0015698587,-0.6020734203
0.8089887640,-0.0143013666,-0.0259351067,-0.0015673981,-0.0046801872,-0.0031496063,0.0000000000,0.2535984837
0.8210526316,-0.0042731148,-0.0162803426,-0.0015698587,0.0047021944,-0.0047393365,-0.0078616352,3.8761267136
0.8297872340,-0.0036157126,-0.0150743913,-0.0078616352,-0.0093603744,-0.0015873016,0.0000000000,-0.3545720458
0.8198198198,-0.0155407079,-0.0263025863,0.0015847861,0.0078740157,0.0015898251,0.0126782884,-0.4891628559
0.8011363636,-0.0162289255,-0.0273983831,0.0110759494,0.0015625000,0.0111111111,0.0031298905,-0.6918452150
0.7826086957,-0.0106452575,-0.0223183846,0.0015649452,0.0015600624,0.0015698587,-0.0031201248,0.4282557047
0.7826086957,-0.0058960892,-0.0175903363,-0.0015625000,-0.0015576324,-0.0031347962,-0.0031298905,-0.4124906133
0.8018575851,-0.0065485769,-0.0178292178,-0.0015649452,0.0015600624,0.0015723270,0.0015698587,0.6643362602
0.7830508475,-0.0008428725,-0.0118621186,0.0000000000,0.0077881620,-0.0094191523,-0.0047021944,8.8168047475
0.6068965517,0.0267752720,0.0162225139,-0.0047021944,-0.0185471406,-0.0269413629,-0.0267716535,-0.0310939456
0.4705882353,0.0095869131,0.0020493338,-0.0267716535,-0.0078740157,0.0032573290,0.0129449838,-0.5852794072
0.5095785441,-0.0014586802,-0.0076141541,0.0113268608,0.0031746032,0.0113636364,0.0095846645,-0.5139202554
0.5000000000,0.0035293207,-0.0023142928,0.0096000000,0.0015822785,0.0064205457,-0.0047468354,-0.1708291308
0.4838709677,0.0077929921,0.0026391992,-0.0031695721,-0.0047393365,-0.0031897927,-0.0047694754,0.0745781022
0.5000000000,0.0130673440,0.0088902863,-0.0031796502,-0.0031746032,-0.0080000000,-0.0063897764,-0.2482795541
0.5072463768,0.0029943280,0.0001916210,-0.0079744817,-0.0015923567,-0.0032258065,0.0080385852,0.3646789781
0.5072463768,0.0073535356,0.0049859722,0.0064308682,0.0047846890,0.0064724919,-0.0047846890,0.1207485387
0.4875346260,-0.0173980176,-0.0189659094,-0.0015974441,0.0174603175,0.0048231511,0.0240384615,1.7155216231
0.6021505376,-0.0053822658,-0.0082488094,0.0224000000,0.0078003120,0.0112000000,-0.0093896714,-0.0378310622
0.5773195876,-0.0076894872,-0.0107633368,-0.0093896714,-0.0061919505,-0.0031645570,0.0031595577,-0.3212639172
0.5253549696,-0.1859762847,-0.1888108947,0.0031595577,0.3161993769,0.0079365079,0.2204724409,118.7812482254
0.8403819918,-0.0892015692,-0.1080743367,0.2220472441,-0.0248520710,0.1133858268,-0.0748387097,-0.6400955204
0.6859688196,-0.0728921761,-0.0975515403,-0.0760309278,-0.0898058252,0.0042432815,-0.0027894003,-0.6334193707
0.7221570926,-0.0360628829,-0.0654924321,-0.0027894003,-0.0360000000,-0.0422535211,-0.0265734266,0.0214379147
0.7328244275,-0.0305147471,-0.0606411408,-0.0265734266,-0.0193637621,0.0044117647,0.0000000000,-0.4383600889
0.7677725118,-0.0144924982,-0.0451741952,-0.0014367816,0.0042313117,-0.0043923865,-0.0114942529,-0.4256245930
0.7587822014,-0.0250170209,-0.0542003378,-0.0100719424,-0.0056179775,0.0088235294,0.0130813953,-0.2225679472
0.7053624042,-0.0126689858,-0.0419381941,0.0145348837,-0.0141242938,-0.0029154519,-0.0086083214,-0.5686224224
0.7012302285,-0.0121495065,-0.0402206327,-0.0085959885,0.0028653295,-0.0043859649,0.0014471780,0.1417144746
0.6962477665,-0.0271505730,-0.0536519858,-0.0014450867,0.0128571429,0.0146842878,0.0173410405,-0.0605257938
0.6438848921,-0.0145750537,-0.0415088056,0.0217076700,0.0042313117,0.0057887120,-0.0085227273,-0.1860355462
0.6861924686,-0.0137457095,-0.0398097101,-0.0127478754,-0.0154494382,0.0000000000,0.0014326648,-0.3098890997
0.6250000000,-0.0172547062,-0.0423410085,0.0028694405,0.0199714693,0.0028776978,0.0057224607,2.0859721295
0.6278195489,-0.0243153460,-0.0486772679,0.0042918455,-0.0041958042,-0.0057388809,0.0099573257,0.5007288814
0.2556390977,-0.0150253707,-0.0396611848,0.0128205128,0.0042134831,0.0129870130,-0.0056338028,-0.5246331039
0.4303797468,-0.0305645692,-0.0541400047,-0.0084388186,0.0125874126,0.0000000000,0.0184135977,0.5751753123
0.4384328358,-0.0325897979,-0.0566895122,0.0212765957,0.0082872928,0.0156695157,0.0069541029,0.0127541557
0.5200000000,-0.0355685090,-0.0602780402,0.0069444444,0.0054794521,0.0084151473,0.0082872928,-0.0886593454
0.5178571429,-0.0069711002,-0.0333008276,0.0082758621,0.0040871935,-0.0180806676,-0.0232876712,0.6138235325
0.4385633270,-0.0086793264,-0.0335450532,-0.0246238030,-0.0271370421,-0.0084985836,0.0028050491,-0.0178168690
0.4071856287,-0.0045595967,-0.0283423109,0.0028050491,-0.0027894003,0.0085714286,-0.0027972028,-0.3875067710
0.4387096774,-0.0149110122,-0.0370473977,-0.0041958042,0.0125874126,-0.0056657224,0.0112201964,1.0267312870
0.4705882353,-0.0180646406,-0.0396311287,0.0126404494,0.0082872928,0.0199430199,0.0055478502,-0.3526491538
0.4338394794,-0.0417207546,-0.0625560133,0.0055478502,0.0328767123,0.0111731844,0.0275862069,0.7829879436
0.4772727273,-0.0365953376,-0.0591850733,0.0289655172,-0.0066312997,0.0151933702,0.0013422819,-0.4240349523
0.4772727273,-0.0083677683,-0.0327593161,0.0000000000,0.0133511348,-0.0108843537,-0.0227882038,-0.0798511242
0.4230769231,-0.0043488662,-0.0276651146,-0.0227882038,-0.0342555995,-0.0055020633,-0.0027434842,-0.1388017807
0.4675118859,-0.0131815010,-0.0349083388,-0.0027434842,0.0109140518,-0.0055325035,0.0096286107,0.2805134740
0.4356435644,-0.0043713664,-0.0256855163,0.0110041265,-0.0080971660,0.0041724618,-0.0068119891,-0.3789714095
0.4351395731,-0.0277061052,-0.0473061894,-0.0095238095,0.0204081633,0.0041551247,0.0246913580,0.0257596987
0.4896142433,-0.0476663051,-0.0675197315,0.0260989011,0.0293333333,0.0289655172,0.0254350736,-0.2428749306
0.5345060893,-0.0263511245,-0.0488595957,0.0240963855,-0.0012953368,0.0107238606,-0.0143603133,-0.0417902724
0.5716353111,-0.0261666418,-0.0490190985,-0.0117647059,-0.0129701686,-0.0013262599,0.0039735099,-0.2449217984
0.5747126437,-0.0208492490,-0.0441270080,0.0039682540,0.0000000000,0.0013280212,-0.0013192612,-0.1138128821
0.5813953488,-0.0266423376,-0.0496462878,-0.0013175231,0.0078843627,-0.0039787798,0.0092470277,-0.3020567162
0.5783308931,-0.0351721531,-0.0582947697,0.0079155673,0.0143415906,0.0173102530,0.0130890052,1.7911615355
0.5960729313,-0.0247208503,-0.0490622316,0.0117801047,0.0000000000,0.0039267016,-0.0051679587,-0.3369730578
0.5820895522,-0.0297382044,-0.0540277400,-0.0025873221,0.0077120823,-0.0013037810,0.0090909091,0.5355405565
0.6033994334,-0.0460349189,-0.0703651856,0.0077821012,0.0165816327,0.0104438642,0.0218790219,0.4788242659
0.7051282051,-0.0254513195,-0.0520197216,0.0218790219,0.0138017566,0.0064599483,-0.0138539043,0.5333577980
0.6321839080,-0.0050162053,-0.0320964911,-0.0151133501,-0.0309405941,-0.0256739409,-0.0166028097,-0.5556981852
0.6067415730,-0.0157487172,-0.0409288953,-0.0140664962,-0.0051085568,0.0105401845,0.0116883117,-0.3277439625
0.5844155844,0.0060460373,-0.0190076709,0.0103761349,0.0000000000,-0.0052151239,-0.0192554557,0.2293561279
0.5287637699,-0.0142380866,-0.0365162609,-0.0179717587,0.0077021823,0.0026212320,0.0196335079,0.4930143015
0.5145018916,-0.0005001163,-0.0225182386,0.0196078431,0.0000000000,-0.0013071895,-0.0115532734,-0.5622520773
0.5237483954,0.0100710696,-0.0105704332,-0.0128205128,-0.0191082803,-0.0065445026,-0.0103896104,0.3417695048
0.5542021924,0.0111756787,-0.0071816156,-0.0103896104,-0.0090909091,-0.0171277997,-0.0026246719,1.5226575133
0.5501813785,0.0081298568,-0.0079549665,-0.0026246719,0.0039318480,0.0160857909,0.0013157895,-0.7166798060
0.5261146497,-0.0022981739,-0.0164131577,0.0000000000,0.0078328982,0.0000000000,0.0091984231,0.5149355137
0.5130890052,0.0045957281,-0.0087438778,0.0092105263,0.0025906736,0.0039577836,-0.0065104167,-0.4169642403
0.5090909091,-0.0167303302,-0.0284690472,-0.0052151239,0.0129198966,-0.0026281209,0.0209698558,1.3432356704
0.5462184874,-0.0352108813,-0.0471540431,0.0196592398,0.0280612245,0.0237154150,0.0218228498,0.7123463898
0.5462184874,-0.0418311201,-0.0555263973,0.0231362468,0.0049627792,0.0141570142,0.0125628141,-0.6116738347
0.5528255528,-0.0305845685,-0.0466822252,0.0113065327,0.0000000000,0.0000000000,-0.0049627792,-0.0058691623
0.5992010652,-0.0197680787,-0.0372219256,-0.0024844720,-0.0024691358,0.0063451777,-0.0062344140,-0.5828088401
0.6160000000,-0.0264984946,-0.0440601273,-0.0062266501,0.0086633663,0.0050441362,0.0100376412,0.7359824209
0.6577777778,-0.0449630479,-0.0629139726,0.0075187970,0.0184049080,0.0075282309,0.0236024845,0.6256720101
0.6695278970,-0.0586100006,-0.0783860225,0.0248756219,0.0228915663,0.0199252802,0.0218446602,0.1434658980
0.7142857143,-0.0427719751,-0.0659235235,0.0194174757,-0.0035335689,0.0158730159,-0.0071258907,-0.6228926738
0.7317073171,-0.0327205728,-0.0576586920,-0.0047619048,-0.0106382979,-0.0060096154,-0.0035885167,-0.5920584971
0.7228915663,-0.0182581453,-0.0442084068,-0.0035885167,-0.0023894863,-0.0048367594,-0.0096038415,0.3526442593
0.7242693774,-0.0154491999,-0.0409337100,-0.0108043217,-0.0023952096,-0.0060753341,0.0000000000,1.2215122250
0.7394957983,-0.0190177469,-0.0436973569,0.0000000000,-0.0012004802,-0.0036674817,0.0060606061,1.1550435848
0.7187017002,-0.0803562049,-0.1031331396,0.0072815534,0.0817307692,0.0159509202,0.0698795181,4.6068362757
0.7876312719,-0.1043056451,-0.1307341550,0.0710843373,0.0377777778,0.0531400966,0.0405405405,-0.1396004605
0.8088235294,-0.0802958160,-0.1133737256,0.0393700787,0.0085653105,0.0389908257,-0.0086580087,-0.6186886835
0.8089887640,-0.0628270406,-0.1000633539,-0.0086580087,0.0265392781,0.0011037528,-0.0054585153,1.7054266086
0.8044692737,-0.0351565801,-0.0753974184,-0.0065502183,-0.0548086867,-0.0407938258,-0.0186608123,-0.4996593920
0.7539267016,-0.0457586366,-0.0851620544,-0.0175824176,0.0010940919,0.0183908046,0.0167785235,-0.5467671985
0.7626262626,-0.0059106159,-0.0474153156,0.0134228188,0.0000000000,-0.0146726862,-0.0330033003,1.7700269416
0.7058823529,0.0217334881,-0.0182135497,-0.0286975717,-0.0240437158,-0.0194730813,-0.0261660978,-0.1983882224
0.6951219512,-0.0127500197,-0.0469263019,-0.0272727273,-0.0111982083,-0.0046728972,0.0315420561,-0.5218625623
0.6774193548,-0.0028838199,-0.0358066174,0.0315420561,0.0067950170,0.0246478873,-0.0079275198,-0.4317447298
0.6682464455,-0.0136992958,-0.0440667553,-0.0067950170,0.0011248594,0.0011454754,0.0114155251,-0.1495121783
0.6265560166,-0.0160339963,-0.0451135510,0.0114025086,0.0033707865,0.0068649886,0.0045146727,0.4150187780
0.5961538462,-0.0201728042,-0.0481885131,0.0011273957,0.0078387458,0.0011363636,0.0067415730,-0.3868215728
0.5977011494,0.0053720444,-0.0228066419,0.0090090090,-0.0022222222,-0.0147559591,-0.0223214286,0.1819016598
0.5096582467,0.0091535833,-0.0166269732,-0.0223214286,-0.0233853007,0.0000000000,-0.0045662100,0.1332038589
0.4652908068,-0.0036803444,-0.0265586637,-0.0045662100,0.0091220068,0.0034562212,0.0114678899,-0.6080214887
0.4421052632,-0.0008484879,-0.0223745174,0.0103211009,0.0056497175,0.0091848450,-0.0022675737,0.0994590642
0.4491978610,0.0072946195,-0.0128649350,0.0000000000,-0.0078651685,-0.0068259386,-0.0079545455,-0.2647868168
0.4745762712,0.0027265746,-0.0152958400,-0.0068104427,-0.0022650057,-0.0011454754,0.0034364261,0.9388175507
0.4294478528,-0.0056387078,-0.0219780586,0.0000000000,0.0034052213,-0.0022935780,0.0079908676,0.6760641412
0.4768683274,-0.0036428370,-0.0192393400,0.0102857143,0.0045248869,0.0126436782,-0.0011325028,-0.7653756467
0.5834542816,-0.0087020037,-0.0233507640,-0.0011312217,0.0011261261,0.0022701476,0.0056689342,0.1852105213
0.4847396768,0.0028118582,-0.0115921367,0.0033975085,-0.0011248594,-0.0067950170,-0.0101465614,0.7283720869
0.4728546410,0.0023792647,-0.0107334599,-0.0079006772,-0.0056306306,-0.0011402509,0.0000000000,0.2987465335
0.4487179487,-0.0059123044,-0.0177693846,0.0000000000,0.0033975085,0.0022831050,0.0079726651,-0.5075590420
0.4691358025,0.0052198557,-0.0063482003,0.0068259386,0.0000000000,-0.0034168565,-0.0101694915,0.9345990704
0.4628099174,0.0032715139,-0.0070115118,-0.0101694915,-0.0033860045,-0.0011428571,0.0011415525,-0.3372725004
0.5076923077,-0.0206818319,-0.0297256205,0.0011415525,0.0249150623,0.0034324943,0.0239452680,4.3141090996
0.5793991416,-0.0293894504,-0.0392918625,0.0250855188,0.0077348066,0.0216647662,0.0122494432,-0.5912614006
0.5838641189,-0.0259395701,-0.0374402757,0.0088987764,0.0000000000,0.0044642857,0.0011001100,0.0784386496
0.5185185185,-0.0066668181,-0.0195835926,0.0033076075,0.0153508772,-0.0244444444,-0.0153846154,2.7110204910
0.4590163934,0.0543734038,0.0411276583,-0.0153846154,-0.0323974082,-0.0489749431,-0.0569196429,0.3593404545
0.3106682298,0.0497351351,0.0417797916,-0.0546875000,-0.0401785714,-0.0035928144,-0.0035502959,-0.4555795143
0.3458646617,0.0396141835,0.0362236534,-0.0082644628,-0.0058139535,0.0012019231,0.0023752969,-0.7154066223
0.2850356295,0.0274330053,0.0274536093,0.0047619048,-0.0070175439,0.0012004802,0.0059241706,-0.1885074087
0.2850356295,0.0184143598,0.0206114740,0.0035545024,0.0129564193,0.0107913669,0.0047114252,-0.3382025474
0.2524271845,0.0167733783,0.0202808070,0.0070838253,0.0069767442,0.0071174377,-0.0011723329,1.9336369496
0.2941176471,0.0299074082,0.0345641278,0.0000000000,-0.0069284065,-0.0412249706,-0.0152582160,0.7477428491
0.2976846748,0.0314531886,0.0381908954,-0.0164126612,-0.0162790698,0.0171990172,-0.0059594756,-0.4264568081
0.3071672355,0.0144505607,0.0230946186,-0.0059594756,0.0047281324,0.0036231884,0.0119904077,-0.6252248913
0.3472668810,-0.0007954111,0.0082432944,0.0143884892,0.0176470588,0.0108303249,0.0130331754,2.0841697620
0.3024054983,-0.0006730402,0.0076326800,0.0094562648,-0.0057803468,0.0071428571,0.0000000000,-0.8336488007
0.2750000000,-0.0098342047,-0.0022682058,0.0035128806,0.0116279070,0.0106382979,0.0093567251,0.7585819626
0.3149606299,-0.0208023328,-0.0146595703,0.0070011669,0.0103448276,-0.0152046784,0.0127462341,2.3345445083
0.3328981723,-0.0039258993,0.0001584767,0.0127462341,-0.0022753129,0.0213776722,-0.0137299771,-0.7988865557
0.5172413793,-0.0033219148,0.0001467377,-0.0137299771,-0.0079817560,-0.0034883721,0.0000000000,-0.2464430995
0.4845605701,-0.0016526754,0.0012974663,0.0000000000,-0.0045977011,-0.0151691949,-0.0011600928,3.0887199297
0.5606407323,0.0009266151,0.0035324435,-0.0011600928,-0.0011547344,0.0035545024,-0.0023228804,-0.5302774834
0.6082949309,0.0054660896,0.0079644455,-0.0023228804,-0.0034682081,0.0047225502,-0.0046565774,-0.5637079136
0.6481481481,0.0117249772,0.0144937409,-0.0058207218,-0.0069605568,-0.0105757932,-0.0070175439,1.0084975250
0.6194690265,0.0040082473,0.0074867573,-0.0058548009,0.0116822430,0.0071258907,0.0058892815,0.8288980117
0.6428571429,0.0116840864,0.0152539363,0.0047114252,-0.0080831409,-0.0023584906,-0.0081967213,-0.7160004878
0.6279069767,-0.0030607286,0.0011224251,-0.0082063306,0.0011641444,-0.0236406619,0.0129870130,3.5165778401
0.6330275229,0.0044341679,0.0080888549,0.0141843972,0.0081395349,0.0290556901,-0.0069930070,-0.1725275271
0.6171284635,-0.0113333018,-0.0076517829,-0.0058275058,-0.0011534025,0.0011764706,0.0152582160,-0.2906634366
0.6387832700,-0.0164122906,-0.0139248121,0.0164126612,0.0103926097,0.0035252644,0.0069364162,0.8124589988
0.6289062500,-0.0195158198,-0.0185275149,0.0023068051,0.0182857143,0.0128805621,0.0057405281,0.0342631017
0.5957446809,-0.0265149448,-0.0271501392,0.0080552359,0.0011223345,0.0057803468,0.0102739726,-0.5157301493
0.6533333333,-0.0089984129,-0.0117388668,0.0079908676,-0.0067264574,0.0011494253,-0.0135593220,-0.4371156981
0.6007005254,-0.0076140417,-0.0108693212,-0.0090600227,-0.0056433409,-0.0057405281,0.0000000000,-0.0663997044
0.5697674419,-0.0165809909,-0.0201655721,-0.0022857143,0.0090805902,-0.0011547344,0.0103092784,0.2803769889
0.5420560748,-0.0061423098,-0.0108212006,0.0103092784,-0.0044994376,0.0034682081,-0.0079365079,-0.3235503403
0.5215827338,-0.0186557742,-0.0234128257,-0.0068027211,0.0180790960,0.0023041475,0.0137142857,1.8852480976
0.5223880597,-0.0146748037,-0.0205743421,0.0102739726,-0.0133185350,0.0068965517,-0.0011273957,-0.8028437689
0.5845323741,-0.0157498171,-0.0223606081,-0.0022598870,0.0011248594,-0.0022831050,0.0033860045,1.2249991343
0.5666666667,-0.0199413375,-0.0272693778,0.0045300113,0.0089887640,0.0148741419,0.0067491564,-0.2388714314
0.5478260870,-0.0035127160,-0.0120025305,0.0090191657,-0.0033407572,-0.0056369786,-0.0134078212,-0.0299998978
0.4960629921,0.0225034387,0.0141542625,-0.0134078212,-0.0134078212,-0.0260770975,-0.0249150623,1.4327351991
0.3980891720,0.0226044529,0.0166481265,-0.0249150623,-0.0124575311,-0.0151338766,-0.0034843206,2.2549311006
0.4356435644,0.0120495750,0.0083634394,-0.0034843206,-0.0045871560,0.0106382979,0.0069930070,-0.8728818004
0.4411764706,0.0304712706,0.0279701907,0.0081585082,0.0011520737,-0.0093567251,-0.0196759259,0.9016966120
0.4051446945,0.0233669320,0.0234816031,-0.0196531792,0.0057537399,-0.0070838253,0.0023612751,2.6806945631
0.3800000000,-0.0082629502,-0.0063469082,0.0011792453,0.0228832952,0.0095124851,0.0282685512,-0.6045319807
0.4615384615,-0.0137699406,-0.0126625910,0.0282685512,-0.0078299776,0.0282685512,0.0068728522,-0.4614959178
0.4492385787,0.0125388600,0.0124639369,0.0068728522,-0.0090191657,-0.0240549828,-0.0238907850,0.2905781524
0.3995485327,0.0082595493,0.0091882621,-0.0227531286,-0.0136518771,0.0011737089,0.0023310023,-0.3550653244
0.3559322034,0.0140637125,0.0155931840,0.0011641444,-0.0057670127,-0.0070339977,-0.0069767442,1.6864725354
0.3414634146,0.0324523955,0.0350420142,-0.0058139535,0.0023201856,-0.0129870130,-0.0199063232,0.1730473914
0.3538461538,0.0250104708,0.0299851740,-0.0198830409,-0.0219907407,-0.0059808612,0.0023894863,-0.4380752459
0.3333333333,0.0272847846,0.0339257050,0.0023866348,0.0000000000,-0.0096269555,-0.0059594756,0.5213160634
0.3500000000,0.0267805808,0.0351362013,-0.0047619048,-0.0106508876,0.0000000000,-0.0035971223,-0.7020935309
0.4049586777,0.0129092591,0.0226881465,-0.0071770335,0.0059808612,0.0012150668,0.0096269555,1.4777851626
0.3831417625,0.0169839100,0.0271286914,0.0096385542,0.0000000000,0.0072815534,-0.0059594756,-0.1864789340
0.4095744681,0.0254368662,0.0363022768,-0.0071599045,-0.0035671819,-0.0216867470,-0.0107913669,2.1597172297
0.4375000000,0.0190530705,0.0311135500,-0.0096153846,-0.0083532220,0.0036945813,0.0024242424,-0.4570526195
0.4375000000,0.0161218289,0.0288088426,0.0036407767,0.0048134777,0.0085889571,0.0000000000,-0.2825082870
0.2978723404,0.0273058331,0.0405148339,0.0012091898,0.0011976048,-0.0072992701,-0.0133010883,-0.2343921659
0.2666666667,0.0070610706,0.0212439178,-0.0144927536,-0.0083732057,0.0000000000,0.0159313725,-0.3971533283
0.4029850746,0.0108522054,0.0246141502,0.0134803922,0.0048250905,0.0110294118,-0.0048250905,-0.4106621705
0.4545454545,0.0091826353,0.0227908798,-0.0024183797,-0.0036014406,0.0000000000,0.0000000000,-0.6750572653
0.4475703325,0.0114479146,0.0248293186,0.0024242424,0.0024096386,-0.0145454545,-0.0036363636,19.6484664224
0.5223880597,0.0096866970,0.0229901098,-0.0060459492,-0.0024038462,0.0024600246,0.0000000000,-0.6741654292
0.5729537367,0.0069714099,0.0200462066,0.0036496350,-0.0012048193,0.0036809816,0.0012165450,-0.0466756949
0.5070422535,0.0157727394,0.0285594501,0.0000000000,0.0024125452,-0.0061124694,-0.0097205346,-0.1531288644
0.4736842105,0.0183441723,0.0315065441,-0.0133333333,-0.0108303249,-0.0073800738,-0.0049079755,0.7924467336
0.4590163934,0.0117792819,0.0253797062,-0.0036855037,-0.0085158151,-0.0061957869,0.0036991369,-0.1303201288
0.4222222222,-0.0429415519,-0.0301178364,0.0012330456,0.0638036810,0.0024937656,0.0552825553,4.5679004235
0.6808510638,-0.0284177252,-0.0199000407,0.0591133005,-0.0069204152,0.0435323383,-0.0081490105,-0.7641211139
0.7153846154,-0.0387132877,-0.0331779434,-0.0069767442,0.0197444832,0.0107270560,0.0152582160,0.2974162206
0.7086614173,-0.0293911237,-0.0273469548,0.0128805621,-0.0113895216,0.0082547170,-0.0034682081,-0.6848137212
0.7563025210,-0.0005201349,-0.0009832596,-0.0034682081,-0.0057603687,-0.0187134503,-0.0243619490,1.5254464276
0.6845425868,-0.0016272399,-0.0020969927,-0.0243619490,-0.0208574739,-0.0107270560,0.0011890606,-0.4240785404
0.6217105263,0.0241664484,0.0235872379,0.0011890606,-0.0023668639,-0.0144578313,-0.0249406176,1.1095258948
0.5682989691,0.0155009040,0.0168856592,-0.0249406176,-0.0154211151,0.0000000000,0.0048721072,-0.3044524868
0.5114503817,0.0268069083,0.0293596652,0.0024360536,-0.0024096386,-0.0061124694,-0.0133333333,0.8299393410
0.5103373232,0.0214279431,0.0259245256,-0.0097205346,0.0132850242,-0.0012300123,0.0012285012,-0.1819132792
0.5103373232,0.0385194483,0.0445099063,0.0024539877,-0.0250297974,-0.0283251232,-0.0196319018,-0.0541283816
0.4850051706,0.0248970312,0.0334522834,-0.0232558140,-0.0036674817,0.0088719899,0.0075093867,-0.5671680228
0.4419778002,0.0073023389,0.0170763981,0.0112781955,0.0049079755,0.0100502513,0.0136645963,0.9865636216
0.4677574591,-0.0107927902,-0.0013226898,0.0111524164,0.0378510379,0.0074626866,0.0171568627,0.6413880820
0.3516998828,-0.0185917178,-0.0107595604,0.0171568627,0.0317647059,0.0246913580,0.0096385542,1.3890119921
0.3348729792,0.0034270583,0.0093082459,0.0096385542,-0.0421892816,-0.0108433735,-0.0190930788,-0.7922694725
0.3047404063,0.0004655957,0.0061706424,-0.0190930788,-0.0083333333,-0.0060901340,0.0024330900,-0.4201532714
0.2568306011,0.0151781129,0.0205763198,0.0024330900,0.0084033613,-0.0073529412,-0.0145631068,2.2166544657
0.2787663108,0.0005213274,0.0066549198,-0.0145631068,-0.0142857143,0.0000000000,0.0123152709,-0.7089733001
0.3153153153,-0.0080065100,-0.0023339766,0.0123152709,0.0120772947,0.0000000000,0.0085158151,0.5317591729
0.3373493976,-0.0221095710,-0.0175671533,0.0085158151,0.0131264916,0.0234567901,0.0156815440,0.8284611743
0.3678160920,-0.0116653337,-0.0092055900,0.0156815440,0.0000000000,0.0084439083,-0.0071258907,-0.1829056479
0.3902439024,-0.0397353569,-0.0384290123,-0.0059382423,0.0294464075,0.0000000000,0.0311004785,1.1842520898
0.4630071599,-0.0257103602,-0.0276866023,0.0298685783,0.0022883295,0.0167464115,-0.0081206497,-0.1301202519
0.5125495376,-0.0495459736,-0.0533165456,-0.0069605568,0.0136986301,-0.0035294118,0.0292397661,0.3341122373
