0.5809523810,0.0116086134,0.0113402062,0.0000000000,-0.0020242915,-0.0112130479,-0.0112130479,-0.8649921507
0.5166959578,0.0119090834,0.0125880012,-0.0192697769,-0.0152129817,-0.0072164948,-0.0020618557,108.6642441860
0.5664739884,0.0028250824,0.0043923886,0.0041365047,0.0041194645,0.0083073728,0.0072314050,-0.9363808665
0.5664739884,0.0044508664,0.0061308847,0.0020597322,0.0041025641,-0.0030895984,-0.0020512821,9.8091666667
0.5951417004,-0.0194132203,-0.0175467139,0.0133607400,0.0194075587,0.0185950413,0.0236382323,-0.8309498111
0.6632653061,-0.0183976601,-0.0182184063,0.0101419878,0.0080160321,0.0091277890,0.0020080321,-0.3663208300
0.6373626374,-0.0175361163,-0.0188351569,0.0030120482,-0.0059642147,0.0000000000,0.0020040080,0.0714285714
0.6024096386,-0.0177848976,-0.0203788236,0.0010010010,0.0030000000,0.0050251256,0.0030000000,-0.6041981528
0.5479452055,-0.0276514821,-0.0314231191,0.0070000000,0.0159521436,0.0070000000,0.0129611167,6.4866355537
0.6024096386,-0.0376059810,-0.0432211526,0.0089374379,0.0176643768,0.0089374379,0.0147637795,-0.7493482942
0.6410256410,-0.0466159306,-0.0546897735,0.0147637795,0.0096432015,0.0127952756,0.0155189137,7.2871354284
0.6806722689,-0.0366840313,-0.0479106294,0.0126091174,0.0019102197,0.0136054422,-0.0028653295,-0.9163256398
0.6923076923,-0.0188226080,-0.0323119384,0.0019157088,-0.0028598665,-0.0115052733,-0.0124521073,1.1023801761
0.6202143951,-0.0197300035,-0.0336675688,-0.0028680688,-0.0028680688,0.0038797284,0.0038797284,-0.9072580645
0.6538461538,-0.0204802021,-0.0349035163,-0.0019175455,-0.0019175455,0.0038647343,0.0038647343,6.0384615385
0.5973154362,-0.0135316410,-0.0285782371,-0.0076849183,-0.0057636888,-0.0067372474,-0.0038498556,12.5633167023
0.6235741445,-0.0133564078,-0.0283389366,0.0019361084,0.0057971014,-0.0029069767,0.0019323671,-0.8304372197
0.5575221239,-0.0141535905,-0.0290486799,0.0067632850,0.0019212296,0.0106899903,0.0028929605,-0.8926652893
0.4897959184,-0.0213858663,-0.0361645742,0.0076775432,0.0220517737,0.0067307692,0.0096153846,84.7844080847
0.5192307692,-0.0133976265,-0.0288612466,-0.0019047619,-0.0168855535,-0.0019102197,-0.0047619048,-0.6583080893
0.5544554455,-0.0160443748,-0.0313580270,-0.0019083969,0.0057251908,-0.0066985646,0.0047846890,-0.3296995567
0.5614035088,-0.0050478482,-0.0206407019,-0.0038240918,-0.0066413662,0.0028901734,-0.0085714286,-0.9647300872
0.5202821869,-0.0042712561,-0.0191117611,-0.0028790787,-0.0057306590,-0.0019212296,0.0000000000,-0.7222222222
0.4803493450,-0.0140326231,-0.0279673138,0.0125120308,0.0105667627,0.0125120308,0.0105667627,2.2750000000
0.4503464203,-0.0118737580,-0.0258956609,-0.0095057034,0.0000000000,-0.0095057034,0.0000000000,7.9557251908
0.4182305630,-0.0119254947,-0.0258294990,0.0067178503,0.0019011407,0.0057581574,0.0019011407,-0.2671326287
0.4606741573,-0.0063197205,-0.0201977883,0.0047664442,0.0009487666,0.0019083969,-0.0037950664,2.5275645499
0.4900662252,-0.0091222283,-0.0224257482,-0.0018975332,-0.0009478673,0.0019047619,0.0038095238,-0.5444114738
0.4900662252,-0.0058323424,-0.0189029174,-0.0038022814,-0.0018975332,-0.0038022814,-0.0018975332,0.8640903170
0.5138888889,-0.0039882798,-0.0165678799,-0.0066793893,-0.0009505703,-0.0066793893,-0.0009505703,-0.7847658980
0.5813953488,-0.0014745547,-0.0134632999,0.0105667627,0.0009514748,0.0067243036,-0.0019029496,-0.4303751804
0.6254071661,-0.0012477001,-0.0124660185,-0.0028517110,-0.0028517110,0.0009541985,0.0000000000,0.0785307156
0.5892857143,0.0008524567,-0.0096544389,-0.0019065777,-0.0019065777,-0.0019065777,-0.0019065777,-0.9301233118
0.6226415094,-0.0030873349,-0.0127111724,0.0028653295,0.0038204394,0.0028653295,0.0038204394,6.9411764706
0.6116504854,-0.0147984874,-0.0238438476,0.0085714286,0.0133206470,0.0085714286,0.0123691722,30.0402116402
0.7555555556,-0.0069217316,-0.0165317632,0.0047214353,0.0000000000,-0.0037771483,-0.0056390977,-0.2946510756
0.7058823529,-0.0030299025,-0.0125071138,-0.0046992481,-0.0046948357,-0.0018957346,-0.0028355388,-0.7645722571
0.6680497925,0.0031413054,-0.0059271661,-0.0113314448,-0.0103773585,-0.0056980057,-0.0056872038,-0.2465612811
0.6388888889,-0.0002012633,-0.0083241773,-0.0009551098,0.0028598665,-0.0009551098,0.0028598665,-0.5583106267
0.6486486486,0.0113661968,0.0037419565,0.0000000000,-0.0047528517,-0.0057361377,-0.0114068441,16.0012338063
0.5853658537,-0.0028468631,-0.0089236795,-0.0047801147,0.0057306590,0.0009615385,0.0125000000,-0.8001016002
0.6600000000,0.0042671558,-0.0016258007,0.0048030740,-0.0066476733,0.0048030740,-0.0066476733,-0.8442548557
0.6285714286,0.0281848787,0.0229435670,-0.0152963671,-0.0152963671,-0.0325047801,-0.0239005736,5.0944055944
0.5116279070,0.0188592272,0.0162672207,-0.0019417476,-0.0019417476,0.0138339921,0.0048971596,1.9705488621
0.4658493870,0.0189371561,0.0180389635,-0.0048638132,-0.0048638132,-0.0029239766,-0.0029239766,-0.9755359557
0.4871794872,0.0100994107,0.0107744481,0.0039100684,0.0058651026,0.0029325513,0.0058651026,86.6157894737
0.4529411765,0.0026990137,0.0041214055,0.0009737098,0.0077745384,0.0019493177,0.0058309038,-0.6150657776
0.4639769452,0.0003507360,0.0018801160,0.0087548638,0.0000000000,0.0077821012,0.0019323671,-0.7772315855
0.3970826580,0.0031989916,0.0046472529,-0.0009643202,0.0038572806,-0.0019305019,-0.0028929605,0.3943957968
0.4090150250,0.0085592136,0.0101647027,-0.0077220077,-0.0124879923,-0.0058027079,-0.0058027079,-0.7947751821
0.3970826580,0.0072424115,0.0094117618,0.0009727626,0.0009727626,0.0000000000,0.0000000000,-0.1676866585
0.3846153846,0.0061281943,0.0087145942,-0.0009718173,-0.0009718173,0.0000000000,0.0000000000,-1.0000000000
0.4067796610,0.0091119007,0.0120068385,0.0068093385,0.0068093385,-0.0155642023,-0.0038910506,-1.0000000000
0.4444444444,-0.0029998923,0.0003712674,-0.0115942029,0.0028985507,0.0029644269,0.0107421875,7.6035239271
0.4285714286,-0.0149114631,-0.0120650783,0.0136852395,0.0096339114,0.0206896552,0.0125603865,-0.8422197608
0.4663774403,-0.0078840141,-0.0064310590,0.0096432015,-0.0009541985,0.0067567568,-0.0047709924,-0.9448484848
0.6304985337,-0.0066710888,-0.0059546843,-0.0038204394,-0.0038204394,0.0000000000,0.0000000000,-1.0000000000
0.6440677966,-0.0141516088,-0.0140215601,0.0038350911,0.0086289549,0.0019175455,0.0086289549,-1.0000000000
0.6351351351,-0.0119744382,-0.0129829260,0.0047755492,0.0000000000,0.0066985646,0.0000000000,-1.0000000000
0.6456692913,-0.0015906925,-0.0034960035,-0.0085551331,-0.0085551331,-0.0085551331,-0.0085551331,-1.0000000000
0.6183745583,0.0132258295,0.0113071664,-0.0067114094,-0.0057526366,-0.0143815916,-0.0143815916,406.5490196078
0.6111111111,0.0131622192,0.0124393248,-0.0096525097,-0.0096432015,-0.0019455253,-0.0019455253,-0.9299013712
0.6168224299,0.0111372624,0.0115178933,0.0000000000,-0.0009737098,0.0000000000,0.0000000000,-1.0000000000
0.6111111111,0.0094238374,0.0106647160,0.0000000000,0.0000000000,0.0000000000,0.0000000000,-1.0000000000
0.6111111111,0.0011436018,0.0030314426,-0.0029239766,0.0068226121,-0.0029239766,0.0068226121,-1.0000000000
0.5882352941,-0.0048127084,-0.0029841013,0.0156402737,0.0058083253,0.0156402737,0.0058083253,-0.5018368846
0.5427728614,-0.0021515054,-0.0008397454,0.0125120308,0.0125120308,-0.0019249278,-0.0019249278,21.5294985251
0.5700325733,0.0030156364,0.0040636520,-0.0123574144,-0.0123574144,-0.0048216008,-0.0048216008,-0.7379378069
0.5365853659,-0.0003542546,0.0008531839,-0.0096246391,-0.0028873917,-0.0029069767,0.0029069767,-0.5975518361
0.4863813230,0.0104392136,0.0115406587,0.0000000000,-0.0048262548,-0.0048590865,-0.0106280193,1.3333333333
0.4601226994,0.0019836829,0.0038237189,0.0000000000,0.0009699321,0.0000000000,0.0068359375,18.4753923916
0.4394904459,0.0007078822,0.0025680575,0.0038872692,0.0019379845,0.0058593750,0.0009699321,-0.9489536663
0.3956043956,0.0074323361,0.0092233382,-0.0067763795,-0.0077369439,-0.0048543689,-0.0067829457,2.5820176612
0.4067796610,0.0062888998,0.0085401279,0.0009746589,0.0009746589,0.0000000000,0.0000000000,-0.5144927536
0.4705882353,0.0053213768,0.0079075259,-0.0009737098,-0.0009737098,0.0000000000,0.0000000000,-0.8541314048
0.4343891403,-0.0061628658,-0.0033737183,0.0019493177,0.0126705653,0.0029268293,0.0107317073,11.0833333333
0.4827586207,-0.0032905832,-0.0011956195,0.0068093385,-0.0038498556,0.0058365759,-0.0019305019,-0.9068529027
0.5192878338,0.0030359853,0.0047230594,0.0086956522,0.0086956522,-0.0058027079,-0.0058027079,10.2521087160
0.5045045045,0.0035451218,0.0053511712,-0.0162835249,-0.0162835249,-0.0009727626,-0.0009727626,-0.9859237048
0.5310344828,0.0029997185,0.0049547881,0.0000000000,0.0000000000,0.0000000000,0.0000000000,-1.0000000000
0.5076923077,0.0025382233,0.0045877668,0.0000000000,0.0000000000,0.0000000000,0.0000000000,-1.0000000000
0.5045871560,0.0070506028,0.0091610826,-0.0048685492,-0.0048685492,-0.0048685492,-0.0048685492,-1.0000000000
0.5428571429,0.0059658947,0.0084824839,0.0000000000,0.0000000000,0.0000000000,0.0000000000,-0.2753623188
0.6012658228,-0.0027581338,0.0000261583,0.0048923679,0.0078277886,0.0048923679,0.0078277886,219.4700000000
0.6134969325,-0.0023338056,0.0000242207,-0.0038948393,0.0000000000,-0.0038948393,0.0000000000,0.6340091622
0.6934306569,0.0019161781,0.0039211494,0.0029325513,-0.0038834951,0.0029325513,-0.0038834951,-0.9962248439
0.7251908397,-0.0003272983,0.0016781050,0.0019493177,0.0019493177,0.0019493177,0.0019493177,-0.1691176471
0.6603773585,-0.0002769447,0.0015538010,0.0000000000,0.0000000000,0.0000000000,0.0000000000,-1.0000000000
0.6603773585,-0.0002343378,0.0014387046,0.0000000000,0.0000000000,0.0000000000,0.0000000000,-1.0000000000
0.5813953488,0.0017506454,0.0032840484,-0.0019455253,-0.0019455253,-0.0019455253,-0.0019455253,-1.0000000000
0.5813953488,0.0063857292,0.0079528364,-0.0058479532,-0.0048732943,-0.0058479532,-0.0048732943,5.6702702703
0.5952380952,0.0103511602,0.0123212361,0.0029411765,0.0019588639,-0.0039215686,-0.0048971596,-0.4416531605
0.5434782609,0.0097525250,0.0124050136,-0.0068426197,-0.0068426197,-0.0019685039,-0.0009842520,5.3918722787
0.5769230769,0.0082521365,0.0114861237,-0.0009842520,-0.0009842520,0.0009861933,0.0000000000,-1.0000000000
0.5769230769,0.0000854361,0.0037131401,0.0059113300,0.0068965517,0.0059113300,0.0068965517,-1.0000000000
0.6250000000,0.0000722921,0.0034380927,0.0009794319,0.0000000000,0.0009794319,0.0000000000,-1.0000000000
0.6250000000,0.0020220745,0.0051504455,-0.0039138943,0.0508806262,-0.0058708415,-0.0019569472,-1.0000000000
0.5869565217,-0.0022019474,0.0008440524,0.0058939096,-0.0446927374,0.0078740157,0.0039215686,-0.9589317261
0.5777777778,-0.0018631863,0.0007815300,0.0000000000,-0.0019493177,0.0000000000,0.0000000000,-1.0000000000
0.5909090909,-0.0015765422,0.0007236389,0.0000000000,0.0000000000,0.0000000000,0.0000000000,-1.0000000000
0.6470588235,-0.0100348627,-0.0080482896,0.0087890625,0.0087890625,0.0087890625,0.0087890625,-1.0000000000
0.6896551724,-0.0084910377,-0.0074521200,0.0000000000,0.0000000000,0.0000000000,0.0000000000,-1.0000000000
0.6896551724,-0.0071847242,-0.0069001111,0.0029041626,0.0038722168,0.0000000000,0.0000000000,-1.0000000000
0.6722689076,-0.0118190584,-0.0121268802,-0.0009652510,0.0019286403,0.0000000000,0.0058083253,-0.7804878049
0.7090909091,-0.0003797576,-0.0016195412,-0.0028985507,-0.0067372474,-0.0038722168,-0.0096246391,5.4294871795
0.6000000000,-0.0012918952,-0.0024689930,-0.0019379845,-0.0019379845,0.0009718173,0.0009718173,-0.9611166500
0.4736842105,-0.0010931421,-0.0022861047,0.0000000000,0.0000000000,0.0000000000,0.0000000000,10.9487179487
0.4736842105,-0.0018940013,-0.0030846426,-0.0019417476,0.0009708738,-0.0019417476,0.0009708738,3.3004291845
0.4117647059,0.0052223656,0.0039602625,0.0019455253,-0.0009699321,-0.0038910506,-0.0067895247,3.6180971391
0.3987341772,-0.0043320630,-0.0050775261,0.0009708738,0.0029126214,0.0068359375,0.0087890625,-0.6138884887
0.3703703704,-0.0055908756,-0.0066246953,0.0000000000,0.0019361084,0.0000000000,0.0019361084,-0.3661380597
0.3544303797,-0.0085623839,-0.0099602179,0.0058195926,0.0038647343,0.0058195926,0.0038647343,-0.8706401766
0.3497267760,-0.0053304269,-0.0073115704,0.0000000000,-0.0019249278,0.0000000000,-0.0019249278,-0.0671217292
0.4192139738,-0.0045103613,-0.0067699726,0.0000000000,0.0000000000,0.0000000000,0.0000000000,-0.7317073171
0.3770491803,-0.0038164595,-0.0062684931,0.0000000000,0.0000000000,0.0000000000,0.0000000000,-1.0000000000
0.3770491803,-0.0041895919,-0.0067619598,0.0009643202,0.0009643202,0.0009643202,0.0009643202,-1.0000000000
0.3512195122,0.0003097187,-0.0024168227,-0.0038535645,-0.0038535645,-0.0038535645,-0.0038535645,67.4610778443
0.3428571429,0.0002620697,-0.0022377988,0.0000000000,0.0000000000,0.0000000000,0.0000000000,-1.0000000000
0.4090909091,0.0050819153,0.0027769824,0.0000000000,0.0000000000,-0.0048355899,-0.0048355899,-1.0000000000
0.4303797468,0.0043000822,0.0025712800,-0.0048355899,-0.0048355899,0.0000000000,0.0000000000,-1.0000000000
0.4303797468,0.0046148331,0.0033558934,-0.0009718173,-0.0009718173,-0.0009718173,-0.0009718173,-1.0000000000
0.5128205128,0.0009837001,0.0001884708,0.0029182879,0.0029182879,0.0029182879,0.0029182879,0.4188034188
0.5588235294,-0.0001374371,-0.0007946514,0.0009699321,0.0009699321,0.0009699321,0.0009699321,26.3313253012
0.4230769231,0.0047516900,0.0041291786,-0.0019379845,-0.0009689922,-0.0048449612,-0.0048449612,2.1009477628
0.3982300885,-0.0037398854,-0.0039357072,-0.0009708738,0.0038797284,0.0019474197,0.0077896787,-0.5443883716
0.4887218045,-0.0050870555,-0.0055657854,0.0029154519,0.0038647343,0.0019436346,0.0019323671,-0.7731669267
0.4444444444,-0.0062210737,-0.0070685127,0.0067829457,0.0000000000,0.0077594568,0.0019286403,-0.2379642366
0.4303797468,-0.0100280468,-0.0113028458,0.0009624639,0.0067372474,0.0009624639,0.0048123195,4.0397111913
0.4559585492,-0.0084852703,-0.0104655979,0.0038461538,-0.0019120459,0.0038461538,0.0000000000,-1.0000000000
0.4827586207,-0.0156654865,-0.0181545533,-0.0009578544,0.0086206897,-0.0009578544,0.0086206897,-1.0000000000
0.5389221557,-0.0076007149,-0.0111754437,0.0086289549,-0.0009496676,0.0038350911,-0.0056980057,-0.6384248210
0.5020920502,-0.0016637704,-0.0055988213,-0.0076045627,-0.0076045627,-0.0057306590,-0.0047755492,12.4136413641
0.5020920502,-0.0061766318,-0.0099348861,-0.0028735632,0.0114942529,0.0000000000,0.0047984645,-0.1247437054
0.5072463768,-0.0080685911,-0.0120298287,0.0124879923,0.0018939394,0.0086455331,0.0028653295,0.3385494753
0.4418604651,-0.0068272694,-0.0111387302,-0.0066413662,-0.0075614367,-0.0028571429,0.0000000000,-0.9423871194
0.4506437768,0.0174797600,0.0128369190,-0.0047755492,-0.0066666667,-0.0200573066,-0.0228571429,10.8286755772
0.3269230769,0.0177664915,0.0148534439,-0.0153550864,-0.0162991371,-0.0058479532,-0.0029239766,1.2289676425
0.3383084577,0.0200186134,0.0187323302,-0.0087719298,-0.0077972710,-0.0029411765,-0.0048875855,-0.9398589797
0.3350515464,0.0260096388,0.0264191830,0.0000000000,-0.0009823183,-0.0078662734,-0.0088408644,1.7379310345
0.3564356436,0.0281218637,0.0305905946,-0.0108161259,-0.0068829892,-0.0059464817,-0.0059464817,0.0114749510
0.3989637306,0.0207423553,0.0252580502,-0.0029821074,-0.0039603960,0.0000000000,0.0029910269,-0.1292197012
0.3763440860,0.0236565311,0.0295274060,-0.0029910269,-0.0059642147,-0.0029910269,-0.0059642147,-0.9615506832
0.3846153846,0.0210381028,0.0283685593,0.0000000000,0.0030000000,-0.0030000000,-0.0010000000,21.8429752066
0.3367346939,0.0270542123,0.0355968862,-0.0030000000,-0.0059820538,-0.0120361083,-0.0090090090,-0.3469609262
0.3267326733,0.0218598441,0.0319177387,-0.0070210632,-0.0060180542,0.0000000000,0.0010101010,7.5977839335
0.2758620690,0.0257421952,0.0368775209,-0.0030303030,-0.0030272452,-0.0050761421,-0.0070635721,-0.2032347445
0.2307692308,0.0259523957,0.0383668562,-0.0040526849,-0.0050607287,-0.0061224490,-0.0040650407,-0.5937727457
0.2127659574,0.0250977738,0.0387045747,-0.0101729400,-0.0061037640,-0.0020533881,-0.0030612245,-0.5002986263
0.2222222222,0.0057944925,0.0201747027,0.0102774923,0.0174002047,0.0113168724,0.0153531218,1.3143426295
0.5444126074,-0.0021383305,0.0115423804,0.0101729400,0.0050301811,0.0061037640,0.0070564516,-0.3296608711
0.5391705069,-0.0242735296,-0.0120580216,0.0100704935,0.0230230230,0.0111223458,0.0230230230,16.0403184386
0.6353322528,-0.0069355173,0.0025689869,0.0159521436,0.0000000000,0.0080000000,-0.0136986301,-0.2840931354
0.6105919003,-0.0136963216,-0.0055140540,-0.0009813543,-0.0039138943,0.0049603175,0.0079365079,-0.9520882452
0.6018099548,-0.0076824332,-0.0011732167,-0.0117878193,-0.0058939096,-0.0069101678,-0.0039370079,0.1177504394
0.6428571429,-0.0045331947,0.0008917352,0.0089463221,0.0029644269,0.0029821074,-0.0019762846,-0.0141509434
0.6625766871,-0.0136020960,-0.0089863358,-0.0039408867,0.0078817734,0.0019821606,0.0099009901,-0.8596491228
0.6345609065,-0.0323797074,-0.0292582485,0.0158259149,0.0185728250,0.0158259149,0.0215686275,22.3096590909
0.6843501326,-0.0208202309,-0.0205109097,0.0019474197,-0.0067178503,0.0019474197,-0.0067178503,-0.9567336990
0.7074910820,-0.0307280435,-0.0320841644,0.0087463557,0.0144927536,0.0068027211,0.0135265700,5.7521126761
0.7139423077,-0.0522028610,-0.0558100465,0.0173410405,0.0409523810,0.0193050193,0.0276453765,17.3391739675
0.7272727273,-0.0397176518,-0.0472569380,0.0142045455,-0.0045745654,0.0142045455,-0.0046382189,-0.6352737778
0.7142857143,-0.0363016474,-0.0464225307,0.0046685341,-0.0110294118,0.0046685341,0.0027958993,-0.8015343354
0.6937799043,-0.0316167630,-0.0438724192,-0.0083643123,0.0009293680,-0.0111524164,0.0009293680,3.5383406662
0.6823821340,-0.0240340776,-0.0379427852,0.0103092784,0.0009285051,0.0093984962,-0.0027855153,-0.9128176719
0.6805736636,-0.0239716421,-0.0387124230,-0.0027829314,0.0009276438,0.0009310987,0.0037243948,-0.3224781573
0.7303370787,-0.0275007602,-0.0429472682,0.0102325581,0.0083410565,0.0093023256,0.0074211503,1.7315357562
0.7303370787,-0.0259605906,-0.0424112619,-0.0009208103,0.0036764706,0.0000000000,0.0027624309,0.4030042918
0.7107750473,-0.0156392660,-0.0330542413,-0.0055299539,-0.0073260073,-0.0055299539,-0.0064279155,-0.6625879474
0.6550522648,-0.0204755500,-0.0377205989,0.0092678406,0.0064575646,0.0092678406,0.0073937153,0.4632819583
0.6501766784,-0.0118863074,-0.0295847451,-0.0018365473,0.0036663611,-0.0211202938,-0.0055045872,72.7044609665
0.6097560976,-0.0100576448,-0.0273932825,-0.0073597056,-0.0100456621,0.0121951220,0.0000000000,-0.9219731168
0.6250000000,-0.0157739755,-0.0325043399,0.0046339203,0.0119926199,0.0046339203,0.0073800738,-0.4994613230
0.6037735849,-0.0133472100,-0.0300966110,0.0073800738,-0.0045578851,0.0073800738,0.0000000000,-1.0000000000
0.4878048780,-0.0049150434,-0.0215954081,-0.0064102564,-0.0036630037,-0.0064102564,-0.0064102564,-1.0000000000
0.4651162791,-0.0059911572,-0.0217988839,-0.0064516129,-0.0009191176,-0.0064516129,0.0018433180,-0.9556962025
0.4579124579,0.0126306348,-0.0027529710,-0.0092764378,-0.0174793008,-0.0092764378,-0.0174793008,1.7952380952
0.3956834532,0.0013118808,-0.0118018390,0.0074906367,0.0093632959,0.0074906367,0.0093632959,8.3151618399
0.3865168539,0.0039038485,-0.0081674267,0.0018587361,0.0018552876,-0.0009293680,-0.0027829314,2.3972201902
0.4362416107,-0.0004161255,-0.0112415334,0.0037105751,0.0027777778,0.0037209302,0.0037209302,-0.8484603790
0.4098360656,-0.0113473167,-0.0212934231,0.0027726433,0.0073868883,0.0055607044,0.0111214087,-0.2539964476
0.4661016949,-0.0022856132,-0.0124748851,-0.0027649770,-0.0073327223,-0.0036866359,-0.0073327223,10.3280952381
0.4602510460,0.0026952683,-0.0069661758,-0.0009242144,-0.0018467221,-0.0046253469,-0.0046168052,-0.8342090882
0.4736842105,-0.0051026709,-0.0137691303,-0.0009250694,0.0046253469,0.0037174721,0.0074211503,-0.7773833671
0.4661016949,-0.0024805923,-0.0109276988,0.0055555556,0.0009208103,-0.0009259259,-0.0018416206,0.2277904328
0.5000000000,-0.0085016275,-0.0164694516,0.0046040516,0.0036798528,0.0111214087,0.0064575646,0.0677179963
0.4942528736,-0.0071936848,-0.0152494922,0.0000000000,0.0000000000,0.0000000000,0.0000000000,-1.0000000000
0.4942528736,-0.0060869641,-0.0141199002,0.0000000000,0.0000000000,0.0000000000,0.0000000000,-1.0000000000
0.4919908467,-0.0051505081,-0.0130739817,0.0000000000,0.0000000000,0.0000000000,0.0000000000,-1.0000000000
0.5256410256,-0.0098037478,-0.0175087900,0.0054995417,0.0054995417,0.0054995417,0.0054995417,-1.0000000000
0.6351351351,0.0045243395,-0.0034943595,-0.0072926162,-0.0063810392,-0.0127620784,-0.0127620784,43.6795698925
0.5362318841,0.0056855089,-0.0013913654,0.0009182736,0.0000000000,-0.0018467221,-0.0018467221,0.2693973816
0.5441176471,0.0076071347,0.0014910448,-0.0073394495,0.0018348624,-0.0120259019,-0.0027752081,2.6554430668
0.5928143713,0.0064368063,0.0013805970,-0.0036968577,-0.0128205128,0.0093632959,0.0000000000,-1.0000000000
0.5526315789,0.0054465284,0.0012783306,0.0000000000,0.0000000000,0.0000000000,0.0000000000,-1.0000000000
0.5737704918,-0.0018727449,-0.0052756099,0.0064935065,0.0064935065,0.0064935065,0.0064935065,-1.0000000000
0.5714285714,-0.0015846303,-0.0048848240,0.0000000000,0.0000000000,0.0000000000,0.0000000000,-1.0000000000
0.5594405594,-0.0013408410,-0.0045229851,0.0000000000,0.0000000000,0.0000000000,0.0000000000,-1.0000000000
0.5128205128,-0.0011345578,-0.0041879492,0.0000000000,0.0000000000,0.0000000000,0.0000000000,-1.0000000000
0.5064935065,0.0102128506,0.0072624997,-0.0119815668,-0.0110599078,-0.0119815668,-0.0110599078,-1.0000000000
0.4561403509,0.0171733860,0.0152400638,-0.0065298507,-0.0037278658,-0.0074626866,-0.0083876980,4.3290488432
0.4482758621,0.0183597468,0.0179380048,-0.0046948357,-0.0046772685,-0.0056390977,-0.0037593985,0.0747708635
0.4698795181,0.0155351703,0.0166092637,0.0000000000,-0.0037593985,0.0018903592,0.0000000000,-1.0000000000
0.4883720930,0.0131451441,0.0153789479,0.0000000000,0.0000000000,-0.0028301887,0.0000000000,-1.0000000000
0.5384615385,0.0178444284,0.0209821012,-0.0018867925,-0.0018867925,-0.0037842952,-0.0066037736,-0.7776821671
0.5000000000,0.0150991317,0.0194278715,-0.0047258979,-0.0047258979,0.0000000000,0.0000000000,-1.0000000000
0.4666666667,0.0127761884,0.0179887699,0.0000000000,0.0000000000,0.0000000000,0.0000000000,-1.0000000000
0.4666666667,0.0003605111,0.0061457243,0.0066476733,0.0104463438,0.0066476733,0.0104463438,-1.0000000000
0.5294117647,0.0078831164,0.0133093528,-0.0018867925,-0.0056390977,-0.0056603774,-0.0075187970,0.1109200344
0.5789473684,0.0009829263,0.0066041331,-0.0047258979,0.0160680529,-0.0056925996,0.0056818182,27.2685758514
0.5151515152,0.0036669242,0.0089651220,0.0066476733,-0.0139534884,0.0028625954,-0.0028248588,-0.4546450182
0.5425531915,0.0021564586,0.0073498115,-0.0066037736,0.0000000000,-0.0019029496,0.0009442871,0.7432473140
0.4556962025,-0.0047477249,0.0002002848,0.0056980057,0.0066037736,0.0057197331,0.0066037736,-0.3909337020
0.5020080321,-0.0077371290,-0.0035500710,0.0122757318,0.0046860356,0.0085308057,0.0037488285,-0.1962360507
0.5132743363,-0.0056183406,-0.0023555954,-0.0027985075,0.0000000000,-0.0009398496,-0.0009337068,-0.0935404165
0.5497630332,-0.0028902239,-0.0003125321,0.0018709074,0.0000000000,0.0037629351,-0.0018691589,-0.6623182762
0.5800000000,-0.0070940103,-0.0049478654,-0.0009337068,0.0037313433,0.0028116214,0.0046816479,0.3461464540
0.5743243243,-0.0069281338,-0.0055081898,0.0037383178,0.0000000000,0.0037383178,0.0009319664,-0.7150199886
0.5882352941,-0.0058622671,-0.0051001758,0.0027932961,0.0009293680,0.0000000000,0.0000000000,0.4659318637
0.5882352941,-0.0132294071,-0.0129933901,0.0000000000,0.0055710306,-0.0009310987,0.0083798883,0.3680792891
0.6111111111,-0.0202408281,-0.0210699751,0.0064995357,0.0092336103,0.0093196645,0.0092336103,0.4336747439
0.6056338028,-0.0153250706,-0.0177118196,0.0110701107,0.0036596523,0.0036934441,-0.0018298262,0.1721554278
0.7288135593,-0.0075091225,-0.0109605694,-0.0063868613,-0.0072926162,-0.0018399264,-0.0054995417,0.9451464249
0.6537102473,-0.0145282926,-0.0182918764,0.0027548209,0.0064279155,0.0046082949,0.0082949309,1.2420328621
0.6764705882,-0.0131951860,-0.0178346971,0.0045787546,0.0009124088,0.0045871560,0.0009140768,-0.8557453046
0.6764705882,-0.0084485781,-0.0138117227,-0.0018231541,-0.0018231541,-0.0036529680,-0.0027397260,2.1987240076
0.6655290102,-0.0016634311,-0.0073344257,-0.0054794521,-0.0054794521,-0.0082493126,-0.0054945055,0.6305680727
0.6363636364,0.0022841356,-0.0031193831,-0.0064279155,-0.0064279155,0.0000000000,-0.0036832413,-0.9540162189
0.6034482759,0.0028595874,-0.0019659202,-0.0009242144,-0.0009242144,-0.0009242144,-0.0009242144,9.2482758621
0.6140350877,-0.0058572086,-0.0100621472,0.0009250694,0.0083256244,0.0009250694,0.0083256244,0.6759277062
0.6393442623,0.0024009718,-0.0019919734,0.0101663586,0.0027522936,0.0000000000,-0.0073394495,-0.7021166753
0.6394230769,0.0076191283,0.0037215035,-0.0128087832,-0.0128087832,-0.0055452865,-0.0055452865,-0.5751973811
0.6280991736,0.0017917884,-0.0011954486,0.0018535681,0.0018535681,0.0046468401,0.0046468401,-0.9542157752
0.6017699115,0.0043032793,0.0016729541,0.0027752081,0.0027752081,-0.0027752081,-0.0027752081,18.7425742574
0.5806451613,0.0073791925,0.0052791956,-0.0018450185,-0.0018450185,-0.0037105751,-0.0037105751,-0.6479438315
0.5684210526,0.0071817177,0.0058246661,-0.0083179298,-0.0083179298,-0.0009310987,-0.0009310987,0.4173789174
0.6000000000,0.0193771928,0.0186845266,-0.0121155638,-0.0121155638,-0.0130475303,-0.0130475303,-0.8090452261
0.5000000000,0.0290281600,0.0299438015,0.0000000000,0.0018867925,-0.0122757318,-0.0122757318,118.8157894737
0.5500000000,0.0455533215,0.0487815866,-0.0132075472,-0.0150659134,-0.0210325048,-0.0200764818,2.1664397101
0.4873417722,0.0315007230,0.0380788170,-0.0239005736,-0.0133843212,-0.0048828125,0.0068292683,-0.8935963598
0.4827586207,0.0187571159,0.0272946395,0.0088148874,0.0077519380,0.0107948970,0.0077519380,-0.5715775750
0.4788990826,0.0139215566,0.0233049203,0.0155339806,0.0067307692,0.0087378641,0.0019230769,1.4458307973
0.4147157191,0.0245622249,0.0344848711,-0.0009560229,-0.0019102197,-0.0096246391,-0.0124760077,0.8681099913
0.3735849057,0.0217764010,0.0329342596,-0.0210526316,-0.0114832536,-0.0058309038,-0.0009718173,0.7300519515
0.3944223108,0.0214069451,0.0335107668,0.0000000000,-0.0067763795,-0.0029325513,-0.0029182879,0.5270452358
0.4040816327,0.0063321197,0.0190975892,0.0000000000,0.0126705653,0.0029411765,0.0117073171,-0.6451279466
0.4719710669,0.0121904772,0.0245992448,0.0136852395,-0.0009624639,0.0029325513,-0.0067502411,1.0647911338
0.4586994728,0.0054342703,0.0178361265,-0.0077145612,-0.0009633911,-0.0009746589,0.0048543689,0.4772914946
0.4270015699,0.0026607200,0.0145544403,0.0106899903,0.0144648023,0.0078048780,0.0019323671,0.4961803615
0.3684210526,-0.0044686978,0.0066809942,0.0009615385,-0.0028517110,0.0067763795,0.0067502411,-0.3048412204
0.3885542169,-0.0037812058,0.0061861057,0.0028818444,-0.0047664442,0.0038461538,0.0000000000,-1.0000000000
0.4056603774,-0.0041533579,0.0047654566,0.0009578544,0.0009578544,0.0000000000,0.0009578544,-1.0000000000
0.4782608696,-0.0110850208,-0.0032184040,0.0095693780,0.0095693780,0.0076628352,0.0076555024,-0.9571524566
0.4838709677,-0.0403649986,-0.0341655418,0.0000000000,0.0454976303,0.0028517110,0.0322886990,69.1051660517
0.5966386555,0.0222721677,0.0249396445,0.0341232227,-0.0108794198,-0.0265402844,-0.0551977921,-0.1551833039
0.3697749196,0.0109705447,0.0151843039,-0.0513290559,-0.0513290559,0.0077896787,0.0077896787,-0.9864955375
0.3515981735,0.0261371960,0.0309937373,-0.0115942029,-0.0086956522,-0.0164251208,-0.0164251208,16.5720876586
0.3067729084,0.0302120579,0.0368460071,-0.0009775171,-0.0038986355,-0.0078585462,-0.0078585462,-0.4573022645
0.2950191571,-0.0068842862,0.0013977373,-0.0019569472,0.0215264188,0.0099009901,0.0326732673,0.7998306725
0.3475177305,0.0175901400,0.0248771853,0.0137254902,-0.0095785441,-0.0009803922,-0.0230105465,-0.0868893220
0.3101265823,0.0229146982,0.0311296588,-0.0222437137,-0.0222437137,-0.0088321884,-0.0078508342,-0.9350161908
0.3621495327,0.0064478936,0.0157625190,0.0019782394,0.0128585559,0.0019801980,0.0128585559,12.4077010193
0.3883495146,0.0044749773,0.0136050763,-0.0029615005,0.0009765625,-0.0019762846,0.0009765625,0.1553340654
0.3743315508,-0.0154247060,-0.0067825596,0.0257425743,0.0253658537,0.0227722772,0.0195121951,0.3856557976
0.3866317169,-0.0121063215,-0.0053283089,0.0086872587,0.0019029496,0.0106485963,-0.0009569378,-0.9596369968
0.4594240838,-0.0306702984,-0.0254696985,0.0076555024,0.0142450142,0.0086206897,0.0210727969,35.9647058824
0.4875930521,-0.0259517910,-0.0235830541,0.0123456790,-0.0018726592,0.0123456790,0.0000000000,-1.0000000000
0.4511627907,-0.0219592078,-0.0218361612,0.0000000000,0.0000000000,0.0000000000,0.0000000000,-1.0000000000
0.5822328932,0.0049882753,0.0033111432,-0.0084427767,-0.0046904315,-0.0243902439,-0.0234521576,-1.0000000000
0.5626975764,0.0032571047,0.0021032382,-0.0160832545,0.0216776626,-0.0076923077,0.0009606148,4.2814390492
0.5319148936,-0.0077191223,-0.0085192447,0.0096153846,-0.0285977860,0.0155038760,0.0105566219,-0.9980892430
0.4987654321,-0.0065315651,-0.0078881895,0.0028571429,0.0000000000,0.0047709924,0.0000000000,-1.0000000000
0.4387096774,0.0030463367,0.0012538460,-0.0075973409,-0.0075973409,-0.0085470085,-0.0085470085,-1.0000000000
0.5132075472,0.0083729162,0.0069480261,-0.0066985646,-0.0066985646,-0.0057471264,-0.0057471264,-0.7138728324
0.5250965251,0.0090289543,0.0083762791,-0.0019267823,-0.0019267823,-0.0019267823,-0.0019267823,6.9898989899
0.5612244898,0.0095888978,0.0097050515,-0.0019305019,-0.0019305019,-0.0019305019,-0.0019305019,-0.6321112516
0.6428571429,0.0090895914,0.0099629121,-0.0019342360,-0.0009671180,-0.0029013540,-0.0009671180,36.5670103093
0.6329787234,0.0185371840,0.0200874177,0.0009689922,0.0000000000,-0.0087293889,-0.0106485963,-0.2907061837
0.5862068966,0.0137015492,0.0166100088,-0.0096805421,-0.0067763795,0.0009784736,0.0019569472,-0.6891926747
0.3684210526,0.0066781977,0.0104458203,0.0048875855,0.0058479532,0.0039100684,0.0048828125,5.0390041494
0.3725490196,0.0076092068,0.0116383110,-0.0019455253,-0.0038759690,-0.0009737098,-0.0019436346,-0.4115707022
0.3958333333,0.0074194938,0.0117613759,0.0019493177,0.0038910506,-0.0029239766,-0.0009737098,3.7847968239
0.5277777778,0.0033442780,0.0079429613,0.0000000000,0.0116279070,0.0048875855,0.0029239766,-0.6368938673
0.5526315789,0.0077264035,0.0122733174,-0.0038910506,-0.0181992337,-0.0077821012,-0.0048590865,0.8870219773
0.4347826087,0.0016468722,0.0064498767,-0.0039062500,0.0039024390,0.0000000000,0.0048828125,0.2509883535
0.4639175258,0.0102293323,0.0148483325,0.0058823529,-0.0009718173,-0.0019607843,-0.0087463557,0.2508825874
0.4639175258,0.0056976546,0.0107755867,-0.0058479532,-0.0019455253,0.0019646365,0.0029411765,-0.4435997815
0.4660194175,0.0127408645,0.0179378080,-0.0019607843,-0.0048732943,-0.0068627451,-0.0078201369,0.4088603453
0.4247787611,0.0167913206,0.0226543288,-0.0068762279,-0.0088148874,-0.0118460020,-0.0059113300,0.5970500276
0.4011142061,0.0122016942,0.0189564950,-0.0029673591,0.0009881423,0.0039960040,0.0019821606,-0.6794051342
0.3571428571,-0.0015268034,0.0056162127,0.0039682540,0.0098716683,0.0069651741,0.0118694362,-0.0734943858
0.4694376528,-0.0042121097,0.0022610151,0.0108695652,0.0097751711,0.0088932806,0.0029325513,-0.4759456482
0.4771084337,-0.0016179289,0.0040507464,0.0029325513,-0.0038722168,-0.0009794319,-0.0019493177,0.8874094838
0.4974619289,-0.0100695771,-0.0049944746,-0.0029239766,0.0038872692,0.0029411765,0.0087890625,-0.0465346535
0.5056947608,0.0011714712,0.0051054521,0.0068426197,-0.0009680542,0.0000000000,-0.0096805421,-0.6911344756
0.4422310757,0.0009912448,0.0047272705,-0.0067961165,-0.0077519380,-0.0019550342,0.0000000000,-0.0168102543
0.4594594595,0.0008387456,0.0043771023,0.0000000000,0.0039062500,0.0009794319,0.0000000000,0.2282539004
0.4473684211,0.0016888758,0.0050353117,0.0019550342,-0.0029182879,-0.0019569472,-0.0009775171,-0.6398120759
0.4915254237,0.0063524954,0.0096016684,-0.0019512195,-0.0019512195,-0.0029411765,-0.0048923679,-0.1816425121
0.5209580838,-0.0073140130,-0.0038431348,0.0009775171,0.0068426197,0.0029498525,0.0127826942,2.7125147580
0.5939086294,-0.0023142725,0.0003263042,0.0048828125,-0.0009708738,0.0039215686,-0.0038834951,-0.0984258229
0.6256684492,-0.0067983944,-0.0045489923,-0.0009718173,0.0058309038,0.0039062500,0.0048732943,0.3021164021
0.6250000000,-0.0124574322,-0.0109273630,0.0019455253,0.0028985507,0.0019455253,0.0067895247,-0.1721522416
0.6498673740,-0.0410284394,-0.0406184967,0.0067961165,0.0327552987,0.0067961165,0.0317919075,16.7146596859
0.7261410788,-0.0265360020,-0.0294538694,0.0347155256,0.0009328358,0.0241080039,-0.0084033613,-0.6406273090
0.7217235189,-0.0233731511,-0.0281871793,-0.0055917987,-0.0009319664,-0.0028248588,0.0009416196,-0.0945515292
0.6614785992,-0.0243663394,-0.0306587005,-0.0018744142,0.0046641791,0.0037771483,0.0047036689,-0.1630382334
0.6477732794,-0.0160109816,-0.0238175431,0.0009389671,-0.0074280409,-0.0009407338,-0.0046816479,-0.3867467019
0.6896551724,-0.0126188909,-0.0211324269,-0.0028142589,-0.0056127222,-0.0047080979,-0.0009407338,-0.3078582094
0.7191011236,-0.0022217754,-0.0111872932,0.0000000000,0.0037629351,-0.0056764428,-0.0084745763,11.1621923937
0.6871165644,-0.0084713226,-0.0168939725,-0.0084666040,-0.0037488285,0.0028544244,0.0066476733,-0.6711119286
0.6484018265,-0.0173651958,-0.0257526808,0.0056925996,0.0075258702,0.0047438330,0.0103773585,-0.7661593161
0.6466876972,-0.0119259127,-0.0211030666,0.0122641509,0.0018674136,0.0084985836,-0.0028011204,-0.3144272657
0.6561014263,-0.0100911569,-0.0195398765,0.0000000000,0.0000000000,0.0000000000,0.0000000000,1.2199102916
0.6460674157,-0.0113158738,-0.0208429195,-0.0046598322,-0.0009319664,0.0000000000,0.0028089888,-0.6452264691
0.6393129771,-0.0141773169,-0.0238561603,0.0084269663,0.0065298507,0.0065543071,0.0046685341,2.2282866635
0.6322957198,-0.0219943899,-0.0319851004,-0.0009285051,0.0185356812,-0.0046511628,0.0102230483,5.8331373126
0.5321782178,0.0082894489,-0.0030174019,0.0083643123,-0.0127388535,-0.0112149533,-0.0266789328,-0.6092715707
0.3952205882,-0.0014798784,-0.0112051887,-0.0258064516,-0.0119815668,-0.0018903592,0.0085066163,-0.4085569546
0.4366438356,-0.0049823553,-0.0140712525,0.0094607379,0.0009328358,0.0085227273,0.0037488285,-0.8854855228
0.4317789292,-0.0069973591,-0.0157858399,0.0074976570,0.0027958993,0.0065727700,0.0028011204,2.3967479675
0.3868613139,-0.0012712672,-0.0100076153,-0.0046511628,-0.0037174721,-0.0027985075,-0.0046554935,-0.1677038455
0.3655172414,0.0026761408,-0.0055452450,0.0000000000,-0.0018656716,-0.0046772685,-0.0037418148,0.0601993865
0.3925925926,0.0003857681,-0.0069992762,-0.0065420561,-0.0028037383,-0.0056390977,0.0018779343,-0.4013562387
0.3692307692,-0.0015450990,-0.0083395937,0.0065851364,0.0028116214,0.0056710775,0.0018744142,1.5464431355
0.3223140496,-0.0205482582,-0.0268391316,0.0000000000,0.0214953271,0.0056390977,0.0196445276,2.2956702254
0.3448275862,-0.0209797227,-0.0284164918,0.0186915888,0.0082342177,0.0186915888,0.0036697248,-0.3357149285
0.3356643357,-0.0195444962,-0.0280883702,0.0000000000,-0.0027223230,-0.0018348624,0.0018281536,-0.7945869795
0.3321616872,-0.1846635894,-0.1925147460,0.0055045872,0.3457688808,0.0073529412,0.2062043796,604.1068319705
0.6915584416,-0.0901855889,-0.1139088984,0.2144160584,-0.0392156863,0.1067518248,-0.0726172466,-0.7620891384
0.4751958225,-0.0770636858,-0.1062002395,-0.0796393689,-0.1020408163,0.0008244023,0.0008156607,-0.6771526941
0.4391025641,-0.0279744829,-0.0624197222,0.0008163265,-0.0321316614,-0.0345963756,-0.0383048085,0.0367600946
0.4365733114,-0.0302453243,-0.0641408469,-0.0342577488,0.0380566802,-0.0025597270,0.0067796610,-0.2277506042
0.4402618658,-0.0131317396,-0.0473614080,0.0000000000,0.0015600624,-0.0068434559,-0.0126262626,-0.5167807357
0.4988747187,-0.0186410801,-0.0511334614,0.0059121622,-0.0700934579,0.0051679587,0.0076726343,-0.1954597132
0.4300234558,-0.0048280136,-0.0367516962,-0.0117548279,-0.0134003350,-0.0034275921,-0.0109983080,-0.3485372013
0.4168245548,-0.0023784475,-0.0323738716,-0.0042480884,0.0050933786,-0.0034393809,-0.0017108640,-0.3954546091
0.4965441979,-0.0229434777,-0.0503202742,-0.0008532423,0.0076013514,0.0103537532,0.0214224507,0.9332391954
0.5167597765,-0.0086014797,-0.0360802994,0.0179333903,0.0058675608,0.0059777968,-0.0109060403,-0.6680197332
0.5589430894,-0.0089593298,-0.0350445895,-0.0125838926,-0.0150000000,-0.0016977929,0.0016963528,0.8153291253
0.5571428571,-0.0058974785,-0.0308073855,0.0000000000,0.0169204738,0.0008503401,-0.0016934801,1.2325253328
0.6271074380,-0.0007524832,-0.0243879011,-0.0025488530,-0.0207986689,-0.0135938828,-0.0042408821,0.1897777738
0.2716981132,0.0088155587,-0.0133366739,-0.0017035775,-0.0033984707,0.0017226529,-0.0093696763,-0.8395431119
0.4000000000,-0.0137414244,-0.0331326784,-0.0008532423,0.0196078431,0.0060189166,0.0214961307,5.3063260454
0.5054945055,-0.0223258140,-0.0411706464,0.0128095645,0.0083612040,0.0085470085,0.0109427609,0.0811889678
0.6106382979,-0.0180734826,-0.0373194030,0.0109612142,-0.0049751244,0.0016949153,-0.0008326395,-0.3697661698
0.6563192905,0.0142905269,-0.0055502174,0.0016680567,0.0025000000,-0.0219966159,-0.0291666667,-0.2356093645
0.5908183633,0.0034784355,-0.0136059916,-0.0274771024,-0.0232751455,-0.0051903114,0.0085836910,0.7361765541
0.5940594059,0.0080909902,-0.0075302095,0.0017123288,-0.0042553191,0.0130434783,-0.0051063830,-0.6549443722
0.6153846154,-0.0075858060,-0.0212063698,0.0094017094,0.0136752137,-0.0085836910,0.0145423439,8.1505768639
0.5951940850,-0.0064187589,-0.0196355276,0.0042337003,0.0092748735,0.0199134199,0.0000000000,0.7486401471
0.5623501199,-0.0386646059,-0.0509883604,0.0075885329,0.0501253133,0.0135823430,0.0345699831,-0.4714733477
0.6428571429,-0.0255687878,-0.0401711353,0.0309623431,-0.0198886237,0.0142378559,-0.0073349633,-0.1877174504
0.6826126955,-0.0069596550,-0.0227534281,0.0056818182,0.0186688312,-0.0090834021,-0.0147783251,0.2384719641
0.6358183376,-0.0008934059,-0.0161487326,-0.0306698951,-0.0366533865,-0.0050000000,-0.0050000000,-0.5585437574
0.6331058020,-0.0378246894,-0.0514946138,-0.0008326395,0.0264681555,0.0050251256,0.0385259631,-0.3630640746
0.6696035242,-0.0320055064,-0.0476801979,0.0325000000,0.0056406124,0.0208333333,0.0000000000,-0.1689906512
0.6701846966,-0.0478146505,-0.0645177040,0.0088781275,0.0176282051,0.0204081633,0.0217741935,-0.6354156736
0.6928746929,-0.0612053925,-0.0800685907,0.0184000000,0.0322834646,0.0184000000,0.0220994475,4.5249240022
0.6555469356,-0.0369152831,-0.0596142520,0.0164964650,-0.0061022121,-0.0062843676,-0.0154440154,0.6498130443
0.7047539616,-0.0304755974,-0.0544567789,-0.0146831530,-0.0199539524,0.0031620553,-0.0007843137,-0.9021186410
0.7607655502,-0.0242552626,-0.0489298978,-0.0007843137,-0.0007830854,-0.0015760441,-0.0015698587,-0.5902179886
0.7730956240,-0.0319394916,-0.0564324369,0.0047095761,0.0125391850,0.0102604578,0.0117924528,-0.8138578453
0.7708674304,-0.0404460585,-0.0653246390,0.0078125000,0.0123839009,0.0078125000,0.0139860140,10.1906820365
0.7575757576,-0.0342235880,-0.0604857769,0.0108527132,0.0038226300,0.0077519380,0.0000000000,-0.8478475471
0.7416974170,-0.0378061799,-0.0646066670,-0.0023006135,0.0091393755,0.0000000000,0.0091954023,13.5912552891
0.7213438735,-0.0535490907,-0.0807603869,0.0107609531,0.0166037736,0.0115384615,0.0227790433,-0.5940146155
0.7761852260,-0.0301912564,-0.0601253010,0.0106463878,0.0074239050,0.0007604563,-0.0155902004,0.2865714286
0.6956521739,-0.0006764034,-0.0315703855,-0.0142964635,-0.0346352248,-0.0250759878,-0.0248868778,5.4122066770
0.5845323741,-0.0142944603,-0.0425604631,-0.0030534351,0.0076335878,0.0077942323,0.0139211137,-0.7230223094
0.5785770133,0.0071096775,-0.0207338050,0.0022970904,-0.0083333333,-0.0054137664,-0.0190694127,-0.7933520892
0.5426008969,-0.0071094222,-0.0319943103,-0.0160427807,-0.0045836516,0.0007776050,0.0132192846,2.3929003630
0.5188679245,0.0094790247,-0.0144976952,0.0186335404,0.0092095165,-0.0031080031,-0.0153491942,-0.7373677327
0.5188679245,0.0111732408,-0.0103383307,-0.0205792683,-0.0212927757,-0.0046765394,-0.0031176929,6.2016749660
0.5116279070,0.0070920632,-0.0118902214,-0.0038910506,-0.0038850039,-0.0109631950,0.0023455825,3.5461231417
0.4393468118,0.0083606348,-0.0086897054,-0.0015625000,0.0046801872,0.0110847189,-0.0023400936,-0.9044343353
0.4803921569,-0.0045995856,-0.0195447172,0.0023474178,0.0069875776,0.0031323414,0.0117279124,-0.4485639876
0.4726368159,0.0054319872,-0.0089059803,0.0085870414,0.0007710100,0.0007806401,-0.0092735703,1.9648409315
0.4843408594,-0.0047198975,-0.0174433759,-0.0061919505,0.0000000000,0.0007800312,0.0093603744,-0.5377773845
0.4843408594,-0.0360268697,-0.0477933796,0.0280373832,0.0369799692,0.0280592362,0.0332302937,-0.1708788053
0.5163934426,-0.0376818670,-0.0513485032,0.0189393939,0.0029717682,0.0068233510,0.0074794316,-0.2869760998
0.5104542177,-0.0311654031,-0.0468372915,0.0066914498,0.0029629630,0.0000000000,-0.0007423905,0.1506760586
0.6087704213,-0.0109396202,-0.0282061456,-0.0051698671,-0.0036927622,-0.0022590361,-0.0156017831,-0.0957641430
0.5756578947,-0.0085083061,-0.0253812401,-0.0103934670,0.0007412898,-0.0015094340,-0.0007547170,0.6676523228
0.6529850746,-0.0197851758,-0.0358803283,-0.0075018755,-0.0059259259,-0.0052910053,0.0128398792,3.0492744156
0.6529850746,-0.0396577471,-0.0557548490,0.0098261527,0.0350223547,0.0136778116,0.0238627890,-0.5469347776
0.7292817680,-0.0314402557,-0.0495481263,0.0291916168,-0.0071994240,0.0194902549,-0.0021849964,-0.8835363838
0.7340129750,-0.0114503424,-0.0310249932,-0.0189090909,-0.0217548949,-0.0080882353,-0.0153284672,-0.8471281939
0.7082352941,-0.0133457352,-0.0323135263,0.0029651594,0.0037064492,0.0029651594,0.0037064492,0.5542857143
0.6606409203,-0.0156544898,-0.0341996968,-0.0014781966,0.0044313146,-0.0014781966,0.0044313146,6.9191176471
0.6448839209,-0.0146950846,-0.0330883148,0.0066617321,0.0058823529,0.0066617321,0.0014705882,0.2906220984
0.6280909990,-0.0917863064,-0.1085266992,0.0036764706,0.0899122807,0.0022058824,0.0873715125,27.9979316547
0.7567917206,-0.1066202504,-0.1287261351,0.0842490842,0.0429242119,0.0689655172,0.0324105334,0.0563206877
0.7606619987,-0.0769356333,-0.1063323384,0.0297297297,-0.0025723473,0.0315717227,-0.0143884892,-0.6776682383
0.7399030695,-0.0779481470,-0.1108462005,-0.0111548556,0.0238555770,0.0026613440,0.0139349701,2.6727175022
0.6967670011,-0.0310800802,-0.0691288843,-0.0106171201,-0.0528967254,-0.0524220305,-0.0359947644,-0.4285441492
0.6050338819,-0.0289355002,-0.0665430719,-0.0114017438,0.0013297872,0.0238095238,0.0027155465,-0.6610004730
0.5277922078,-0.0042589480,-0.0421588198,0.0027137042,-0.0086321381,-0.0205198358,-0.0203114421,1.5983025245
0.5306762203,0.0239953193,-0.0124183319,-0.0169147497,-0.0200937709,-0.0167597765,-0.0269523151,-0.2379575206
0.5082644628,0.0011063792,-0.0300974393,-0.0337233310,-0.0164046480,-0.0063920455,0.0191761364,-0.0643947476
0.4647435897,0.0065475821,-0.0224180652,0.0227920228,-0.0013898541,0.0200142959,-0.0055749129,-0.5422462702
0.4849498328,-0.0110916929,-0.0369544497,0.0000000000,0.0097425191,0.0063069376,0.0168185004,-0.8659913650
0.5046240450,-0.0148170248,-0.0395126714,0.0153203343,0.0089593384,0.0132311978,0.0055134390,1.4165821787
0.5066079295,-0.0272060682,-0.0508971588,0.0137174211,0.0136612022,0.0116838488,0.0150788211,1.2196065635
0.5256064690,0.0006269785,-0.0240629912,0.0000000000,-0.0040431267,-0.0176630435,-0.0236326806,-0.6579229234
0.4112149533,0.0053975902,-0.0175244417,-0.0196211096,-0.0196211096,-0.0062240664,-0.0048409405,2.5674729862
0.3868613139,-0.0037407382,-0.0243622990,0.0013802622,0.0013802622,0.0097425191,0.0083391244,-0.9974529747
0.3676012461,-0.0086310920,-0.0279172035,0.0075809786,0.0117160579,0.0055134390,0.0055134390,25.6689189189
0.3409090909,-0.0059405731,-0.0245120618,0.0000000000,-0.0034059946,-0.0013708019,-0.0013708019,-0.0372434761
0.4265402844,0.0039308776,-0.0138979135,-0.0068399453,-0.0034176350,-0.0089224434,-0.0089224434,101.1439473684
0.4679020516,0.0075124671,-0.0087496697,-0.0034435262,-0.0075445816,-0.0041551247,-0.0041551247,-0.9702174692
0.5171909290,-0.0108400965,-0.0250512804,0.0082930200,0.0110573601,0.0125173853,0.0173852573,0.7407439446
0.6033519553,-0.0118740325,-0.0258590366,0.0068540096,0.0047846890,0.0075549451,0.0027341080,-0.8366545744
0.5542600897,0.0043296488,-0.0097684587,-0.0027229408,-0.0034013605,-0.0143149284,-0.0143149284,10.9345908123
0.5124378109,0.0078454804,-0.0049158895,-0.0136518771,-0.0102389078,-0.0041493776,-0.0041493776,-0.6017487063
0.5059469350,0.0003860705,-0.0107346579,0.0062283737,0.0041379310,0.0062500000,0.0062500000,-0.2208922742
0.5090909091,0.0030957454,-0.0071988462,0.0027510316,0.0013736264,-0.0041407867,-0.0027605245,-0.1004765035
0.4967880086,-0.0008378316,-0.0100908893,-0.0075445816,-0.0054869684,0.0006930007,0.0034602076,-0.3266965020
0.5547169811,-0.0156439912,-0.0241494248,-0.0006910850,0.0193103448,-0.0013850416,0.0151724138,6.2995116658
0.5835240275,-0.0185710761,-0.0276451159,0.0221300138,0.0101488498,0.0214979196,0.0054347826,-0.8770906118
0.5717647059,-0.0223199339,-0.0321369448,-0.0027063599,-0.0020093771,0.0006788866,0.0067567568,-0.4871484729
0.5777262181,0.0026472662,-0.0084616469,0.0176390773,0.0154362416,-0.0278154681,-0.0214765101,20.4625589623
0.4645522388,0.0558279711,0.0452144340,-0.0253333333,-0.0337078652,-0.0446615492,-0.0507544582,1.3263691433
0.3322214810,0.0540937081,0.0486846981,-0.0444596443,-0.0369357045,-0.0036523009,-0.0065028902,-0.3270273143
0.3276315789,0.0442526861,0.0435605179,-0.0128847530,0.0049715909,0.0073313783,0.0014545455,-0.3583122763
0.2604920405,0.0321973898,0.0350720089,0.0072516316,-0.0176678445,0.0014556041,0.0050835149,-0.6040718104
0.2700000000,0.0111704268,0.0163187269,0.0000000000,0.0129496403,0.0050872093,0.0158959538,-0.5580343268
0.2982456140,0.0130545117,0.0187327372,0.0000000000,0.0063920455,-0.0014461316,-0.0035561878,7.2934833568
0.2999294284,0.0369514067,0.0434118030,0.0043196544,-0.0141143260,-0.0441708907,-0.0249821556,0.8192104767
0.2906309751,0.0396384807,0.0486405104,-0.0207885305,-0.0186113099,0.0196969697,-0.0080527086,-0.5871635654
0.2818294190,0.0396785766,0.0512441170,-0.0131771596,-0.0043763676,-0.0052005944,-0.0059040590,-0.4393526940
0.3225178456,0.0282307391,0.0420330882,-0.0066765579,-0.0014652015,-0.0097087379,0.0051967335,1.1031952027
0.2729805014,0.0338133785,0.0489910801,0.0097087379,-0.0073367572,0.0037707391,-0.0096011817,-0.8282160943
0.2911296437,0.0149873293,0.0315162554,-0.0029585799,0.0081300813,0.0127723516,0.0134228188,1.7465783118
0.3239334779,0.0141741163,0.0306985665,0.0037091988,0.0300586510,-0.0207715134,-0.0014716703,8.7565897765
0.3633414436,0.0240679765,0.0406951382,0.0029563932,-0.0341637011,0.0128787879,-0.0117907148,-0.9280347589
0.4750795334,0.0173306675,0.0345946443,-0.0051584377,0.0000000000,0.0000000000,0.0029828486,1.3533511031
0.4375000000,0.0109063946,0.0282097370,-0.0155555556,-0.0051584377,-0.0112191473,0.0037174721,-0.5535541273
0.4495412844,0.0144888000,0.0314684820,0.0173062453,0.0014814815,0.0105900151,-0.0051851852,-0.4567795574
0.4801714898,0.0122597539,0.0291374833,-0.0088757396,-0.0051775148,0.0007485030,0.0000000000,-0.8681071348
0.4121212121,0.0164283114,0.0331333334,-0.0059701493,-0.0059479554,-0.0186985789,-0.0059568131,16.7218430034
0.4047619048,0.0169479138,0.0337764700,0.0015015015,0.0127150337,0.0144817073,-0.0029962547,1.5920317766
0.4963503650,0.0181653560,0.0351631763,0.0014992504,-0.0118168390,-0.0037565740,-0.0037565740,-0.8040455825
0.5190839695,0.0047623354,0.0217705720,-0.0104790419,0.0014947683,-0.0188536953,0.0105580694,1.0870657377
0.5499181669,0.0146302833,0.0309288353,0.0166414523,0.0059701493,0.0192159877,-0.0104477612,-0.8626774157
0.5430463576,0.0018023715,0.0178908483,-0.0089285714,-0.0059347181,0.0037707391,0.0105580694,3.2027451629
0.5789473684,-0.0139282792,0.0008801648,0.0075075075,0.0156716418,-0.0007513148,0.0156716418,0.2297159046
0.5918367347,-0.0132355250,-0.0006535798,0.0119225037,0.0191036003,0.0097744361,0.0014695077,1.6835722514
0.5263157895,-0.0133708879,-0.0028000307,0.0110456554,-0.0014419611,0.0156366344,0.0022010271,-0.4135595645
0.5421686747,-0.0113138282,-0.0025926210,0.0080116533,-0.0007220217,-0.0021994135,0.0000000000,-0.4145741415
0.5640535373,-0.0066644969,0.0005292324,-0.0137283237,-0.0065028902,-0.0036737693,-0.0029282577,-0.3660959261
0.6067415730,-0.0178974448,-0.0118437847,-0.0021978022,0.0065454545,0.0000000000,0.0124816446,-0.6561472715
0.6283185841,-0.0093972025,-0.0051953016,0.0124816446,0.0007225434,0.0022123894,-0.0058013053,4.3910133843
0.6228070175,-0.0144213607,-0.0113008310,-0.0036258158,0.0064981949,0.0014716703,0.0065645514,0.9628184666
0.6201550388,-0.0129179666,-0.0111802684,0.0029112082,-0.0093256815,0.0095518001,0.0007246377,-0.9312302364
0.5664335664,-0.0144986586,-0.0139222588,0.0043541364,0.0036205648,-0.0007278020,0.0036205648,0.8585504708
0.5243902439,-0.0193435392,-0.0199619618,0.0028901734,0.0093795094,0.0065549891,0.0072150072,0.1713006598
0.5125000000,-0.0042416125,-0.0063833822,0.0021613833,-0.0042887777,-0.0028943560,-0.0121776504,12.1442365721
0.4852071006,0.0081076234,0.0057588897,-0.0093457944,-0.0107681263,-0.0239477504,-0.0116026106,-0.0127410468
0.4303797468,0.0180642318,0.0165192375,-0.0087082729,-0.0087082729,-0.0223048327,-0.0110051357,0.1674766500
0.3587786260,0.0137809931,0.0137914486,-0.0146412884,-0.0065885798,0.0220532319,0.0014836795,-0.9382825882
0.3587786260,0.0299714438,0.0311005360,0.0022288262,-0.0051584377,-0.0148809524,-0.0177777778,2.5025817556
0.3437500000,0.0331519452,0.0366143974,-0.0222386953,0.0607407407,-0.0067975831,-0.0075414781,4.2138206388
0.3532110092,0.0029028659,0.0086103197,0.0106141016,-0.0020949721,0.0015209125,0.0250759878,0.0832165031
0.4230769231,-0.0107435920,-0.0052999801,0.0225056264,-0.0314905528,0.0349278664,0.0133432172,-0.7526388202
0.4262295082,0.0123863750,0.0166603880,0.0014673514,-0.0137283237,-0.0212765957,-0.0212143380,-0.4255061886
0.3759036145,0.0112365611,0.0161857664,-0.0227106227,-0.0109890110,0.0000000000,-0.0007473842,-0.4473442523
0.4181818182,0.0005278043,0.0059580276,0.0089955022,-0.0007407407,-0.0052473763,0.0089753179,5.8338872732
0.4545454545,0.0239775935,0.0291669331,-0.0044576523,0.0088954781,-0.0211002261,-0.0229799852,2.3806677137
0.4562737643,0.0241740671,0.0309173351,-0.0238805970,-0.0301249082,0.0023094688,-0.0037936267,-0.8146049063
0.4970263381,0.0267106425,0.0349329225,0.0038226300,-0.0053030303,-0.0153609831,-0.0060929170,-0.6140515374
0.5127081507,0.0273246446,0.0371136372,0.0000000000,0.0000000000,0.0101404056,-0.0045977011,-0.7598642875
0.5313351499,0.0129832227,0.0241154406,-0.0182787510,0.0015232292,-0.0046332046,0.0100076982,0.4592708878
0.5226130653,0.0125292936,0.0238899195,0.0178432894,-0.0022813688,0.0162916990,-0.0015243902,-0.5892899833
0.5958188153,0.0310656076,0.0428174357,-0.0045731707,-0.0022865854,-0.0244274809,-0.0198473282,10.2185681024
0.5916955017,0.0262862833,0.0396457738,-0.0237366003,-0.0129870130,-0.0023474178,0.0000000000,0.6546812982
0.5846153846,0.0198593907,0.0342924786,0.0133333333,0.0046439628,0.0086274510,0.0023364486,-0.9032344042
0.4600000000,0.0247665438,0.0398317962,0.0015479876,0.0023112481,-0.0077760498,-0.0077700078,3.0708036293
0.4158415842,0.0153903451,0.0312285131,-0.0100463679,-0.0099923136,-0.0007836991,0.0054815975,-0.4609353234
0.4402515723,0.0114471369,0.0273151106,0.0054644809,0.0062111801,0.0086274510,0.0015576324,-0.7849232132
0.3705293276,0.0104717868,0.0260896615,0.0000000000,-0.0061728395,-0.0007776050,-0.0007776050,0.9749399245
0.3597122302,0.0159765316,0.0313807726,-0.0046583851,0.0007763975,-0.0101167315,-0.0070038911,2.6201981575
0.4273504274,0.0159071000,0.0314813839,-0.0031201248,-0.0054305663,0.0007861635,-0.0023510972,-0.0397560859
0.4347826087,0.0150545979,0.0307688621,-0.0031298905,-0.0046801872,-0.0015710919,-0.0015710919,-0.6490824541
0.4587155963,0.0119423279,0.0276811261,-0.0015698587,-0.0007836991,-0.0007867821,0.0007867821,-0.3472499288
0.4071588367,0.0189164309,0.0345774902,-0.0031446541,0.0007843137,-0.0070866142,-0.0086477987,1.1763807029
0.2888888889,0.0200508214,0.0361245394,-0.0070977918,-0.0062695925,-0.0047581285,-0.0039651071,0.3647943831
0.2795698925,-0.0453591957,-0.0298867703,0.0055599682,0.0615141956,0.0079681275,0.0652866242,6.6972881605
0.7643678161,-0.0215616638,-0.0106664545,0.0552922591,-0.0074294205,0.0395256917,-0.0171898356,-0.9085041580
0.7037037037,-0.0336762706,-0.0254396676,-0.0074850299,0.0209580838,0.0083650190,0.0159695817,0.5406448920
0.7385620915,-0.0349960808,-0.0300890789,0.0188536953,-0.0065982405,0.0082956259,0.0067365269,0.2469520455
0.7249575552,-0.0112335090,-0.0094485207,-0.0029607698,-0.0059040590,-0.0231862378,-0.0185873606,2.5768604020
0.6996197719,-0.0117512967,-0.0109963658,-0.0163325909,-0.0163325909,0.0030627871,0.0022727273,-0.3869552012
0.7014361300,0.0122448805,0.0120011220,-0.0045283019,-0.0045283019,-0.0244274809,-0.0219198791,1.4941910872
0.6343130554,0.0119250791,0.0126773391,-0.0265352540,-0.0075815011,0.0046948357,-0.0015455951,-0.4749622597
0.6498599440,0.0211556052,0.0228214819,0.0046728972,-0.0145148969,-0.0186915888,-0.0108359133,0.1182824175
0.6257585974,0.0227023160,0.0259476574,-0.0015503876,0.0054263566,0.0095238095,-0.0046948357,-0.0265908860
0.6174318031,0.0363186869,0.0412154870,-0.0248447205,-0.0185042406,-0.0259433962,-0.0165094340,-0.4988009592
0.6554781507,0.0209380261,0.0282987114,0.0000000000,0.0102120974,0.0137207425,0.0095923261,2.5680604674
0.6191346740,-0.0004849864,0.0078489664,0.0175159236,0.0000000000,0.0135350318,0.0182106097,-0.7231367214
0.5932203390,-0.0239390583,-0.0164418496,0.0062597809,0.1065318818,0.0031421838,0.0241057543,2.0889372455
0.4904458599,-0.0363534864,-0.0314039747,0.0365474339,-0.0274068869,0.0266249021,0.0167046317,0.4433587092
0.5167259786,-0.0047457823,-0.0030177248,-0.0172543136,-0.0513005780,-0.0106788711,-0.0261389096,-0.9498779816
0.4691689008,0.0029062369,0.0041361983,-0.0083969466,-0.0068545316,-0.0107941403,-0.0069018405,2.0758599026
0.5080251221,0.0110471690,0.0124296013,-0.0046189376,0.0023006135,0.0007794232,-0.0084942085,-0.6400633170
0.5341159208,0.0023219832,0.0044682250,-0.0069605568,0.0191277735,-0.0031152648,0.0070093458,11.4003404738
0.5499645641,-0.0102823314,-0.0081363955,0.0062305296,-0.0097597598,0.0093750000,0.0123743233,-0.1474774053
0.5736040609,-0.0380940463,-0.0369619071,0.0247678019,0.0242608036,0.0224458204,0.0305576776,-0.6397026262
0.5773584906,-0.0286331017,-0.0306310714,0.0151057402,-0.0051813472,0.0174110522,-0.0037064492,-0.9094938359
0.6011787819,-0.0510582086,-0.0550786300,0.0000000000,0.0349702381,0.0000000000,0.0282738095,20.5897119342
0.5957579538,-0.0270100689,-0.0349376357,0.0208333333,-0.0064701653,0.0089285714,-0.0166425470,-0.3342546175
0.5898702903,-0.0548466203,-0.0640307413,0.0000000000,0.0166425470,0.0117994100,0.0338484180,0.1067082773
