0.5454545455,-0.0090821522,0.0000000000,-0.0229885057,-0.0337078652,0.0000000000,0.0000000000,-0.8911615017
0.4285714286,0.0039893973,0.0117647059,-0.0117647059,-0.0116279070,-0.0117647059,-0.0116279070,-0.6982697322
0.4285714286,0.0153205920,0.0229276896,0.0000000000,-0.0117647059,0.0000000000,-0.0117647059,-0.8779037145
0.4444444444,0.0129635779,0.0212293422,0.0119047619,0.0119047619,0.0000000000,0.0000000000,1.4108455882
0.4444444444,-0.0238918250,-0.0155037809,0.0000000000,0.0235294118,0.0119047619,0.0357142857,3.8086160884
0.5833333333,0.0028375778,0.0088362861,0.0000000000,-0.0229885057,0.0000000000,-0.0229885057,-0.4290018235
0.5454545455,0.0024010274,0.0081817464,0.0000000000,0.0000000000,0.0000000000,0.0000000000,-0.9615384615
0.5714285714,-0.0096198921,-0.0041403053,-0.0117647059,0.0117647059,-0.0117647059,0.0117647059,78.2382671480
0.5454545455,-0.0081399087,-0.0038336160,0.0119047619,0.0000000000,0.0119047619,0.0000000000,0.4512734065
0.5714285714,-0.0183027000,-0.0150030969,0.0000000000,0.0116279070,0.0000000000,0.0116279070,-0.9655616249
0.5454545455,-0.0154869000,-0.0138917563,0.0000000000,0.0000000000,0.0000000000,0.0000000000,17.8131267092
0.5294117647,-0.0016287686,-0.0013843971,0.0235294118,0.0000000000,0.0000000000,-0.0114942529,1.2118906871
0.5454545455,0.0103703031,0.0104677761,-0.0114942529,-0.0114942529,0.0000000000,-0.0116279070,-0.6161142632
0.5813953488,0.0087748719,0.0096923853,-0.0116279070,-0.0116279070,0.0000000000,0.0000000000,17.8674960055
0.5813953488,0.0194180450,0.0209860312,0.0000000000,0.0117647059,-0.0117647059,-0.0117647059,0.2203372914
0.5813953488,0.0044726458,0.0074381985,-0.0117647059,0.0000000000,0.0000000000,0.0119047619,-0.9412890194
0.5454545455,0.0037845465,0.0068872208,0.0119047619,-0.0116279070,0.0119047619,0.0000000000,-1.0000000000
0.5454545455,0.0032023085,0.0063770563,0.0000000000,0.0000000000,0.0000000000,0.0000000000,-1.0000000000
0.4444444444,-0.0089497688,-0.0057918843,0.0000000000,0.0235294118,0.0000000000,0.0117647059,-1.0000000000
0.5000000000,-0.0075728813,-0.0053628558,0.0117647059,-0.0114942529,0.0117647059,0.0000000000,-1.0000000000
0.5000000000,-0.0064078226,-0.0049656072,-0.0116279070,0.0000000000,-0.0232558140,0.0000000000,-1.0000000000
0.5000000000,-0.0054220038,-0.0045977845,0.0117647059,0.0000000000,0.0238095238,0.0000000000,-1.0000000000
0.5000000000,-0.0045878493,-0.0042572079,0.0000000000,0.0000000000,0.0000000000,0.0000000000,-1.0000000000
0.5000000000,0.0198350682,0.0197738109,-0.0232558140,-0.0232558140,-0.0232558140,-0.0232558140,-1.0000000000
0.4444444444,0.0048213602,0.0063289773,-0.0119047619,0.0119047619,-0.0119047619,0.0119047619,-0.6621543571
0.4285714286,0.0040796125,0.0058601642,0.0240963855,0.0000000000,0.0240963855,0.0000000000,-1.0000000000
0.4000000000,0.0034519798,0.0054260779,0.0000000000,0.0000000000,0.0000000000,0.0000000000,-1.0000000000
0.4000000000,0.0029209060,0.0050241462,0.0000000000,0.0000000000,0.0000000000,0.0000000000,-1.0000000000
0.3333333333,-0.0091851099,-0.0070300126,0.0000000000,0.0117647059,-0.0117647059,0.0117647059,-1.0000000000
0.3333333333,0.0039012543,0.0051788553,0.0000000000,-0.0116279070,0.0119047619,-0.0116279070,-0.5925740187
0.4000000000,-0.0083652301,-0.0068884292,0.0117647059,0.0117647059,0.0117647059,0.0117647059,-0.6377408512
0.4000000000,-0.0070782716,-0.0063781751,0.0000000000,0.0000000000,0.0000000000,0.0000000000,-1.0000000000
0.4000000000,-0.0059893067,-0.0059057177,0.0116279070,0.0116279070,0.0000000000,0.0000000000,-1.0000000000
0.4000000000,-0.0050678749,-0.0054682572,-0.0114942529,-0.0114942529,0.0000000000,0.0000000000,-0.9804875329
0.4000000000,-0.0042882019,-0.0050632011,0.0000000000,0.0000000000,0.0000000000,0.0000000000,-1.0000000000
0.4000000000,-0.0150810247,-0.0161285152,0.0232558140,0.0581395349,0.0116279070,0.0116279070,-1.0000000000
0.4000000000,-0.0012813423,-0.0034795524,-0.0227272727,-0.0439560440,-0.0114942529,-0.0114942529,-0.8729877097
0.5000000000,-0.0125660034,-0.0146790284,0.0116279070,0.0000000000,0.0000000000,0.0116279070,1.3479290908
0.5000000000,0.0008714980,-0.0021218289,-0.0114942529,0.0000000000,-0.0116279070,-0.0114942529,-0.0007306635
0.5000000000,0.0007374214,-0.0019646564,0.0000000000,0.0000000000,0.0117647059,0.0000000000,-0.7818245125
0.5000000000,0.0006239720,-0.0018191263,0.0000000000,-0.0114942529,0.0000000000,0.0000000000,-0.6785030322
0.5000000000,-0.0109723453,-0.0131592684,0.0000000000,0.0116279070,0.0000000000,0.0116279070,-0.9260362373
0.5000000000,0.0022356579,-0.0006982811,0.0116279070,0.0000000000,-0.0116279070,-0.0114942529,33.1912751678
0.5000000000,0.0018917105,-0.0006465566,-0.0229885057,-0.0114942529,0.0000000000,0.0000000000,-0.8430660516
0.5000000000,0.0016006782,-0.0005986635,0.0117647059,0.0000000000,0.0117647059,0.0000000000,-0.4177611007
0.5000000000,0.0013544200,-0.0005543181,0.0000000000,0.0000000000,0.0000000000,0.0000000000,6.3340494092
0.5000000000,0.0011460477,-0.0005132575,0.0000000000,0.0116279070,0.0000000000,0.0000000000,1.4833040422
0.5000000000,0.0009697326,-0.0004752384,0.0000000000,-0.0114942529,-0.0116279070,0.0000000000,-0.2244633168
0.5000000000,0.0008205430,-0.0004400356,0.0000000000,0.0000000000,0.0117647059,0.0000000000,-0.6958935361
0.5000000000,0.0006943056,-0.0004074403,0.0000000000,0.0000000000,0.0000000000,0.0000000000,-1.0000000000
0.5000000000,0.0005874894,-0.0003772596,0.0000000000,0.0000000000,0.0000000000,0.0000000000,-1.0000000000
0.5000000000,-0.0110028603,-0.0118395522,0.0116279070,0.0116279070,0.0116279070,0.0116279070,4.1282051282
0.5000000000,-0.0093101126,-0.0109625483,-0.0114942529,0.0114942529,-0.0114942529,0.0000000000,289.1060000000
0.5000000000,0.0036585172,0.0013593701,0.0232558140,0.0113636364,-0.0116279070,-0.0114942529,0.1272569337
0.5000000000,0.0030956684,0.0012586760,-0.0227272727,-0.0337078652,0.0000000000,0.0000000000,-0.6629758061
0.5000000000,0.0026194117,0.0011654408,0.0000000000,0.0000000000,0.0117647059,0.0000000000,-0.9974322914
0.5000000000,0.0022164253,0.0010791118,0.0000000000,0.0000000000,0.0000000000,0.0000000000,-1.0000000000
0.5000000000,0.0018754368,0.0009991776,0.0000000000,0.0000000000,0.0000000000,0.0000000000,-1.0000000000
0.5000000000,0.0015869081,0.0009251645,0.0000000000,0.0000000000,0.0000000000,0.0000000000,11.4552238806
0.5000000000,-0.0101669186,-0.0106474655,0.0116279070,0.0116279070,0.0000000000,0.0116279070,-0.1949271021
0.5000000000,0.0029250974,0.0016545058,-0.0114942529,-0.0114942529,0.0000000000,-0.0114942529,-0.7747457207
0.5000000000,0.0024750824,0.0015319499,0.0000000000,0.0000000000,0.0000000000,0.0000000000,-1.0000000000
0.5000000000,0.0020943005,0.0014184721,0.0000000000,0.0000000000,0.0000000000,0.0000000000,-1.0000000000
0.5000000000,0.0017721004,0.0013134001,0.0000000000,0.0000000000,0.0000000000,0.0000000000,-1.0000000000
0.5000000000,-0.0100120186,-0.0102921200,0.0116279070,0.0116279070,0.0000000000,0.0116279070,-1.0000000000
0.5000000000,-0.0084717080,-0.0095297407,0.0000000000,0.0000000000,0.0116279070,0.0000000000,1.9587628866
0.5000000000,0.0043761855,0.0027014703,-0.0114942529,-0.0114942529,-0.0114942529,-0.0114942529,-0.0044798407
0.5000000000,0.0037029262,0.0025013614,0.0116279070,0.0116279070,0.0000000000,0.0000000000,1.3525000000
0.5000000000,-0.0083970219,-0.0092047991,-0.0229885057,0.0000000000,-0.0116279070,0.0116279070,0.2888416578
0.5000000000,0.0044401163,0.0030058406,0.0117647059,-0.0114942529,0.0117647059,-0.0114942529,-0.2531332454
0.5000000000,-0.0077804155,-0.0087430577,0.0000000000,0.0116279070,0.0000000000,0.0116279070,12.5932877015
0.5000000000,0.0049679269,0.0034383503,0.0000000000,-0.0114942529,0.0000000000,-0.0114942529,-0.9947371841
0.5000000000,0.0042036305,0.0031836577,0.0000000000,0.0116279070,0.0000000000,0.0000000000,0.3765432099
0.5000000000,0.0035569181,0.0029478312,0.0000000000,-0.0114942529,0.0000000000,0.0000000000,-1.0000000000
0.5000000000,0.0148098141,0.0145262907,0.0000000000,0.0000000000,-0.0116279070,-0.0116279070,-1.0000000000
0.5000000000,0.0125313811,0.0134502691,-0.0232558140,-0.0116279070,-0.0117647059,0.0000000000,-0.4625534188
0.5000000000,-0.0011477269,0.0006812325,0.0119047619,0.0352941176,0.0119047619,0.0117647059,29.1787098698
0.5000000000,-0.0009711535,0.0006307708,0.0117647059,-0.0227272727,0.0117647059,0.0000000000,-0.9691003465
0.5000000000,-0.0008217453,0.0005840471,0.0000000000,0.0000000000,0.0000000000,0.0000000000,-0.9816670220
0.5000000000,-0.0006953229,0.0005407843,0.0116279070,0.0116279070,0.0000000000,0.0000000000,195.8139534884
0.5000000000,-0.0005883502,0.0005007262,-0.0114942529,-0.0114942529,0.0000000000,0.0000000000,-1.0000000000
0.5000000000,-0.0119863654,-0.0110359466,0.0116279070,0.0116279070,0.0116279070,0.0116279070,-1.0000000000
0.5000000000,-0.0101423092,-0.0102184691,0.0000000000,0.0000000000,0.0000000000,0.0000000000,0.0584795322
0.5000000000,-0.0198480681,-0.0207176643,-0.0114942529,0.0114942529,-0.0114942529,0.0114942529,44.7845303867
0.5000000000,-0.0167945191,-0.0191830225,0.0232558140,0.0000000000,0.0116279070,0.0000000000,0.5716181972
0.5000000000,-0.0142107470,-0.0177620578,-0.0113636364,0.0113636364,0.0000000000,0.0000000000,-0.5872235872
0.5000000000,-0.0120244782,-0.0164463498,0.0114942529,0.0000000000,0.0000000000,0.0000000000,-0.1969866071
0.5000000000,-0.0101745585,-0.0152281017,0.0000000000,0.0000000000,0.0114942529,0.0000000000,3.8619411628
0.9900990099,-0.0086092418,-0.0141000942,0.0000000000,-0.0112359551,-0.0113636364,0.0000000000,-0.5058840345
0.9900990099,-0.0184388471,-0.0241449052,-0.0113636364,0.0454545455,0.0000000000,0.0113636364,75.9314434481
0.9900990099,-0.0156021014,-0.0223563937,0.0229885057,-0.0326086957,0.0000000000,0.0000000000,-0.9808850219
0.9900990099,-0.0132017781,-0.0207003645,0.0000000000,0.0000000000,0.0000000000,0.0000000000,-0.8454527572
0.9900990099,-0.0111707353,-0.0191670042,0.0000000000,0.0000000000,0.0229885057,0.0000000000,-1.0000000000
0.9900990099,0.0133190541,0.0048332974,-0.0224719101,-0.0224719101,-0.0224719101,-0.0224719101,-1.0000000000
0.3333333333,-0.0002217354,-0.0069392164,0.0000000000,0.0114942529,0.0000000000,0.0114942529,-0.7472434266
0.3333333333,-0.0001876222,-0.0064252003,0.0000000000,0.0000000000,0.0000000000,0.0000000000,18.7248322148
0.3333333333,-0.0001587573,-0.0059492596,0.0114942529,0.0000000000,0.0114942529,0.0000000000,-1.0000000000
0.3333333333,-0.0001343331,-0.0055085737,0.0000000000,0.0000000000,0.0000000000,0.0000000000,-1.0000000000
0.3333333333,-0.0001136665,-0.0051005312,0.0000000000,0.0000000000,0.0000000000,0.0000000000,-1.0000000000
0.3333333333,-0.0000961793,-0.0047227141,0.0000000000,0.0000000000,0.0000000000,0.0000000000,-1.0000000000
0.3333333333,0.0114119350,0.0070711065,0.0000000000,0.0000000000,-0.0113636364,-0.0113636364,-1.0000000000
0.4000000000,-0.0018171139,-0.0048907169,-0.0113636364,0.0000000000,0.0000000000,0.0114942529,-0.9852180686
0.4000000000,-0.0015375579,-0.0045284416,0.0114942529,0.0000000000,0.0114942529,0.0000000000,-1.0000000000
0.4000000000,-0.0013010105,-0.0041930015,0.0000000000,0.0000000000,0.0000000000,0.0000000000,-1.0000000000
0.4000000000,-0.0011008550,-0.0038824088,0.0113636364,0.0227272727,0.0000000000,0.0000000000,5.3643545698
0.4000000000,-0.0009314927,-0.0035948230,-0.0112359551,-0.0222222222,0.0000000000,0.0000000000,-0.9110569532
0.4000000000,-0.0120152852,-0.0145270955,0.0113636364,0.0113636364,0.0113636364,0.0113636364,0.3134443022
0.5000000000,-0.0101667798,-0.0134510144,0.0000000000,0.0000000000,0.0000000000,0.0000000000,-1.0000000000
0.5000000000,-0.0086026598,-0.0124546429,0.0000000000,0.0000000000,0.0000000000,0.0000000000,-1.0000000000
0.5000000000,-0.0072791737,-0.0115320768,0.0000000000,0.0000000000,0.0000000000,0.0000000000,-1.0000000000
0.5000000000,-0.0172019752,-0.0216703172,0.0000000000,0.0112359551,0.0000000000,0.0112359551,-1.0000000000
0.5000000000,-0.0145555175,-0.0200651085,0.0112359551,0.0222222222,0.0112359551,0.0000000000,55.5939597315
0.5000000000,-0.0123162071,-0.0185788042,0.0000000000,-0.0108695652,0.0000000000,0.0000000000,0.4689593833
0.5000000000,-0.0104214060,-0.0172025965,-0.0111111111,-0.0109890110,-0.0111111111,0.0000000000,0.1232340357
0.9900990099,-0.0088181128,-0.0159283301,0.0112359551,0.0000000000,0.0112359551,0.0000000000,-0.9703165990
0.9900990099,-0.0074614801,-0.0147484538,0.0000000000,0.0000000000,0.0000000000,0.0000000000,5.1658595642
0.9900990099,-0.0172331913,-0.0244949210,0.0000000000,0.0111111111,0.0000000000,0.0111111111,-0.9414883173
0.9900990099,-0.0252929970,-0.0333035207,0.0111111111,0.0109890110,0.0111111111,0.0109890110,19.1342281879
0.9900990099,-0.0214017667,-0.0308365932,0.0000000000,0.0000000000,0.0000000000,0.0000000000,2.7976666667
0.9900990099,-0.0181091872,-0.0285524011,0.0000000000,0.0000000000,0.0000000000,0.0000000000,-0.1091898534
0.9900990099,-0.0045025338,-0.0157389184,0.0000000000,0.0000000000,0.0000000000,-0.0108695652,-0.9484185634
0.5000000000,-0.0038098363,-0.0145730726,0.0000000000,-0.0108695652,0.0000000000,0.0000000000,-1.0000000000
0.5000000000,-0.0032237076,-0.0134935858,0.0000000000,0.0000000000,0.0000000000,0.0000000000,-1.0000000000
0.5000000000,0.0083530501,-0.0015217727,-0.0109890110,-0.0109890110,-0.0109890110,-0.0109890110,-1.0000000000
0.5000000000,0.0299558738,0.0212862001,0.0000000000,0.0000000000,-0.0222222222,-0.0222222222,606.2601626016
0.4285714286,0.0253472778,0.0197094445,-0.0111111111,0.0000000000,0.0000000000,0.0000000000,-0.5932684455
0.4285714286,0.0099707562,0.0068084802,0.0000000000,-0.0111111111,0.0113636364,0.0113636364,-0.9951612903
0.4285714286,0.0198963027,0.0177394228,-0.0112359551,-0.0112359551,-0.0112359551,-0.0112359551,2.3537414966
0.4444444444,0.0168353331,0.0164253915,0.0000000000,0.0000000000,0.0000000000,0.0000000000,12.0933062880
0.4444444444,0.0142452818,0.0152086958,-0.0113636364,0.0000000000,-0.0113636364,0.0000000000,1.8694035631
0.4444444444,0.0120537000,0.0140821257,0.0114942529,0.0000000000,0.0114942529,0.0000000000,-1.0000000000
0.4444444444,0.0218107707,0.0246831318,-0.0113636364,-0.0113636364,-0.0113636364,-0.0113636364,-1.0000000000
0.4545454545,0.0184552675,0.0228547517,0.0000000000,0.0000000000,0.0000000000,0.0000000000,-1.0000000000
0.4545454545,0.0040749047,0.0095576957,0.0229885057,0.0344827586,0.0114942529,0.0114942529,-1.0000000000
0.4444444444,-0.0078267003,-0.0024856719,-0.0112359551,0.0000000000,0.0000000000,0.0113636364,-0.9564094046
0.4444444444,-0.0066225926,-0.0023015480,0.0113636364,0.0000000000,0.0000000000,0.0000000000,17.4343776461
0.4444444444,0.0056962254,0.0092083567,0.0000000000,0.0000000000,0.0000000000,-0.0112359551,12.7287216940
0.4444444444,0.0048198831,0.0085262562,-0.0112359551,-0.0222222222,0.0000000000,0.0000000000,-0.9987520409
0.5000000000,-0.0072034168,-0.0034299776,0.0000000000,0.0113636364,0.0000000000,0.0113636364,-0.2010723861
0.5000000000,0.0051991739,0.0081516413,-0.0113636364,-0.0112359551,-0.0113636364,-0.0112359551,38.8120805369
0.5000000000,0.0043993010,0.0075478160,0.0114942529,0.0000000000,0.0114942529,0.0000000000,-1.0000000000
0.5000000000,0.0037224855,0.0069887185,0.0000000000,0.0000000000,0.0000000000,0.0000000000,-1.0000000000
0.5000000000,0.0146802528,0.0180396683,-0.0227272727,-0.0113636364,-0.0227272727,-0.0113636364,-1.0000000000
0.5000000000,0.0241940983,0.0285255291,0.0000000000,-0.0114942529,0.0000000000,-0.0114942529,0.0321154979
0.5000000000,0.0204719294,0.0264125269,0.0000000000,0.0000000000,0.0000000000,0.0000000000,-1.0000000000
0.5000000000,0.0056290408,0.0126806866,0.0000000000,0.0116279070,0.0000000000,0.0116279070,-1.0000000000
0.5000000000,0.0047630346,0.0117413765,0.0116279070,0.0000000000,0.0116279070,0.0000000000,-1.0000000000
0.5000000000,0.0040302600,0.0108716449,0.0000000000,0.0000000000,0.0000000000,0.0000000000,-1.0000000000
0.5000000000,-0.0300367873,-0.0236025400,0.0000000000,0.0689655172,0.0000000000,0.0344827586,-1.0000000000
0.6250000000,-0.0254157431,-0.0218542037,0.0344827586,-0.0322580645,0.0229885057,0.0000000000,-0.9562031920
0.6250000000,-0.0105113100,-0.0092267825,-0.0111111111,-0.0111111111,-0.0224719101,-0.0111111111,0.2481927339
0.6250000000,0.0023683807,0.0027232361,-0.0112359551,-0.0112359551,0.0114942529,-0.0112359551,-0.9952580299
0.6666666667,0.0020040144,0.0025215149,0.0000000000,0.0000000000,0.0000000000,0.0000000000,-1.0000000000
0.6666666667,0.0016957045,0.0023347360,0.0113636364,0.0113636364,0.0000000000,0.0000000000,-1.0000000000
0.6666666667,0.0014348269,0.0021617926,0.0000000000,0.0000000000,-0.0113636364,0.0000000000,14.9439595774
0.6666666667,0.0615281858,0.0623632056,-0.0224719101,-0.0224719101,-0.1034482759,-0.0568181818,92.5624603861
0.5000000000,0.0915146477,0.0974090979,-0.0689655172,-0.0459770115,0.0128205128,-0.0361445783,-0.5079507555
0.4444444444,0.0774354711,0.0901936092,-0.0123456790,-0.0240963855,0.0000000000,0.0000000000,0.0464017783
0.4444444444,0.0655223217,0.0835126011,-0.0125000000,0.0123456790,0.0000000000,0.0000000000,-0.6971988584
0.5454545455,0.0688019894,0.0909635266,0.0253164557,-0.0121951220,0.0000000000,-0.0125000000,-0.8427204408
0.5769230769,0.0320882515,0.0574544879,-0.0246913580,0.0370370370,-0.0126582278,0.0253164557,28.1972800221
0.5319148936,0.0146253584,0.0403547145,0.0126582278,-0.0119047619,0.0256410256,0.0123456790,-0.6860314133
0.4054054054,0.0376846858,0.0632996133,0.0375000000,0.0000000000,0.0000000000,-0.0243902439,-0.6248400681
0.4090909091,0.0318870419,0.0586107531,-0.0361445783,-0.0120481928,-0.0125000000,0.0000000000,1.0331914148
0.3846153846,-0.0101384645,0.0161630996,-0.0125000000,0.0121951220,0.0000000000,0.0375000000,-0.3805650639
0.4210526316,0.0285995980,0.0530270517,0.0253164557,-0.0240963855,0.0126582278,-0.0361445783,-0.9261731151
0.4166666667,0.0115552196,0.0361472809,-0.0123456790,0.0000000000,-0.0125000000,0.0125000000,3.3360430412
0.3846153846,0.0223997122,0.0463880759,0.0000000000,0.0000000000,0.0000000000,-0.0123456790,-0.8226386386
0.4117647059,0.0063739285,0.0300759724,0.0000000000,0.0000000000,0.0126582278,0.0125000000,5.9065516009
0.4444444444,0.0179607407,0.0406962242,0.0000000000,0.0000000000,0.0000000000,-0.0123456790,-0.8255761510
0.5000000000,0.0026642467,0.0248708040,0.0125000000,0.0000000000,0.0000000000,0.0125000000,4.3598830062
0.4838709677,0.0022543626,0.0230285222,0.0000000000,0.0123456790,0.0125000000,0.0000000000,-0.9642848669
0.4838709677,0.0272722854,0.0471789768,0.0000000000,-0.0121951220,-0.0246913580,-0.0246913580,12.8374667848
0.4545454545,0.0102880923,0.0306381848,-0.0246913580,-0.0123456790,0.0000000000,0.0126582278,-0.6754520723
0.4255319149,0.0087053089,0.0283686896,0.0126582278,0.0125000000,0.0126582278,0.0000000000,-0.2649770721
0.4375000000,0.0073660306,0.0262673052,0.0000000000,0.0000000000,-0.0125000000,0.0000000000,7.5824109479
0.4444444444,0.0062327951,0.0243215789,0.0000000000,-0.0123456790,0.0126582278,0.0000000000,-0.4486470009
0.4444444444,0.0052739036,0.0225199805,0.0000000000,0.0375000000,0.0000000000,0.0000000000,4.6497115071
0.3636363636,0.0044625338,0.0208518338,0.0125000000,-0.0240963855,0.0000000000,0.0000000000,-0.6655416850
0.4285714286,0.0037759901,0.0193072535,-0.0123456790,0.0000000000,0.0000000000,0.0000000000,0.0812063921
0.4285714286,0.0031950686,0.0178770866,0.0000000000,0.0123456790,0.0000000000,0.0000000000,1.0447423567
0.4000000000,-0.0096755362,0.0040028226,0.0000000000,-0.0121951220,0.0000000000,0.0125000000,-0.4082619555
0.4000000000,-0.0081869922,0.0037063173,0.0125000000,0.0123456790,0.0000000000,0.0000000000,0.7318705519
0.3333333333,-0.0069274549,0.0034317752,0.0123456790,0.0121951220,0.0125000000,0.0000000000,-0.5137257110
0.3333333333,-0.0058616926,0.0031775697,-0.0121951220,-0.0240963855,0.0000000000,0.0000000000,-0.9377864337
0.3333333333,0.0074781076,0.0154789716,0.0000000000,0.0000000000,-0.0123456790,-0.0123456790,2.4731830123
0.5000000000,0.0063276295,0.0143323811,0.0000000000,0.0000000000,0.0000000000,0.0000000000,0.7643629258
0.5000000000,0.0180801499,0.0260969349,-0.0123456790,-0.0123456790,-0.0125000000,-0.0125000000,6.5722247030
0.5000000000,0.0152985884,0.0241638286,-0.0125000000,-0.0125000000,0.0000000000,0.0000000000,-0.9726323388
0.5000000000,0.0259314332,0.0354812733,-0.0126582278,-0.0126582278,-0.0253164557,-0.0126582278,17.1305809343
0.5000000000,0.0219419820,0.0328530308,-0.0128205128,0.0000000000,0.0000000000,0.0000000000,-0.6858346288
0.5000000000,0.0185662924,0.0304194730,0.0129870130,0.0000000000,0.0129870130,0.0000000000,-0.8468184913
0.5000000000,0.0157099397,0.0281661787,0.0000000000,0.0000000000,0.0000000000,0.0000000000,1.4104514472
0.5000000000,0.0132930259,0.0260797951,0.0128205128,0.0128205128,0.0000000000,0.0000000000,0.3161345846
0.5000000000,-0.0140332536,-0.0014557406,0.0126582278,0.0126582278,0.0256410256,0.0256410256,-0.8330686595
0.6666666667,-0.0118742915,-0.0013479079,0.0000000000,0.0125000000,0.0000000000,0.0000000000,0.3572094758
0.6666666667,-0.0222691135,-0.0135783337,0.0125000000,0.0000000000,-0.0125000000,0.0125000000,2.2554975261
0.6000000000,0.0059963192,0.0124256325,-0.0123456790,-0.0123456790,0.0000000000,-0.0246913580,-0.8552370499
0.5454545455,-0.0074896140,-0.0011385999,-0.0125000000,0.0000000000,0.0000000000,0.0126582278,-0.1621463984
0.5000000000,0.0062406423,0.0115906237,0.0000000000,-0.0125000000,0.0000000000,-0.0125000000,-0.6279150714
0.5161290323,0.0052805435,0.0107320589,0.0000000000,0.0000000000,0.0000000000,0.0000000000,2.0841908326
0.5000000000,0.0044681522,0.0099370916,0.0000000000,0.0000000000,0.0000000000,0.0000000000,11.8252957234
0.5000000000,0.0037807442,0.0092010107,0.0000000000,0.0126582278,0.0000000000,0.0000000000,-0.9354617477
0.4705882353,0.0031990912,0.0085194544,0.0000000000,-0.0125000000,0.0000000000,0.0000000000,17.6998900696
0.4705882353,0.0027069233,0.0078883837,-0.0126582278,0.0000000000,-0.0126582278,0.0000000000,-0.9090178711
0.4705882353,0.0151403515,0.0202182136,0.0128205128,0.0000000000,0.0000000000,-0.0126582278,4.3256515184
0.5000000000,-0.0000093266,0.0058253711,0.0000000000,0.0000000000,0.0128205128,0.0128205128,-0.7782990254
0.4838709677,-0.0000078918,0.0053938621,0.0000000000,0.0000000000,-0.0126582278,0.0000000000,4.6041590660
0.4285714286,-0.0000066776,0.0049943168,-0.0126582278,0.0000000000,0.0000000000,0.0000000000,-0.8701581928
0.4285714286,-0.0000056503,0.0046243674,0.0000000000,0.0126582278,0.0000000000,0.0000000000,-0.6146903986
0.4285714286,-0.0000047810,0.0042818216,0.0128205128,-0.0125000000,0.0128205128,0.0000000000,0.1067013663
0.5000000000,-0.0000040455,0.0039646497,0.0000000000,0.0126582278,0.0000000000,0.0000000000,5.1651969430
0.5000000000,-0.0000034231,0.0036709719,0.0000000000,-0.0125000000,0.0000000000,0.0000000000,-0.7708591590
0.5000000000,-0.0000028965,0.0033990481,0.0000000000,0.0000000000,0.0000000000,0.0000000000,4.4173949230
0.5000000000,-0.0000024509,0.0031472667,0.0000000000,0.0000000000,0.0000000000,0.0000000000,-0.9178061146
0.5000000000,-0.0000020738,0.0029141359,0.0000000000,0.0000000000,0.0000000000,0.0000000000,-0.8766355140
0.5000000000,-0.0000017548,0.0026982739,0.0126582278,0.0126582278,0.0000000000,0.0000000000,65.2803030303
0.5000000000,-0.0000014848,0.0024984018,-0.0125000000,-0.0125000000,0.0000000000,0.0000000000,11.9478797577
0.5000000000,-0.0125012407,-0.0102155817,0.0126582278,0.0126582278,0.0126582278,0.0126582278,-0.9715133164
0.9900990099,-0.0105779729,-0.0094588719,0.0000000000,0.0000000000,0.0000000000,0.0000000000,-0.9429810970
0.9900990099,-0.0331225292,-0.0329348437,0.0000000000,0.0375000000,0.0000000000,0.0250000000,1016.5923913043
0.9900990099,-0.0037274244,-0.0062576063,0.0125000000,-0.0240963855,0.0000000000,-0.0243902439,-0.8820799308
0.4285714286,-0.0154607155,-0.0180682270,0.0000000000,0.0000000000,0.0125000000,0.0125000000,-0.8257620363
0.4000000000,-0.0130821439,-0.0167298398,0.0000000000,0.0000000000,0.0000000000,0.0000000000,15.7907460359
0.4000000000,-0.0110695064,-0.0154905924,0.0123456790,0.0123456790,0.0000000000,0.0000000000,-0.9670402824
0.4000000000,-0.0093665054,-0.0143431412,-0.0121951220,-0.0121951220,0.0000000000,0.0000000000,-0.5979333020
0.4000000000,-0.0079255046,-0.0132806863,0.0000000000,0.0123456790,0.0000000000,0.0000000000,48.6880841121
0.4000000000,-0.0067061962,-0.0122969317,0.0000000000,0.0000000000,0.0000000000,0.0000000000,-0.9110337855
0.4000000000,-0.0056744737,-0.0113860479,0.0000000000,-0.0121951220,0.0000000000,0.0000000000,-0.0565539112
0.4000000000,-0.0048014777,-0.0105426369,0.0000000000,0.0000000000,0.0000000000,0.0000000000,2.6310924370
0.4000000000,-0.0162083646,-0.0218377777,0.0000000000,0.0123456790,0.0000000000,0.0123456790,-0.9416030240
0.3846153846,-0.0015384092,-0.0081241172,0.0000000000,-0.0121951220,0.0000000000,-0.0121951220,30.5653896962
0.4705882353,-0.0134809780,-0.0196257169,0.0000000000,0.0123456790,0.0000000000,0.0123456790,-0.9055450931
0.4545454545,0.0133078441,0.0063737409,0.0000000000,-0.0121951220,-0.0123456790,-0.0243902439,1.5099689854
0.3750000000,0.0112604834,0.0059016119,-0.0123456790,-0.0123456790,0.0000000000,0.0000000000,-1.0000000000
0.4000000000,-0.0029352085,-0.0069486859,0.0000000000,0.0125000000,-0.0125000000,0.0125000000,-1.0000000000
0.4000000000,0.0227699408,0.0187196020,-0.0125000000,-0.0246913580,0.0000000000,-0.0246913580,-0.9044568572
0.3750000000,0.0192668730,0.0173329648,0.0253164557,0.0253164557,0.0000000000,0.0000000000,0.0306623058
0.3750000000,0.0163027387,0.0160490415,-0.0246913580,-0.0123456790,0.0000000000,0.0000000000,32.5239984133
0.3750000000,-0.0112373410,-0.0101980535,0.0126582278,0.0250000000,0.0126582278,0.0253164557,-0.4978701754
0.4285714286,-0.0215876837,-0.0215226100,0.0250000000,0.0000000000,0.0125000000,0.0123456790,-0.9074863916
0.4186046512,-0.0182665016,-0.0199283425,0.0000000000,0.0000000000,0.0000000000,0.0000000000,-0.4246051961
0.4186046512,-0.0033014097,-0.0063342946,-0.0121951220,-0.0121951220,0.0000000000,-0.0121951220,8.0035413900
0.4444444444,-0.0149545554,-0.0179886841,0.0123456790,0.0123456790,0.0000000000,0.0123456790,-0.2003048331
0.4444444444,-0.0004643960,-0.0045161419,0.0000000000,0.0000000000,0.0000000000,-0.0121951220,-0.5762065785
0.4444444444,-0.0003929505,-0.0041816129,0.0000000000,0.0000000000,0.0000000000,0.0000000000,-0.9406644422
0.4545454545,-0.0003324965,-0.0038718638,-0.0121951220,-0.0121951220,0.0000000000,0.0000000000,26.4254278729
0.4838709677,0.0122151400,0.0088701277,-0.0123456790,-0.0123456790,-0.0123456790,-0.0123456790,-0.9247570652
0.5000000000,0.0103358877,0.0082130812,0.0125000000,0.0125000000,0.0000000000,0.0000000000,3.8767772512
0.5161290323,-0.0037079001,-0.0048348594,-0.0123456790,0.0000000000,0.0000000000,0.0125000000,-0.5332847425
0.5555555556,-0.0031374540,-0.0044767217,0.0125000000,0.0000000000,0.0125000000,0.0000000000,-0.8183237897
0.5555555556,-0.0026547687,-0.0041451127,0.0000000000,0.0000000000,0.0000000000,0.0000000000,-1.0000000000
0.5555555556,-0.0144140703,-0.0159863835,0.0000000000,0.0123456790,0.0000000000,0.0123456790,-1.0000000000
0.5000000000,-0.0000014163,-0.0026392713,0.0000000000,-0.0121951220,0.0000000000,-0.0121951220,17.6638477801
0.5000000000,-0.0000011984,-0.0024437697,-0.0123456790,0.0000000000,-0.0123456790,0.0000000000,-0.6850928863
0.5000000000,0.0124989733,0.0102089659,0.0125000000,0.0000000000,0.0000000000,-0.0123456790,-0.6794964029
0.5000000000,0.0105760543,0.0094527462,-0.0123456790,-0.0123456790,-0.0125000000,0.0000000000,80.2143658810
0.5000000000,0.0089489690,0.0087525428,0.0000000000,0.0000000000,0.0000000000,0.0000000000,-0.5080428954
0.5000000000,0.0203262831,0.0208650190,-0.0125000000,0.0000000000,0.0000000000,-0.0125000000,-0.1162392202
0.5000000000,0.0171991626,0.0193194621,0.0000000000,-0.0125000000,0.0000000000,0.0000000000,-0.9431041607
0.5000000000,0.0145531376,0.0178883908,0.0000000000,0.0000000000,-0.0126582278,0.0000000000,16.6759776536
0.5000000000,0.0123141934,0.0165633248,0.0000000000,0.0000000000,0.0128205128,0.0000000000,0.6347977244
0.5000000000,0.0104197021,0.0153364119,0.0000000000,0.0000000000,0.0000000000,0.0000000000,0.0853359111
0.5000000000,0.0088166710,0.0142003814,0.0000000000,0.0000000000,0.0000000000,0.0000000000,-1.0000000000
0.5000000000,0.0074602601,0.0131485013,0.0000000000,0.0000000000,0.0000000000,0.0000000000,-1.0000000000
0.5000000000,0.0063125277,0.0121745382,0.0000000000,0.0000000000,0.0000000000,0.0000000000,3.7402729384
0.0000000000,0.0053413696,0.0112727206,0.0000000000,0.0000000000,0.0000000000,0.0000000000,-0.9969526201
0.0000000000,0.0045196205,0.0104377042,-0.0126582278,0.0000000000,-0.0126582278,0.0000000000,2.6582914573
0.0000000000,0.0038242942,0.0096645409,0.0128205128,0.0000000000,0.0128205128,0.0000000000,-1.0000000000
0.0000000000,0.0032359413,0.0089486490,0.0000000000,0.0000000000,0.0000000000,0.0000000000,-1.0000000000
0.0000000000,0.0027381042,0.0082857861,-0.0126582278,0.0000000000,-0.0126582278,0.0000000000,-1.0000000000
0.0000000000,0.0023168574,0.0076720242,0.0128205128,0.0000000000,0.0128205128,0.0000000000,-1.0000000000
0.9900990099,0.0148060641,0.0200153123,0.0000000000,0.0000000000,-0.0126582278,-0.0126582278,-1.0000000000
0.0000000000,0.0125282081,0.0185326966,-0.0126582278,-0.0126582278,0.0000000000,0.0000000000,22.2005649718
0.0000000000,0.0106007915,0.0171599043,0.0000000000,0.0000000000,0.0000000000,0.0000000000,-0.6317119201
0.0000000000,0.0089699005,0.0158888002,0.0000000000,0.0000000000,0.0000000000,0.0000000000,-0.6791470369
0.0000000000,0.0075899158,0.0147118521,0.0000000000,0.0000000000,0.0000000000,0.0000000000,0.0602782071
0.0000000000,0.0194926551,0.0267860084,-0.0128205128,-0.0128205128,-0.0128205128,-0.0128205128,-0.9307580175
0.0000000000,0.0164937851,0.0248018597,0.0129870130,0.0129870130,0.0000000000,0.0000000000,53.5228070175
0.0000000000,0.0139562797,0.0229646849,-0.0128205128,0.0000000000,0.0000000000,0.0000000000,7.5625844649
0.0000000000,0.0118091597,0.0212635971,0.0000000000,-0.0128205128,0.0000000000,0.0000000000,-0.9984968509
0.0000000000,0.0099923659,0.0196885158,0.0000000000,0.0129870130,0.0000000000,0.0000000000,362.3850000000
0.0000000000,0.0084550789,0.0182301073,0.0000000000,-0.0128205128,0.0000000000,0.0000000000,-0.9923634712
0.0000000000,0.0071542975,0.0168797289,0.0129870130,0.0129870130,0.0000000000,0.0000000000,67.7423423423
0.0000000000,0.0060536363,0.0156293787,-0.0128205128,-0.0128205128,0.0000000000,0.0000000000,-1.0000000000
0.0000000000,0.0051223077,0.0144716469,0.0000000000,0.0000000000,0.0000000000,0.0000000000,-1.0000000000
0.0000000000,0.0043342603,0.0133996731,0.0000000000,0.0000000000,0.0000000000,0.0000000000,-1.0000000000
0.0000000000,0.0036674511,0.0124071047,0.0000000000,0.0000000000,0.0000000000,0.0000000000,3.2230483271
0.0000000000,0.0031032278,0.0114880599,0.0000000000,0.0000000000,0.0000000000,0.0000000000,-1.0000000000
0.0000000000,-0.0102283689,-0.0023197933,0.0000000000,0.0129870130,0.0000000000,0.0129870130,-1.0000000000
0.5000000000,-0.0212034474,-0.0147789953,0.0129870130,0.0128205128,0.0129870130,0.0128205128,-0.4125476099
0.9900990099,-0.0053508834,-0.0010391812,0.0000000000,-0.0126582278,0.0000000000,-0.0126582278,0.6130254243
0.5000000000,-0.0045276706,-0.0009622049,0.0000000000,0.0000000000,0.0000000000,0.0000000000,-1.0000000000
0.5000000000,-0.0164408387,-0.0135378807,0.0128205128,0.0128205128,0.0128205128,0.0128205128,-1.0000000000
0.5000000000,-0.0139114789,-0.0125350747,0.0000000000,0.0000000000,0.0000000000,0.0000000000,-1.0000000000
0.5000000000,-0.0117712514,-0.0116065506,0.0000000000,0.0000000000,0.0000000000,0.0000000000,-1.0000000000
0.5000000000,0.0157550275,0.0149480820,-0.0253164557,-0.0253164557,-0.0253164557,-0.0253164557,-1.0000000000
0.4000000000,0.0003397518,0.0008428575,0.0129870130,0.0129870130,0.0129870130,0.0129870130,23.6141124587
0.4000000000,0.0002874823,0.0007804236,0.0000000000,0.0000000000,0.0000000000,0.0000000000,-0.9830683091
0.4000000000,0.0002432542,0.0007226144,0.0000000000,0.0000000000,0.0000000000,0.0000000000,-1.0000000000
0.4000000000,0.0002058305,0.0006690874,0.0000000000,0.0000000000,0.0000000000,0.0000000000,-1.0000000000
0.4000000000,0.0001741643,0.0006195254,0.0000000000,0.0000000000,0.0000000000,0.0000000000,-1.0000000000
0.4000000000,0.0001473698,0.0005736346,0.0000000000,0.0000000000,0.0000000000,0.0000000000,-1.0000000000
0.4000000000,0.0001246975,0.0005311432,0.0000000000,0.0000000000,-0.0128205128,0.0000000000,-1.0000000000
0.4000000000,-0.0125540502,-0.0121726539,0.0000000000,0.0128205128,0.0129870130,0.0128205128,0.0352672362
0.3333333333,0.0020616670,0.0014050373,0.0128205128,0.0000000000,0.0000000000,-0.0126582278,-0.5773438250
0.4000000000,0.0017444875,0.0013009605,-0.0126582278,-0.0126582278,0.0000000000,0.0000000000,-1.0000000000
0.4000000000,0.0014761048,0.0012045930,0.0000000000,0.0128205128,0.0000000000,0.0000000000,-1.0000000000
0.4000000000,0.0012490118,0.0011153639,0.0000000000,-0.0126582278,0.0000000000,0.0000000000,-0.9778401933
0.4000000000,0.0010568561,0.0010327444,0.0000000000,0.0000000000,0.0000000000,0.0000000000,1.4547996272
0.5000000000,0.0008942629,0.0009562448,0.0000000000,0.0000000000,0.0000000000,0.0000000000,-1.0000000000
0.5000000000,0.0007566840,0.0008854118,0.0000000000,0.0000000000,0.0000000000,0.0000000000,-1.0000000000
0.5000000000,0.0006402710,0.0008198258,0.0000000000,0.0000000000,0.0000000000,0.0000000000,-1.0000000000
0.5000000000,-0.0121233179,-0.0119087388,0.0000000000,0.0128205128,0.0000000000,0.0128205128,-1.0000000000
0.5000000000,-0.0102581920,-0.0110266100,0.0128205128,0.0000000000,0.0000000000,0.0000000000,1.1646492435
0.5000000000,-0.0086800086,-0.0102098240,0.0000000000,0.0000000000,0.0128205128,0.0000000000,-0.5949672746
0.5000000000,-0.0073446227,-0.0094535408,0.0000000000,0.0000000000,0.0000000000,0.0000000000,-0.9167555695
0.5000000000,-0.0062146807,-0.0087532785,0.0000000000,0.0000000000,0.0000000000,0.0000000000,0.2630983792
0.5000000000,-0.0052585760,-0.0081048875,0.0000000000,0.0000000000,0.0000000000,0.0000000000,-1.0000000000
0.9900990099,0.0083139028,0.0052197755,-0.0126582278,-0.0126582278,-0.0126582278,-0.0126582278,-1.0000000000
0.5000000000,-0.0057124356,-0.0078862812,0.0000000000,0.0128205128,0.0000000000,0.0128205128,-0.7154168607
0.5000000000,-0.0048335994,-0.0073021122,0.0128205128,0.0000000000,0.0128205128,0.0000000000,-1.0000000000
0.5000000000,0.0086781086,0.0059726156,-0.0126582278,-0.0126582278,-0.0126582278,-0.0126582278,-1.0000000000
0.5000000000,0.0073430150,0.0055301996,0.0000000000,0.0000000000,0.0000000000,0.0000000000,-0.5499487705
0.5000000000,-0.0065235571,-0.0076024898,0.0128205128,0.0256410256,0.0000000000,0.0128205128,39.7973819010
0.5000000000,-0.0055199329,-0.0070393424,-0.0126582278,0.0000000000,0.0000000000,0.0000000000,-0.1809405561
0.5000000000,-0.0046707125,-0.0065179097,0.0128205128,0.0000000000,0.0128205128,0.0000000000,1.1410638552
0.5000000000,0.0088177030,0.0067080382,-0.0126582278,-0.0250000000,-0.0126582278,-0.0126582278,-0.9004964043
0.5000000000,-0.0052915393,-0.0065257035,0.0000000000,0.0128205128,0.0000000000,0.0128205128,-0.2952510393
0.5000000000,0.0082856532,0.0067007292,0.0128205128,0.0000000000,0.0000000000,-0.0126582278,2.0611457742
0.5000000000,0.0070109374,0.0062043789,-0.0126582278,-0.0126582278,0.0000000000,0.0000000000,-0.9616439371
0.5000000000,0.0059323316,0.0057447952,0.0000000000,0.0000000000,0.0000000000,0.0000000000,-1.0000000000
0.5000000000,0.0180718687,0.0183753491,-0.0128205128,-0.0128205128,-0.0128205128,-0.0128205128,-1.0000000000
0.5000000000,0.0022750224,0.0039755684,0.0129870130,0.0129870130,0.0129870130,0.0129870130,1.0328302149
0.5000000000,0.0149370322,0.0167159011,0.0000000000,0.0000000000,-0.0128205128,-0.0128205128,-0.9111749812
0.5000000000,-0.0003435244,0.0024587415,0.0128205128,0.0128205128,0.0129870130,0.0129870130,2.1829738059
0.5000000000,-0.0002906745,0.0022766125,-0.0126582278,-0.0126582278,0.0000000000,0.0000000000,1.0628101174
0.5000000000,-0.0002459553,0.0021079745,0.0000000000,0.0000000000,0.0000000000,0.0000000000,-1.0000000000
0.5000000000,-0.0002081160,0.0019518283,0.0000000000,0.0000000000,0.0000000000,0.0000000000,-1.0000000000
0.5000000000,-0.0001760982,0.0018072484,0.0000000000,0.0000000000,0.0000000000,0.0000000000,-0.9411204338
0.5000000000,-0.0251452810,-0.0233684563,0.0128205128,0.0256410256,0.0000000000,0.0256410256,110.3347853143
0.5555555556,-0.0212767762,-0.0216374596,0.0000000000,0.0000000000,0.0128205128,0.0000000000,-0.9643853226
0.5714285714,-0.0180034260,-0.0200346848,0.0126582278,0.0125000000,0.0000000000,0.0000000000,13.6812617702
0.5714285714,-0.0152336682,-0.0185506341,0.0000000000,-0.0123456790,0.0126582278,0.0000000000,-0.7144811810
0.5714285714,-0.0003949640,-0.0047357094,0.0000000000,0.0000000000,-0.0125000000,-0.0125000000,0.0465368776
0.5714285714,-0.0003342003,-0.0043849161,-0.0125000000,-0.0125000000,0.0000000000,0.0000000000,0.8454190963
0.5714285714,-0.0002827849,-0.0040601075,-0.0126582278,0.0126582278,-0.0126582278,0.0000000000,-0.2881070079
0.6000000000,0.0125781656,0.0090129571,0.0256410256,0.0000000000,0.0000000000,-0.0126582278,-0.7404623805
0.6000000000,0.0106430632,0.0083453307,-0.0125000000,-0.0125000000,0.0000000000,0.0000000000,5.9543594586
0.6666666667,0.0090056689,0.0077271580,-0.0126582278,-0.0126582278,0.0000000000,0.0000000000,-0.1042967925
0.6666666667,0.0076201814,0.0071547760,0.0128205128,0.0128205128,0.0000000000,0.0000000000,-0.9839310078
0.6666666667,0.0064478458,0.0066247925,-0.0253164557,-0.0126582278,-0.0128205128,0.0000000000,22.2767295597
0.6666666667,0.0185137379,0.0192007434,0.0129870130,0.0000000000,0.0000000000,-0.0128205128,0.0470143205
0.6666666667,-0.0100475793,-0.0079880774,0.0128205128,0.0128205128,0.0259740260,0.0259740260,-0.8764301075
0.6666666667,-0.0085017979,-0.0073963679,0.0000000000,0.0000000000,-0.0126582278,0.0000000000,20.0118343195
0.6666666667,-0.0196039061,-0.0192628827,0.0126582278,0.0126582278,0.0256410256,0.0126582278,-0.9392714563
0.6000000000,-0.0165879206,-0.0178360025,0.0000000000,0.0000000000,0.0000000000,0.0000000000,-1.0000000000
0.6000000000,-0.0140359328,-0.0165148171,0.0000000000,0.0000000000,0.0000000000,0.0000000000,-1.0000000000
0.6000000000,0.0006313332,-0.0028268328,-0.0125000000,-0.0125000000,-0.0125000000,-0.0125000000,-0.9521524603
0.6000000000,0.0005342050,-0.0026174377,0.0000000000,0.0000000000,0.0000000000,0.0000000000,5.3330179754
0.6000000000,-0.0120536307,-0.0148932590,0.0126582278,0.0126582278,0.0126582278,0.0126582278,-0.9710188228
0.5714285714,-0.0101992259,-0.0137900547,0.0000000000,0.0125000000,-0.0125000000,0.0000000000,5.7061855670
0.5714285714,-0.0086301143,-0.0127685691,0.0000000000,-0.0123456790,0.0126582278,0.0000000000,-0.5518831668
0.5714285714,-0.0073024044,-0.0118227492,0.0000000000,0.0000000000,0.0000000000,0.0000000000,3.4133790738
0.5714285714,-0.0061789575,-0.0109469900,0.0000000000,0.0000000000,0.0000000000,0.0000000000,7.7361057132
0.5714285714,0.0073636975,0.0023938209,0.0000000000,0.0000000000,-0.0125000000,-0.0125000000,2.9614734407
0.5714285714,-0.0063470643,-0.0103112054,0.0000000000,0.0000000000,0.0126582278,0.0126582278,-0.9554499921
0.5000000000,-0.0053705928,-0.0095474124,0.0000000000,0.0000000000,0.0000000000,0.0000000000,-1.0000000000
0.5000000000,-0.0045443478,-0.0088401967,0.0000000000,0.0000000000,0.0000000000,0.0000000000,-1.0000000000
0.5000000000,-0.0161434246,-0.0204299924,0.0000000000,0.0125000000,-0.0125000000,0.0125000000,1.0630687563
0.5000000000,-0.0013305685,-0.0066531179,0.0000000000,-0.0123456790,0.0126582278,-0.0123456790,-0.9449856031
0.5000000000,0.0115181107,0.0064199551,-0.0125000000,0.0000000000,-0.0125000000,-0.0125000000,841.0734966592
0.5000000000,0.0097460937,0.0059444029,0.0000000000,-0.0125000000,0.0000000000,0.0000000000,-0.7002877614
0.5000000000,0.0082466946,0.0055040767,0.0000000000,0.0000000000,0.0000000000,0.0000000000,-0.9951155372
0.5000000000,0.0069779724,0.0050963674,0.0000000000,0.0000000000,0.0000000000,0.0000000000,-0.1038843722
0.5000000000,0.0059044382,0.0047188587,0.0000000000,0.0000000000,0.0000000000,0.0000000000,-1.0000000000
0.5000000000,0.0049960631,0.0043693136,0.0000000000,0.0000000000,-0.0126582278,0.0000000000,-1.0000000000
0.5000000000,0.0042274380,0.0040456607,0.0000000000,0.0000000000,0.0128205128,0.0000000000,-0.4074816299
0.5000000000,0.0035770629,0.0037459821,0.0000000000,0.0000000000,0.0000000000,0.0000000000,-1.0000000000
0.5000000000,0.0030267455,0.0034685020,-0.0126582278,0.0000000000,-0.0126582278,0.0000000000,-1.0000000000
0.5000000000,0.0025610924,0.0032115759,0.0256410256,0.0126582278,0.0128205128,0.0000000000,-0.5061036373
0.5000000000,0.0021670782,0.0029736814,-0.0125000000,-0.0125000000,0.0000000000,0.0000000000,-0.1702395965
0.5000000000,0.0146777031,0.0156092216,0.0000000000,0.0000000000,-0.0126582278,-0.0126582278,2.9080547112
0.0000000000,0.0124195949,0.0144529830,-0.0126582278,-0.0126582278,0.0000000000,0.0000000000,2.1356795645
0.0000000000,0.0105088880,0.0133823917,0.0000000000,0.0000000000,0.0000000000,0.0000000000,-1.0000000000
0.0000000000,0.0088921360,0.0123911034,0.0000000000,0.0000000000,0.0000000000,0.0000000000,-1.0000000000
0.0000000000,-0.0052293547,-0.0013302149,0.0128205128,0.0128205128,0.0000000000,0.0128205128,-0.3537508603
0.5000000000,0.0083389455,0.0115730416,0.0000000000,0.0000000000,0.0000000000,-0.0126582278,0.5623003195
0.5000000000,0.0070560308,0.0107157792,-0.0126582278,-0.0126582278,0.0000000000,0.0000000000,-1.0000000000
0.5000000000,-0.0067633160,-0.0028618052,0.0128205128,0.0128205128,0.0128205128,0.0128205128,-1.0000000000
0.5000000000,0.0070243376,0.0101367211,-0.0126582278,-0.0126582278,-0.0126582278,-0.0126582278,-0.4098221846
0.5000000000,0.0059436703,0.0093858529,0.0128205128,0.0128205128,0.0000000000,0.0000000000,34.8249641320
0.5000000000,-0.0076926299,-0.0040776309,-0.0126582278,0.0000000000,0.0000000000,0.0128205128,-0.9592310773
0.5000000000,-0.0065091483,-0.0037755842,0.0128205128,0.0000000000,0.0128205128,0.0000000000,-1.0000000000
0.5000000000,0.0072421598,0.0092797821,-0.0126582278,-0.0126582278,-0.0126582278,-0.0126582278,-1.0000000000
0.5000000000,0.0061279814,0.0085923909,0.0128205128,0.0128205128,0.0000000000,0.0000000000,1.5939086294
0.5000000000,0.0051852150,0.0079559175,-0.0126582278,-0.0126582278,0.0000000000,0.0000000000,-0.4332681018
0.5000000000,-0.0083262760,-0.0053848856,0.0000000000,0.0128205128,0.0000000000,0.0128205128,-0.6464088398
0.5000000000,0.0056848778,0.0077705845,0.0000000000,-0.0126582278,0.0000000000,-0.0126582278,19.1640625000
0.5000000000,0.0048102812,0.0071949857,0.0000000000,0.0000000000,0.0000000000,0.0000000000,-1.0000000000
0.5000000000,0.0040702380,0.0066620238,0.0000000000,0.0000000000,0.0000000000,0.0000000000,-1.0000000000
0.5000000000,0.0034440475,0.0061685405,0.0000000000,0.0000000000,0.0000000000,0.0000000000,-1.0000000000
0.5000000000,0.0029141941,0.0057116116,0.0128205128,0.0128205128,0.0000000000,0.0000000000,4.9730538922
0.5000000000,-0.0102235847,-0.0074366420,-0.0126582278,0.0000000000,0.0000000000,0.0128205128,7.7634085213
0.5000000000,-0.0086507255,-0.0068857796,0.0128205128,0.0000000000,0.0128205128,0.0000000000,-0.1322427501
0.5000000000,-0.0073198447,-0.0063757219,0.0000000000,0.0000000000,0.0000000000,0.0000000000,-1.0000000000
0.5000000000,-0.0061937147,-0.0059034462,0.0000000000,0.0000000000,0.0000000000,0.0000000000,-1.0000000000
0.5000000000,-0.0052408355,-0.0054661539,0.0000000000,0.0000000000,0.0000000000,0.0000000000,-1.0000000000
0.5000000000,-0.0044345531,-0.0050612536,0.0000000000,0.0000000000,0.0000000000,0.0000000000,-1.0000000000
0.5000000000,0.0090200920,0.0080740855,0.0000000000,0.0000000000,-0.0126582278,-0.0126582278,-1.0000000000
0.5000000000,-0.0051224548,-0.0052768557,-0.0126582278,0.0000000000,0.0000000000,0.0128205128,-0.7061611374
0.5000000000,-0.0043343848,-0.0048859775,0.0128205128,0.0000000000,0.0128205128,0.0000000000,-0.8536866359
0.5000000000,-0.0036675564,-0.0045240532,0.0000000000,0.0000000000,0.0000000000,0.0000000000,-1.0000000000
0.5000000000,-0.0031033169,-0.0041889382,0.0000000000,0.0000000000,0.0000000000,0.0000000000,-1.0000000000
0.5000000000,-0.0026258836,-0.0038786465,0.0000000000,0.0000000000,0.0000000000,0.0000000000,-1.0000000000
0.5000000000,-0.0146941277,-0.0160464476,0.0126582278,0.0126582278,0.0126582278,0.0126582278,-1.0000000000
0.5000000000,0.0000673492,-0.0023876677,0.0000000000,0.0000000000,-0.0125000000,-0.0125000000,-0.9817399815
0.5000000000,0.0000569878,-0.0022108034,-0.0125000000,-0.0125000000,0.0000000000,0.0000000000,6.8575458392
0.5000000000,0.0000482204,-0.0020470402,0.0000000000,0.0000000000,0.0000000000,0.0000000000,-0.0242326333
0.5000000000,0.0000408019,-0.0018954076,0.0000000000,0.0000000000,0.0000000000,0.0000000000,-1.0000000000
0.5000000000,-0.0124659069,-0.0142330694,0.0126582278,0.0126582278,0.0000000000,0.0126582278,-1.0000000000
0.5000000000,-0.0105480750,-0.0131787680,-0.0125000000,0.0000000000,0.0000000000,0.0000000000,33.1012658228
0.5000000000,0.0036199552,0.0003012021,0.0126582278,0.0000000000,0.0000000000,-0.0125000000,-0.8549132753
0.5000000000,-0.0217039496,-0.0244193534,0.0000000000,0.0125000000,0.0126582278,0.0253164557,-0.2718920805
0.5714285714,-0.0060944415,-0.0103931438,0.0000000000,-0.0123456790,0.0000000000,-0.0123456790,2.8891550870
0.5714285714,-0.0051568351,-0.0096232813,0.0000000000,0.0000000000,0.0000000000,0.0000000000,-0.9286652977
0.5714285714,-0.0043634758,-0.0089104457,-0.0125000000,0.0000000000,-0.0125000000,0.0000000000,26.0805987334
0.5714285714,-0.0036921719,-0.0082504127,0.0126582278,0.0000000000,0.0126582278,0.0000000000,-0.9049299517
0.5714285714,-0.0031241454,-0.0076392710,0.0000000000,0.0000000000,0.0000000000,0.0000000000,-1.0000000000
0.6000000000,-0.0149565508,-0.0193317521,0.0125000000,0.0125000000,0.0125000000,0.0125000000,-1.0000000000
0.5714285714,-0.0003137373,-0.0056235176,-0.0123456790,-0.0123456790,-0.0123456790,-0.0123456790,-0.3325990534
0.5714285714,-0.0002654700,-0.0052069608,0.0000000000,0.0000000000,0.0000000000,0.0000000000,-1.0000000000
0.5714285714,0.0124307560,0.0077759393,0.0000000000,0.0000000000,-0.0250000000,-0.0125000000,-1.0000000000
0.5714285714,0.0105183320,0.0071999438,-0.0125000000,-0.0125000000,0.0128205128,0.0000000000,-1.0000000000
0.6000000000,0.0351053252,0.0328137994,0.0000000000,0.0000000000,-0.0253164557,-0.0253164557,-1.0000000000
0.5555555556,0.0297045059,0.0303831476,-0.0253164557,-0.0253164557,0.0000000000,0.0000000000,-1.0000000000
0.5454545455,0.0119918309,0.0149513576,0.0129870130,0.0259740260,0.0129870130,0.0129870130,-1.0000000000
0.4444444444,-0.0026397362,0.0010103832,0.0128205128,0.0000000000,0.0128205128,0.0128205128,-0.9892456237
0.4285714286,0.0105582537,0.0137680469,-0.0126582278,-0.0126582278,-0.0126582278,-0.0126582278,8.5948905109
0.4444444444,-0.0038374083,-0.0000714058,0.0128205128,0.0128205128,0.0128205128,0.0128205128,-0.6538607836
0.4444444444,0.0095318463,0.0127535487,0.0000000000,0.0000000000,-0.0126582278,-0.0126582278,5.6923076923
0.4545454545,0.0080654084,0.0118088414,-0.0126582278,-0.0126582278,-0.0128205128,0.0000000000,8.9674876847
0.4545454545,0.0068245764,0.0109341124,0.0000000000,0.0000000000,0.0129870130,0.0000000000,-0.9975124378
0.4545454545,0.0188366499,0.0232426740,-0.0128205128,-0.0128205128,-0.0128205128,-0.0128205128,17.7483443709
0.4545454545,0.0029138486,0.0084245714,0.0129870130,0.0129870130,0.0129870130,0.0129870130,6.8859060403
0.4545454545,-0.0102238734,-0.0049564396,0.0128205128,0.0128205128,0.0128205128,0.0128205128,-0.6483314670
0.4444444444,-0.0086509698,-0.0045892960,0.0000000000,0.0000000000,0.0000000000,0.0000000000,-0.6055279582
0.4444444444,-0.0073200513,-0.0042493481,0.0126582278,0.0126582278,0.0000000000,0.0000000000,-0.4204068453
0.5000000000,-0.0061938896,-0.0039345816,-0.0125000000,-0.0125000000,-0.0126582278,0.0000000000,15.3002785515
0.5000000000,0.0075123372,0.0091306749,-0.0126582278,-0.0126582278,0.0000000000,-0.0126582278,-0.9763833350
0.5000000000,-0.0063820980,-0.0043109160,0.0128205128,0.0128205128,0.0128205128,0.0128205128,1.6049204052
0.5000000000,-0.0054002368,-0.0039915889,0.0000000000,0.0000000000,0.0000000000,0.0000000000,-0.1205555556
0.5000000000,-0.0045694311,-0.0036959157,-0.0126582278,0.0000000000,-0.0126582278,0.0000000000,7.5792798484
0.5000000000,-0.0163181112,-0.0158793673,0.0256410256,0.0126582278,0.0256410256,0.0126582278,0.4278771814
0.5000000000,-0.0138076326,-0.0147031179,0.0000000000,0.0000000000,0.0000000000,0.0000000000,-1.0000000000
0.5000000000,0.0008269556,-0.0011280993,-0.0125000000,-0.0125000000,-0.0125000000,-0.0125000000,-1.0000000000
0.5000000000,0.0006997316,-0.0010445364,0.0000000000,0.0000000000,0.0000000000,0.0000000000,21.1778846154
0.5000000000,0.0134201842,0.0118409500,0.0000000000,0.0000000000,-0.0126582278,-0.0126582278,2.4743117277
0.5000000000,0.0113555405,0.0109638426,0.0000000000,0.0000000000,0.0000000000,0.0000000000,-0.4861171773
0.5000000000,0.0096085342,0.0101517061,-0.0126582278,-0.0126582278,0.0000000000,0.0000000000,-0.8193297717
0.5000000000,0.0081302982,0.0093997278,0.0000000000,0.0000000000,0.0000000000,0.0000000000,1.2432795699
0.5000000000,0.0068794831,0.0087034517,0.0000000000,0.0000000000,0.0000000000,0.0000000000,-1.0000000000
0.5000000000,0.0058211011,0.0080587516,0.0000000000,0.0000000000,0.0000000000,0.0000000000,-1.0000000000
0.5000000000,0.0049255471,0.0074618070,0.0000000000,0.0000000000,0.0000000000,0.0000000000,-1.0000000000
0.5000000000,0.0041677706,0.0069090806,0.0000000000,0.0000000000,0.0000000000,0.0000000000,-1.0000000000
0.5000000000,-0.0091762929,-0.0063419095,0.0128205128,0.0128205128,0.0128205128,0.0128205128,-1.0000000000
0.5000000000,0.0180077937,0.0199493645,-0.0126582278,-0.0126582278,-0.0253164557,-0.0253164557,77.5858310627
0.4285714286,0.0152373639,0.0184716338,-0.0128205128,-0.0128205128,0.0000000000,0.0000000000,0.0176831594
0.4285714286,0.0128931540,0.0171033646,-0.0129870130,0.0000000000,-0.0259740260,0.0000000000,-0.5923137201
0.4000000000,0.0109095919,0.0158364487,0.0131578947,0.0000000000,0.0266666667,0.0000000000,-0.9847066689
0.4000000000,0.0225105509,0.0280142124,-0.0129870130,-0.0129870130,-0.0129870130,-0.0129870130,0.2185792350
0.4000000000,-0.0070820310,-0.0003670449,0.0131578947,0.0263157895,0.0131578947,0.0263157895,104.4887892377
0.5000000000,-0.0059924878,-0.0003398563,0.0000000000,0.0000000000,-0.0129870130,0.0000000000,-0.2954004421
0.5000000000,0.0078505949,0.0126682444,0.0000000000,-0.0128205128,0.0000000000,-0.0128205128,-0.7949924585
0.5294117647,0.0066428111,0.0117298559,0.0000000000,0.0000000000,0.0131578947,0.0000000000,-1.0000000000
0.5294117647,0.0188526933,0.0241617801,-0.0129870130,-0.0129870130,-0.0129870130,-0.0129870130,-1.0000000000
0.5454545455,0.0159522789,0.0223720186,0.0131578947,0.0131578947,0.0000000000,0.0000000000,1.9143027769
0.5454545455,0.0134980822,0.0207148320,-0.0129870130,-0.0129870130,0.0000000000,0.0000000000,-0.0252305328
0.5454545455,0.0114214542,0.0191804000,0.0000000000,0.0000000000,0.0000000000,0.0000000000,-1.0000000000
0.6153846154,0.0096643074,0.0177596296,0.0000000000,0.0000000000,0.0000000000,0.0000000000,-1.0000000000
0.6666666667,0.0081774908,0.0164441015,0.0000000000,0.0000000000,0.0000000000,0.0000000000,-0.6346417696
0.6666666667,0.0069194153,0.0152260199,0.0000000000,0.0000000000,-0.0131578947,0.0000000000,-0.6161384869
0.6666666667,-0.0072081606,0.0009280605,0.0131578947,0.0131578947,0.0266666667,0.0131578947,-0.8880935338
0.6000000000,0.0069784291,0.0140285168,-0.0129870130,-0.0129870130,-0.0129870130,-0.0129870130,42.1428571429
0.6000000000,0.0059048246,0.0129893674,0.0000000000,0.0000000000,0.0000000000,0.0000000000,-0.6433231195
0.5000000000,0.0049963901,0.0120271921,0.0000000000,0.0000000000,0.0000000000,0.0000000000,-1.0000000000
0.5000000000,0.0176174175,0.0246181061,-0.0131578947,-0.0131578947,-0.0131578947,-0.0131578947,-1.0000000000
