0.6709088861,-0.0180799230,-0.0030594406,0.0086225956,0.0047826087,0.0106880428,0.0030688295,-0.6922861477
0.5789625360,-0.0144368902,-0.0019604031,0.0028496274,0.0032453483,-0.0013218771,-0.0008741259,2.2526110071
0.6128737035,-0.0233241297,-0.0130404498,-0.0008743169,0.0019409101,0.0033090668,0.0113735783,-0.5026420523
0.6321205972,-0.0081528115,-0.0004009725,0.0105009845,0.0004304778,0.0041776605,-0.0116782007,-0.1712255512
0.6768586062,-0.0564503732,-0.0502487958,-0.0112578480,0.0352839931,-0.0013137727,0.0525164114,0.7362155804
0.6863732768,-0.0326827917,-0.0314241284,0.0525509087,0.0095594347,0.0377110283,-0.0155925156,-0.0240345409
0.7080541501,-0.0307252341,-0.0321624265,-0.0151861868,-0.0174969123,-0.0042256497,0.0031678986,-0.3025019250
0.6375827534,-0.0224998534,-0.0262951862,0.0014786650,-0.0041902367,-0.0002121791,-0.0035789474,-0.4584217721
0.6334661355,-0.0215191679,-0.0268147985,-0.0027420375,-0.0016831475,-0.0061544992,0.0025353898,0.2327814237
0.5734157651,-0.0318785243,-0.0384063412,0.0021150592,0.0141201264,0.0079009182,0.0141201264,-0.4557713722
0.5453413571,-0.0251508520,-0.0337542342,0.0145631068,0.0051953450,0.0114406780,-0.0018703242,1.2023332819
0.5406295001,-0.0243285590,-0.0342699420,-0.0006240899,0.0006202191,-0.0006284039,0.0031230481,-0.1003144966
0.6403731976,0.0042175099,-0.0072104743,0.0031223980,-0.0039256198,-0.0234751624,-0.0246990452,1.0866994826
0.5613165014,0.0039959855,-0.0062534042,-0.0263540154,-0.0213648621,-0.0021463833,-0.0004256225,0.1084169065
0.6255850234,0.0106973158,0.0014590353,0.0012787724,-0.0033912675,-0.0010755001,-0.0072386630,-0.1725662273
0.6014570388,0.0043132324,-0.0033512230,-0.0080885483,0.0025521055,0.0015073213,0.0047179927,-0.6530721596
0.5826789320,0.0053663991,-0.0013977938,0.0049356223,0.0002121341,0.0004300151,-0.0017075774,-0.3455020145
0.6211432672,0.0030395640,-0.0027867685,-0.0017083066,0.0023329799,-0.0070921986,0.0014966859,2.9606640441
0.3788235294,-0.0257163981,-0.0307233025,0.0008556150,0.0323741007,0.0125541126,0.0290350128,0.2130625404
0.5540950455,-0.0199300230,-0.0266300065,0.0301346442,-0.0061488010,0.0160324925,-0.0018672199,-0.7801449367
0.6041319560,-0.0186995969,-0.0264785925,-0.0029045643,-0.0010311404,0.0054702293,0.0018707129,0.0837200198
0.5593043478,-0.0055064124,-0.0142920289,0.0020807324,-0.0014450867,-0.0018832392,-0.0103734440,-0.2528458828
0.5638766520,-0.0061177993,-0.0146793233,-0.0093438538,-0.0008269589,0.0002096436,0.0014675052,0.8756925755
0.4974619289,0.0023774277,-0.0061018396,0.0012575980,-0.0091040761,-0.0077551876,-0.0075361105,0.1986259823
0.4698630137,-0.0026165599,-0.0102426929,-0.0077454469,-0.0043850491,-0.0033798057,0.0046403712,-0.2408563335
0.4786123274,-0.0043044920,-0.0115592232,0.0037974684,0.0025167785,0.0031793133,0.0020995171,-0.1485703279
0.5677476677,-0.0000808491,-0.0071668092,0.0035729298,0.0073221757,-0.0019015424,-0.0035617012,0.3911013519
0.5424448217,0.0016163939,-0.0049621955,-0.0039790576,-0.0085150571,-0.0008467401,-0.0016820858,0.1814265328
0.5878564857,-0.0069979272,-0.0129104599,-0.0023128680,0.0050272308,-0.0002118644,0.0084245998,1.4735300746
0.6073619632,-0.0202452233,-0.0261911017,0.0077976818,0.0135473114,0.0046620047,0.0146198830,-0.7126879414
0.6105476673,-0.0205580156,-0.0276536319,0.0158929318,0.0115155254,0.0151866695,0.0034993825,0.6842672966
0.6182902584,-0.0247967863,-0.0329449149,0.0059695348,0.0016263468,0.0141284022,0.0075897436,-0.5159225184
0.5247524752,-0.0261367100,-0.0356092251,0.0051156129,0.0140044652,0.0063511575,0.0052931596,0.2254587295
0.4879548949,-0.0183385274,-0.0292362859,0.0036644951,-0.0072057646,-0.0002035831,-0.0038477116,-0.4609739687
0.5240274600,-0.0232612309,-0.0347237705,-0.0028397566,0.0028225806,0.0010181226,0.0079284407,0.9913611024
0.5982142857,-0.0119101915,-0.0244781110,0.0093572010,0.0283474065,-0.0006102522,-0.0078660750,7.6104024421
0.5782011520,-0.0166746699,-0.0291778533,-0.0086658605,-0.0252199413,0.0000000000,0.0067086806,-0.8111551055
0.6115444618,-0.0109135803,-0.0238626136,0.0060988006,-0.0026073004,0.0016283330,-0.0032310178,-0.3940350908
0.6319702602,-0.0084310274,-0.0213019023,-0.0034350374,0.0016086869,-0.0004064215,-0.0008103728,-0.0104266255
0.6855647623,0.0001665394,-0.0125160717,-0.0002027575,-0.0084320418,-0.0069119740,-0.0072992701,0.0238296729
0.6479802143,-0.0115684428,-0.0231609861,-0.0064895559,0.0040494027,-0.0002047083,0.0118464052,-0.5166270531
0.6369426752,0.0001033369,-0.0116697861,0.0108185344,0.0036297641,0.0028665029,-0.0098909972,1.3236103568
0.5955334988,0.0211134238,0.0099916156,-0.0084814216,-0.0112517581,-0.0340955492,-0.0205912334,0.3302022517
0.4813359528,0.0185012380,0.0098821467,-0.0215885947,-0.0154440154,0.0063411541,-0.0006244796,-0.4502642726
0.5362973255,0.0188380996,0.0123129549,-0.0008326395,-0.0068111455,0.0006301197,-0.0031243491,-0.2444406531
0.5545023697,0.0184936127,0.0139431570,-0.0031250000,-0.0012468828,-0.0090260285,-0.0025073130,-0.0910504457
0.5957836847,0.0325182410,0.0297346504,-0.0025078370,-0.0052018310,-0.0065664054,-0.0163385002,0.2012351968
0.5510809665,0.0212089908,0.0212255376,-0.0150848523,-0.0110855470,-0.0019189765,0.0061754685,-0.1298560209
0.5312084993,0.0229253885,0.0246409457,0.0040416933,0.0048646362,-0.0053407392,-0.0048677249,2.2503256668
0.5427408412,0.0129356093,0.0163312292,-0.0038135593,-0.0018943380,0.0079467354,0.0063802637,-0.6102849706
0.5364511692,0.0098784420,0.0140500271,0.0059549128,0.0004217630,-0.0068186661,0.0010566357,0.1544181738
0.4609571788,0.0109195926,0.0155820064,0.0010570825,0.0023187184,0.0120145891,-0.0025332489,-0.6177298369
0.4548467274,-0.0092130955,-0.0041198259,-0.0016895459,0.0168243954,-0.0093279627,0.0186243386,17.8915971949
0.5341812401,-0.0177952871,-0.0138543661,0.0175587053,0.0227507756,0.0246094586,0.0101807604,0.3296498681
0.5232671656,-0.0321765989,-0.0299859142,0.0114345114,0.0046511628,0.0160818713,0.0176881942,-0.7897708002
0.5784624244,-0.0210933484,-0.0216351252,0.0172661871,0.0018115942,0.0106885920,-0.0062651576,-0.1093876120
0.6580412709,-0.0118190479,-0.0140167623,-0.0064659527,-0.0036166365,-0.0063046573,-0.0061012813,-0.2089770173
0.6248833593,-0.0136337577,-0.0166005809,-0.0063046573,-0.0054446461,0.0000000000,0.0036832413,-0.2668374669
0.5842911877,-0.0133466297,-0.0171742582,0.0034793287,0.0002027575,-0.0006139992,0.0018348624,-0.4267792416
0.5300472654,-0.0074556254,-0.0120823034,0.0016316541,0.0022298804,0.0022527135,-0.0038665039,0.6017589756
0.6305220884,-0.0111568666,-0.0160117750,-0.0036652413,-0.0048543689,-0.0012259910,0.0049029622,0.3587520174
0.6267748479,-0.0076247359,-0.0130198992,0.0036787247,0.0024390244,-0.0006137480,-0.0018296402,-0.6180535346
0.6566085848,-0.0084711067,-0.0140634795,-0.0002036245,0.0002027575,0.0026612078,0.0020366599,-0.3476982579
0.6413670661,-0.0081758110,-0.0140237487,0.0020366599,0.0077032232,0.0018374847,0.0010162602,1.7056530709
0.6413670661,-0.0210310488,-0.0270117877,0.0012195122,0.0203178435,0.0000000000,0.0144162437,4.4525372588
0.6425702811,-0.0209310320,-0.0281234096,0.0152253350,-0.0065063091,0.0093743632,0.0032025620,-0.7752495250
0.5898617512,-0.0304779237,-0.0386989863,0.0013997201,0.0109148641,0.0100948920,0.0131683958,-0.0234232751
0.6036615537,-0.0288489605,-0.0388607971,0.0135782748,0.0017667845,0.0133919648,0.0031508468,0.2100939680
0.5399195864,-0.0340812238,-0.0455380809,0.0043341214,0.0178326475,0.0051282051,0.0100117786,1.7618776824
0.5966620306,-0.0194998620,-0.0329549368,0.0094154570,-0.0075086638,-0.0009811617,-0.0095238095,-0.8353251666
0.5270270270,-0.0182337718,-0.0322230126,-0.0102992616,-0.0048496605,0.0000000000,0.0017660911,0.2056724957
0.5190505934,-0.0165844025,-0.0309750356,0.0019634793,0.0013645224,0.0021606757,0.0011753183,-0.4142705194
0.5163316583,-0.0159582968,-0.0305773263,0.0029394474,-0.0011679969,0.0005880047,0.0019565643,-0.1910656457
0.4709784411,-0.0325832545,-0.0471059917,0.0005861665,0.0194893783,0.0025465230,0.0197227104,2.5765614088
0.5308823529,-0.0316500514,-0.0476289461,0.0201132591,0.0061173772,0.0158264947,0.0042129452,-0.0525362382
0.3944387230,-0.0223062418,-0.0397059375,0.0042113323,0.0003800114,0.0021157915,-0.0045766590,0.1348501103
0.4816010329,-0.0303909417,-0.0480711911,-0.0045749142,0.0256410256,-0.0026871401,0.0118773946,8.5487591513
0.5171377029,-0.0262684593,-0.0450527403,0.0093833780,-0.0181481481,0.0102001540,0.0005679667,-0.9007103748
0.4741322855,-0.0155211525,-0.0351431547,0.0022766079,-0.0035835534,-0.0005715374,-0.0068117313,-0.5538145007
0.4877819549,-0.0161323080,-0.0354800076,-0.0060571645,-0.0005678592,0.0009531071,0.0030481997,0.0021733631
0.4489383215,-0.0074291728,-0.0267517273,0.0028565987,0.0007575758,-0.0055227576,-0.0062678063,0.9231487112
0.4670558799,-0.0115759543,-0.0299614556,-0.0068363084,-0.0017032551,-0.0032554577,0.0053516820,-0.2421258002
0.4457935820,-0.0135458146,-0.0314248836,0.0047801147,0.0039810427,0.0069164265,0.0038022814,-0.5403614568
0.4718909710,-0.0138897661,-0.0314817239,0.0047573739,0.0039652568,0.0053424919,0.0024621212,1.5093746075
0.4754653130,-0.0213672570,-0.0385948731,0.0028409091,0.0110964830,0.0039855760,0.0098242962,1.4856607216
0.5133437991,-0.0180799867,-0.0357359936,0.0096317280,-0.0011160714,0.0035916824,0.0000000000,-0.0521878418
0.5318791946,-0.0073123758,-0.0252470916,-0.0005611672,-0.0042830540,-0.0077227350,-0.0080449018,-0.2946057891
0.4426229508,-0.0073107701,-0.0244808813,-0.0069249485,-0.0026182906,0.0039863326,0.0011316484,-0.7443728737
0.4237288136,-0.0014831498,-0.0180425891,0.0000000000,-0.0031876992,-0.0075628663,-0.0047098719,1.5088234191
0.4219409283,-0.0044584947,-0.0198600626,-0.0037693178,0.0453348382,-0.0011430749,0.0032178686,18.8991663909
0.3613053613,-0.0112349502,-0.0257418386,0.0032160424,-0.0304120929,0.0011443830,0.0075471698,-0.9175164523
0.4120171674,0.0059405306,-0.0086114665,0.0058457477,-0.0051967335,-0.0003810250,-0.0153558052,0.5246135958
0.3440860215,0.0008389919,-0.0121070235,-0.0142482190,-0.0104477612,-0.0011435106,0.0041841004,-0.5075645062
0.3510638298,0.0008994806,-0.0110229007,0.0038037277,0.0009426848,0.0026712459,-0.0001893939,-0.3683621535
0.3960000000,0.0024701786,-0.0085160399,0.0000000000,-0.0037671878,-0.0009514748,-0.0017048683,0.1225282350
0.4314720812,0.0007608672,-0.0092012736,-0.0018946571,0.0003781433,0.0013333333,0.0013282732,-0.6157261040
0.4120734908,0.0004542231,-0.0087075493,0.0003796507,0.0024570025,0.0015217805,0.0001895016,0.2691679224
0.3929539295,-0.0022621768,-0.0106867188,0.0017077799,-0.0022624434,-0.0049382716,0.0026525199,0.4301308512
0.3232628399,-0.0013480204,-0.0093335077,0.0026520174,0.0049130763,0.0038175224,-0.0005668934,-0.0261352053
0.3600673023,-0.0077071386,-0.0151593278,0.0005667863,0.0028206093,0.0015212017,0.0066175080,0.1207160739
0.4251497006,0.0028972191,-0.0046890162,0.0049093656,0.0067504219,0.0009493070,-0.0093914350,1.4275989563
0.4067796610,-0.0007693868,-0.0075407350,-0.0093949643,-0.0102439933,-0.0015174507,0.0032233599,-0.4544490629
0.3974025974,-0.0047891106,-0.0110940372,0.0026555387,0.0022581859,0.0041793313,0.0041580042,-0.8578054798
0.4051282051,-0.0070425970,-0.0132438543,0.0049186530,0.0030041307,0.0000000000,0.0030114813,3.7928454564
0.3661202186,-0.0072631472,-0.0135585852,0.0045180723,0.0204043429,0.0020809686,0.0013135673,2.3676913503
0.4986737401,-0.0089317264,-0.0153222677,0.0000000000,-0.0154100165,0.0032093638,0.0028110945,-0.8047976990
0.4859474161,-0.0101473991,-0.0167597691,0.0022488756,0.0059623626,0.0063981935,0.0026163334,1.2193030854
0.4172932331,-0.0124517804,-0.0193567963,0.0037397158,0.0029635118,0.0014958863,0.0039142591,-0.1586937924
0.3669923996,-0.0129186057,-0.0202876570,0.0039120715,-0.0007386888,0.0009335325,0.0024136651,0.2613470770
0.3751339764,-0.0125771375,-0.0204178070,0.0022267582,0.0014784698,0.0029845178,0.0016669754,0.4372238096
0.3856691254,-0.0159192535,-0.0241383627,0.0009257545,0.0070123639,0.0042774781,0.0053624260,-0.4346815821
0.4044943820,-0.0221033980,-0.0309058844,0.0057343692,0.0190580905,0.0068518519,0.0088283980,1.6252727931
0.2907801418,-0.0083981707,-0.0184159598,0.0101158727,-0.0088113649,-0.0053338238,-0.0103919781,-0.2067891696
0.2639149468,-0.0039867219,-0.0139636388,-0.0116533139,-0.0143323657,-0.0016642012,-0.0031319086,-0.0446607108
0.3414239482,-0.0075917113,-0.0171071800,-0.0040530582,0.0012884226,-0.0005556585,0.0042506006,-0.6215228833
0.3477564103,-0.0109739309,-0.0203470342,0.0062893082,0.0047794118,0.0035211268,0.0046006625,1.0572365037
0.3508771930,-0.0074674757,-0.0170392222,0.0022058824,0.0031101354,0.0031394275,-0.0018318373,0.0669462558
0.4214876033,-0.0268566198,-0.0361195519,0.0001834189,0.0155024622,0.0011045655,0.0211047899,0.6089133298
0.5270270270,-0.0211414881,-0.0318780523,0.0203557675,0.0016163793,0.0137918352,-0.0016175413,-0.4762565927
0.5866666667,-0.0134490281,-0.0251293584,-0.0016175413,-0.0008965394,0.0023580628,-0.0045004500,-0.0885346996
0.5998304366,-0.0108433338,-0.0227377641,-0.0037803780,-0.0023330940,-0.0034382917,-0.0005424955,-0.4572820788
0.6498553121,-0.0118568993,-0.0237031060,-0.0005421034,0.0001798885,0.0041765026,0.0027139497,0.7693920680
0.6515837104,-0.0077051114,-0.0196476848,0.0016271922,-0.0008992806,-0.0025316456,-0.0023457236,-0.6779555279
0.6894553882,0.0003555865,-0.0113977838,-0.0021660650,-0.0048604860,-0.0061638869,-0.0068728522,2.3809150026
0.6776611694,0.0104216587,-0.0005425474,-0.0063314038,-0.0057887120,-0.0105800803,-0.0100163905,1.2095896772
0.6382470120,0.0088183266,-0.0005023587,-0.0103768433,-0.0069141194,-0.0046091445,0.0000000000,-0.3197913564
0.6768060837,0.0124905877,0.0045242117,0.0011037528,-0.0027482594,-0.0001852195,-0.0049668874,-0.3721858322
0.6641791045,0.0143194467,0.0079158954,-0.0058801911,-0.0018372221,-0.0022230456,-0.0036975411,0.5226658119
0.6992481203,0.0183524226,0.0135360067,-0.0038817006,-0.0053377508,-0.0061269959,-0.0061235851,-0.0849774070
0.7361268403,0.0108108492,0.0078291334,-0.0063091483,-0.0014803849,-0.0014944891,0.0046676624,-0.5704761488
0.6758720930,0.0102741320,0.0083735688,0.0041083100,-0.0009266123,0.0020579981,-0.0011150344,0.1389940855
0.4662004662,0.0064465459,0.0055084483,0.0000000000,0.0022259321,0.0024271845,0.0022325581,0.3101261421
0.4148936170,-0.0036083805,-0.0039595408,0.0016737958,0.0077734592,0.0014900354,0.0090959718,1.5860917527
0.5088161209,-0.0036031329,-0.0042157912,0.0096546602,0.0084481175,0.0083689790,0.0005518764,-0.5190240021
0.4312796209,0.0030369128,0.0021769898,-0.0020228025,-0.0092879257,-0.0038731096,-0.0060672918,-0.4662968043
0.4416873449,0.0072276108,0.0066710729,-0.0038695412,-0.0009191176,-0.0057396778,-0.0046244913,6.6662389290
0.4289156627,0.0188009831,0.0188630040,-0.0040695523,-0.0027598896,-0.0128491620,-0.0124512172,-0.0236718102
0.4009009009,0.0153353201,0.0168916618,-0.0133729569,-0.0147601476,-0.0066025278,0.0005645465,-0.6062821520
0.3790464979,0.0233694861,0.0260612110,0.0011295181,0.0003745318,-0.0013292822,-0.0101561031,-0.3734599447
0.3571081999,0.0260125238,0.0303957450,-0.0109063558,-0.0144140771,-0.0081764594,-0.0060801824,-0.0424714884
0.3528283797,0.0188941173,0.0250090249,-0.0055133080,-0.0005698006,0.0003834356,0.0030586886,-0.7837887899
0.3351063830,0.0161809990,0.0233515401,0.0028675206,0.0011402509,0.0034495975,-0.0001905851,0.3396290319
0.3662790698,0.0162098624,0.0241597447,-0.0001906214,-0.0022779043,-0.0019098549,-0.0024780785,0.1136823319
0.3650357339,0.0322584206,0.0410708136,-0.0030505243,-0.0049467275,-0.0204745503,-0.0179629276,2.6836039741
0.2939353696,0.0410711931,0.0519480618,-0.0172117040,-0.0162523901,-0.0105489353,-0.0132321463,-0.1108112223
0.2921810700,0.0321066426,0.0454200217,-0.0140105079,-0.0108843537,-0.0041461007,0.0025635969,-0.4728846832
0.1690821256,0.0318351782,0.0467912560,0.0019735544,0.0021615249,-0.0087232355,-0.0045239969,2.0402161050
0.2064516129,0.0295821072,0.0460120888,-0.0039393343,-0.0084313725,0.0004000000,-0.0025686623,-0.1547982339
0.2147651007,-0.0108284157,0.0061295950,-0.0011864742,0.0866126162,0.0097960816,0.0362519810,23.5093830754
0.5699558174,-0.0146252978,0.0001309519,0.0360324688,-0.0305732484,0.0304890121,0.0055438731,-0.8756446331
0.5671121441,0.0067647625,0.0195034466,0.0051595643,-0.0105124836,-0.0161383285,-0.0190114068,-0.2245503009
0.5767083223,0.0092446507,0.0216225464,-0.0188212928,-0.0176437109,0.0009763718,-0.0034883721,-0.6629285247
0.5996682333,0.0054758952,0.0176459732,-0.0036814571,0.0001931248,0.0025360905,0.0023337223,-0.5132326910
0.5508982036,-0.0065462778,0.0050288767,0.0023337223,0.0086889361,0.0027242654,0.0112533954,0.0769845767
0.5885286783,0.0095695185,0.0199199428,0.0100892511,-0.0024885145,-0.0087327770,-0.0149654643,1.7183042761
0.5369738339,0.0807207059,0.0918132191,-0.0138301959,-0.0147764345,-0.1108065779,-0.0671990651,51.5419395379
0.3897605285,0.0938847398,0.1109950004,-0.0677834048,-0.0576548500,0.0237780713,-0.0233869284,-0.6178432083
0.3840520749,0.0850086497,0.1084612112,-0.0223568742,-0.0159156676,-0.0083870968,-0.0051314945,-0.3771197220
0.3983122363,0.0524777658,0.0804572803,-0.0055567429,0.0205839109,-0.0058555628,0.0184826993,-0.0515482265
0.4522968198,0.0391416763,0.0690832597,0.0191274447,-0.0067915209,0.0298865620,0.0050643596,0.3994631643
0.3986054619,0.0160540962,0.0463906605,0.0046393927,0.0588479072,-0.0012709172,0.0167961369,1.0668915121
0.3740589090,0.0241578242,0.0538342893,0.0167926113,-0.0324853229,0.0074231177,-0.0103241792,-0.7243500922
0.3168363352,0.0057525897,0.0347346457,-0.0103220479,-0.0101132686,0.0012631579,0.0146046318,-0.1563800988
0.3462230216,0.0155176686,0.0431010787,0.0141843972,0.0079689416,-0.0090412111,-0.0104873535,2.5303467092
0.3621825024,-0.0001675201,0.0262590752,-0.0109008638,-0.0030407460,0.0157012519,0.0133000831,-0.8831059384
0.3384879725,0.0190862955,0.0440123039,0.0141401539,-0.0058967060,-0.0031334865,-0.0188679245,-0.2622354170
0.3721124409,0.0360744510,0.0611590378,-0.0188640558,-0.0163632645,-0.0173931266,-0.0192307692,-0.0537913308
0.3805049912,0.0196586083,0.0454875669,-0.0194357367,-0.0124766064,0.0000000000,0.0106564365,1.3928262257
0.3629054616,0.0119394227,0.0373056492,0.0089514066,0.0090545378,0.0057581574,0.0046393927,-0.3521999345
0.4463648319,0.0105268230,0.0349767669,0.0061258978,-0.0037562604,0.0023324852,-0.0004198153,-0.7711318726
0.5218537228,-0.0001214113,0.0231470621,-0.0002099517,0.0098449937,0.0055003173,0.0090298194,0.9239272860
0.4887552884,-0.0052781843,0.0161455474,0.0094498110,0.0091267372,0.0113612455,0.0052029136,0.8086864675
0.4515050167,0.0114489833,0.0311751106,0.0029124194,-0.0080164440,-0.0110255877,-0.0157349896,-0.6235889913
0.4553054662,-0.0076380284,0.0112111264,-0.0138975316,0.0031081641,-0.0063104754,0.0174589819,3.1896093354
0.4573991031,0.0037048297,0.0207208256,0.0174589819,-0.0008262756,0.0074089754,-0.0101302460,-0.4948801467
0.4580838323,0.0171558005,0.0334312425,-0.0095100269,-0.0093032872,-0.0092456398,-0.0137844612,-0.0662064719
0.4389337994,0.0057834686,0.0220803740,-0.0144020038,-0.0039649416,-0.0023329799,0.0086827615,-0.1728834786
0.4271760365,-0.0018125729,0.0136347316,0.0086827615,0.0475591871,0.0076530612,0.0067184548,1.5803633464
0.4022650057,0.0047525360,0.0190001435,0.0073483099,-0.0384000000,0.0044303797,-0.0062565172,-0.7024029287
0.4461190656,-0.0028841476,0.0105938592,-0.0075031263,0.0014559068,-0.0023104390,0.0069254984,0.4269083279
0.4797317002,0.0087019609,0.0210883458,0.0060898782,0.0361370717,-0.0016842105,-0.0110462693,1.4091043596
0.4642262895,-0.0023088347,0.0097374322,-0.0096013358,-0.0396873121,-0.0031632223,0.0096944152,-0.5106778969
0.4848000000,0.0016003690,0.0126092022,0.0103266596,0.0008348988,0.0029617093,-0.0035483198,-0.2657023603
0.4715953307,-0.0030313343,0.0072444929,-0.0035460993,0.0114702815,0.0075933347,0.0043988270,1.3055792397
0.4528605963,-0.0108167644,-0.0016206397,0.0035587189,-0.0006185567,-0.0027213732,0.0083420229,-0.4132016087
0.4657749803,-0.0035884042,0.0041066215,0.0093867334,0.0000000000,0.0048278757,-0.0055842813,-0.3505674041
0.5118155620,0.0021746326,0.0090491471,-0.0074395536,-0.0063957087,-0.0094004596,-0.0051996672,-0.1054417027
0.4820562561,0.0119960027,0.0186010541,-0.0058296898,-0.0060215947,-0.0103331927,-0.0100355425,1.7324899414
0.4829931973,-0.0043583584,0.0026127901,-0.0085863874,0.0064758722,0.0061794162,0.0145723337,-0.3329626761
0.5472186287,0.0057330549,0.0118978940,0.0141529362,-0.0012453300,0.0055061415,-0.0093671940,-0.0853253784
0.5343680710,-0.0006089592,0.0055230616,-0.0085398875,-0.0047797174,-0.0054759899,0.0054633326,0.2182318737
0.5280898876,0.0053677565,0.0110301095,0.0046218487,-0.0008352474,0.0040237188,-0.0058516196,-0.3965749759
0.5301321302,0.0043308209,0.0100007455,-0.0048097031,-0.0022988506,-0.0010546298,0.0002102165,-0.2922778610
0.4935741577,-0.0057389371,-0.0001959525,-0.0002101282,0.0079597822,0.0046452703,0.0094577554,-0.3695777526
0.5280340667,-0.0136862324,-0.0090531251,0.0092475830,0.0105985037,0.0086170660,0.0089527379,1.2339897991
0.5250000000,-0.0224734427,-0.0193105526,0.0087463557,0.0076084721,0.0093769535,0.0111432109,0.4666658884
0.5192775269,-0.0113488998,-0.0102041737,0.0105284889,0.0026530612,-0.0006193229,-0.0077551020,-0.5362588693
0.5303656598,0.0036078837,0.0037645523,-0.0071501532,-0.0067168736,-0.0165255113,-0.0131633073,3.0545800053
0.5024125452,-0.0029733887,-0.0025431174,-0.0131687243,-0.0069672131,0.0073513968,0.0060441851,-0.8679908163
0.4799281007,-0.0096965165,-0.0095364710,0.0062552127,0.0088732976,0.0054211843,0.0072508805,0.4396144561
0.4584092289,-0.0049301421,-0.0055575278,0.0066307501,-0.0010227040,0.0031107424,-0.0032908268,1.2752281608
0.4970375247,0.0051622874,0.0041789558,-0.0030876904,-0.0028665029,-0.0074426297,-0.0092860091,0.4216036476
0.4583606557,0.0026972753,0.0021994191,-0.0088787941,-0.0080082136,-0.0035409290,0.0016663195,-0.8160387313
0.4409074277,0.0024907713,0.0022449094,0.0022916667,0.0002069965,0.0008361204,-0.0002079434,1.7677493709
0.4897494305,0.0031507857,0.0031217997,-0.0031178549,0.0024834437,-0.0018796992,-0.0010399334,0.5659702162
0.5216336433,0.0030837400,0.0033083393,0.0018765638,-0.0024772915,0.0023017368,-0.0004164064,-0.1811755415
0.5935023772,-0.0000981849,0.0003545479,-0.0006243496,0.0031043046,0.0014613779,0.0027077692,-0.4366723227
0.5539130435,0.0011647369,0.0015766149,0.0033319450,-0.0057767691,-0.0020846362,-0.0012463648,0.7518554731
0.5568352529,0.0022362574,0.0027111320,-0.0024906600,0.0085079892,-0.0004177982,-0.0012479201,0.2565888928
0.5110220441,0.0143551402,0.0149809185,-0.0004161465,-0.0094650206,-0.0102403344,-0.0122865473,-0.4867142002
0.4838709677,0.0140708903,0.0157987326,-0.0129059117,-0.0135022850,-0.0097128378,-0.0018975332,0.0257317168
0.5620867010,0.0089224214,0.0116367126,-0.0014761704,0.0044219836,0.0036247335,0.0029573300,2.6105452540
0.5138662316,0.0130974526,0.0163402026,0.0019007392,-0.0050314465,-0.0006373486,-0.0054759899,-0.5383597989
0.4000000000,0.0072429063,0.0112748938,-0.0046374368,0.0025284450,0.0031887755,0.0038119441,-0.2198230022
0.4285714286,0.0106059813,0.0149362696,0.0036001694,-0.0033627575,-0.0029667302,-0.0044303797,0.0766352005
0.4690265487,0.0180349975,0.0229341886,-0.0046423296,-0.0037958667,-0.0063761955,-0.0089001907,0.3330481308
0.4587155963,0.0120146651,0.0179705409,-0.0086919652,-0.0055038103,-0.0034224599,0.0032071841,-0.3791028791
0.4340836013,0.0101662551,0.0166393897,0.0038494440,0.0019157088,0.0068684267,0.0000000000,-0.6675198133
0.4123711340,-0.0005572129,0.0061856186,-0.0004260758,0.0087104313,-0.0083137924,0.0091645354,1.9099271533
0.4604086845,-0.0015258428,0.0046665308,0.0087382779,-0.0006318450,0.0154772141,0.0010559662,-0.7228613926
0.4403973510,-0.0205089599,-0.0150049896,0.0010564124,0.0343519494,-0.0025402202,0.0196202532,23.3039229524
0.5356125356,-0.0012346168,0.0022823704,0.0200506543,-0.0146699267,0.0080645161,-0.0161390441,-0.9095521030
0.4444444444,0.0006388386,0.0038021424,-0.0161390441,-0.0126137304,-0.0023157895,-0.0016824395,-0.1702776909
0.5053763441,-0.0074052209,-0.0044489396,-0.0016824395,0.0027225131,0.0012660899,0.0080050558,-0.5569464045
0.4798301486,-0.0041848377,-0.0020337747,0.0080050558,-0.0006265664,0.0023182297,-0.0020898642,-0.0694032698
0.5340050378,0.0046646212,0.0063361654,-0.0025078370,-0.0012539185,-0.0046257359,-0.0081675393,-0.1306817340
0.5170731707,0.0075636642,0.0094904130,-0.0083804735,-0.0043942247,-0.0031685678,-0.0035895270,4.0814271916
0.5581586519,-0.0012194088,0.0011499121,-0.0029579548,0.0000000000,-0.0008476372,0.0076287349,-0.6523029310
0.5424528302,0.0002303128,0.0023295025,0.0072049163,-0.0010508617,0.0023329799,-0.0012618297,0.1380211851
0.5927835052,0.0067667413,0.0087416999,-0.0014727541,0.0008415737,-0.0025391452,-0.0065276900,0.7790502833
0.6142857143,0.0063656145,0.0087355839,-0.0058997050,-0.0056758461,0.0000000000,-0.0006358627,-0.7352147485
0.6417910448,-0.0051634096,-0.0024895499,-0.0008478169,0.0099365751,-0.0012728044,0.0106044539,4.6352544569
0.6491228070,-0.0037418039,-0.0016766036,0.0114552397,0.0050240737,0.0091333900,-0.0006295908,-0.7022338793
0.7145993414,-0.0060881841,-0.0044791834,-0.0004194631,-0.0004165799,-0.0002104820,0.0029399412,1.0876261019
0.6142433234,-0.0034823315,-0.0024764984,0.0044062107,-0.0016670140,0.0031578947,-0.0016750419,-0.4559008870
0.7129735936,-0.0056576726,-0.0050059155,-0.0050135784,0.0018785222,-0.0037775446,0.0027265101,2.2356432714
0.6737311768,0.0002337825,0.0003867046,0.0037791308,-0.0033333333,0.0010532968,-0.0050198703,-0.6825843325
0.6432637571,0.0129744540,0.0131367448,-0.0050198703,-0.0056438127,-0.0122053872,-0.0126129914,3.1520059080
0.5710275126,0.0302810741,0.0314889730,-0.0138742905,-0.0134538575,-0.0215168300,-0.0187353630,0.0145968594
0.5144157815,0.0124424629,0.0159310576,-0.0187593264,-0.0025569998,0.0021772262,0.0130180082,0.0794128580
0.5538215286,0.0166249392,0.0208731571,0.0139039757,-0.0017090365,0.0034759939,-0.0059970015,-0.5898262549
0.5511846223,0.0131940013,0.0184492130,-0.0053567602,-0.0006419859,0.0006494912,0.0008618832,-0.1719000552
0.4793880153,0.0014621535,0.0073238163,-0.0002154244,0.0094218415,0.0004327131,0.0096878364,0.3195001071
0.5034802784,-0.0049157661,0.0005942680,0.0122818358,0.0036062792,0.0136245675,0.0061833689,-0.4411643975
0.4662088905,0.0015710456,0.0063078902,0.0044699872,-0.0004227436,-0.0010667805,-0.0057215512,0.3424616991
0.4471544715,0.0097221777,0.0142712827,-0.0052977326,-0.0050750687,-0.0106791969,-0.0083120205,-0.2285896958
0.4126473741,0.0002724327,0.0052207768,-0.0080954410,0.0021253985,-0.0028065630,0.0079518590,0.4595117034
0.4445945946,0.0006572395,0.0052627360,0.0085910653,-0.0038176034,0.0132063217,-0.0004264392,-0.2765607477
0.4500683995,-0.0041173849,0.0001792299,-0.0019165247,0.0036193315,-0.0014957265,0.0046928328,-0.4064966830
0.4616672246,-0.0072777839,-0.0036417848,0.0051205462,0.0046669495,0.0049218917,0.0038216561,0.0076411203
0.4302868579,-0.0149089338,-0.0121473636,0.0036085757,0.0082347973,0.0059625213,0.0088832487,1.4741563048
0.4660863257,-0.0082490525,-0.0068753119,0.0086717428,0.0016753927,0.0038103302,-0.0044025157,0.8418679758
0.5785682125,-0.0055141008,-0.0048992565,-0.0041937513,-0.0014635166,-0.0002108815,-0.0014739945,-0.3007545545
0.5765853659,-0.0046657776,-0.0045363486,-0.0004211413,-0.0037688442,-0.0008437039,0.0000000000,-0.2756678025
0.5944477972,0.0030322249,0.0027780993,-0.0014746155,-0.0037831021,-0.0069664345,-0.0069590890,0.2292220039
0.5993788820,0.0092094948,0.0092161238,-0.0048523207,-0.0035864979,-0.0068027211,-0.0065831387,0.1870341983
0.5642701525,0.0206655151,0.0214157761,-0.0082679669,-0.0086809231,-0.0194777397,-0.0126122274,3.0525470859
0.5207877462,0.0139738471,0.0163089755,-0.0123984609,0.0072618539,0.0076402532,0.0034639532,-0.6065155956
0.4960629921,0.0224121110,0.0257232803,0.0062770563,-0.0106022053,-0.0084488735,-0.0103559871,-0.4530354781
0.4846153846,0.0136604422,0.0184889368,-0.0114003011,-0.0117873982,-0.0039327070,0.0052321779,-0.1642309745
0.4593867671,0.0035064095,0.0090226955,0.0023933856,0.0095423986,0.0035095416,0.0080242897,1.2843109814
0.4441340782,-0.0060148318,-0.0006756913,0.0082483178,0.0094522019,0.0024043716,0.0090361446,0.0033728533
0.4735449735,-0.0025373298,0.0019379538,0.0096878364,0.0055330921,0.0146096816,-0.0025586354,0.0688266066
0.5164986251,-0.0000093256,0.0039404908,-0.0029850746,-0.0071957672,0.0012894907,-0.0021376657,-0.6249917046
0.5185185185,-0.0032109406,0.0004338409,-0.0008554320,0.0040503091,0.0027902983,0.0032133676,0.4161657256
0.4840041280,-0.0003688946,0.0027571024,0.0010702055,-0.0057324841,-0.0023544521,-0.0023489216,0.0742930757
0.4790602656,0.0022621619,0.0051345538,-0.0008552491,-0.0021353833,-0.0021454623,-0.0025684932,-0.5530470549
0.4981412639,0.0019141370,0.0047542165,-0.0019259576,-0.0019259576,-0.0023650828,0.0000000000,-0.5084848534
0.5062061522,0.0061538240,0.0089488174,-0.0008576329,-0.0008576329,-0.0040948276,-0.0045064378,-0.3312190569
0.5202440377,0.0036925641,0.0067667854,-0.0051502146,-0.0025751073,0.0021640338,0.0015089459,-0.5201681358
0.5529411765,0.0001107986,0.0032424267,0.0019413287,0.0032271945,0.0017274887,0.0030133448,6.3367126503
0.5494071146,0.0080979640,0.0110297362,0.0032292788,-0.0006433626,-0.0062513473,-0.0079399142,-0.1417028735
0.5743801653,0.0085974791,0.0119639001,-0.0083690987,-0.0070815451,0.0006507592,-0.0017304780,-0.2442064943
0.5919117647,0.0029284048,0.0067148905,-0.0004328068,0.0017289821,-0.0002167787,0.0043336945,0.0790545902
0.5527800161,0.0037772690,0.0075217264,0.0034639532,0.0006472492,0.0006504770,-0.0012944984,-0.4653095428
0.4890829694,0.0036297777,0.0073998174,-0.0006472492,0.0012936611,0.0010834236,-0.0004320588,0.9328749303
0.5114155251,0.0078634394,0.0116618320,-0.0015112263,-0.0021533161,-0.0077922078,-0.0047547007,0.1059533882
0.4848484848,0.0062166690,0.0103591829,-0.0043243243,-0.0049633146,0.0015270506,0.0004343105,0.0378690406
0.4195121951,0.0074470329,0.0117880332,0.0002171553,0.0023855997,-0.0008712699,-0.0021706099,0.2108099354
0.4215686275,0.0056450520,0.0102555533,-0.0023881893,-0.0036780614,0.0002180074,0.0006525995,-0.2730033621
0.3779342723,0.0012938214,0.0059967635,0.0006528836,0.0028230185,0.0008718396,0.0034782609,0.0006470747
0.4056074766,-0.0002047886,0.0042472115,0.0036972597,0.0064963188,0.0043554007,0.0012998267,0.3617724721
0.4067796610,0.0000430832,0.0041498576,0.0021668472,-0.0047332186,-0.0013009540,-0.0002163566,0.0406706751
0.4528101803,0.0006861106,0.0044945888,-0.0002162162,0.0032425422,0.0019539731,-0.0006492101,-0.1702734925
0.4579780755,-0.0039489106,-0.0003840205,-0.0015138408,0.0002154708,-0.0006500542,0.0045474231,-0.3162436480
0.6040609137,-0.0007565786,0.0022369764,0.0045484081,0.0012925463,0.0023850824,-0.0025867644,-0.0328896529
0.5862068966,0.0017413081,0.0044592259,-0.0023717119,-0.0036574871,-0.0045425049,-0.0023773503,1.4580095722
0.5340751043,0.0016904186,0.0043464923,-0.0023773503,-0.0023752969,-0.0010864841,-0.0002166378,-0.1399636777
0.5533141210,-0.0003025991,0.0022870875,-0.0002166378,0.0030303030,0.0034805308,0.0017334778,-0.6520964389
0.5212765957,-0.0019830917,0.0003865267,0.0019501625,-0.0006473889,-0.0008671147,0.0017304780,0.0919103789
0.5907692308,-0.0008149603,0.0012226955,0.0017301038,0.0034549773,0.0013018008,-0.0008637443,3.1619412646
0.6326530612,-0.0090421549,-0.0072356741,-0.0008635579,0.0040886594,0.0004333694,0.0084287876,-0.6997377537
0.7301204819,-0.0078636852,-0.0069125331,0.0077787381,0.0015002143,0.0077972710,0.0002143163,-0.6306897350
0.7261613692,-0.0045208702,-0.0042669323,0.0000000000,-0.0010699765,0.0006447453,-0.0021427041,0.1914488736
0.6974789916,-0.0120985228,-0.0122229920,-0.0012864494,0.0068551842,-0.0042955326,0.0083744900,1.6266790993
0.7631578947,-0.0019484530,-0.0030378741,0.0079433233,0.0021276596,0.0030198447,-0.0083049404,-0.2143479758
0.6284829721,0.0030899776,0.0019202965,-0.0078807242,-0.0110403397,-0.0077419355,-0.0047240713,-0.2828357842
0.5775248933,-0.0012639901,-0.0020972980,-0.0049377415,-0.0004293688,0.0023840485,0.0038834951,-0.1387837088
0.5711191336,-0.0047058936,-0.0055751304,0.0025889968,0.0032216495,0.0030270270,0.0036535568,0.1763593826
0.5615550756,-0.0018445321,-0.0030273126,0.0058102001,0.0010704346,0.0023712007,-0.0021413276,0.1591988030
0.5643994211,-0.0030583099,-0.0042987558,-0.0023534446,-0.0002138580,0.0021505376,0.0015021459,-0.3239156070
0.5018315018,-0.0057832690,-0.0071713365,0.0012867253,0.0057754011,0.0004291845,0.0032140561,4.0719981773
0.5142857143,-0.0061671358,-0.0079114914,0.0029985007,0.0019140791,-0.0002145002,0.0012815036,1.0849653561
0.5107913669,-0.0058545309,-0.0079602927,0.0012812300,-0.0033963065,0.0021454623,0.0006399317,-0.7633524494
0.4430863254,-0.0150323770,-0.0174247054,0.0004265302,0.0108626198,0.0014986084,0.0102323598,2.9831347618
0.4579925651,-0.0043155300,-0.0077588767,0.0106587082,0.0012642225,0.0040615648,-0.0084405993,-0.2068063446
0.4414310444,-0.0055562615,-0.0090820514,-0.0078042607,-0.0084175084,-0.0021290185,0.0019153011,-0.7538373941
0.3934426230,-0.0017329434,-0.0054518570,0.0014880952,-0.0002122241,-0.0004267122,-0.0029736619,0.1054031688
0.3808049536,-0.0065457788,-0.0101092382,-0.0027594990,0.0044576523,0.0027748132,0.0051129101,-0.1102849881
0.4317180617,0.0044676181,0.0006074943,0.0038314176,-0.0023245985,-0.0074499787,-0.0099618482,0.6651849480
0.3705103970,-0.0013508531,-0.0045522018,-0.0093299406,-0.0055073078,0.0015011795,0.0051380861,-0.5292741663
0.3798882682,-0.0032659986,-0.0063314416,0.0040667808,0.0034078807,0.0042826552,0.0021299255,-0.0329313568
0.3689197726,-0.0008523090,-0.0039571567,0.0021317416,-0.0014858841,0.0000000000,-0.0019128587,1.7164291438
0.3710292249,0.0024809480,-0.0004713317,-0.0010636035,-0.0004251701,-0.0025586354,-0.0031942078,-0.4339410901
0.4100294985,-0.0021640814,-0.0046889755,-0.0029812606,0.0008507018,0.0008550663,0.0042725913,-0.5239012469
0.4186046512,0.0154494230,0.0128954624,0.0042716788,-0.0004249894,-0.0140965399,-0.0170176558,1.9307855595
0.3658859920,0.0190266505,0.0178876497,-0.0185027648,-0.0165816327,-0.0047660312,-0.0058428911,0.5813865454
0.4043645700,0.0066769422,0.0071358123,-0.0047670639,0.0025940337,-0.0002176752,0.0093600348,-0.1210323223
0.3953084275,0.0067352662,0.0076938131,0.0095797953,0.0023717119,0.0045721750,-0.0010782834,-0.5695481350
0.4349904398,0.0070034801,0.0084301577,-0.0010782834,-0.0034416003,0.0008669267,-0.0012953368,-0.2664307466
0.4881492688,0.0166951663,0.0185949695,-0.0028065630,-0.0012950572,-0.0095279342,-0.0105923044,1.2280256901
0.4485634847,0.0130200372,0.0161075496,-0.0095258714,-0.0088610331,-0.0024048972,0.0010924186,-0.0876215496
0.4067796610,0.0092548335,0.0131454838,-0.0002185792,0.0028347143,0.0004383081,0.0017459625,0.1209272988
0.4018789144,0.0060775010,0.0104106799,0.0037166594,0.0021743857,0.0028477547,0.0017429194,0.0381432061
0.3647450111,0.0018740990,0.0063564937,0.0021781747,0.0073768713,0.0024027960,0.0032622880,1.6514394330
0.3768352365,0.0061661989,0.0104857291,0.0041295371,0.0015076459,0.0006537372,-0.0045523520,-0.1262355225
0.3626373626,0.0109415249,0.0154585560,-0.0058441558,-0.0103225806,-0.0056620209,-0.0056620209,-0.4775393125
0.3505311077,0.0031068791,0.0081313321,-0.0056607882,-0.0017383746,-0.0030661410,0.0061322821,0.1780594971
0.3684210526,0.0081149389,0.0130418642,0.0052550909,0.0006530257,0.0021968366,-0.0054418807,-0.7232047429
0.4398120963,0.0099611368,0.0151864612,-0.0043563494,0.0043506635,-0.0015344147,-0.0030641278,4.8595085602
0.4609230769,0.0007391111,0.0063290428,-0.0037190987,-0.0058479532,-0.0008781559,0.0076838639,-0.4381087310
0.4416826004,0.0061052779,0.0113687693,0.0094422486,0.0039215686,0.0015381235,-0.0054466231,0.1841753317
0.4103019538,0.0089232212,0.0143038926,-0.0054383293,-0.0067274306,-0.0039491005,-0.0037239869,-0.5925934116
0.3948717949,0.0000740508,0.0057257270,-0.0041557305,0.0150753769,0.0019823789,0.0074758135,1.7516584407
0.4710743802,-0.0014628240,0.0037681253,0.0070283330,-0.0101162290,0.0026379424,0.0015277172,-0.6550887961
0.4747948417,-0.0072948117,-0.0025966984,0.0021810251,0.0050010872,0.0070160053,0.0061015472,-0.1677526359
0.5093099671,-0.0068178755,-0.0030521398,0.0058759521,0.0038944180,0.0050076203,0.0006497726,0.2809424469
0.5011135857,-0.0049074195,-0.0019619531,-0.0006490697,-0.0015086207,-0.0015164645,-0.0008658009,-0.1013756898
0.5440414508,-0.0052299558,-0.0028966745,-0.0006494912,0.0000000000,0.0010848340,0.0010831889,-0.5208332445
0.5194805195,-0.0082883228,-0.0065518457,0.0019497400,0.0023742715,0.0002167317,0.0038952608,0.5156318136
0.5374149660,-0.0381153095,-0.0371982885,0.0025945946,0.0394056848,0.0047670639,0.0323345549,31.1991286324
0.6730769231,-0.0428442854,-0.0450117421,0.0334267846,0.0035218562,0.0291136511,0.0110670286,-0.8154069023
0.7115384615,-0.0390313701,-0.0444404126,0.0089732888,0.0103220479,0.0069153395,0.0028913672,0.7497451248
0.6935376416,-0.0280225413,-0.0361865582,0.0033092037,-0.0042909685,0.0039542144,-0.0051482702,-0.8823089696
0.6613672496,-0.0194489984,-0.0292864524,-0.0041228613,-0.0036938231,-0.0049751244,-0.0043469261,0.5962034789
0.6742301459,-0.0144077965,-0.0250902461,-0.0039329331,-0.0030895984,-0.0029166667,-0.0020790021,0.0735930996
0.6979865772,-0.0173093927,-0.0282926850,-0.0014546966,-0.0028925620,0.0004178855,0.0052083333,-0.5023458802
0.6917808219,-0.0097206675,-0.0213289293,0.0033298647,0.0000000000,0.0002088555,-0.0049740933,3.6011261553
0.6877323420,-0.0001027068,-0.0117209136,-0.0049782203,-0.0043514298,-0.0075172270,-0.0081233076,-0.3411149255
0.6512758202,0.0034955015,-0.0073088613,-0.0066708359,-0.0056191467,-0.0027351147,-0.0035699286,-0.2128682467
0.6883116883,0.0072030558,-0.0025633053,-0.0025183631,-0.0041858518,-0.0048523207,-0.0042149631,1.0272054802
0.6646363311,0.0082287107,-0.0002575738,-0.0054702293,-0.0063051702,-0.0031799873,-0.0021164021,-0.6283487970
0.7147766323,0.0033451798,-0.0038301988,-0.0019039560,0.0033840948,0.0029774564,0.0036055143,-0.2422984262
0.7139903515,-0.0095190774,-0.0158175631,0.0016956337,0.0168634064,0.0006361323,0.0124683009,1.3757706395
0.6182152714,0.0045255532,-0.0021493273,0.0137537029,0.0020729685,0.0004238186,-0.0125234815,-0.5686900570
0.5337802991,0.0027695283,-0.0030437601,-0.0125234815,-0.0151013653,-0.0036009320,0.0010568590,-0.1159625870
0.5134553283,0.0063808702,0.0011983355,0.0000000000,-0.0008401596,0.0027636054,-0.0040118243,0.1081217834
0.5201744820,0.0068934218,0.0025974185,-0.0023250898,-0.0071473618,-0.0063599746,-0.0014839941,0.3365968440
0.5365579303,0.0058328953,0.0024050171,-0.0019067797,0.0010586492,0.0038404096,0.0000000000,-0.8393277032
0.5196078431,0.0015332906,-0.0011661983,0.0029717682,0.0002115059,0.0012752391,0.0033970276,-0.3044344411
0.4974358974,-0.0003946956,-0.0027678913,0.0008465608,0.0048636075,0.0031840374,0.0016927634,0.4164188147
0.4608150470,0.0002999304,-0.0019303720,0.0008458448,-0.0039983165,-0.0031739314,-0.0006337136,1.9298115996
0.5194346290,-0.0035374463,-0.0055708785,-0.0019015424,0.0057046271,0.0025472299,0.0038046925,0.4212981704
0.5082644628,-0.0048791130,-0.0070400149,0.0050804403,0.0014705882,0.0044463265,0.0018951358,-0.3920270434
0.4878048780,0.0011317750,-0.0012709014,0.0012636900,-0.0012586532,-0.0044266442,-0.0052543085,-0.0149832581
0.4526748971,-0.0005205517,-0.0026518160,-0.0092553639,-0.0044108381,-0.0033876773,0.0014789774,2.4147948324
0.4332386364,-0.0081825022,-0.0101818141,0.0065817410,0.0103375527,0.0063734863,0.0078059072,-0.2279986758
0.3852080123,-0.0025387517,-0.0050537578,0.0075933347,0.0000000000,0.0012666244,-0.0043960645,-0.7259149723
0.4878048780,-0.0021481745,-0.0046794054,-0.0035587189,-0.0050114847,0.0010541851,0.0000000000,-0.2092149987
0.5135135135,-0.0005568243,-0.0030750978,-0.0010504202,-0.0010493179,-0.0014743050,-0.0012615643,-0.5559452010
0.5608028335,0.0001605213,-0.0022171342,-0.0010515247,0.0006302521,0.0012655558,-0.0006315789,0.6603877946
0.5771567436,-0.0032238579,-0.0054052332,0.0002105263,0.0014696620,-0.0014746155,0.0033705498,15.8656031388
0.5775234131,0.0055053151,0.0032095513,0.0023153020,0.0029350105,-0.0035864979,-0.0081881167,-0.1720775231
0.4947916667,0.0065760371,0.0048862811,-0.0067198656,-0.0112876254,-0.0082574635,-0.0019051651,-0.6505045070
0.5346795435,0.0034361606,0.0023983569,-0.0027484144,-0.0008456660,0.0012809564,0.0021208908,0.7530281311
0.4850000000,0.0058879292,0.0051990685,0.0023319907,0.0006347863,0.0017057569,-0.0029629630,-0.7951793676
0.4859402460,0.0073341797,0.0071656445,-0.0040186125,-0.0031719180,-0.0053214134,-0.0023349607,1.6716236626
0.5223880597,0.0010938756,0.0015207077,-0.0016988745,0.0021213407,-0.0051358870,0.0051063830,0.6988242829
0.5609548167,0.0090423545,0.0095287427,0.0051052967,0.0025402202,0.0064530006,-0.0080440305,-0.1225073943
0.5523809524,0.0033688124,0.0045355197,-0.0071957672,-0.0052787162,-0.0004274418,0.0042680324,-0.2955974509
0.4982206406,-0.0028703547,-0.0015290287,0.0027712641,0.0065803439,0.0019243105,0.0057373566,0.6770275663
0.5308835027,-0.0047418485,-0.0037312029,0.0061649660,0.0044285112,0.0076824584,0.0023241073,-0.2574364339
0.5121951220,-0.0119269154,-0.0113738298,0.0048594971,0.0048288894,0.0044472681,0.0080101180,0.3478530334
0.5232974910,-0.0150353661,-0.0154724909,0.0056770395,0.0054325115,0.0084334809,0.0050188206,-0.1736387127
0.4890678941,-0.0127222328,-0.0143263804,0.0056449927,0.0031172070,0.0016725904,0.0000000000,-0.2553750526
0.4977375566,-0.0068386104,-0.0093487347,0.0006237006,-0.0022788481,-0.0008348988,-0.0039533916,0.1147190802
0.5472636816,-0.0086857018,-0.0115470529,-0.0043631830,-0.0004152824,0.0010444955,0.0029245874,-0.5789334275
0.5060240964,-0.0087946467,-0.0121320563,0.0027128548,-0.0006231824,0.0008347245,0.0014580296,0.4908552923
0.5015197568,-0.0012095707,-0.0050251397,0.0020811655,0.0022864269,-0.0037531276,-0.0062396007,-0.0265410201
0.4570637119,-0.0031099000,-0.0067317440,-0.0083073728,-0.0066362505,-0.0006278778,0.0020929259,0.4964200094
0.4013761468,0.0038681099,0.0002429967,0.0027225131,0.0008350731,-0.0064921466,-0.0064745196,-0.2209634565
0.3901808786,0.0017988534,-0.0012446872,-0.0068922306,-0.0054234460,0.0006323777,0.0014715157,-0.4495131949
0.3969849246,-0.0039141302,-0.0065742074,0.0006309148,0.0048238255,0.0018959343,0.0054575987,0.4582190239
0.4059405941,-0.0014357395,-0.0042162366,0.0067255149,-0.0002087247,0.0039949537,-0.0018789144,1.1855049922
0.4349206349,-0.0041310175,-0.0068122325,-0.0006263048,0.0010438413,0.0008376963,0.0029282577,-0.4018938324
0.4402515723,-0.0053623666,-0.0081692445,0.0018800919,0.0020855057,0.0000000000,0.0018769552,0.1706162589
0.3840830450,-0.0032925402,-0.0063230534,0.0012510425,0.0002081165,0.0016739904,-0.0012489592,0.8515340633
0.3954545455,-0.0027859955,-0.0058546790,-0.0004164931,0.0002080732,0.0004177982,0.0000000000,-0.3514810718
0.3954545455,-0.0056731851,-0.0087266210,-0.0014583333,0.0014562097,0.0004176237,0.0033347228,-0.4955837042
0.4039215686,-0.0041798098,-0.0074616723,0.0045900271,0.0002077275,0.0006261741,-0.0006231824,0.0176709404
0.4458917836,0.0004141564,-0.0029714078,-0.0008307373,-0.0006230530,-0.0037546934,-0.0039492829,0.3659860069
0.4555555556,0.0005592378,-0.0025431531,-0.0039492829,-0.0031172070,-0.0012562814,-0.0002086811,0.8126034718
0.5430463576,0.0040358415,0.0011977985,-0.0016694491,-0.0020846362,-0.0023060797,-0.0035483198,-0.3703784419
0.5396145610,0.0046776294,0.0023688576,-0.0016722408,0.0004177982,-0.0006303845,-0.0012568077,0.9485625836
0.6229913473,0.0035370473,0.0017731798,-0.0010469012,-0.0004176237,0.0010513036,0.0004194631,-0.6030557052
0.6059431525,0.0029928862,0.0016418332,-0.0002095997,0.0002088991,0.0018903592,0.0000000000,-0.8362035589
0.5404896422,0.0002258417,-0.0007840557,0.0010482180,0.0018796992,0.0010482180,0.0023060797,0.9611063360
0.5454545455,0.0018675118,0.0009489004,0.0027225131,-0.0018761726,-0.0016753927,-0.0016732901,-0.2396963293
0.5256916996,-0.0005138395,-0.0012139635,-0.0031328321,-0.0010442774,0.0000000000,0.0020951184,4.4348801779
0.5321637427,0.0006112207,-0.0000787536,0.0027236539,0.0020907380,0.0016782043,-0.0010453690,-0.7065454972
0.5363457760,-0.0024058601,-0.0029942428,-0.0006268282,-0.0002086376,0.0008376963,0.0029300963,3.3231182310
0.5570570571,-0.0022439407,-0.0029805062,0.0016725904,0.0016694491,0.0000000000,0.0002086811,1.2338048188
0.4741532977,-0.0064590987,-0.0073161737,0.0000000000,0.0087500000,0.0020924880,0.0045900271,-0.2574632502
0.5172413793,-0.0093744019,-0.0106781012,0.0054268420,0.0000000000,0.0043850491,0.0039460021,-0.4538255345
0.6039755352,-0.0083424707,-0.0102966067,0.0026987752,0.0041305246,0.0037422037,0.0004137360,-0.4474760626
0.5294117647,-0.0056196707,-0.0080981397,0.0012422360,-0.0024681201,0.0002071251,-0.0014474773,0.8926822284
0.6090225564,-0.0047551060,-0.0074982775,-0.0012406948,-0.0010309278,-0.0010354111,0.0000000000,0.0165029816
0.6029776675,-0.0109869893,-0.0138858771,-0.0002070393,0.0066047472,0.0010364842,0.0070407952,1.5929453788
0.6793587174,-0.0139602478,-0.0175040972,0.0072478774,0.0022554849,0.0041416442,0.0047295908,-0.4784300501
0.6938775510,-0.0089728981,-0.0133805074,0.0049342105,0.0000000000,0.0037121056,-0.0028653295,0.3143367434
0.6476683938,-0.0108409222,-0.0156221268,-0.0032733224,0.0004091653,0.0006163961,0.0032840722,0.5955947382
0.6438356164,-0.0069382928,-0.0122420727,0.0032840722,0.0036809816,0.0014373717,-0.0022504092,-0.3029435720
0.6390243902,-0.0074989150,-0.0129543555,-0.0012274959,-0.0034637327,0.0002050441,0.0016403527,-0.6166176025
0.5914893617,-0.0018499849,-0.0075250810,0.0008193363,-0.0006133715,-0.0034850349,-0.0045035824,0.5751273293
0.5364806867,-0.0082950170,-0.0136609002,-0.0045026607,0.0020458265,-0.0002057190,0.0067859346,1.7776210808
0.5924528302,-0.0072216339,-0.0128506054,0.0055509868,0.0010208248,0.0049382716,0.0002042484,-0.2406979886
0.5573770492,-0.0061106133,-0.0118987087,0.0028624003,0.0134611462,-0.0018427518,0.0000000000,0.3179090527
0.5531914894,-0.0142290634,-0.0200226285,-0.0012232416,-0.0028174683,0.0047179487,0.0091892996,-0.2095276450
0.6286836935,-0.0187905074,-0.0252455918,0.0089814248,0.0052472250,0.0081665986,0.0068798057,0.1333907820
0.6075156576,-0.0283961724,-0.0357771283,0.0074853328,0.0152579803,0.0064803564,0.0128617363,0.4711634533
0.6466165414,-0.0216982406,-0.0308193978,0.0130522088,0.0005932371,0.0112676056,-0.0023809524,-0.5652647354
0.6549707602,-0.0183600497,-0.0285364794,-0.0025768087,-0.0015810277,-0.0005968961,0.0000000000,0.0704534040
0.6606409203,-0.0163179899,-0.0271965750,-0.0011923688,-0.0019794141,0.0003981684,0.0007955449,0.4376264411
0.6307692308,-0.0159586537,-0.0273083272,0.0001989654,0.0005950020,-0.0027860697,0.0021860095,-0.4037388842
0.6250000000,-0.0119360537,-0.0237367858,0.0041774418,0.0035678890,0.0045899022,-0.0015863573,0.1840378607
0.6410256410,-0.0124533742,-0.0243038983,-0.0011885895,0.0001975114,0.0005959476,0.0023833168,-0.7601909791
0.6455696203,-0.0130795679,-0.0250149639,0.0007933360,0.0009873618,-0.0035735557,0.0025757876,1.7479862054
0.7068403909,0.0010000654,-0.0112421961,0.0017835910,-0.0013809430,-0.0067742578,-0.0120553360,0.5038901821
0.4600000000,-0.0027446283,-0.0139598953,-0.0100890208,-0.0088897669,0.0026078235,0.0036007201,-0.6290094186
0.4820143885,0.0028749009,-0.0077837876,0.0017985612,-0.0001993223,-0.0014005602,-0.0051823799,0.2439082140
0.4843373494,0.0042435064,-0.0054137272,-0.0031917016,-0.0031897927,-0.0020036065,-0.0018032458,0.0710743693
0.4899497487,0.0001777684,-0.0083963439,-0.0032019212,0.0012000000,-0.0010038145,0.0034122842,0.0143182807
0.4611811546,-0.0004494309,-0.0083694898,0.0040152580,0.0013983220,0.0046221865,0.0006001200,0.3878817904
0.3244592346,-0.0027726763,-0.0101242794,-0.0003999200,0.0005984440,-0.0008001600,0.0023990404,0.2402409004
0.3020134228,-0.0063097733,-0.0133100724,0.0034006801,0.0037878788,0.0022022022,0.0039888313,-0.2020796041
0.3197674419,-0.0153149896,-0.0222300347,0.0037878788,0.0137040715,0.0051937675,0.0101311085,0.3238957400
0.4015345269,-0.0133469015,-0.0209684320,0.0105263158,0.0031347962,0.0079491256,0.0003933137,1.0729710917
0.3874345550,-0.0069990518,-0.0151560114,-0.0003930818,0.0007812500,-0.0013801262,-0.0043247494,-0.0114882377
0.3579201935,-0.0061185000,-0.0142279682,-0.0045222179,-0.0068306011,-0.0035538006,0.0001974334,0.0633914434
0.3403726708,-0.0071370481,-0.0151181462,0.0013825795,-0.0025545294,-0.0003962750,0.0019739439,-0.6678415192
0.3354192741,-0.0056472548,-0.0136096348,0.0009861933,0.0007880221,0.0001982161,-0.0003940110,0.4820222321
0.5023430178,0.0019353499,-0.0059404922,-0.0001970443,-0.0001968504,-0.0027744748,-0.0067008277,0.6005206889
0.4380664653,-0.0180405519,-0.0250383771,-0.0072920773,0.0122071274,0.0009936407,0.0200396825,0.0858201192
0.5900747791,-0.0038327014,-0.0118432333,0.0208457415,0.0009725734,0.0083382966,-0.0114763665,0.4607002116
0.4518479958,-0.0034391512,-0.0111605336,-0.0103072734,-0.0069957248,-0.0027564481,0.0001967729,-0.3993397508
0.4329563813,-0.0040856336,-0.0115006573,-0.0021615249,0.0003913894,0.0017769003,0.0011804053,-0.3958522298
0.4365971108,0.0016604676,-0.0055681460,0.0023631351,-0.0035211268,-0.0021679149,-0.0051090588,0.0943122153
0.4562737643,0.0222003167,0.0155033746,-0.0047151277,-0.0054966627,-0.0203436698,-0.0203436698,0.8895664144
0.3747276688,0.0128629027,0.0084587459,-0.0189498618,-0.0118436636,-0.0002016129,0.0058467742,-0.5805311749
0.3432494279,-0.0029062378,-0.0059164281,0.0038229376,0.0107870555,0.0060496068,0.0138304269,0.3485349217
0.4305555556,0.0101224723,0.0070653444,0.0140308679,0.0013833992,0.0002004410,-0.0124555160,-0.2847738471
0.3932346723,0.0118061897,0.0097765049,-0.0118600514,-0.0069074403,-0.0070140281,-0.0032032032,2.8502371383
0.4540540541,0.0003460269,-0.0005825546,-0.0040008002,0.0001987281,0.0048435923,0.0096404901,-0.9402796003
0.4944382647,0.0026863141,0.0018521284,0.0094396465,-0.0013908206,0.0000000000,-0.0023871096,1.7127087758
0.4863238512,0.0012747551,0.0007172097,-0.0029844807,-0.0011937923,-0.0022092790,0.0009970090,0.3294703267
0.4431137725,0.0044802653,0.0040643008,0.0021951706,0.0003984064,0.0062399356,-0.0033864542,-0.2133210224
0.3837612769,0.0129016421,0.0128736380,-0.0037833532,-0.0037833532,-0.0086017203,-0.0089946032,1.9694839441
0.3952823445,0.0287613641,0.0297823346,-0.0089946032,-0.0089946032,-0.0209846651,-0.0173457039,-0.4073689081
0.4056847545,0.0191071304,0.0223302881,-0.0185558693,-0.0112948770,-0.0016488046,0.0051313629,-0.4542346594
0.4334975369,0.0153382166,0.0198431576,0.0069872585,0.0028559772,0.0074318745,0.0008168266,0.3437286505
0.3804347826,0.0148421063,0.0202468345,0.0002040816,-0.0030512612,-0.0018442623,-0.0018363599,0.9467777086
0.4585152838,0.0082306506,0.0143925629,-0.0024484799,0.0097939196,0.0036953398,0.0042927228,-0.2267341847
0.4472511144,0.0041031218,0.0104470945,0.0059316834,-0.0028288543,0.0044998977,0.0028495827,-0.6263493715
0.3550065020,0.0028612403,0.0090588300,0.0022366816,0.0018237082,-0.0002036245,0.0006088898,1.0389776276
0.3573200993,0.0040503401,0.0100267943,-0.0006086427,-0.0016181230,0.0002036660,-0.0016227181,-0.1292767040
0.3675344564,0.0046518982,0.0105159045,-0.0008120179,0.0028363047,-0.0006108735,-0.0012190167,-0.0792989870
0.3146067416,0.0098936905,0.0157288397,-0.0020316944,-0.0018181818,-0.0042787286,-0.0058991050,0.1246319998
0.2957746479,0.0014045788,0.0075539523,-0.0040716612,-0.0028334345,-0.0012277471,0.0069572335,0.2762646094
0.3707393812,0.0067120061,0.0125499477,0.0057236304,-0.0004059265,0.0004097521,-0.0054866897,0.4082322555
0.3594306050,0.0067079022,0.0126549101,-0.0052845528,-0.0042639594,0.0000000000,-0.0010216592,-0.4605696304
0.4093804285,0.0069116443,0.0129606601,0.0004086637,-0.0010195759,0.0000000000,-0.0012272448,-0.4161081176
0.5669607057,-0.0051534698,0.0009315342,-0.0022467320,0.0093896714,0.0004095843,0.0110587753,2.1174462845
0.6275862069,0.0021348783,0.0073921140,0.0090071648,-0.0016177958,0.0024564995,-0.0064816690,-0.3728563916
0.6229913473,0.0063200012,0.0113808146,-0.0048691418,-0.0034433867,-0.0069430263,-0.0044852192,0.1667174203
0.5989304813,0.0103133951,0.0155291284,-0.0030581040,0.0162601626,-0.0045239564,-0.0049150113,1.2016979786
0.5977229602,0.0164668451,0.0221623183,-0.0063394683,-0.0282000000,-0.0084693245,-0.0076147355,0.3774982421
0.6074766355,0.0120445584,0.0186194674,-0.0076147355,-0.0057625026,-0.0010416667,0.0018664455,-0.4822815477
