0.5477293791,-0.0295088326,-0.0091050989,0.0124900345,0.0133263653,0.0165465706,0.0091887635,-0.1753177041
0.4835978836,-0.0242074676,-0.0076561852,0.0089238845,0.0036101083,0.0015752166,-0.0007804370,-0.1504129082
0.5254081398,-0.0313275314,-0.0180816377,-0.0007804370,0.0012846865,0.0055045872,0.0111950013,-0.4088947797
0.5412313848,-0.0163779206,-0.0065106469,0.0111950013,0.0017962535,0.0013034411,-0.0102986612,0.0112563800
0.5685267336,-0.0582039942,-0.0507262311,-0.0102986612,0.0309938525,-0.0007810466,0.0470863684,0.9547197465
0.6403269755,-0.0487768761,-0.0464949412,0.0470863684,0.0109316770,0.0403856175,-0.0004968944,0.0444713908
0.7186544343,-0.0443608123,-0.0461332151,-0.0007453416,-0.0058982551,0.0035061357,0.0032314193,-0.6489400541
0.6483756484,-0.0356245249,-0.0408146806,0.0034808553,-0.0002472188,0.0009982531,-0.0019821606,-0.1669476160
0.6851211073,-0.0436767056,-0.0512175378,-0.0019821606,0.0108803165,-0.0002493144,0.0141509434,0.5175192265
0.6752676366,-0.0437457979,-0.0541384527,0.0141509434,0.0075831703,0.0139650873,0.0070991432,0.4253153877
0.6302038473,-0.0405140440,-0.0535789301,0.0070991432,0.0075260986,0.0086079685,0.0036460865,-0.2478401421
0.6198347107,-0.0375444654,-0.0528216720,0.0036460865,0.0009638554,0.0034138015,0.0033906515,-0.2394984630
0.7844554903,-0.0129469625,-0.0304207192,0.0033906515,-0.0026480501,-0.0199270960,-0.0190683080,0.5451044994
0.6469408225,-0.0075362016,-0.0248079111,-0.0190683080,-0.0190683080,-0.0034713613,-0.0034448819,0.0860625955
0.6738991704,-0.0004535477,-0.0171459678,-0.0034448819,-0.0022145669,-0.0014929087,-0.0059259259,-0.4638636467
0.6437061871,0.0016065051,-0.0139164654,-0.0059259259,-0.0049321825,-0.0042362322,-0.0019870840,0.2291248601
0.6732026144,0.0086392254,-0.0057093019,-0.0019870840,0.0022304833,-0.0035035035,-0.0072175212,-0.0530069920
0.6873212583,0.0057972576,-0.0067803285,-0.0074664012,-0.0044510386,-0.0080361627,0.0015041364,0.6985696984
0.4880332986,-0.0224989140,-0.0333773892,0.0012537613,0.0317933433,0.0101265823,0.0280350438,1.0214023880
0.5655172414,-0.0218954085,-0.0337282821,0.0288004007,-0.0038517092,0.0187969925,0.0029218408,-0.6321389559
0.5645161290,-0.0244479333,-0.0370743051,0.0026777020,0.0067665539,0.0071340713,0.0060694343,0.1682729787
0.5228505035,-0.0099355301,-0.0237266362,0.0058266570,-0.0019203072,0.0009770396,-0.0108590734,-0.3198497625
0.4784724822,-0.0120224209,-0.0255350929,-0.0106203234,-0.0021645022,0.0002440215,0.0036594291,-0.0542993999
0.4615384615,-0.0087271110,-0.0222175728,0.0036594291,-0.0038563509,-0.0007318858,-0.0014584346,0.1568292064
0.5115170770,-0.0100353090,-0.0231874396,-0.0017015070,-0.0012097750,-0.0021972656,0.0026777020,-0.2208932979
0.5074088907,-0.0113716146,-0.0243123501,0.0026783540,0.0021802326,0.0041595302,0.0029133285,-0.3925211363
0.5676470588,-0.0048039507,-0.0177559570,0.0031568723,0.0094271211,-0.0002436647,-0.0048414427,1.0442139978
0.5561959654,0.0037482895,-0.0087246191,-0.0045993706,-0.0148467433,-0.0087740678,-0.0077839942,-0.0873370407
0.5416276894,0.0029257542,-0.0083214691,-0.0082684825,-0.0026737968,-0.0059011556,0.0002451581,0.9208791836
0.4787759131,-0.0158564477,-0.0258509772,0.0007356547,0.0136485498,-0.0019787287,0.0186274510,-0.4257865599
0.5381165919,-0.0016462205,-0.0122908181,0.0181328106,0.0028853090,0.0123915737,-0.0117901829,0.8443066264
0.5205047319,-0.0006629799,-0.0106577120,-0.0115523466,-0.0083912731,0.0031823745,-0.0007304602,-0.6279398570
0.4566850275,-0.0054079230,-0.0146700547,-0.0007304602,0.0033849130,-0.0002440215,0.0048732943,-0.1020630834
0.4694376528,-0.0016710008,-0.0107047362,0.0046296296,0.0004819277,0.0031730535,-0.0029097963,-0.1567593114
0.4853620955,-0.0004415906,-0.0089477342,-0.0026679602,-0.0069845857,-0.0048661800,-0.0009727626,-0.3611715486
0.5555555556,0.0008445116,-0.0070764147,-0.0012159533,0.0012127092,-0.0004889976,-0.0012171373,0.9437587062
0.5944272446,-0.0007466660,-0.0080028775,-0.0007304602,-0.0009689922,0.0000000000,0.0014623446,-0.0104034872
0.5404411765,-0.0016037060,-0.0083753914,0.0012183236,0.0014548982,0.0004892368,0.0009734729,0.4553553704
0.5262160455,0.0040133789,-0.0024190375,0.0007301046,0.0024213075,0.0000000000,-0.0053488938,-0.2750010084
0.5380263985,0.0145558018,0.0088573345,-0.0055933852,-0.0106280193,-0.0112469438,-0.0109997556,0.5496237545
0.4988344988,0.0036344884,-0.0004454301,-0.0105160186,-0.0029296875,-0.0029673591,0.0086505190,-0.0261603910
0.5419847328,0.0120025829,0.0084837705,0.0084033613,0.0014691479,-0.0009920635,-0.0088213673,-0.0979598602
0.5617529880,0.0344509235,0.0320949019,-0.0083333333,-0.0083129584,-0.0305362463,-0.0234857849,1.4757450344
0.3505092870,0.0231929491,0.0237563886,-0.0237271379,-0.0179980276,0.0048655570,0.0058227848,-0.4700688126
0.3880926130,0.0245243659,0.0269076163,0.0053164557,-0.0002510670,0.0020387360,-0.0047822804,-0.1976456752
0.3717001056,0.0243784219,0.0285562875,-0.0040292118,-0.0025113009,-0.0068667345,-0.0035407183,0.1484126885
0.3777777778,0.0305673778,0.0364371008,-0.0042983565,-0.0020140987,-0.0043533931,-0.0096446701,0.3650721257
0.3549883991,0.0227194880,0.0305687010,-0.0091416963,-0.0093340061,-0.0007716049,0.0030753460,-0.4537676477
0.3184079602,0.0140425646,0.0230765727,0.0033316248,0.0096765979,-0.0028314028,0.0051098620,1.7499220072
0.3025064823,0.0088049815,0.0182611639,0.0051085568,-0.0002522068,0.0108415075,0.0030503305,-0.5963719609
0.3149405772,0.0071951243,0.0166508442,0.0027954257,-0.0032795156,-0.0079162411,0.0002534212,0.0646283096
0.3087794433,0.0130178711,0.0224113951,0.0002534212,0.0015186029,0.0061776062,-0.0068406385,-0.5520871265
0.3048625793,0.0092129557,0.0189317707,-0.0068406385,-0.0032853172,-0.0115118956,0.0017857143,0.9591321676
0.2916482545,-0.0225702063,-0.0131296563,0.0017857143,0.0291582150,0.0157867495,0.0310669722,1.6674499205
0.4244165171,-0.0360017629,-0.0291805956,0.0308123249,0.0174919931,0.0310828025,0.0175351939,-0.4667098796
0.4646324549,-0.0187933393,-0.0153079264,0.0180335968,0.0014527845,0.0059303188,-0.0118932039,-0.4831918724
0.5325914149,-0.0139643788,-0.0122329260,-0.0121329774,-0.0053191489,-0.0024563989,-0.0019651191,-0.2054197626
0.5753424658,-0.0156921942,-0.0152048837,-0.0022107590,-0.0048614487,0.0000000000,0.0039379769,-0.0539223209
0.5453405767,-0.0120670115,-0.0128685795,0.0044313146,0.0021983390,0.0002462448,-0.0012257906,-0.0263341639
0.5622576476,-0.0003960767,-0.0021177843,-0.0014705882,-0.0058493785,-0.0076317085,-0.0098183603,0.0263490991
0.5584082157,-0.0042844351,-0.0059037818,-0.0098183603,-0.0049031625,-0.0012403870,0.0039662866,0.0577063367
0.5621552821,-0.0023936785,-0.0042371278,0.0042141795,0.0022172949,0.0014903130,-0.0012345679,-0.0183972931
0.6104651163,0.0021864884,0.0002806324,-0.0017279684,-0.0046705998,-0.0017361111,-0.0042027194,0.3168436232
0.6428852976,0.0086109035,0.0070099112,-0.0037091988,-0.0041985675,-0.0067080745,-0.0067030785,0.5916894305
0.6758922068,-0.0034243613,-0.0042113935,-0.0071978158,0.0158730159,-0.0042521261,0.0107473132,1.3889141003
0.6799717414,0.0045546493,0.0035452594,0.0107500000,-0.0073242188,-0.0017583522,-0.0074183976,-0.3707428992
0.7031813709,-0.0181604066,-0.0187191649,-0.0069255503,0.0103295622,0.0088072471,0.0224215247,0.0639442177
0.6759756534,-0.0220387482,-0.0239914876,0.0221668742,0.0068159688,0.0202045398,0.0068226121,0.0538552980
0.6304614128,-0.0275909460,-0.0311246173,0.0070662768,0.0130560928,0.0088019560,0.0091965150,0.1991926291
0.6712328767,-0.0148412172,-0.0203617818,0.0089523349,-0.0002386635,0.0016965584,-0.0086330935,-0.4335022899
0.6274738068,-0.0149407764,-0.0212211331,-0.0086330935,-0.0057292910,0.0002419550,0.0024189647,-0.6317354563
0.6213017751,-0.0140697007,-0.0210665720,0.0021770682,-0.0002400960,0.0012094823,0.0014478764,-0.0806859037
0.5609065156,-0.0126189008,-0.0202143640,0.0019309679,0.0012007685,0.0021744383,0.0007228916,-0.0897088834
0.5598086124,-0.0332573619,-0.0411133450,0.0007227174,0.0208683137,0.0014464802,0.0233566097,2.7936283384
0.6312625251,-0.0418925052,-0.0516791060,0.0231102552,0.0173872180,0.0170919596,0.0143529412,0.7302081749
0.6030473136,-0.0367880916,-0.0491743722,0.0143529412,-0.0002309469,0.0139644970,0.0013917884,-0.2765663402
0.5520231214,-0.0234371326,-0.0379549133,0.0013917884,-0.0020790021,-0.0046685341,-0.0078758397,-0.2184218411
0.5340167754,-0.0205174922,-0.0358187928,-0.0081074820,-0.0074074074,0.0000000000,0.0007004436,-0.5066272832
0.5064165844,-0.0081038749,-0.0240573581,0.0007006072,0.0020988806,-0.0044559099,-0.0093327112,-0.0965862783
0.4825964252,-0.0108175821,-0.0261743040,-0.0093348891,-0.0048871306,-0.0002355713,0.0040037683,-0.3728370364
0.4231777661,0.0064282386,-0.0088910637,0.0042402827,-0.0014031805,-0.0110744581,-0.0154820549,1.2242776633
0.3783359498,-0.0021686798,-0.0157369736,-0.0157166315,-0.0096018735,-0.0035739814,0.0076244937,-0.2882660811
0.3724247227,-0.0074677570,-0.0201321205,0.0078646330,0.0059115630,0.0098039216,0.0056751005,-0.1700522445
0.3569131833,-0.0065524588,-0.0188715433,0.0056751005,0.0042313117,0.0037887758,0.0002351281,0.0042183400
0.3488372093,-0.0088064263,-0.0206965586,0.0002351281,-0.0007022472,-0.0004718094,0.0032910202,-0.0967653773
0.3560257590,-0.0016034392,-0.0133843350,0.0032910202,0.0021082221,-0.0009440642,-0.0058575445,0.1123097904
0.4071856287,0.0014756047,-0.0095918427,-0.0058575445,-0.0049088359,-0.0066146941,-0.0028281876,0.4734976923
0.3581142339,0.0014852904,-0.0086470288,-0.0028281876,-0.0037585154,0.0026159334,-0.0002363507,-0.6158138237
0.3183807440,0.0036294306,-0.0056558127,-0.0004727015,0.0002357934,-0.0049810247,-0.0023640662,1.2497445981
0.3609065156,0.0052148798,-0.0031107966,-0.0023646252,-0.0028288543,-0.0069129917,-0.0021327014,0.7298916196
0.3944272446,0.0080031981,0.0006841691,-0.0016591609,0.0078014184,-0.0067210754,-0.0035620993,0.5426689868
0.4416562108,0.0184221425,0.0122126624,-0.0040360874,-0.0121979826,0.0016916385,-0.0114394662,-0.5492227556
0.4308445532,0.0073311540,0.0030860043,-0.0114421931,-0.0047494657,-0.0007237636,0.0081967213,-0.2587456380
0.4745762712,0.0004617533,-0.0028650274,0.0081986979,0.0064423765,0.0070014486,0.0057388809,-0.1705536559
0.5563770795,0.0001529223,-0.0028898717,0.0062186080,-0.0011853959,0.0023975066,0.0002377556,0.5854416936
0.4879089616,0.0029903142,0.0001770869,0.0000000000,0.0002373606,0.0011958862,-0.0028523889,-0.3725699736
0.4728434505,-0.0015160338,-0.0038727798,-0.0028523889,0.0009492169,0.0000000000,0.0040524434,0.0624923844
0.5217391304,-0.0012827979,-0.0035859072,0.0038140644,0.0009483167,-0.0040611562,0.0000000000,0.6899648066
0.5352112676,-0.0010854443,-0.0033202845,0.0002374733,0.0016579820,0.0043175822,0.0000000000,-0.1092140407
0.5541666667,-0.0023396215,-0.0044924394,0.0002374169,-0.0016552376,-0.0009553380,0.0014245014,-0.4376738279
0.5087900724,0.0008677391,-0.0013184669,0.0011868028,0.0125532923,0.0035859431,-0.0028449502,1.1728965171
0.4814090020,0.0000209591,-0.0019326909,-0.0028449502,-0.0077192982,0.0004764173,0.0007132668,-0.5396693562
0.4245754246,-0.0016426364,-0.0034468990,0.0007132668,-0.0028288543,0.0009523810,0.0016631029,-0.4652955645
0.3766632549,0.0002708682,-0.0015337781,0.0014255167,-0.0026004728,-0.0021408183,-0.0016603416,-0.1168504059
0.3995656895,0.0023725444,0.0007196490,-0.0011862396,-0.0009480920,-0.0023837902,-0.0021382751,0.1670689182
0.5679012346,0.0036803382,0.0023369032,-0.0026128266,-0.0026097272,0.0004778973,-0.0016666667,-0.1457141222
0.5069930070,-0.0047189880,-0.0056619001,-0.0014289116,0.0059467174,0.0009553380,0.0078702600,0.0154604100
0.5429497569,-0.0084509718,-0.0096948894,0.0081087527,0.0040198629,0.0073968027,0.0044959773,1.0326415084
0.6011315417,-0.0033944763,-0.0052273117,0.0042583392,0.0004710316,0.0004737091,-0.0037691402,-0.4724911334
0.5813953488,-0.0052245204,-0.0071877324,-0.0035335689,0.0009416196,0.0000000000,0.0023646252,0.2438067504
0.5603448276,-0.0083974509,-0.0106230850,0.0021276596,0.0018814675,0.0009469697,0.0040103798,0.2154716195
0.5709134615,-0.0110557356,-0.0137755263,0.0040103798,0.0035211268,0.0059129612,0.0039943609,0.1149908375
0.5785123967,-0.0081943036,-0.0115985507,0.0042293233,0.0028070175,0.0014107689,-0.0011701381,0.3166436364
0.6186770428,-0.0020232593,-0.0058478348,-0.0014038372,-0.0034989503,-0.0035219535,-0.0049203374,-0.2080897099
0.5829514207,-0.0089459597,-0.0126218019,-0.0049203374,0.0028089888,-0.0002356268,0.0072992701,0.0266528812
0.6386020651,-0.0080334107,-0.0121486822,0.0070638097,0.0072362278,0.0070704690,0.0004675082,0.7066170004
0.6297803092,-0.0081878922,-0.0126329393,0.0009352350,-0.0020857474,-0.0011701381,0.0014018692,-0.3297938916
0.5926251097,-0.0029736087,-0.0077615492,0.0011679514,-0.0041802137,-0.0025773196,-0.0039664022,0.1616827840
0.5610972569,-0.0015806239,-0.0062554933,-0.0037330845,0.0009328358,0.0011745361,-0.0009369876,0.1895742281
0.5725190840,-0.0020394162,-0.0064909575,-0.0011709602,-0.0041938490,-0.0028155795,0.0007033998,-0.6415134315
0.5102040816,-0.0024268594,-0.0067083358,0.0007033998,0.0014038372,0.0021176471,0.0007029053,-0.2330860589
0.4689146470,-0.0008838451,-0.0050466441,0.0007029053,-0.0011682243,0.0011739845,-0.0011706860,0.0701069411
0.5168408827,0.0023065110,-0.0016304360,-0.0009365488,-0.0016374269,-0.0037523452,-0.0030473511,0.5357180471
0.5102260495,-0.0003986809,-0.0038518875,-0.0030466370,-0.0011715089,-0.0009416196,0.0023512814,-0.1872857308
0.4870349493,-0.0026768321,-0.0058984919,0.0018805830,0.0046915318,0.0030631480,0.0023457659,0.1834810403
0.4615384615,-0.0078376530,-0.0110163542,0.0028155795,0.0032687369,0.0032887010,0.0056166628,-0.0505852521
0.4810810811,-0.0043146964,-0.0078914881,0.0053813758,0.0011636025,0.0030437837,-0.0023272050,0.2580647251
0.5316606930,-0.0087378499,-0.0123752201,-0.0020944845,0.0102278010,0.0007002801,0.0051317938,1.3405717985
0.5050505051,-0.0046215669,-0.0086978907,0.0048973881,-0.0075931891,0.0006997901,-0.0027848689,-0.5124297844
0.5229050279,-0.0069150027,-0.0110455522,-0.0027848689,-0.0004637144,0.0006993007,0.0030253665,-0.3781321872
0.5442902882,-0.0053896200,-0.0097678587,0.0027926460,0.0009278590,0.0002329373,-0.0004640371,-0.1057459146
0.6129807692,-0.0100753483,-0.0145343728,-0.0002320724,0.0048667439,0.0027945971,0.0055710306,0.5154816136
0.6186152100,-0.0110365131,-0.0159564781,0.0058031569,0.0048431734,0.0037157455,0.0025392428,0.5044504596
0.6351791531,-0.0047553754,-0.0102164530,0.0023078698,0.0048198302,-0.0009254975,-0.0046051117,0.5665454353
0.6118067979,0.0015364509,-0.0039297955,-0.0043748561,-0.0100502513,-0.0046317740,-0.0055517002,-0.3708347218
0.5467625899,0.0107041600,0.0057190023,-0.0055504163,-0.0073834795,-0.0118659842,-0.0093044894,0.6243371145
0.4750000000,0.0150154281,0.0112312214,-0.0097674419,-0.0081357508,-0.0070638097,-0.0058699225,-0.1555425125
0.4770642202,0.0163058790,0.0139915969,-0.0054015970,-0.0070307007,-0.0042684373,-0.0035427492,0.1882405068
0.5040214477,0.0215454344,0.0206968986,-0.0037780401,-0.0004720321,-0.0064301024,-0.0075847357,-0.0098693063
0.4666666667,0.0201799855,0.0211148145,-0.0075847357,-0.0082644628,-0.0023969319,-0.0019106759,-0.1511894012
0.4694485842,0.0134377637,0.0159042922,-0.0019106759,0.0019047619,0.0019221528,0.0035893754,-0.1873728620
0.4433150899,0.0130612664,0.0164226578,0.0035893754,-0.0009505703,0.0016786571,-0.0016690510,-0.1020360337
0.4503574265,0.0144438192,0.0186120803,-0.0019074869,-0.0026165557,-0.0016758439,-0.0033436828,-0.1865225517
0.4712535344,0.0244969987,0.0295694907,-0.0031055901,-0.0047698545,-0.0141486811,-0.0119817877,2.8274387031
0.4149377593,0.0335123995,0.0402466279,-0.0119817877,-0.0112628804,-0.0131354901,-0.0123696338,0.0849423910
0.3333333333,0.0258373987,0.0347243247,-0.0121270919,-0.0096946195,-0.0019719004,0.0024557957,-0.5554175404
0.3246753247,0.0296821464,0.0400506261,0.0019641542,0.0017131669,-0.0061743640,-0.0075943165,0.2277201118
0.3164556962,0.0304574561,0.0424880724,-0.0073511394,-0.0102614219,0.0004970179,-0.0051839052,-0.5642295706
0.3186558517,0.0202023508,0.0336977926,-0.0051839052,0.0054307578,-0.0022354694,0.0054590571,1.4185785103
0.3814935065,0.0111055178,0.0251298149,0.0057071960,0.0036827891,0.0059746079,0.0059230010,-0.4897433067
0.4109324759,0.0069265973,0.0207640193,0.0054280780,-0.0004892368,0.0022271715,0.0024533857,-0.1082380568
0.3771827707,0.0061071998,0.0194754483,0.0024539877,0.0022026432,0.0044444444,-0.0002447381,-0.3714003280
0.4145873321,0.0032029736,0.0160430198,-0.0002447980,0.0036630037,0.0029498525,0.0019583843,0.7897746338
0.3723849372,-0.0011942363,0.0109029141,0.0022037218,0.0017031630,0.0026960784,0.0039091131,0.0532750153
0.3750000000,0.0041212877,0.0152841365,0.0036647935,-0.0019431625,-0.0034221462,-0.0051107325,0.1595383817
0.3571428571,-0.0086380253,0.0018978461,-0.0051119766,0.0097347286,-0.0076036301,0.0122309198,1.0450257726
0.4067796610,-0.0097022780,-0.0006577719,0.0127232689,0.0159074476,0.0229856649,0.0024166264,-0.1309956198
0.4285714286,-0.0188536854,-0.0113346843,0.0021744383,-0.0040332147,0.0021744383,0.0108486017,-0.3219071193
0.5394190871,-0.0252519314,-0.0198454671,0.0106075217,0.0085755121,0.0050626808,0.0095397090,0.4807176829
0.5747126437,-0.0343698347,-0.0314179967,0.0097805344,0.0155880964,0.0136723435,0.0134656272,0.3959584790
0.6630094044,-0.0259032975,-0.0259118954,0.0137018663,0.0018604651,0.0092285850,-0.0032634033,-0.4601968841
0.7014925373,0.0022233129,0.0000977925,-0.0032626427,-0.0020891365,-0.0248534584,-0.0240879326,1.0821344588
0.4539502401,-0.0274830152,-0.0292212469,-0.0240823007,0.0069783671,-0.0055301755,0.0301941050,0.6777573194
0.5364949981,-0.0140813897,-0.0179189474,0.0299472928,-0.0032340032,0.0161992263,-0.0093044894,-0.2561755913
0.5513784461,-0.0072531444,-0.0119518049,-0.0093044894,-0.0101969873,0.0054722817,-0.0046959380,-0.4984626486
0.5263157895,-0.0040226745,-0.0089623721,-0.0046959380,-0.0023413720,0.0007098912,-0.0021231423,-0.4754905398
0.5875320239,0.0099669190,0.0050065587,-0.0018872376,-0.0016428069,-0.0134783637,-0.0132387707,0.3234961770
0.5926690759,0.0029072253,-0.0008698065,-0.0132356417,-0.0089327692,0.0007190796,0.0055103019,-0.2003174033
0.5542105263,0.0038951208,0.0006251098,0.0052694611,0.0023719165,0.0021556886,-0.0014295926,0.3732472505
0.5860917942,0.0023392127,-0.0003752626,-0.0014295926,-0.0063890204,-0.0069311663,0.0009544262,-0.1931037150
0.5811989868,0.0012632933,-0.0010618431,0.0009544262,0.0030959752,0.0064981949,0.0007151371,-0.0457472415
0.5434182264,-0.0141948364,-0.0162156752,0.0004767580,0.0151946819,0.0033476805,0.0154835636,0.8113128467
0.5666860804,-0.0064173057,-0.0094378093,0.0157255182,-0.0028063611,0.0076263108,-0.0056298381,-0.3036007989
0.5652173913,-0.0112612308,-0.0145505163,-0.0056298381,0.0014071295,-0.0030747398,0.0058976174,-0.3189552227
0.5266055046,-0.0025107513,-0.0064826627,0.0058976174,-0.0009367681,-0.0023724792,-0.0070356473,0.0282711772
0.6080508475,0.0105249806,0.0065978381,-0.0070356473,-0.0072667604,-0.0076099881,-0.0125177137,1.3786816822
0.4465116279,0.0043416554,0.0015576634,-0.0125177137,-0.0080283353,-0.0035945363,0.0045443674,-0.8051097728
0.4502545118,0.0058290564,0.0035928370,0.0043051901,0.0026184242,0.0072150072,-0.0021428571,0.3367292020
0.4644391408,0.0034956348,0.0018923526,-0.0019052155,-0.0021367521,-0.0028653295,0.0014316392,0.1807579962
0.4111531191,0.0087261142,0.0075135136,0.0014316392,0.0000000000,-0.0007183908,-0.0057183703,0.1111489518
0.4598308668,0.0100461099,0.0096183041,-0.0059566357,-0.0052343564,-0.0076683441,-0.0026359933,1.2831465387
0.4755011136,0.0123925007,0.0127993474,-0.0021572387,-0.0033484812,-0.0031393383,-0.0038443056,0.0578868265
0.4601293103,0.0146463548,0.0160172614,-0.0040835936,-0.0045596352,-0.0041182171,-0.0041003377,-0.1460683433
0.5064377682,0.0094593054,0.0118899694,-0.0038591413,-0.0016875603,0.0029189978,0.0029062727,-0.4509165868
0.5247933884,0.0024362821,0.0054248860,0.0026634383,0.0067616518,0.0012127092,0.0055542140,1.2425429672
0.4250000000,-0.0017741725,0.0011760644,0.0055542140,0.0043175822,0.0038759690,0.0038424592,-0.4447257080
0.4241151770,-0.0003054160,0.0022878575,0.0036023055,0.0002388345,-0.0026544402,-0.0011961722,0.3562080706
0.4242847174,0.0040704978,0.0064576050,-0.0004785834,-0.0011938873,0.0029034600,-0.0043113772,-0.3011164922
0.4428259286,-0.0173574042,-0.0148749588,-0.0047881254,0.0153000239,0.0014475271,0.0211691123,1.0830490663
0.6567505721,-0.0167716174,-0.0158596267,0.0211691123,0.0037673652,0.0199951819,0.0021201413,0.0309225222
0.6424314660,-0.0100023801,-0.0104979479,0.0018845701,-0.0021111893,-0.0011809164,-0.0042313117,-0.1398175534
0.6224018476,-0.0098660085,-0.0111210006,-0.0042323066,-0.0023507287,-0.0096949633,0.0014164306,0.0009422186
0.6224018476,-0.0027057608,-0.0046659125,0.0016528926,0.0002356268,0.0047755492,-0.0056577086,-0.6747992231
0.6224018476,-0.0107327382,-0.0127463518,-0.0058934465,0.0025912839,0.0021387833,0.0085348506,0.2954310686
0.6243154436,-0.0029879148,-0.0057252752,0.0090111454,0.0004699248,0.0018970832,-0.0061118947,0.1344498901
0.6012658228,-0.0008740536,-0.0036515973,-0.0063454759,-0.0063410052,-0.0030769231,-0.0016556291,-0.3735682217
0.6243154436,-0.0012128305,-0.0038531043,-0.0018921476,-0.0009454030,-0.0021367521,0.0004738214,0.1355225405
0.6115515289,0.0070819249,0.0045198493,0.0007109005,0.0000000000,-0.0047585058,-0.0080511485,0.1843866213
0.5811739820,-0.0006871816,-0.0024825335,-0.0080511485,-0.0011828720,0.0000000000,0.0066841728,-0.1580659126
0.5989873418,-0.0008184027,-0.0025351764,0.0069228933,0.0033159640,0.0057375090,0.0002371354,0.0030274052
0.5343111577,0.0014442998,-0.0002141298,-0.0002370792,-0.0016525024,0.0002376991,-0.0021337127,-0.2632689416
0.5525460455,0.0024128968,0.0009908394,-0.0021342186,-0.0014187751,-0.0033269962,-0.0011879306,0.9722612263
0.4375000000,0.0001384688,-0.0009836339,-0.0009505703,0.0009471939,-0.0019074869,0.0019029496,-0.2336113382
0.4344827586,-0.0005946612,-0.0016218677,0.0016650809,-0.0014194464,0.0052556140,0.0007122507,-0.2093729542
0.4067796610,0.0021120642,0.0011108970,0.0009498931,-0.0014214641,-0.0038022814,-0.0026097272,0.3497555389
0.4396135266,0.0060948638,0.0053330792,-0.0028469751,-0.0014234875,-0.0021469466,-0.0042816365,0.2850910416
0.4527363184,0.0078055108,0.0075857772,-0.0042826552,0.0049893086,-0.0019125030,-0.0026278070,1.4588636245
0.3570669501,-0.0001012449,0.0003151673,-0.0023894863,-0.0049645390,-0.0026347305,0.0067065868,-0.3423693914
0.4622641509,-0.0003235170,0.0000538834,0.0067065868,0.0106913756,0.0062439962,0.0002379253,1.1802489395
0.4088291747,0.0213485237,0.0216791607,0.0000000000,-0.0084626234,-0.0198090692,-0.0211703140,0.1142510686
0.3126213592,0.0146122348,0.0166145839,-0.0206995004,-0.0199146515,-0.0087655223,0.0034021871,-0.3249228552
0.3322214810,0.0062714917,0.0092729936,0.0029154519,0.0087082729,0.0098255957,0.0060547348,-0.3203732673
0.3241053342,0.0121288926,0.0154306062,0.0062984496,-0.0038369305,-0.0009729993,-0.0067404911,-0.0576884831
0.3502216593,0.0073331955,0.0113462133,-0.0067404911,-0.0024073182,0.0034088142,0.0029083858,-0.7116483656
0.3250000000,-0.0046195702,-0.0003650953,0.0029083858,0.0171332046,0.0036398932,0.0108748188,7.0996302053
0.3512396694,-0.0031939691,0.0003794095,0.0108748188,-0.0052194543,0.0070116054,-0.0007171886,-0.7428637393
0.4067796610,-0.0046076464,-0.0015595857,-0.0009562515,0.0033388982,0.0026410564,0.0019138756,-0.0137765183
0.4160583942,-0.0043742437,-0.0019206985,0.0023929170,-0.0016638935,0.0019157088,0.0004775549,-0.5701324603
0.3615425817,-0.0105495085,-0.0086398670,0.0004774409,0.0052380952,-0.0066921606,0.0069212411,2.2951379416
0.3574931880,-0.0133697343,-0.0124472582,0.0066809831,0.0047370914,0.0129932628,0.0045034368,-0.1344412914
0.3138936535,-0.0248880305,-0.0250975013,0.0045034368,0.0136727959,0.0059382423,0.0139216612,1.2113133439
0.3485342020,-0.0083665640,-0.0105741446,0.0136857008,0.0046511628,-0.0011806375,-0.0127996276,0.0874060689
0.3510506799,-0.0094145852,-0.0121196826,-0.0125698324,-0.0115740741,0.0000000000,0.0023573786,-0.3187687643
0.4375408764,-0.0070320690,-0.0102908755,0.0025931165,0.0007025761,0.0042553191,-0.0009407338,-0.5567695095
0.5078979344,-0.0054819834,-0.0090620451,-0.0009405126,-0.0032763866,-0.0037664783,-0.0004708098,0.2764899042
0.5555555556,0.0003087571,-0.0034620740,-0.0007060485,-0.0014087814,-0.0030718336,-0.0049458314,-0.3317457414
0.5750000000,-0.0004484847,-0.0039129049,-0.0049458314,0.0004702563,-0.0028442759,0.0007100592,2.1258969592
0.5627009646,0.0184085611,0.0151040246,0.0004733728,-0.0065804935,-0.0183028286,-0.0184484390,1.1243699258
0.4060385216,0.0133787859,0.0117909625,-0.0182162290,-0.0149041874,-0.0007263923,0.0021686747,-0.6578061510
0.3518987342,0.0149811790,0.0145767672,0.0019277108,0.0009606148,0.0029076811,-0.0036066362,-0.4293757856
0.3908503232,0.0178343264,0.0186591306,-0.0036075036,-0.0059980806,-0.0050736893,-0.0050675676,-0.1243702687
0.4343434343,0.0031683791,0.0053290889,-0.0048274197,0.0069997586,0.0004856727,0.0118845501,0.3226692776
0.4700315457,0.0012409922,0.0034911616,0.0116420082,0.0122243528,0.0080097087,0.0014381592,1.3622525449
0.4473684211,-0.0013402116,0.0008370638,0.0016782546,-0.0052095667,0.0012039490,0.0023934897,-0.3567691444
0.3411764706,0.0022162680,0.0041317555,0.0026328387,0.0021423471,0.0016835017,-0.0033428844,0.7513241017
0.3957115010,0.0004372052,0.0023848014,-0.0035808069,-0.0026128266,-0.0014405762,0.0014374701,-0.3404877571
0.3845135672,0.0068736723,0.0087238297,0.0011978917,-0.0014289116,-0.0040875210,-0.0064593301,-0.1396369533
0.3523347483,0.0235615323,0.0258628660,-0.0064608758,-0.0095397090,-0.0159343312,-0.0173368649,0.5271168356
0.2808119865,0.0379954104,0.0420768348,-0.0173410405,-0.0175776547,-0.0215897939,-0.0173976966,1.1166187604
0.2452511608,0.0347303376,0.0415574323,-0.0171568627,-0.0164215686,-0.0052657974,-0.0024937656,-0.2406066987
0.2935779817,0.0306755531,0.0397788275,-0.0027431421,-0.0019935211,-0.0007562390,-0.0012500000,-0.4620076004
0.3526170799,0.0262131117,0.0370918452,-0.0010002501,-0.0019975031,0.0022704339,-0.0002503129,0.1824315564
0.4036639292,0.0183557543,0.0304742176,-0.0005006258,0.0060045034,-0.0012584948,0.0037556335,-0.4482877328
0.3837144451,0.0147724214,0.0274480121,0.0037565740,0.0017408605,0.0088205645,0.0007483163,-0.0729786478
0.3417443774,0.0152834195,0.0282340120,0.0007485030,-0.0024826216,-0.0009992506,-0.0027417747,-0.1563938721
0.2327272727,0.0144534240,0.0276837440,-0.0024931439,-0.0012444002,-0.0052513128,-0.0014996251,-0.1967069592
0.2606473595,0.0066861171,0.0200159870,-0.0012496876,0.0102167954,0.0002513826,0.0055068836,1.1349925761
0.3229329173,0.0119554388,0.0249119117,0.0052552553,-0.0086334484,0.0022618748,-0.0062235499,-0.4897107184
0.3122171946,0.0028310453,0.0156880893,-0.0064724919,0.0007464543,-0.0005015045,0.0072645291,0.0433352466
0.4050880626,0.0043937964,0.0165484876,0.0075169131,0.0017404276,0.0065228299,-0.0019895548,-0.0525235542
0.4262182567,-0.0056974469,0.0057985410,-0.0019895548,0.0062050137,-0.0019940179,0.0094692250,0.5746441996
0.5554834523,-0.0006270533,0.0096058249,0.0094692250,-0.0002466700,0.0049950050,-0.0041964947,-0.2854611590
0.6734854445,-0.0000348150,0.0093947259,-0.0041964947,-0.0029607698,0.0000000000,-0.0004957858,-0.3536590384
0.6953696182,-0.0052106534,0.0034724015,-0.0004957858,0.0029695620,0.0000000000,0.0052083333,-0.2686841966
0.6808510638,-0.0036715396,0.0039583090,0.0052083333,0.0024673082,0.0022365805,-0.0007401925,0.6073202927
0.6746987952,0.0033344722,0.0101500146,-0.0009869233,-0.0014767413,-0.0034713613,-0.0064197531,-0.1013198742
0.6484935438,0.0218672123,0.0285688028,-0.0061743640,-0.0054227262,-0.0243841752,-0.0186381710,3.8934636761
0.5885850178,0.0072798520,0.0151418228,-0.0186381710,0.0014869888,0.0056108136,0.0111420613,-0.2414385715
0.6033300686,0.0119890126,0.0198948826,0.0108888326,-0.0098985400,0.0017752980,-0.0057600801,-0.4369756998
0.5792195581,0.0137193781,0.0220253070,-0.0055110220,-0.0009997501,-0.0055696203,-0.0035264484,0.1309425066
0.6061224490,-0.0010174650,0.0076579840,-0.0035264484,0.0070052539,0.0063645621,0.0126390293,0.0434978439
0.6341463415,-0.0104941640,-0.0026191723,0.0126390293,0.0079503106,0.0032886415,0.0097353969,0.0404701943
0.6464646465,-0.0061770685,0.0002950495,0.0097353969,0.0022183880,0.0143721634,-0.0027194067,0.1314447209
0.6424090339,-0.0086671716,-0.0031862489,-0.0027194067,-0.0027053615,0.0014914243,0.0034705007,-0.5118646761
0.6111869031,-0.0088029262,-0.0044258838,0.0037183937,0.0056720099,0.0047158104,0.0014822134,-0.1984141551
0.5686274510,-0.0057318373,-0.0023754525,0.0009878982,-0.0039234919,-0.0024703557,-0.0017266897,-0.0955037018
0.5607734807,-0.0055871643,-0.0029386046,-0.0014803849,0.0004923683,0.0019811788,0.0007412898,0.3997207372
0.5337243402,-0.0022640550,-0.0002524176,0.0007412898,-0.0027066929,-0.0034602076,-0.0024691358,-0.3135555006
0.5229885057,-0.0024095955,-0.0007284089,-0.0022222222,-0.0017271157,-0.0017361111,0.0004950495,-0.1575193575
0.4917012448,-0.0008028703,0.0005632554,0.0000000000,0.0009886307,0.0024844720,-0.0012370114,-0.3742540439
0.6592489569,-0.0006793518,0.0005215328,-0.0012373175,-0.0007407407,-0.0009913259,0.0000000000,-0.0769501521
0.6195652174,0.0019069746,0.0029673381,0.0004955401,-0.0022238695,-0.0044653932,-0.0024770869,0.0157184607
0.6666666667,-0.0011149226,0.0000159298,-0.0027241209,0.0002476474,0.0019935211,0.0027315620,-0.3448774701
0.6749460043,-0.0006959210,0.0002624621,0.0024832381,0.0002475860,0.0017408605,-0.0002476474,-0.2787933229
0.6302521008,0.0001543845,0.0009868800,0.0000000000,0.0007425743,0.0007447865,-0.0007431261,0.1221628903
0.5174537988,-0.0003649718,0.0004177848,-0.0009908348,-0.0012367054,-0.0022326966,0.0004957858,0.4492273529
0.5135135135,-0.0067076334,-0.0060164261,0.0004959088,0.0069341258,0.0009945301,0.0064420218,3.8492092121
0.5813953488,-0.0054308426,-0.0053258919,0.0069392813,-0.0002459420,0.0059612519,-0.0002461841,-0.6233370261
0.6247464503,-0.0004108874,-0.0007483531,-0.0004922471,0.0000000000,-0.0022222222,-0.0041861610,0.1309455117
0.5672191529,-0.0001004188,-0.0004457498,-0.0044324058,-0.0024600246,-0.0014847810,-0.0002472799,0.1623377237
0.6307692308,-0.0032898256,-0.0036165367,0.0000000000,0.0004932182,0.0002478315,0.0032154341,-0.3765853216
0.6654929577,-0.0027836986,-0.0033486451,0.0034627752,0.0036973133,0.0024777007,0.0000000000,0.8372600258
0.7054263566,-0.0040742441,-0.0048181202,-0.0002464876,-0.0012278978,0.0002471577,0.0017258383,-0.3690693039
0.6820809249,-0.0039377461,-0.0049510324,0.0019723866,0.0039341038,0.0024709661,0.0004922471,0.6203514151
0.6489361702,-0.0082115868,-0.0094578056,0.0002460630,0.0017144257,0.0014789253,0.0049200492,-0.0797912973
0.7155477032,-0.0062184384,-0.0080287295,0.0049200492,0.0029339853,0.0041841004,-0.0007343941,0.1609626120
0.7291666667,-0.0052617556,-0.0074340088,-0.0009791922,-0.0043881034,-0.0022058824,0.0000000000,-0.5359918555
0.7000000000,-0.0037200548,-0.0061529297,0.0004900760,0.0012242899,0.0000000000,-0.0007349339,0.8695259626
0.7000000000,-0.0029032923,-0.0054533359,-0.0012245898,-0.0009782343,0.0000000000,-0.0002451581,-0.5980010167
0.7583643123,-0.0031899400,-0.0057807872,0.0000000000,0.0007343941,-0.0007369197,0.0007356547,0.8721558082
0.6750000000,-0.0041632869,-0.0068127922,0.0007356547,0.0022015656,0.0029498525,0.0014702279,-0.2484459006
0.6296296296,-0.0078922307,-0.0106653769,0.0014702279,0.0019526483,0.0012254902,0.0044042085,0.1769597538
0.8313253012,-0.0069199610,-0.0101164899,0.0041595302,0.0024360536,0.0019583843,0.0002436054,0.2168362808
0.7894736842,0.0009705558,-0.0025653251,0.0004873294,-0.0009720535,-0.0046420718,-0.0068192888,0.0804864363
0.4820295983,-0.0091408073,-0.0123055299,-0.0068192888,0.0029189978,-0.0007363770,0.0100539480,0.9349918570
0.5833333333,0.0005242286,-0.0031657096,0.0102991663,0.0014552510,0.0034389585,-0.0082544307,-0.2258898276
0.4850746269,0.0014241648,-0.0019539337,-0.0084951456,-0.0092031969,-0.0031823745,-0.0009791922,-0.5212220190
0.5493827160,0.0014504559,-0.0015645433,-0.0009791922,0.0004888780,0.0007367387,-0.0002450380,-0.5426490620
0.5662368113,-0.0004875410,-0.0031589177,0.0000000000,0.0000000000,0.0002453988,0.0017156863,0.2018074347
0.5170068027,0.0015479213,-0.0009693954,0.0014702279,-0.0002443196,0.0004906771,-0.0019574260,0.4685058002
0.5288270378,-0.0018713122,-0.0040716673,-0.0019574260,0.0002443793,-0.0004904365,0.0031870557,-0.1549364557
0.5009380863,-0.0066810956,-0.0088565755,0.0031870557,0.0073295871,0.0014720314,0.0051319648,1.7134099204
0.4782608696,-0.0090263520,-0.0115650089,0.0051319648,0.0048508368,0.0071043606,0.0034038415,1.0506987691
0.5020746888,-0.0066749249,-0.0097485631,0.0036469730,-0.0012068549,0.0000000000,-0.0009692270,-0.3869531214
0.5551086082,-0.0118791900,-0.0152364527,-0.0012112403,0.0062832286,0.0019459985,0.0063060878,0.3553322958
0.5716498838,-0.0100516223,-0.0141078266,0.0063060878,0.0026416907,0.0060694343,0.0000000000,-0.3233164609
0.6069651741,-0.0087441333,-0.0133006186,0.0002410219,-0.0031137725,-0.0009652510,0.0002410219,0.1320399688
0.6327160494,-0.0116855471,-0.0165808202,0.0000000000,0.0028832292,0.0014492754,0.0043373494,-0.3553044327
0.5834305718,-0.0101252646,-0.0155887944,0.0043373494,0.0023957834,0.0036179450,0.0002399232,-0.0663832644
0.7481481481,-0.0028270299,-0.0087275351,0.0000000000,-0.0011950287,-0.0062484980,-0.0057567762,0.4715583309
0.5771428571,-0.0055111265,-0.0111822887,-0.0055182342,-0.0033500838,0.0024183797,0.0031363088,-0.5937171619
0.5135135135,-0.0103753799,-0.0160334318,0.0031363088,0.0040816327,0.0031363088,0.0057720058,0.5868910818
0.5481171548,-0.0099628562,-0.0160222142,0.0057720058,0.0021520803,0.0031265031,0.0011956002,0.1657023608
0.4927536232,-0.0017544762,-0.0082028735,0.0009564802,-0.0002386065,-0.0050347638,-0.0066873657,0.2033012082
0.4226804124,-0.0034015531,-0.0095005179,-0.0064500717,-0.0028639618,0.0021686747,0.0019235393,-0.3114088154
0.3956834532,0.0094767700,0.0034848968,0.0026448666,-0.0009573959,-0.0115412359,-0.0122390209,1.1392081957
0.3096774194,0.0119525373,0.0071417875,-0.0127098321,-0.0112601821,-0.0043784967,-0.0038872692,0.0395898976
0.2874251497,-0.0032572538,-0.0067118312,-0.0043721156,0.0118730313,0.0004886391,0.0134146341,0.4177605771
0.3443526171,-0.0034756500,-0.0069316753,0.0134179068,-0.0004789272,0.0112332112,0.0007220217,-0.3897908682
0.3234365130,-0.0019808393,-0.0054614709,0.0012036591,-0.0026353618,0.0004829751,-0.0009620010,-0.5214321768
0.3922174182,-0.0033555630,-0.0067306982,-0.0012022121,-0.0002402114,0.0004827420,0.0016851228,-0.0073888361
0.3708439898,0.0029455110,-0.0004669771,0.0019258546,0.0007208073,-0.0036188179,-0.0057678443,0.3160923837
0.4013961606,-0.0106605738,-0.0135469422,-0.0060067275,0.0079231693,0.0002421308,0.0132946580,2.4538140975
0.4634678299,-0.0042698647,-0.0078097329,0.0135363790,0.0033349214,0.0091987412,-0.0047709924,-0.1901228276
0.4848172928,-0.0104911400,-0.0140844344,-0.0050083472,0.0004748338,0.0002398657,0.0069511026,-0.3319752138
0.4926507856,-0.0027048562,-0.0068948123,0.0069511026,0.0026103465,0.0002398082,-0.0061890026,0.3573793733
0.5201135826,-0.0041968503,-0.0082843789,-0.0064270412,-0.0016568047,-0.0043155119,0.0019161677,0.3574988850
0.5007587253,-0.0021198444,-0.0062453021,0.0023957834,-0.0033191086,0.0007223694,-0.0014343772,-0.2612667441
0.5547703180,-0.0025101305,-0.0064962402,-0.0016730402,0.0026165557,0.0040904716,0.0007182188,0.3276788887
0.5882352941,-0.0004500691,-0.0043476769,0.0007182188,-0.0011862396,-0.0021567218,-0.0016746411,-0.2205407337
0.6118546845,-0.0110453282,-0.0146512424,-0.0014354067,0.0030878860,-0.0007204611,0.0107836089,0.5141033137
0.5964214712,-0.0130896613,-0.0172936328,0.0105414471,0.0101823348,0.0120163422,0.0037932670,0.3678774038
0.6162570888,-0.0066180835,-0.0115770926,0.0040303461,-0.0032817628,-0.0030871527,-0.0044874823,-0.5094303775
0.5780141844,-0.0147164197,-0.0197890973,-0.0044864227,0.0091721543,0.0038113387,0.0092526690,0.4158244821
0.6210191083,-0.0193679549,-0.0251977254,0.0092504744,0.0006991377,0.0066445183,0.0070521862,0.1743708095
0.6432246998,-0.0179928563,-0.0249244878,0.0070505288,0.0009315324,0.0066006601,0.0016339869,-0.5495227457
0.5864811133,-0.0124630272,-0.0203385564,0.0014002334,0.0002326664,0.0014051522,-0.0027965509,-0.4225529267
0.6124567474,-0.0098514468,-0.0181436187,-0.0030295968,-0.0013956734,-0.0014031805,-0.0007010984,-0.0088251798
0.6347390994,-0.0118023888,-0.0202366093,-0.0004675082,0.0016305614,0.0011709602,0.0035079514,0.0199613720
0.6842989085,-0.0122884580,-0.0210190762,0.0037418148,0.0011627907,0.0018713450,0.0023304591,0.0663497769
0.6869275604,-0.0174795660,-0.0264788838,0.0018639329,0.0139372822,0.0009339248,0.0072076261,1.3363778968
0.6799653079,-0.0195433084,-0.0292234654,0.0072093023,-0.0016036655,0.0102635876,0.0048476454,-0.5435373738
0.6987755102,-0.0205865976,-0.0310653857,0.0050796583,0.0029830197,0.0018471485,0.0041350793,-0.2083691277
0.6718146718,-0.0287517691,-0.0399657439,0.0041350793,0.0137268360,0.0039179534,0.0116678106,1.8858636179
0.6774193548,-0.0289399670,-0.0415569475,0.0118965912,0.0042879711,0.0117079890,0.0047489824,-0.0961117695
0.6819457437,-0.0233886194,-0.0373953729,0.0047479087,0.0011235955,0.0054458816,-0.0011253657,-0.2101877435
0.7847147470,-0.0144607302,-0.0293763666,-0.0011251125,-0.0035914703,-0.0040622884,-0.0054078414,-0.4077730670
0.6732673267,-0.0158035474,-0.0307138371,-0.0054066231,-0.0015769317,-0.0029458418,0.0036248301,0.3160543419
0.6574394464,-0.0097958744,-0.0249169936,0.0033975085,0.0004512635,0.0006818182,-0.0036117381,0.1951940230
0.6559139785,-0.0067136005,-0.0215195542,-0.0036117381,-0.0018042400,-0.0020440609,-0.0015858632,-0.0812627893
0.6752767528,-0.0002361433,-0.0145589178,-0.0018124150,-0.0045187528,-0.0031861629,-0.0054458816,-0.2173362287
0.6007879186,-0.0013390572,-0.0146045901,-0.0049931911,-0.0022696323,-0.0011415525,0.0011407712,-0.0575255720
0.5872369314,-0.0214270633,-0.0335650611,0.0009124088,0.0236578708,0.0022857143,0.0207383774,3.2408362368
0.6762513312,-0.0263907287,-0.0392299684,0.0207383774,0.0053333333,0.0189281642,0.0084840366,-0.2216650859
0.6821745949,-0.0058233668,-0.0200530640,0.0084840366,0.0041998232,-0.0089525515,-0.0166039407,0.6076282270
0.5766920304,-0.0042549664,-0.0179043725,-0.0163825548,-0.0182698657,-0.0060975610,-0.0006753715,-0.5009877312
0.6271186441,-0.0127191922,-0.0255781890,-0.0011253657,0.0065022422,0.0070438537,0.0092363145,-0.0444104050
0.6162790698,-0.0244806345,-0.0372225660,0.0096890491,0.0138115393,0.0110559567,0.0140625000,-0.0705943385
0.6580310881,-0.0150775829,-0.0289076897,0.0140593617,-0.0006591958,0.0000000000,-0.0057230905,0.5003463707
0.6287128713,-0.0205639538,-0.0344616156,-0.0059419014,0.0039577836,0.0062486052,0.0079698915,-0.6335605359
0.6220951019,-0.0178317065,-0.0323339707,0.0081912774,0.0078843627,0.0093147039,0.0004392708,0.1745130085
0.6103943973,-0.0181062622,-0.0329112531,0.0002195872,-0.0032594524,-0.0032959789,0.0030735456,-0.2535642346
0.5731225296,-0.0289229878,-0.0438663684,0.0028540066,0.0124264225,0.0068342152,0.0140074415,1.1418397073
0.5514018692,-0.0206684261,-0.0368751023,0.0142294221,0.0053832903,0.0094153711,-0.0038851716,0.1439229913
0.5632458234,-0.0191888825,-0.0358150065,-0.0041010145,-0.0053544656,0.0006507592,0.0017334778,-0.4729412119
0.5653206651,-0.0052630097,-0.0223771052,0.0019505852,-0.0040913006,-0.0104053761,-0.0110317975,0.8248755426
0.4900515844,-0.0031451074,-0.0194327081,-0.0108154878,-0.0075675676,-0.0004381161,-0.0013123360,-0.5255738336
0.5219381915,-0.0202562916,-0.0353178080,-0.0010933742,0.0159041394,-0.0002191541,0.0179588261,2.8979028437
0.6507136860,-0.0259416709,-0.0413640471,0.0175131349,0.0064336264,0.0175361683,0.0090361446,-0.4907790940
0.6076823479,-0.0179722807,-0.0343881834,0.0092512909,-0.0004261666,0.0036622146,-0.0040511727,-0.3358449447
0.6182902584,-0.0196149544,-0.0361741034,-0.0042634833,0.0019185675,0.0023610217,0.0044958253,-0.0795250298
0.5835140998,-0.0281959534,-0.0448939306,0.0042817384,0.0106382979,0.0036402570,0.0119352089,0.6102975226
0.6057781920,-0.0140987720,-0.0319861776,0.0119377531,0.0033684211,0.0025602731,-0.0098989048,-0.1544977998
0.5616012437,-0.0206792455,-0.0382097245,-0.0096903307,0.0014687369,-0.0019153011,0.0089342693,3.2156965435
0.5932203390,-0.0203893578,-0.0382182832,0.0087215486,0.0008380473,0.0021321962,0.0029517183,-0.6438400495
0.5932203390,-0.0230031979,-0.0410318459,0.0031632223,0.0136068662,0.0121276596,0.0058860626,0.3780514974
0.5649826456,-0.0257758325,-0.0441847743,0.0058860626,-0.0039239983,0.0006306496,0.0064785789,-0.4511877522
0.5393258427,-0.0146493412,-0.0338906847,0.0064785789,0.0031100974,-0.0075630252,-0.0072674419,1.5970350995
0.5555555556,-0.0086633102,-0.0277197230,-0.0072674419,-0.0008267879,0.0038103302,-0.0037649027,-0.2089318631
0.6124031008,-0.0261411203,-0.0441295801,-0.0041832253,0.0084815887,0.0027414593,0.0193155574,-0.2775912217
0.6037735849,-0.0531291849,-0.0712761881,0.0197437513,0.0289230769,0.0147213460,0.0327497425,2.2258113412
0.6443042179,-0.0875393859,-0.1076422071,0.0327497425,0.0518341308,0.0312953368,0.0466693259,0.4291383217
0.7165916909,-0.0595565597,-0.0855547497,0.0466693259,0.0045489007,0.0319533762,-0.0154344512,-0.4946173922
0.6243947429,-0.0538730930,-0.0825908413,-0.0152439024,-0.0118867925,0.0052580331,0.0036771821,-0.4446164694
0.6237006237,-0.0492515214,-0.0800209344,0.0038699690,-0.0013366431,-0.0030995738,0.0038565368,0.0610620036
0.6107526882,-0.0484372955,-0.0806276066,0.0036622976,0.0099426386,0.0091333074,0.0071071840,-0.2306723689
0.6021377672,-0.0387854086,-0.0725324350,0.0069137699,-0.0064369557,-0.0028885038,-0.0022887660,0.0259136437
0.6587012987,-0.0365022222,-0.0707126628,-0.0020980355,0.0080030488,0.0083043646,0.0038233607,0.5295835142
0.6608156944,-0.0334634357,-0.0679596554,0.0034403670,0.0075614367,0.0009576709,0.0026661588,0.2086996917
0.6558407543,-0.0432166834,-0.0772963007,0.0026666667,0.0086303940,0.0055491772,0.0155745489,-0.0611989997
0.6732968672,-0.0309497550,-0.0661565574,0.0155775076,-0.0035342262,0.0032350143,-0.0057976435,-0.2579748011
0.6793778224,-0.0400921119,-0.0746592392,-0.0056116723,0.0078402091,0.0036039454,0.0144845749,0.0501978359
0.6459166191,-0.0232382157,-0.0588324510,0.0144845749,-0.0005556585,0.0052920053,-0.0109401075,-0.3660081230
0.6165308498,-0.0083222085,-0.0435363054,-0.0111255331,-0.0096367680,-0.0103402895,-0.0114360705,0.1006819139
0.5630176852,-0.0198674230,-0.0527072220,-0.0112507032,0.0087949102,0.0009498480,0.0130855301,0.8751420367
0.4640307523,-0.0086454905,-0.0409032724,0.0128958847,-0.0083472454,-0.0047447333,-0.0082366155,0.1901528846
0.5050806934,0.0079039730,-0.0231225134,-0.0078636959,-0.0039281706,-0.0057208238,-0.0151000378,-0.3345434567
0.4878919194,0.0061095317,-0.0219720351,-0.0152859030,-0.0169014085,-0.0115074799,0.0005749329,0.1909278044
0.4742214080,0.0105893513,-0.0150622982,0.0007665772,0.0001910220,0.0054326737,-0.0053629573,-0.3990529609
0.4953271028,0.0140372409,-0.0089848172,-0.0055534278,-0.0074484339,-0.0032805866,-0.0050067398,-0.0991905207
0.4844606947,0.0037189282,-0.0163151650,-0.0051993068,0.0051953050,0.0001936108,0.0081285078,0.1341271079
0.5043936731,0.0006494840,-0.0175584945,0.0083236547,0.0005742726,0.0046457607,0.0024956806,-0.3511711935
0.5035211268,-0.0042176825,-0.0209450300,0.0023037051,0.0063133729,0.0038535645,0.0047874378,0.4440502193
0.4481409002,-0.0014754654,-0.0173334487,0.0049798889,0.0001901141,0.0009596929,-0.0020964361,-0.3233119189
0.4636968470,-0.0016298192,-0.0164251865,-0.0020964361,-0.0020908573,-0.0051773730,0.0003819710,0.1358438138
0.3676671214,-0.0147341513,-0.0283786315,0.0003819710,0.0154285714,0.0084811103,0.0135547919,0.2504491839
0.4354838710,-0.0141386250,-0.0279244068,0.0135547919,0.0031888951,0.0108944954,0.0016952345,-0.2269803888
0.4362416107,-0.0110336227,-0.0249391770,0.0015068751,0.0003739716,0.0022688599,-0.0009402031,-0.4685373955
0.4216354344,-0.0205811172,-0.0341806654,-0.0005642279,0.0067289720,0.0022637238,0.0114812724,0.6271606863
0.4849785408,-0.0113437726,-0.0256656916,0.0112909296,0.0000000000,0.0011293055,-0.0061406773,-0.4148037020
0.5783009212,-0.0103397566,-0.0244951077,-0.0061406773,-0.0035276643,0.0037601053,0.0007489234,0.1617902618
0.5793772333,-0.0040908905,-0.0180879892,0.0009361543,-0.0039128004,-0.0073047387,-0.0046772685,0.1361101909
0.5865633075,0.0014326972,-0.0119191717,-0.0050505051,0.0026187804,-0.0020754717,-0.0048872180,1.1394752810
0.5865633075,0.0063447546,-0.0059665870,-0.0047001316,-0.0100746269,-0.0056721497,-0.0051001133,0.0922687966
0.5552776388,0.0013760626,-0.0094739336,-0.0051001133,0.0011307953,-0.0038030044,0.0039870894,-0.0600679467
0.5657059111,-0.0007253418,-0.0106431080,0.0037972280,0.0022590361,0.0072532926,0.0018910741,-0.4476873357
0.5457332652,-0.0049335936,-0.0141346284,0.0020805750,-0.0001878287,0.0022740193,0.0043412609,-0.5301412904
0.5199172271,-0.0030504113,-0.0119735127,0.0041525104,0.0043208717,0.0024579316,-0.0011276076,1.3449903018
0.5830078125,-0.0066926435,-0.0151630511,-0.0009398496,0.0078563412,0.0020746888,0.0041392286,0.3265215990
0.5131128848,-0.0080791520,-0.0164356531,0.0041392286,-0.0055679287,0.0030114813,0.0024358254,-0.4506167402
0.5196850394,0.0002685054,-0.0081734480,0.0024358254,0.0164240388,-0.0043160068,-0.0071028037,2.5065208158
0.4599303136,-0.0007133967,-0.0085012705,-0.0069158879,-0.0227690048,-0.0045231813,0.0009412651,-0.5318675027
0.3514644351,0.0075446394,0.0002174793,0.0007528703,0.0016910936,-0.0017039000,-0.0080872673,-0.2015805629
0.3373493976,0.0056212247,-0.0005566457,-0.0080872673,-0.0080660289,-0.0024653897,0.0007584376,-0.3212871401
0.3373493976,0.0000196850,-0.0052272955,0.0007584376,0.0035930408,0.0007604563,0.0047366427,0.0490855907
0.3544668588,0.0058968759,0.0010115726,0.0049261084,-0.0005652911,-0.0030395137,-0.0058457477,0.1213180742
0.3464788732,0.0070909541,0.0030294570,-0.0058446456,0.0060331825,-0.0118140244,-0.0020864947,2.0072291597
0.3734061931,0.0060000381,0.0028050527,-0.0022757444,-0.0069340330,0.0133050521,0.0000000000,-0.5407523096
0.3609341826,0.0071828308,0.0046979511,0.0000000000,-0.0043404416,-0.0039961941,-0.0020908573,0.0663057247
0.3965517241,-0.0065998976,-0.0083059503,-0.0020908573,0.0106141016,0.0011463508,0.0127619048,0.2982440312
0.4927536232,-0.0010755600,-0.0031912760,0.0127619048,0.0030007502,0.0089694656,-0.0045138236,0.1485182145
0.4625850340,-0.0113698079,-0.0133931964,-0.0045138236,0.0029917726,-0.0003782864,0.0105800113,-0.1946265476
0.5182926829,-0.0140444119,-0.0168124931,0.0103910826,0.0067114094,0.0111636708,0.0044868200,-0.1180181803
0.5339233038,-0.0173702199,-0.0210331581,0.0046746447,0.0046296296,-0.0007485030,0.0055834729,0.5591528211
0.5567282322,-0.0075340486,-0.0123460507,0.0053973572,0.0003686636,0.0024344569,-0.0072182121,-0.2664802229
0.5643835616,-0.0087772565,-0.0138215954,-0.0068493151,-0.0053436521,0.0020549225,0.0024235645,-0.3730000790
0.5742003146,-0.0057627592,-0.0111426282,0.0022367195,-0.0025935532,-0.0059656972,-0.0016737958,-0.1456413091
0.6323529412,-0.0173243817,-0.0226973858,-0.0014878185,0.0122585438,0.0045011253,0.0126676602,1.0751537351
0.6736292428,-0.0042176660,-0.0106420354,0.0124790464,-0.0025688073,0.0029873040,-0.0104856512,-0.5400164348
0.6308068460,-0.0057867825,-0.0120577348,-0.0108535688,-0.0073583517,-0.0042814594,0.0022308979,-0.2373869924
0.5793991416,0.0027295185,-0.0035865781,0.0026036824,-0.0001853225,-0.0003739017,-0.0076052680,0.0738210733
0.5611361275,0.0024969752,-0.0031345757,-0.0077907624,-0.0072289157,-0.0028053114,-0.0001869159,-0.1675271161
0.5750798722,0.0070076088,0.0019679022,0.0000000000,-0.0007468260,-0.0022505626,-0.0048607216,0.0975619560
0.5459085670,0.0080125770,0.0038966880,-0.0046737708,-0.0041106129,-0.0022556391,-0.0020665039,0.4924477196
0.5627722772,-0.0033517174,-0.0064916265,-0.0020661157,0.0075046904,0.0001883949,0.0101656627,0.0955017237
0.5603345281,0.0038989974,0.0007028580,0.0099755317,-0.0001862197,0.0020719533,-0.0067089079,-0.2235436658
0.5627980922,-0.0002646329,-0.0029035830,-0.0067089079,-0.0003725088,-0.0001879699,0.0035647280,0.2908419921
0.5469522241,-0.0028338149,-0.0052919637,0.0035647280,0.0027948575,0.0052641474,0.0026173116,0.0060773786
0.5370843990,-0.0128892313,-0.0153650405,0.0026173116,0.0128205128,0.0013091453,0.0106283796,1.0248178582
0.5908063301,-0.0203055552,-0.0235946163,0.0108148424,0.0124747753,0.0072842734,0.0095940959,0.8974238634
0.5790209790,-0.0110367496,-0.0157311615,0.0094078583,-0.0081536510,0.0029668088,-0.0062134503,-0.5806168557
0.5408618128,-0.0082445379,-0.0134774137,-0.0062134503,-0.0062111801,-0.0035126641,-0.0011033468,-0.3060880421
0.6102263202,-0.0213886852,-0.0268117560,-0.0012872380,0.0163602941,0.0064935065,0.0147275405,1.0767996383
0.6750524109,-0.0414022012,-0.0479701131,0.0149143804,0.0258636281,0.0141935484,0.0243105951,0.5187619558
0.7550644567,-0.0490127839,-0.0582609690,0.0244920174,0.0218617772,0.0196292257,0.0147006730,0.5974544894
0.7316711190,-0.0429757974,-0.0554292196,0.0145209846,0.0008626639,0.0181818182,0.0015709548,-0.5540681525
0.7194553923,-0.0481420922,-0.0629184698,0.0015709548,0.0031029133,0.0033263305,0.0123736494,-0.2929734162
0.6934247681,-0.0123419348,-0.0303828087,0.0123736494,-0.0015466575,-0.0193683476,-0.0287484937,0.5800391098
0.4869809993,-0.0128925737,-0.0305378435,-0.0289206404,-0.0184165232,0.0030249110,0.0024813896,-0.4110262083
0.4358135732,-0.0204345779,-0.0376340076,0.0026591030,0.0043836577,0.0023061912,0.0097241867,-0.4978581346
0.4519459889,-0.0105338046,-0.0282100209,0.0097241867,0.0038407821,0.0023008850,-0.0068289266,1.2635476866
0.5006765900,0.0137861533,-0.0038151218,-0.0068289266,-0.0090434783,-0.0252516334,-0.0223906911,0.6889510737
0.4548776032,0.0019081213,-0.0131430299,-0.0222143865,-0.0128115128,0.0047101449,0.0097385032,-0.4236234928
0.4558716265,0.0142955226,0.0003369733,0.0095564371,-0.0024888889,-0.0093761269,-0.0125022325,0.6765768452
0.4331254331,0.0144814999,0.0026695279,-0.0123236292,-0.0144359294,-0.0074626866,-0.0023512389,-0.3472981576
0.4289636239,0.0190893830,0.0092415344,-0.0025316456,-0.0014466546,0.0033009353,-0.0067077592,-0.5832443627
0.4428044280,0.0262672531,0.0185960688,-0.0065264685,-0.0050706266,-0.0100530068,-0.0098558131,1.0965483467
0.3969072165,0.0394708144,0.0343787832,-0.0100364964,-0.0123771387,-0.0204948301,-0.0165898618,0.5968028100
0.3523540898,0.0281947715,0.0266364831,-0.0165898618,-0.0073719130,0.0016965127,0.0050609185,-0.4685172503
0.3719755944,0.0227127137,0.0235181084,0.0050609185,-0.0011139993,0.0056454648,0.0011189855,-0.0111398474
0.2948263643,0.0289946661,0.0315767744,0.0011189855,-0.0018587361,-0.0065494012,-0.0095007452,-0.2668847180
0.3416370107,0.0218433695,0.0265348224,-0.0095007452,-0.0042830540,0.0007534376,0.0026330638,-0.2773933294
0.3416370107,0.0154352121,0.0215034284,0.0026330638,0.0029923321,-0.0037643516,0.0030013131,0.6967160546
0.2801556420,0.0193516817,0.0262442381,0.0028137310,0.0013052396,0.0032117892,-0.0061716851,-0.0789948314
0.2826940501,0.0087811155,0.0166476226,-0.0061728395,-0.0013035382,-0.0009416196,0.0075272864,0.0159088308
0.3448384060,0.0140592508,0.0220960797,0.0077169208,0.0063397352,0.0005655042,-0.0065371685,0.1140446293
0.3008397225,0.0218865316,0.0305341166,-0.0065371685,-0.0074115249,-0.0126224567,-0.0097762737,0.5846137324
0.3110607777,0.0142827637,0.0239951528,-0.0095882685,-0.0121336569,0.0013356230,0.0041769508,-0.4958126468
0.2929360562,0.0124682735,0.0226044251,0.0039863326,0.0041572184,0.0045731707,-0.0003781433,-0.1360437838
0.3150882247,0.0124650863,0.0228647021,-0.0003781433,-0.0030109146,-0.0003793627,-0.0018914318,-0.4408210242
0.3481894150,0.0126582848,0.0233041160,-0.0018914318,-0.0015100038,-0.0017077799,-0.0020845177,0.6558544036
0.4291319274,0.0004517612,0.0112084856,-0.0018950161,0.0103969754,0.0001900779,0.0102544626,0.7265586409
0.4775583483,0.0039678590,0.0139996548,0.0102525157,0.0007483630,0.0051311288,-0.0035714286,-0.2277732323
0.5230631438,0.0142634781,0.0239731068,-0.0037586920,-0.0046737708,-0.0121005861,-0.0107526882,0.6153023230
0.5161290323,0.0118761380,0.0220024313,-0.0105640445,-0.0084522915,-0.0024880383,0.0001906941,-0.1365889506
0.4928207503,0.0168343981,0.0272273320,0.0000000000,-0.0047357454,-0.0042210284,-0.0066730219,-0.1502569088
0.5089415176,0.0092081353,0.0201196842,-0.0066730219,-0.0034259612,-0.0059730250,0.0049904031,0.0304335905
0.5086705202,0.0102998831,0.0211646965,0.0047984645,0.0013368984,0.0093041287,-0.0024828113,-0.5138516081
0.4975845411,0.0089084521,0.0197921915,-0.0022922636,-0.0005721915,0.0003840983,-0.0001914608,0.6828519837
0.5367689635,0.0085035506,0.0193020723,0.0000000000,-0.0011450382,0.0011518526,-0.0009574876,-0.4437796331
0.6023391813,0.0064236627,0.0170924598,-0.0009573042,-0.0003821169,-0.0126558006,0.0007667242,4.0594478004
0.5555555556,0.0141766344,0.0246579177,0.0003832886,-0.0009556575,0.0033016120,-0.0086190385,-0.6486794464
0.4938670110,0.0046201182,0.0153769378,-0.0084291188,-0.0013392003,0.0019357336,0.0073415765,-0.5629308184
0.5141065831,0.0010294991,0.0113284449,0.0071483771,0.0022988506,0.0000000000,0.0028768700,1.8860935004
0.4791666667,0.0099488727,0.0196542945,0.0028774218,0.0015290520,0.0009659969,-0.0089883343,-0.2884273617
0.3771043771,0.0064760229,0.0162373299,-0.0087987758,-0.0051526718,-0.0027021810,0.0019297569,0.0863963048
0.3507462687,0.0162450191,0.0259021725,0.0017367812,-0.0026855937,-0.0106444746,-0.0105932203,0.2306545376
0.3530042918,0.0201003133,0.0304021947,-0.0104026199,-0.0094248894,-0.0070422535,-0.0062293167,0.0361505380
0.3897328444,0.0094936074,0.0205535038,-0.0064239829,-0.0011650485,0.0027580772,0.0074436827,0.2690888062
0.4356294537,0.0096035031,0.0206186069,0.0074451411,0.0027216174,-0.0001964637,-0.0015555123,-0.3522490134
0.4491978610,0.0075374116,0.0184962708,-0.0015558149,-0.0001938736,0.0060915701,0.0005842259,-0.5014864893
0.3949843260,0.0241174860,0.0350553170,0.0005843397,-0.0015512895,-0.0169921875,-0.0173219151,1.0882743521
0.3095823096,0.0129837723,0.0249476223,-0.0171306210,-0.0108758982,-0.0033777071,0.0073281838,-0.0939975710
0.3104925054,0.0145769857,0.0267333902,0.0073281838,0.0025525231,0.0075757576,-0.0035391270,-0.5333142725
0.3587786260,0.0107388889,0.0231380829,-0.0035391270,-0.0005875441,-0.0037593985,0.0015785320,-0.0630094814
0.3390216155,0.0171017382,0.0295371306,0.0015785320,-0.0043111895,-0.0037735849,-0.0078802206,0.8258310080
0.3094384707,0.0148737491,0.0277573591,-0.0076832151,-0.0055107262,0.0017942584,-0.0003971406,-0.4490261704
0.3454790823,0.0150050391,0.0281521575,-0.0005955926,0.0001979022,-0.0005970149,-0.0023837902,-0.2025457863
0.3750000000,0.0094803856,0.0228081644,-0.0023837902,0.0025722200,0.0000000000,0.0031859817,0.1040996928
0.3893129771,0.0028463970,0.0158759604,0.0031859817,0.0037497533,0.0021903624,0.0051607781,0.2766631040
0.4262607041,0.0049884364,0.0173115451,0.0051607781,0.0003932363,0.0019868865,-0.0025671406,-0.3218572683
0.4507042254,0.0004576318,0.0122216039,-0.0027646130,-0.0031446541,-0.0003965893,0.0037616314,-0.3715909900
0.4113207547,-0.0072493168,0.0035963281,0.0041584158,0.0092665615,0.0029756001,0.0076923077,1.4866406393
0.4216524217,-0.0109736651,-0.0015557791,0.0074935910,0.0050791170,0.0096914557,0.0048933255,0.4546732607
0.4557640751,0.0028250613,0.0107658295,0.0048933255,-0.0021379981,-0.0088148874,-0.0120763537,-0.2857766109
0.4978038067,-0.0085561050,-0.0010609350,-0.0120763537,0.0001947799,-0.0023715415,0.0110410095,1.3136676933
0.5242718447,-0.0029623184,0.0033220766,0.0108438486,-0.0003894839,0.0031695721,-0.0042901716,-0.3480832972
0.5175718850,0.0081554666,0.0137977118,-0.0040959626,-0.0035067212,-0.0051342812,-0.0105757932,0.2494123106
0.5074088907,0.0206385910,0.0265936255,-0.0107716412,-0.0119257087,-0.0115125050,-0.0134600158,0.6857901316
0.4754221388,0.0168513538,0.0240073505,-0.0134626807,-0.0071230708,-0.0020080321,0.0006019262,-0.4593216566
0.4057331863,0.0144622591,0.0224340481,0.0008027293,-0.0047827820,-0.0036217304,-0.0002005214,0.8169889190
0.4175491679,0.0159048226,0.0244707170,0.0000000000,-0.0012014417,0.0002019386,-0.0036101083,-0.1714697716
0.4516129032,0.0155020130,0.0247207137,-0.0036093844,0.0032076985,-0.0034322633,-0.0020128824,1.6907906429
0.4781144781,0.0194914800,0.0293254287,-0.0022137251,-0.0083932854,-0.0032414911,-0.0062525212,-0.6069169181
0.4606650446,0.0179390204,0.0286145715,-0.0064542154,0.0006045949,-0.0024390244,-0.0014207428,-0.5058235639
0.5034106412,0.0135311529,0.0248285857,-0.0010150223,-0.0046324270,0.0000000000,0.0016260163,-0.3572867592
0.4312500000,0.0075647516,0.0190604239,0.0014224751,0.0022258195,0.0006112469,0.0038555195,0.2981086269
0.4147909968,0.0113072249,0.0226096548,0.0038555195,-0.0004037957,0.0004072490,-0.0048514251,-0.4076117795
0.4515752625,0.0176293100,0.0290872938,-0.0048514251,-0.0050494850,-0.0065133320,-0.0079219988,0.7571873754
0.2673796791,0.0398269683,0.0521374463,-0.0079219988,-0.0064961429,-0.0358533087,-0.0239557740,3.4312447706
0.2132196162,0.0553965885,0.0702781955,-0.0241605242,-0.0261544749,-0.0250743731,-0.0205580029,0.3201559592
0.1949317739,0.0484459194,0.0666716111,-0.0203524969,-0.0148971884,0.0126416739,-0.0014992504,-0.5950969326
0.2212389381,0.0436791338,0.0644729293,-0.0014992504,-0.0059637913,-0.0081790788,-0.0025740026,-0.2745629368
0.2897560976,0.0441447795,0.0670402293,-0.0023595024,-0.0019284337,-0.0036892361,-0.0068817204,0.5701155525
0.2732290708,0.0425456853,0.0673904362,-0.0073102559,-0.0075139545,-0.0069701590,-0.0049805110,0.0463066845
0.2707383774,0.0266165402,0.0527757918,-0.0045484081,0.0034609561,0.0065803904,0.0091403700,-0.6062710062
0.3709677419,0.0325420442,0.0591449999,0.0087032202,0.0006466911,-0.0006537372,-0.0097045504,0.9058806009
0.3627760252,0.0259715947,0.0531584643,-0.0097066437,-0.0008616975,-0.0008722198,0.0015243902,-0.1244677152
0.3010563380,0.0477190062,0.0756501250,0.0019603572,-0.0073307460,-0.0229157573,-0.0245705588,4.9599945280
0.3076923077,0.0478522690,0.0777342174,-0.0250000000,-0.0208514335,-0.0064775519,-0.0071333036,-0.7147069222
0.3321010474,0.0330682477,0.0643293960,-0.0069119287,0.0022182786,-0.0044964029,0.0071845532,-0.1591838515
0.3426395939,0.0005471861,0.0312877523,0.0069600359,0.0203629925,0.0094850949,0.0274186358,0.8993684280
0.4893390192,0.0338865435,0.0633460494,0.0274247492,0.0000000000,-0.0046979866,-0.0323280538,1.6314813373
0.4731958763,0.0215726123,0.0513461862,-0.0321180556,-0.0225596529,0.0006743088,0.0069506726,-0.8294042055
0.4765525982,0.0180270672,0.0473095632,0.0069506726,0.0006657790,0.0069631626,0.0002226676,-0.1424375092
0.4041095890,0.0327263351,0.0617691890,0.0000000000,-0.0037702373,-0.0158376087,-0.0169189671,0.4122989600
0.3694096601,0.0256012943,0.0550434691,-0.0167000668,-0.0013357079,-0.0018132366,0.0020380435,0.1332487508
0.3240740741,0.0352317733,0.0649245076,0.0020380435,-0.0135978600,-0.0129427793,-0.0131073446,0.4277886867
0.3074670571,0.0302833499,0.0606010192,-0.0133333333,-0.0131073446,-0.0216241086,-0.0004579803,0.5539546717
0.3327089675,0.0301082348,0.0607292037,-0.0002290426,0.0064117243,0.0197507642,-0.0043528064,-0.3830425334
0.3453219927,0.0064858987,0.0366709156,-0.0043528064,0.0084186576,-0.0009222965,0.0188679245,-0.5250505906
0.4193965517,0.0181342707,0.0469587820,0.0188679245,0.0056407942,0.0071543965,-0.0124209575,-0.0544998249
0.4534016775,0.0121041683,0.0401503503,-0.0126467931,-0.0031411263,-0.0025206233,0.0032014635,0.6163424429
0.4107854631,0.0148686979,0.0419263133,0.0036596523,-0.0045014630,0.0027567195,-0.0045589241,-0.6044689020
0.4445530044,0.0156045306,0.0419223298,-0.0047857794,-0.0106262718,-0.0142038946,-0.0029768720,0.1903904673
0.3586387435,0.0101876555,0.0357245469,-0.0029768720,0.0013711152,0.0088310481,0.0029857602,-0.3068356891
0.4186602871,0.0076973128,0.0321328911,0.0029857602,0.0043359197,0.0032250633,0.0009159606,0.7196017943
0.3712807245,0.0072043973,0.0304599247,0.0009159606,-0.0006816633,-0.0011481056,-0.0006863418,-0.3677251714
0.4424297371,0.0008261108,0.0228179169,-0.0006863418,-0.0009095043,0.0025287356,0.0052655678,-0.2759429594
0.4987714988,-0.0022549085,0.0181134728,0.0054945055,0.0059171598,0.0041274937,0.0029606012,0.3879733306
0.5055744062,0.0031029599,0.0218764758,0.0025045537,-0.0020361991,-0.0015985385,-0.0049954587,-0.1300986279
0.5646995127,0.0001150234,0.0177012918,-0.0047694754,-0.0020403537,-0.0027447392,0.0025102693,0.5582910684
0.5095541401,0.0030656529,0.0194067679,0.0027384756,0.0024988642,0.0025229358,-0.0029592534,0.3837108350
0.5211726384,0.0030520286,0.0184342680,-0.0034137460,-0.0036256515,0.0006863418,-0.0004566210,-0.3983646825
0.4155251142,0.0151031736,0.0297703655,-0.0002283626,-0.0031839891,-0.0141746685,-0.0123343993,1.0006546207
0.4174311927,0.0113762187,0.0261412755,-0.0123343993,-0.0034223135,0.0020871985,0.0013876041,-0.1838274887
0.3913738019,0.0086942120,0.0232596102,0.0016188714,-0.0045787546,-0.0004628558,0.0009237875,-0.0259489780
0.3721709975,-0.0057199540,0.0082760087,0.0004617871,0.0209291628,0.0023153508,0.0131518228,0.3420093957
0.4655294954,-0.0127095050,-0.0003054438,0.0131548581,-0.0004505519,0.0129360129,0.0079708495,-0.3140530373
0.5042847726,-0.0091871631,0.0013008025,0.0079726651,0.0013522650,0.0025085519,-0.0015815635,0.0151922874
0.5584009994,-0.0030359746,0.0059850955,-0.0013559322,-0.0004501463,-0.0011373976,-0.0047522064,0.5415616493
0.5176606833,-0.0030222794,0.0050846907,-0.0047522064,0.0049538392,-0.0020496470,0.0004547522,0.4920474473
0.4797001874,0.0107664259,0.0181288361,0.0004547522,-0.0103069684,-0.0136923779,-0.0131818182,-0.3726019236
0.4311730048,0.0121404132,0.0198393707,-0.0134090909,-0.0135838805,-0.0009254975,-0.0029940120,-0.1064693508
0.4440154440,0.0477887718,0.0561865862,-0.0025339783,-0.0061969245,-0.0347383048,-0.0358050358,0.7023756399
0.3400081733,0.0391918138,0.0507659131,-0.0357967667,-0.0254041570,-0.0057581574,0.0011978917,-0.3152699492
0.2908882958,0.0240951775,0.0378168597,0.0009580838,-0.0009478673,0.0069980695,0.0088537928,-0.6068328559
0.2889182058,0.0179736786,0.0325664494,0.0088537928,0.0047438330,0.0079079799,0.0023719165,0.0948742311
0.2773826458,0.0159296968,0.0308859366,0.0023719165,0.0028328612,-0.0061816453,-0.0007098912,0.6819711350
0.3334568359,0.0065667234,0.0215827215,-0.0009465215,0.0016478343,0.0081339713,0.0068671561,-0.5527198341
0.3685503686,0.0084023728,0.0228707486,0.0068687826,0.0023501763,0.0047460845,-0.0028222013,0.0281319351
0.3385245902,0.0052130716,0.0192534992,-0.0025876264,-0.0028135991,-0.0037789325,0.0018867925,-0.0360294311
0.2829853398,0.0067810725,0.0202289831,0.0021226415,-0.0004702563,0.0009483167,-0.0023540490,0.1114386165
0.2807404143,0.0069258035,0.0199338597,-0.0023534949,-0.0021171489,-0.0011842729,-0.0011798018,-0.2099514884
0.2931431201,-0.0000454134,0.0124776082,-0.0014154282,0.0061291843,0.0035570311,0.0059059768,2.0280490679
0.3419023136,0.0030238820,0.0146511485,0.0059059768,-0.0021087160,-0.0023629490,-0.0030530766,-0.4553979174
0.3866279070,-0.0042439047,0.0066886180,-0.0030530766,0.0054003287,0.0004737091,0.0068315665,0.2048271347
0.3823529412,-0.0035909962,0.0061931648,0.0068315665,0.0035030360,0.0097064394,0.0000000000,-0.2739185054
0.7037401575,-0.0049011443,0.0038554125,-0.0002339729,0.0013963230,0.0016412661,0.0018717829,-0.1194759859
0.7080504365,0.0052432869,0.0130330025,0.0018722209,-0.0051127121,-0.0077247191,-0.0093414292,0.4791255673
0.5677083333,0.0096730269,0.0173437767,-0.0088764307,-0.0081756599,-0.0051899033,-0.0051862329,-0.0449349540
0.5689655172,0.0108197070,0.0187144693,-0.0056563752,-0.0016486105,-0.0026084894,-0.0026066351,0.2547598145
0.5508744038,0.0093949549,0.0175699729,-0.0023702299,0.0035385704,-0.0002377556,-0.0002375861,0.3240426454
0.5511811024,0.0089086159,0.0172354472,0.0000000000,-0.0065820404,-0.0114149822,-0.0009505703,-0.1039890368
0.5691056911,0.0430164990,0.0517337046,-0.0009503445,-0.0002366304,-0.0230935771,-0.0340152236,1.1823073582
0.4275862069,0.0480116079,0.0596435034,-0.0342449465,-0.0352662722,-0.0174833785,-0.0110810145,0.1925565002
0.3957446809,0.0260620747,0.0404580093,-0.0108347698,0.0004906771,0.0027568922,0.0141932271,-0.3776498157
0.4603481625,0.0133446770,0.0286219914,0.0139407518,0.0093182933,0.0147463134,0.0085931746,-0.3574849699
0.4804469274,-0.0118015944,0.0030612689,0.0083476553,0.0235665695,0.0098522167,0.0233690360,0.4784597679
0.5421686747,0.0012073624,0.0141727863,0.0233747261,-0.0023736055,0.0114634146,-0.0111798287,-0.6589344613
0.5560283688,-0.0070992959,0.0049038665,-0.0109445634,-0.0023792529,0.0019291054,0.0081789752,-0.2916368273
0.5403817915,-0.0071915495,0.0033435954,0.0084195333,0.0023849273,0.0045728039,0.0011930327,-0.2325297032
0.5371191955,-0.0105654377,-0.0014257444,0.0009541985,0.0038068047,0.0040728318,0.0045281220,0.6801186145
0.5125000000,-0.0077629548,-0.0001340531,0.0042897998,0.0000000000,0.0028632785,-0.0011862396,-0.1589173740
0.5285451197,-0.0091575536,-0.0027298173,-0.0009492169,0.0052145058,-0.0011896265,0.0026128266,0.0322481281
0.4734418176,-0.0072783265,-0.0020547609,0.0023752969,-0.0018863476,0.0040495474,-0.0004738214,-0.1590056133
0.4724264706,-0.0085086464,-0.0042626827,-0.0002369668,-0.0007087172,-0.0016607355,0.0023702299,-0.2004703698
0.4081320697,-0.0102421521,-0.0069994249,0.0023702299,0.0061465721,0.0045152091,0.0030740128,0.6605197596
0.5569368473,-0.0149362903,-0.0127646253,0.0030740128,0.0032894737,0.0035486160,0.0063649222,-0.2231959737
0.6303901437,-0.0054160754,-0.0045907804,0.0061291843,-0.0002341920,-0.0025931165,-0.0072616538,0.6741229957
0.5665722380,-0.0055214631,-0.0051896658,-0.0070290534,-0.0037479503,-0.0002363507,0.0009438414,-0.3208514949
0.5338208410,0.0009913100,0.0008573129,0.0009438414,-0.0004702563,-0.0030732861,-0.0056577086,-0.3215632813
0.4135843981,0.0092130197,0.0091676508,-0.0056577086,-0.0035285815,-0.0082997392,-0.0082977715,1.0438972016
0.4421279655,0.0051523913,0.0058435073,-0.0085348506,-0.0070821530,-0.0002391200,0.0026296916,-0.4067618958
0.3918495298,-0.0027735209,-0.0017300457,0.0028694405,0.0068949120,0.0028701268,0.0071530758,0.4780902819
0.4461099215,-0.0023468254,-0.0016018942,0.0071530758,0.0021251476,0.0069162891,0.0000000000,-0.2520773524
0.4383788255,0.0018089556,0.0023134063,0.0000000000,-0.0044769086,-0.0033159640,-0.0037878788,-0.0122900176
0.4121306376,0.0063135136,0.0069278215,-0.0040246212,-0.0018934911,-0.0054657795,-0.0047528517,0.0542835763
0.4260089686,0.0041433698,0.0052145367,-0.0042785833,-0.0023713540,-0.0009557945,0.0011938873,0.0148091065
0.3617945007,-0.0014949318,-0.0001791752,0.0009548818,0.0019015926,0.0026309495,0.0050083472,0.8088129995
0.3862212944,0.0013489253,0.0024508411,0.0050083472,0.0000000000,0.0000000000,-0.0026103465,0.5494003711
0.4170212766,0.0032897705,0.0044200898,-0.0026103465,-0.0026097272,-0.0045324427,-0.0021413276,-0.5978344705
0.4050529747,-0.0000773571,0.0012279320,-0.0021413276,0.0068981922,0.0035945363,0.0028612303,-0.3647556692
0.4191919192,0.0035134078,0.0047201415,0.0028612303,-0.0059059768,-0.0021489971,-0.0035663338,-0.1470417910
0.4596841230,0.0046508974,0.0060508535,-0.0035663338,-0.0033269962,0.0002392917,-0.0016702458,-0.2446950649
0.4946332737,-0.0020276531,-0.0003702887,-0.0019088523,0.0085836910,-0.0002392344,0.0059751434,0.6372939936
0.5714285714,0.0025718424,0.0039505852,0.0062156347,-0.0049645390,0.0023929170,-0.0042765502,-0.4807213445
0.5755968170,0.0009819701,0.0024619794,-0.0042765502,-0.0009503445,-0.0002387205,0.0011930327,-0.2195829671
0.4979079498,0.0061060007,0.0075623492,0.0011930327,-0.0004756243,-0.0033428844,-0.0052430887,0.7296176562
0.4797178131,0.0114670818,0.0133141464,-0.0052430887,-0.0047585058,-0.0067081936,-0.0062290369,-0.2389936871
0.4594594595,0.0087301765,0.0113526456,-0.0062290369,-0.0074109491,-0.0096478534,0.0009643202,2.6611678525
0.4375000000,0.0083585161,0.0114861657,0.0009643202,0.0028901734,0.0080370190,-0.0009633911,-0.4277324180
0.4890510949,0.0114617689,0.0150400447,-0.0009633911,-0.0036023055,-0.0041072723,-0.0043394407,-0.0813072280
0.4432548180,0.0260960812,0.0303922847,-0.0045805207,-0.0038563509,-0.0157690442,-0.0159806295,1.6722205848
0.3587521664,0.0155839611,0.0216051447,-0.0155001211,-0.0084684249,0.0004929751,0.0063976378,-0.0692159410
0.3956043956,0.0092383081,0.0160300738,0.0063960640,0.0021961933,0.0041882237,0.0039119804,-0.2810328703
0.4086021505,0.0085539179,0.0155846858,0.0039110242,0.0009739469,0.0036800785,-0.0007306381,-0.0879070527
0.4257703081,0.0067471934,0.0139360233,-0.0009739469,0.0026757480,0.0000000000,0.0004874482,-0.2846065121
0.3669354839,0.0093975835,0.0166185311,0.0002437241,-0.0036390102,-0.0034221462,-0.0036540804,0.3923900693
0.3302180685,-0.0010848394,0.0062842241,-0.0034113060,0.0053567081,0.0014716703,0.0090464548,0.0191303278
0.4054054054,0.0073812992,0.0141739268,0.0088019560,0.0014531364,0.0017144257,-0.0082384299,-0.4638164055
0.4197530864,0.0101946800,0.0170999651,-0.0079980611,-0.0065296252,-0.0097799511,-0.0039091131,1.4207762859
0.4276729560,0.0106093127,0.0178305157,-0.0041534327,-0.0043816943,-0.0088888889,-0.0019622271,1.1113553037
0.4533333333,-0.0006017859,0.0068593278,-0.0019627085,0.0073349633,0.0117090184,0.0095846645,-0.6110601158
0.5393258427,0.0063500471,0.0132575614,0.0098328417,0.0009708738,0.0027086924,-0.0068159688,0.1587495327
0.5052631579,0.0108236364,0.0177634601,-0.0068159688,-0.0077594568,-0.0068762279,-0.0053921569,-0.2838306947
0.5000000000,-0.0026388122,0.0045651623,-0.0056372549,0.0068426197,0.0027200791,0.0118284869,0.3596934123
0.6086956522,-0.0087510393,-0.0023333969,0.0123243776,0.0038834951,0.0118372380,0.0065757428,-0.1017875341
0.6101083032,-0.0049972668,0.0002596255,0.0060871682,0.0062862669,0.0036558616,-0.0024195500,-0.0355511445
0.6428571429,0.0001378986,0.0046263446,-0.0021781220,-0.0084094185,-0.0092277805,-0.0043657531,-0.3726041244
0.6184941890,0.0312682707,0.0355650321,-0.0043657531,-0.0046038284,-0.0276960784,-0.0302070646,2.8717760431
0.5526636844,0.0157415790,0.0221468208,-0.0302070646,-0.0185004869,0.0017645576,0.0105501130,-0.5709429325
0.5428973277,0.0063158593,0.0134527049,0.0102989199,0.0071924603,0.0095621540,0.0069599801,-0.0461378241
0.5310245310,0.0065865813,0.0137073899,0.0074589756,0.0024624477,0.0057328016,-0.0012342631,-0.3740573219
0.5603349829,0.0043321191,0.0114420992,-0.0014807502,0.0007369197,0.0017348203,0.0012357884,0.4394470634
0.5063145809,-0.0015104360,0.0053827276,0.0009886307,0.0039273441,0.0017318159,0.0051839052,-0.0681483743
0.4651162791,0.0151761694,0.0215414070,0.0056790123,-0.0017114914,-0.0108668807,-0.0162082515,0.6581502390
0.4222222222,-0.0023500013,0.0046478150,-0.0164497913,-0.0004898359,0.0000000000,0.0152271593,0.1059573275
0.4480205986,-0.0029690684,0.0033167443,0.0152271593,0.0004900760,0.0124843945,0.0009835259,-0.4657214757
0.3981106613,0.0114003668,0.0170615899,0.0009835259,-0.0012245898,-0.0130702836,-0.0137558339,1.0649081940
0.3661148978,0.0053895223,0.0115148909,-0.0137558339,-0.0044139284,0.0009995002,0.0042341220,1.0468712360
0.3535253227,0.0028193592,0.0089103556,0.0042341220,-0.0024630542,-0.0047428857,0.0017361111,-0.0187418041
0.3006174846,-0.0052492665,0.0005707813,0.0014880952,0.0106172840,0.0087785302,0.0076751671,-0.0821486531
0.2766570605,-0.0010053418,0.0039820019,0.0076770679,-0.0014659174,0.0072103431,-0.0034398034,-0.6309187202
0.4050632911,0.0075956407,0.0121717129,-0.0031948882,-0.0063616345,-0.0120957788,-0.0083826430,0.8334999465
0.3832599119,0.0119624296,0.0168320902,-0.0083826430,-0.0078798326,-0.0049975012,-0.0054699155,-0.0260802305
0.3884700665,0.0058472052,0.0112872976,-0.0052212829,0.0022338049,-0.0065293822,0.0042500000,0.7425725765
0.3466609953,0.0007126054,0.0061929788,0.0039990002,0.0017335315,0.0098584429,0.0042320139,-0.4926351504
0.3629199502,0.0015961282,0.0067324870,0.0039830719,0.0007416564,0.0052565707,-0.0009915716,-0.5212592760
0.4024390244,-0.0082470393,-0.0034106290,-0.0009918175,0.0059288538,0.0032370518,0.0096774194,0.0782569744
0.4812967581,-0.0074661155,-0.0036477181,0.0099280218,0.0046660118,0.0054604120,0.0004915213,-0.0650673189
0.3918128655,-0.0050955413,-0.0021519604,0.0000000000,-0.0036665852,0.0004937053,-0.0012281995,-0.5524846548
0.4521739130,-0.0197411656,-0.0174580466,-0.0004915213,0.0181550540,0.0012336541,0.0157402853,2.7966676918
0.6054931336,-0.0133595192,-0.0128184799,0.0157364150,-0.0012048193,0.0091177920,-0.0033898305,-0.2517863783
0.6199649737,-0.0120243074,-0.0125886504,-0.0036310821,-0.0041013269,0.0026862027,0.0007288630,-0.5439298262
0.6145648313,-0.0075239560,-0.0090096675,0.0004859086,0.0002422481,-0.0004870921,-0.0026705511,-0.2858086882
0.6143386897,-0.0022374165,-0.0042214875,-0.0024283633,-0.0050859772,-0.0065789474,-0.0041382668,0.8500926049
0.6075794621,-0.0038411992,-0.0058528515,-0.0041382668,-0.0019474197,-0.0004905568,0.0019555121,-0.0186678627
0.6378454996,-0.0025202041,-0.0046908543,0.0019555121,0.0121951220,0.0046625767,-0.0007318858,2.7215313527
0.7042253521,-0.0040776413,-0.0062842347,-0.0007318858,-0.0098795181,-0.0007327797,0.0019531250,-0.5023107756
0.6911764706,-0.0039357233,-0.0063029937,0.0017089844,0.0029204186,0.0007333170,0.0004873294,-0.1582731494
0.6666666667,-0.0086419365,-0.0111344593,0.0007311723,0.0016986168,0.0009770396,0.0053580127,0.1523410137
0.6491228070,-0.0010203850,-0.0040366597,0.0051144666,-0.0002422481,0.0002440215,-0.0062984496,0.4413783494
0.5514333895,-0.0066751522,-0.0095326785,-0.0060576690,0.0004846135,0.0000000000,0.0058508045,-0.3545942281
0.5963581184,0.0077856800,0.0045643914,0.0060945880,-0.0002421894,-0.0097584777,-0.0133301018,0.4086524560
0.4712230216,0.0060936096,0.0037331746,-0.0138114853,-0.0094476744,-0.0004927322,0.0004912798,-0.3647762907
0.3194444444,0.0022034082,0.0005089125,0.0007371007,0.0024455857,0.0039438008,0.0029462313,-0.2958478970
0.3112990008,0.0033381136,0.0019428571,0.0029462313,0.0019516955,0.0002455193,-0.0014687882,1.5123642345
0.3616692427,0.0050421058,0.0040142220,-0.0012239902,-0.0029218408,-0.0017182131,-0.0022064231,-0.3570084270
0.3656250000,0.0149898775,0.0144344847,-0.0024509804,-0.0019536020,-0.0169658225,-0.0105651106,1.2642981642
0.3201094391,0.0012466072,0.0019204313,-0.0105651106,0.0004893565,0.0010005003,0.0114228955,0.1681981166
0.4118343195,0.0047551227,0.0054811521,0.0116712193,0.0092932257,0.0097451274,-0.0036827891,0.2613222062
0.3923337091,0.0145238118,0.0155863849,-0.0039273441,-0.0133268718,-0.0111358575,-0.0103499261,-0.2930986030
0.3913043478,0.0158306214,0.0179805749,-0.0105963529,-0.0066306483,0.0012512513,-0.0034860558,-0.6927681045
0.4467860906,0.0078547105,0.0110904620,-0.0029887920,-0.0032138443,-0.0047488128,0.0054972514,-0.3662032570
0.4467860906,0.0048982101,0.0085145721,0.0052460655,0.0044642857,0.0080361627,0.0017395626,0.4612746943
0.4174142480,-0.0013059361,0.0024129908,0.0019880716,0.0019753086,0.0027404086,0.0054577028,0.5704875631
0.4130781499,0.0053442619,0.0087050952,0.0052083333,0.0002464268,-0.0024844720,-0.0064150012,0.5904895699
0.4551845343,0.0087806401,0.0123338456,-0.0064150012,-0.0054200542,-0.0012453300,-0.0042215048,-0.5411372970
0.5034642032,0.0155337826,0.0195563378,-0.0042215048,-0.0056973000,-0.0112219451,-0.0079800499,0.3797075996
0.5168738899,0.0249966206,0.0300184412,-0.0079800499,-0.0027404086,-0.0103404792,-0.0115635998,1.7036244605
0.4721471065,0.0279482027,0.0346362934,-0.0115635998,-0.0174868848,-0.0364424057,-0.0066124110,0.5408722385
0.4553990610,0.0241728893,0.0325993667,-0.0063580875,-0.0025425884,0.0282993917,-0.0005120328,-0.7091799835
0.4980034227,0.0233373621,0.0330954724,-0.0007678526,-0.0002549070,-0.0005144033,-0.0028176230,0.2726932625
0.4239401496,0.0221099552,0.0330321628,-0.0028176230,-0.0040795512,-0.0023160062,-0.0023118418,-0.2921092068
0.4303797468,0.0290412268,0.0410386072,-0.0025687131,0.0000000000,-0.0098013928,-0.0100411946,0.2284166523
0.4336734694,0.0111613230,0.0244109449,-0.0100437806,0.0002560164,0.0010419380,0.0132639792,0.2942731930
0.5245714286,0.0094441964,0.0226027268,0.0135275754,0.0058868697,0.0122300286,0.0000000000,-0.2714580704
0.5357142857,0.0310144088,0.0442471105,-0.0002566735,-0.0089058524,-0.0372750643,-0.0223305955,7.2016605229
0.5530303030,0.0440596794,0.0590419347,-0.0223363286,-0.0207958922,-0.0654205607,-0.0170648464,-0.1490991494
0.6091205212,0.0550342473,0.0727190185,-0.0170693277,-0.0186156266,0.0517142857,-0.0168269231,-0.7041970024
0.5855949896,0.0306085465,0.0510568900,-0.0165642533,0.0005343308,-0.0024449878,0.0154849226,-0.3909589958
0.5869565217,0.0217992214,0.0430891471,0.0154849226,0.0064085447,0.0179738562,0.0040128411,-0.3556281477
0.5146443515,0.0198041470,0.0412846281,0.0040128411,-0.0013266118,-0.0064205457,-0.0013322675,0.3025591242
0.5458579882,-0.0073439523,0.0136162934,-0.0015987210,0.0207226355,0.0051157781,0.0242796158,0.2089920814
0.6036671368,-0.0077648847,0.0110275370,0.0242860955,0.0020822488,0.0216983659,0.0015629070,-0.1843526960
0.5247018739,-0.0223349766,-0.0058203036,0.0023449713,0.0184415584,-0.0020975354,0.0161248375,1.1222196274
0.5127272727,-0.0002184963,0.0135483863,0.0155965688,-0.0035705177,0.0055176038,-0.0186844126,-0.5501075554
0.4592833876,0.0074352600,0.0202619635,-0.0189403635,-0.0176606092,-0.0057486282,-0.0075639019,-0.7148547786
0.4668874172,0.0033906388,0.0158243971,-0.0070440908,-0.0052110474,-0.0015768725,0.0028909330,-0.1425624031
0.4290780142,0.0049758697,0.0167838418,0.0026274304,0.0023572551,-0.0010529087,-0.0020964361,1.4782182399
0.4610778443,-0.0023394162,0.0089169275,-0.0020964361,0.0031356154,-0.0010540184,0.0065651261,-0.5259918568
0.4850136240,0.0014168988,0.0116876534,0.0065651261,0.0018233915,0.0055394355,-0.0033915993,0.4510449030
0.5450833617,0.0027739520,0.0124120774,-0.0033915993,-0.0062402496,-0.0026232949,-0.0015706806,-0.1646983018
0.6307086614,0.0049821723,0.0141516881,-0.0015706806,0.0010465725,-0.0034192530,-0.0026219192,0.7223123385
0.6298200514,-0.0049397075,0.0038669941,-0.0026219192,0.0078410873,0.0036949063,0.0092008412,-0.0095911094
0.6507679871,-0.0002735539,0.0075171892,0.0094637224,0.0059647303,-0.0036813042,-0.0039072675,0.3373376104
0.6353591160,0.0159752495,0.0232836615,-0.0041666667,-0.0141789121,-0.0079176564,-0.0159518828,-0.3221340533
0.5084590764,0.0089593712,0.0169646331,-0.0162133891,-0.0094142259,-0.0007980846,0.0045176721,-0.5091659429
0.5274725275,0.0126711524,0.0208391959,0.0047846890,-0.0010559662,0.0002662407,-0.0050264550,-0.3606296796
0.4583333333,0.0161252287,0.0247448731,-0.0050264550,-0.0055496829,-0.0090497738,-0.0053177346,1.6825853433
0.5224274406,0.0069155048,0.0161214793,-0.0055836214,0.0066436354,0.0037604083,0.0066827052,0.7016946978
0.5432692308,0.0106822450,0.0198015463,0.0069518717,-0.0050158395,0.0018731603,-0.0047796070,-0.5812050064
0.5744680851,-0.0021431379,0.0070497888,-0.0047796070,0.0055717697,0.0000000000,0.0112059765,0.3921102258
0.5871559633,-0.0047021516,0.0036147163,0.0112059765,0.0168865435,0.0122863248,0.0029023747,0.3301839538
0.5621621622,0.0332633175,0.0408629348,0.0029023747,-0.0132330047,-0.0403693931,-0.0360431465,3.5393676597
0.4210526316,0.0231196412,0.0327624361,-0.0360431465,-0.0297133842,-0.0046741820,0.0049126638,-0.4143028666
0.3814432990,0.0018762027,0.0124621400,0.0049126638,0.0189701897,0.0157458564,0.0176534492,-0.4264834319
0.4034090909,0.0042677476,0.0142458396,0.0179250407,0.0007978723,0.0019037259,-0.0026688017,0.0019145442
0.4258373206,0.0161189234,0.0258177305,-0.0034685165,-0.0063778900,-0.0008143322,-0.0123093390,-0.2620339004
0.4003856041,0.0177752659,0.0280833744,-0.0117804552,-0.0088258893,-0.0051616409,-0.0040639393,-0.5380855393
0.4393511989,0.0092748934,0.0201751381,-0.0043348686,-0.0010793308,0.0013653741,0.0057127312,0.2336855233
0.4448324022,0.0105815045,0.0214435819,0.0059863946,-0.0005402485,0.0013635124,-0.0027048959,-0.2429276680
0.4533807829,0.0122481230,0.0231853078,-0.0027048959,0.0024324324,-0.0027233115,-0.0032546786,0.2944300269
0.4612599566,0.0095396824,0.0206347064,-0.0032546786,-0.0040442168,0.0008192245,0.0008163265,-0.2656664400
0.4294478528,0.0053386549,0.0163429064,0.0008163265,0.0027070926,0.0016371078,0.0027188690,-0.3454225499
0.3878326996,-0.0041236859,0.0063999997,0.0027188690,0.0045896328,0.0016344320,0.0086767896,0.7551812054
0.3735408560,0.0059755511,0.0154801746,0.0089479393,0.0000000000,-0.0010878434,-0.0094086022,0.5902023602
0.3961260919,0.0075169282,0.0168169013,-0.0094060736,-0.0080623488,-0.0130683365,-0.0024423338,-0.0612946674
0.5592493298,0.0041751129,0.0133658386,-0.0029842648,0.0008127879,0.0033103448,0.0021762786,0.5764432380
0.5420612813,-0.0016163137,0.0071813018,0.0021768707,0.0064970222,0.0107231235,0.0051574376,-0.5543214007
0.4419551935,-0.0013676501,0.0066493535,0.0054303557,0.0059171598,0.0065288357,0.0000000000,0.1299964694
0.4227272727,-0.0043836523,0.0029067733,-0.0002700513,0.0018716578,0.0000000000,0.0032406157,0.6122557960
0.4807692308,-0.0047808127,0.0016130040,0.0035116153,-0.0056044836,0.0000000000,0.0010767160,-0.4288195011
0.4522821577,-0.0040453031,0.0014935222,0.0013458950,0.0010735373,0.0024324324,0.0000000000,-0.0036637393
0.4324324324,0.0014239540,0.0062531671,-0.0005376344,-0.0013404826,-0.0035049879,-0.0048400108,1.3740074806
0.4045977011,0.0028306566,0.0074231874,-0.0048413125,-0.0021476510,-0.0002705628,-0.0016211835,-0.6061185595
0.4251207729,0.0021239601,0.0066008992,-0.0010810811,0.0021522733,-0.0005412720,0.0002706360,1.0164212478
0.4195121951,0.0001735387,0.0044812923,0.0000000000,-0.0029530201,0.0002707826,0.0016233766,-0.4651366378
0.4079601990,-0.0006629951,0.0033362683,0.0018939394,-0.0016155089,0.0013535463,0.0008103728,-0.4875671758
0.3081395349,-0.0203911348,-0.0168134249,0.0008101539,0.0226537217,-0.0016220600,0.0202429150,3.9172035195
0.5925925926,0.0020986619,0.0038179155,0.0199676201,0.0005274262,0.0029786082,-0.0193121693,0.1482226727
0.3310344828,0.0080300914,0.0098003913,-0.0193121693,-0.0160780179,-0.0145788337,-0.0062044780,-0.0644362666
0.3636363636,0.0125666524,0.0148594659,-0.0059347181,-0.0045539780,-0.0057534247,-0.0057003257,-0.1162955769
0.3737971873,0.0073332941,0.0104485320,-0.0065128901,-0.0080731970,-0.0016533480,0.0032760033,-0.1321653308
0.3640463918,0.0139302781,0.0174263868,0.0038240918,0.0002712968,0.0027601435,-0.0076190476,-0.3883341867
0.3740740741,0.0238589808,0.0282592471,-0.0076190476,-0.0081366965,-0.0088081475,-0.0117905128,0.1501301481
0.3904542841,0.0139985878,0.0199399211,-0.0123389087,-0.0032813782,0.0000000000,0.0061043285,0.0853462423
0.3957244656,0.0202863796,0.0269595214,0.0061077179,-0.0030178326,-0.0016662038,-0.0082735797,0.3051008463
0.3826366559,0.0015681193,0.0092456794,-0.0074503311,0.0052283985,-0.0250347705,0.0155728587,-0.0584907711
0.4076086957,0.0085068202,0.0157926348,0.0152905199,0.0000000000,0.0345221113,-0.0071193866,-0.5643076331
0.4541387025,-0.0018856975,0.0054720713,-0.0068455641,0.0027374760,-0.0033094319,0.0091009377,-0.2990609654
0.4900731452,-0.0018683782,0.0047921243,0.0090984285,0.0046410046,0.0080243498,0.0002732987,0.4073995631
0.4875743787,-0.0032150092,0.0027932288,0.0002732240,-0.0021739130,0.0038429865,0.0016393443,-0.5202237487
0.3833192923,0.0013768944,0.0067054122,0.0013657471,-0.0010893246,-0.0032813782,-0.0040916530,0.1377782929
0.4491609082,-0.0056437295,-0.0006343801,-0.0040916530,0.0021810251,0.0013717421,0.0068474391,-0.2800679694
0.4490584259,-0.0088199955,-0.0046489412,0.0065735415,0.0043525571,0.0063013699,0.0040805223,0.3512324509
0.4279959718,-0.0183671498,-0.0152433513,0.0043537415,0.0157096425,0.0049006262,0.0111081008,1.4312699430
0.4669169404,-0.0184345801,-0.0170115542,0.0113790301,0.0008000000,0.0100243836,0.0029474812,0.0532468447
0.4501607717,-0.0176979875,-0.0178506095,0.0029466917,0.0015987210,0.0018776824,0.0021373230,-0.3598409153
0.4794721408,-0.0141867799,-0.0157411450,0.0021367521,-0.0002660282,0.0016064257,-0.0007997867,0.2085299476
0.5406896552,-0.0048351882,-0.0074247791,-0.0007995736,-0.0018626929,-0.0085538626,-0.0072038420,0.4274485965
0.5509486999,-0.0051607453,-0.0079412387,-0.0074686583,-0.0039989336,0.0032353734,0.0010749798,-0.7088636698
0.4740740741,-0.0072982527,-0.0102756746,0.0013437248,0.0016059957,0.0008062349,0.0029530201,0.3209750446
0.5081967213,-0.0075037319,-0.0108383380,0.0026838433,0.0016034206,0.0026852846,0.0013383298,0.1976128163
0.4584837545,-0.0060836296,-0.0097708018,0.0016059957,-0.0002668090,-0.0010712373,-0.0002673082,-0.0227432135
0.5490196078,-0.0075359690,-0.0114259602,-0.0002672368,0.0008006405,0.0005361930,0.0024064171,0.1762160201
0.5548387097,-0.0084923697,-0.0126864236,0.0021384657,0.0037333333,0.0016077170,0.0021339024,0.7781825569
0.5700416089,-0.0021394444,-0.0067234640,0.0018671646,-0.0013283741,-0.0010700910,-0.0050572265,-0.5458064438
0.4988864143,0.0035591990,-0.0008796816,-0.0045260916,-0.0039904230,-0.0072308516,-0.0053504548,0.0733363698
0.4641148325,0.0019337023,-0.0018883357,-0.0053490238,-0.0032051282,0.0005395198,0.0010758472,-0.0195475439
0.3488372093,-0.0010477030,-0.0044233023,0.0008066685,0.0018756699,0.0032353734,0.0026867276,-0.3328528785
0.3450292398,0.0058515012,0.0026207265,0.0024180548,-0.0010698048,-0.0045686643,-0.0066988210,0.8781200251
0.3151390319,0.0079421967,0.0054100111,-0.0064325918,-0.0074966533,-0.0035097192,-0.0029673591,-0.3751925035
0.2979552093,0.0105481542,0.0088305976,-0.0029673591,-0.0010790397,-0.0032511514,-0.0037878788,0.6372309340
0.3269230769,0.0053756915,0.0046294443,-0.0040584416,-0.0021604105,-0.0016308780,0.0035306898,-0.5431067591
0.3636363636,0.0053649258,0.0051025733,0.0038033143,0.0008119080,0.0032670841,-0.0008119080,0.1465908311
0.3806881243,0.0023675752,0.0025522274,-0.0010825440,0.0013520822,0.0005427408,0.0021668472,0.1063736620
0.3947939262,-0.0001584866,0.0002005776,0.0021674343,0.0027005131,0.0029834554,0.0021621622,-0.1866904045
0.3585657371,-0.0022866679,-0.0019675323,0.0024330900,0.0008079720,0.0021633315,0.0021574973,-0.1928191982
0.3547094188,-0.0059474638,-0.0058348348,0.0021574973,0.0051130248,0.0018888289,0.0040365985,0.8484937666
0.3807692308,-0.0004782292,-0.0008500789,0.0037674919,-0.0010709505,0.0000000000,-0.0045564192,-0.1783315696
0.3859649123,-0.0030888535,-0.0034702812,-0.0042895442,-0.0002680247,0.0000000000,0.0026925148,1.4114356174
0.4042553191,-0.0050182735,-0.0056164060,0.0026925148,0.0013404826,0.0024239160,0.0024167562,-0.2310523134
0.4196891192,-0.0039794164,-0.0049338165,0.0024167562,0.0000000000,0.0000000000,-0.0002678811,-0.3368448052
0.4615384615,-0.0062961220,-0.0074937422,-0.0002678811,0.0053547523,0.0024180548,0.0029474812,1.3094119547
0.5269922879,-0.0079778276,-0.0095846970,0.0029474812,0.0005326232,0.0032162959,0.0026716538,-0.6823864861
0.5387994143,-0.0038307087,-0.0059612031,0.0026716538,-0.0005323396,-0.0008014961,-0.0029309885,-0.0445979430
0.5609756098,0.0056270686,0.0033285347,-0.0031974420,0.0000000000,-0.0101604278,-0.0088188135,5.0712615585
0.4316939891,0.0017902972,0.0001158740,-0.0082865544,-0.0074567244,-0.0018908698,0.0029657590,-0.0392695890
0.3921568627,0.0072006771,0.0057851099,0.0026954178,-0.0010732493,0.0000000000,-0.0056451613,-0.3897052045
0.3817504655,0.0107380678,0.0099983708,-0.0053763441,-0.0048348106,-0.0043301759,-0.0045958367,0.0660110646
0.3881118881,0.0066255386,0.0067968134,-0.0048648649,0.0116059379,-0.0016308780,0.0024443237,0.5899822741
0.3913043478,-0.0091584152,-0.0084813830,0.0024443237,0.0021344717,0.0049006262,0.0149011108,-0.4426411185
0.4964028777,-0.0040271593,-0.0041312524,0.0149011108,-0.0023961661,0.0102953129,-0.0037373198,-0.5167556680
0.5040175310,-0.0052733751,-0.0056902306,-0.0034703684,0.0000000000,0.0002681684,0.0018756699,0.3826431038
0.4974093264,-0.0055259796,-0.0063317631,0.0018751674,-0.0005337603,0.0005361930,0.0010698048,-0.5450028889
0.4859954580,-0.0062687724,-0.0074537875,0.0008021390,0.0050734312,0.0029474812,0.0016029923,0.9670493860
0.4238559640,-0.0063645064,-0.0079601132,0.0018701576,0.0092986185,-0.0010686615,0.0010669512,2.1977963881
0.4083204931,-0.0064442972,-0.0084273073,0.0005333333,-0.0081600421,0.0024070607,0.0010658140,-0.1560847597
0.3943217666,-0.0101950783,-0.0125340676,0.0015991471,0.0026539278,0.0010672359,0.0047910567,-0.4496637493
0.3815683104,-0.0094138256,-0.0123904734,0.0050558808,0.0029115934,0.0026652452,0.0007947020,0.7115335977
0.4110985277,-0.0045401933,-0.0080594187,0.0002647604,-0.0026392188,-0.0029239766,-0.0034409741,-0.4670140603
0.4292682927,-0.0011888171,-0.0048191822,-0.0031762837,-0.0023815824,-0.0045321248,-0.0026560425,0.4277119846
0.4751619870,-0.0007398076,-0.0041970119,-0.0029208710,-0.0026525199,0.0021424746,-0.0002663116,-0.4793267458
0.5626598465,0.0058042975,0.0025231897,-0.0005326232,-0.0015957447,-0.0074826296,-0.0063931806,1.3284302481
0.5044955045,0.0000851803,-0.0024774947,-0.0061284306,-0.0010655301,0.0037695207,0.0048257373,-0.1806977179
0.3921568627,-0.0047078758,-0.0070626193,0.0053619303,0.0069333333,0.0024141631,0.0048025614,0.4447882642
0.4315789474,-0.0087215089,-0.0112652260,0.0045333333,0.0045021186,0.0077602355,0.0047796070,0.2033785664
0.4626865672,-0.0036936153,-0.0067559719,0.0045128750,0.0010545742,-0.0002655337,-0.0036997886,0.0187292072
0.4729011690,-0.0033897196,-0.0065190523,-0.0036997886,-0.0039504872,-0.0002656042,0.0002652520,-0.4648607706
0.4585152838,0.0000489165,-0.0031282866,0.0002652520,-0.0026441036,-0.0018597237,-0.0029169981,-0.0170382056
0.4843592331,-0.0010213523,-0.0039561828,-0.0026518165,-0.0015906681,-0.0037263774,0.0010638298,-0.0494732326
0.4843592331,-0.0024543577,-0.0052488142,0.0007976602,0.0018587361,0.0016029923,0.0015940489,0.5433048998
0.4439608270,0.0107927455,0.0079736030,0.0013283741,-0.0002650411,-0.0074686583,-0.0127320955,0.3836613894
0.3852667231,0.0048128696,0.0030710001,-0.0124701512,-0.0066277837,0.0000000000,0.0042987641,-0.4021465620
0.3913043478,-0.0179950977,-0.0191969982,0.0042987641,0.0274886576,0.0040311744,0.0224719101,2.2204356566
0.5127408328,-0.0149688946,-0.0175179387,0.0227394329,0.0018181818,0.0187366167,-0.0002616431,-0.4242179712
0.5127408328,-0.0108538907,-0.0144147400,-0.0002615747,-0.0049261084,-0.0002627430,-0.0018319812,-0.4173866801
0.5600814664,-0.0140954892,-0.0182377739,-0.0020931450,0.0018238666,0.0013140604,0.0049816466,0.3849636926
0.5615696888,-0.0088238703,-0.0137993223,0.0049816466,-0.0026007802,0.0013123360,-0.0031307070,-0.4030207356
0.5769980507,-0.0128914446,-0.0181732148,-0.0033915993,0.0031290743,-0.0023591088,0.0054959435,1.3982776218
0.5818882466,-0.0075500378,-0.0134890386,0.0060209424,0.0000000000,0.0060430899,-0.0033836543,-0.7102235257
0.5845161290,-0.0045686922,-0.0106812239,-0.0036429872,-0.0028593709,-0.0023504832,-0.0018281536,-0.2324474143
0.6386861314,-0.0002035585,-0.0062499119,-0.0020893184,-0.0026068822,-0.0109947644,-0.0036630037,0.6963240821
0.6317689531,0.0037817304,-0.0018551876,-0.0034022507,-0.0047046524,-0.0010587612,-0.0039390756,0.3959992344
0.6662863662,0.0029355082,-0.0019808876,-0.0039390756,-0.0028886555,0.0015898251,0.0002636436,-0.6178469482
