0.3638170974,-0.0029627646,0.0070721358,0.0042313117,-0.0013908206,-0.0042313117,-0.0070224719,-0.6827132479
0.3405940594,-0.0010940750,0.0079739796,-0.0084269663,-0.0139275766,-0.0042492918,-0.0014144272,0.1471992896
0.4144578313,-0.0065543430,0.0017079155,0.0014164306,0.0042372881,0.0056899004,0.0056657224,-0.4176565821
0.4144578313,-0.0069446521,0.0001727093,0.0042432815,0.0028129395,-0.0014144272,0.0014084507,1.3258306324
0.3970223325,-0.0155682584,-0.0095909467,0.0028169014,0.0112201964,0.0056657224,0.0098452883,0.4071761385
0.4255319149,-0.0186403265,-0.0143714729,0.0098314607,0.0069348128,0.0126760563,0.0055710306,0.7824562217
0.4087591241,-0.0171338944,-0.0146716401,0.0041724618,-0.0041322314,0.0013908206,0.0013850416,-0.8663403426
0.3588390501,-0.0158591014,-0.0149473038,0.0013850416,0.0027662517,0.0013888889,0.0013831259,-0.2017271741
0.5675675676,-0.0295047955,-0.0299187902,0.0000000000,0.0151724138,0.0027739251,0.0165745856,7.2577994241
0.5811518325,-0.0249655962,-0.0277025835,0.0179806362,0.0040760870,0.0110650069,0.0000000000,-0.7036636965
0.5932203390,-0.0277298315,-0.0322250980,0.0000000000,0.0040595399,0.0054719562,0.0067934783,2.8885996106
0.5714285714,-0.0208208448,-0.0272124463,0.0067934783,0.0040431267,0.0040816327,-0.0026990553,-0.7620580587
0.6129032258,-0.0176176379,-0.0251967095,-0.0026990553,-0.0053691275,-0.0013550136,0.0000000000,2.0585872060
0.6213017751,-0.0081967909,-0.0166772232,0.0000000000,-0.0026990553,-0.0081411126,-0.0067658999,-0.5167606159
0.6213017751,-0.0042224558,-0.0127518238,-0.0081190798,-0.0067658999,-0.0013679891,-0.0027247956,-0.5910731446
0.5932203390,0.0019020272,-0.0063776137,-0.0027285130,-0.0027247956,-0.0068493151,-0.0054644809,-0.3975066072
0.5767441860,0.0016094076,-0.0059051979,-0.0054719562,-0.0027322404,0.0013793103,0.0000000000,2.6634869278
0.6060606061,0.0082868535,0.0014100404,0.0013755158,-0.0027397260,-0.0041322314,-0.0068681319,-0.4625014065
0.5609756098,-0.0053693415,-0.0110055414,-0.0054945055,0.0109890110,-0.0013831259,0.0124481328,2.7038137125
0.6086956522,-0.0031815151,-0.0088362673,0.0110497238,-0.0013586957,0.0083102493,-0.0013661202,-0.7650944946
0.6806722689,-0.0013258760,-0.0068230738,-0.0013661202,-0.0040816327,-0.0013736264,-0.0013679891,0.8984142693
0.7520661157,0.0043815656,-0.0008428271,-0.0027359781,-0.0013661202,-0.0027510316,-0.0054794521,-0.1175327672
0.7000000000,0.0050919027,0.0005978385,-0.0041152263,-0.0027359781,0.0000000000,-0.0013774105,-0.4681250042
0.7159090909,0.0056956995,0.0019355342,0.0000000000,-0.0013717421,-0.0013793103,-0.0013793103,1.0690658331
0.7758620690,-0.0020723276,-0.0050788412,-0.0027548209,0.0013736264,0.0000000000,0.0069060773,-0.2933202662
0.7241379310,-0.0058446821,-0.0087817183,0.0069060773,0.0068587106,0.0069060773,0.0041152263,0.5281962026
0.6800000000,-0.0035842766,-0.0067743550,0.0027434842,0.0000000000,0.0027434842,-0.0013661202,-0.5401441713
0.7183098592,0.0010755317,-0.0021775202,0.0000000000,-0.0040871935,-0.0068399453,-0.0041039672,-0.0382360306
0.7083333333,0.0036673933,0.0007330442,-0.0041039672,-0.0013679891,-0.0027548209,-0.0027472527,2.6544723411
0.7285714286,-0.0023932769,-0.0048044266,-0.0041208791,0.0041095890,-0.0013812155,0.0055096419,-0.2371476375
0.7132075472,0.0076371940,0.0051902676,0.0068965517,-0.0040927694,-0.0013831259,-0.0095890411,-0.5762814515
0.6923076923,0.0092540920,0.0075930594,-0.0082191781,-0.0041095890,-0.0027700831,-0.0027662517,1.2849723407
0.6349206349,0.0064344986,0.0056358313,-0.0041436464,-0.0013755158,0.0000000000,0.0013869626,-0.5716197116
0.5707317073,0.0026671045,0.0024415160,0.0013869626,0.0000000000,0.0027777778,0.0027700831,-0.5850181805
0.5333333333,0.0036430280,0.0036469156,0.0027700831,-0.0027548209,-0.0013850416,-0.0013812155,3.5076795797
0.5714285714,0.0044718732,0.0047664923,-0.0027624309,0.0027624309,0.0013869626,-0.0013831259,-0.3066300548
0.5714285714,0.0121954896,0.0128302910,-0.0013850416,-0.0041322314,-0.0083102493,-0.0083102493,0.3601053992
0.5106382979,0.0103192604,0.0118798991,-0.0055478502,-0.0055325035,-0.0027932961,0.0000000000,-0.2685996211
0.4651162791,0.0115572608,0.0138318390,0.0013947001,-0.0013908206,-0.0014005602,-0.0027932961,2.0907970944
0.4565217391,0.0140398925,0.0170807067,-0.0069637883,-0.0055710306,-0.0056100982,-0.0042016807,-0.6491417455
0.4375000000,0.0104587294,0.0143887621,-0.0042075736,-0.0014005602,0.0000000000,0.0014064698,1.5088326161
0.4000000000,0.0102686107,0.0147481359,0.0028169014,-0.0014025245,-0.0014104372,-0.0014044944,-0.7767724342
0.4102564103,0.0187184008,0.0237346441,0.0000000000,0.0014044944,-0.0084745763,-0.0098452883,4.6468814280
0.2857142857,0.0100994454,0.0162026437,-0.0112359551,-0.0056100982,0.0000000000,0.0056818182,-0.8325744095
0.4102564103,0.0142760578,0.0207695072,0.0056818182,-0.0014104372,0.0000000000,-0.0056497175,4.3339010746
0.3902439024,0.0049423665,0.0120432183,-0.0042372881,0.0028248588,0.0000000000,0.0071022727,-0.4728650944
0.4897959184,-0.0000491015,0.0068906598,0.0042553191,0.0084507042,0.0085470085,0.0042313117,-0.0793949617
0.5098039216,-0.0028425515,0.0035612483,0.0056497175,-0.0013966480,0.0014124294,0.0028089888,-0.1282245042
0.4666666667,-0.0010060848,0.0047046014,0.0042134831,0.0041958042,0.0000000000,-0.0014005602,0.3293704559
0.4666666667,0.0005519962,0.0057667249,-0.0027972028,-0.0027855153,0.0028208745,-0.0014025245,0.2021692048
0.5250000000,-0.0023353550,0.0025234829,-0.0014025245,0.0000000000,0.0000000000,0.0028089888,-0.5887977116
0.5107296137,0.0022350018,0.0065658264,0.0028089888,-0.0027932961,-0.0014064698,-0.0042016807,-0.5240267541
0.4979079498,0.0047173645,0.0089174928,-0.0042016807,-0.0028011204,-0.0056338028,-0.0028129395,0.5599568539
0.5107296137,-0.0002386856,0.0040086642,-0.0014064698,0.0056179775,0.0000000000,0.0042313117,5.2808049392
0.5384615385,-0.0099357426,-0.0060601544,0.0028169014,0.0069832402,0.0084985836,0.0098314607,-0.8804842282
0.5531914894,-0.0014632394,0.0013522525,0.0098314607,-0.0027739251,0.0028089888,-0.0069541029,1.7856607126
0.5820895522,-0.0040279633,-0.0015447079,-0.0069541029,0.0000000000,-0.0014005602,0.0028011204,-0.7628936720
0.5625000000,-0.0034082766,-0.0014302851,0.0028011204,-0.0013908206,0.0042075736,0.0000000000,1.0646818550
0.5882352941,0.0013115129,0.0028776634,0.0000000000,0.0013927577,-0.0055865922,-0.0041899441,0.7832233364
0.5588235294,0.0124698523,0.0140422563,-0.0055865922,-0.0097357441,-0.0112359551,-0.0112201964,-0.4196734025
0.4933920705,0.0076927107,0.0101364539,-0.0084269663,-0.0056179775,-0.0014204545,0.0028368794,4.0288253657
0.4933920705,0.0093645621,0.0122491107,0.0028328612,0.0014124294,0.0014224751,-0.0028288543,-0.5081137458
0.4827586207,0.0122312271,0.0156637425,-0.0042372881,-0.0028208745,-0.0042613636,-0.0042553191,0.0908931618
0.4628099174,0.0161394684,0.0203172388,-0.0042553191,-0.0056577086,-0.0071326676,-0.0056980057,-0.8194654781
0.4827586207,0.0136564732,0.0188122581,-0.0056980057,-0.0014224751,0.0000000000,0.0000000000,11.6440430231
0.4757281553,0.0072264240,0.0130646116,0.0000000000,0.0000000000,0.0014367816,0.0042979943,-0.7281230812
0.4493392070,0.0133425017,0.0193676734,0.0057306590,0.0014245014,-0.0014347202,-0.0071326676,-0.0212178586
0.4495412844,0.0112898091,0.0179330309,-0.0071225071,-0.0056899004,-0.0028735632,0.0000000000,0.2869977178
0.3525179856,0.0052200703,0.0122415481,-0.0014347202,0.0071530758,0.0014409222,0.0043103448,0.1684346467
0.3750000000,0.0087463661,0.0156939684,0.0057471264,-0.0028409091,0.0000000000,-0.0042918455,-0.3956304125
0.4000000000,0.0045142361,0.0116244853,-0.0057142857,-0.0028490028,0.0000000000,0.0028735632,-0.0255893375
0.3846153846,0.0023836585,0.0093173988,0.0028735632,-0.0014285714,0.0000000000,0.0014326648,0.2601945785
0.3455497382,0.0034524962,0.0100722458,0.0014326648,0.0014306152,0.0028776978,-0.0014306152,-0.7410397842
0.4230769231,0.0072504998,0.0136829571,-0.0014306152,0.0014285714,-0.0057388809,-0.0042979943,6.1412131840
0.4285714286,0.0104968954,0.0170595900,-0.0028653295,-0.0042796006,-0.0043290043,-0.0043165468,-0.2737994007
0.4172185430,-0.0026480915,0.0041868205,-0.0071839080,0.0028653295,-0.0014492754,0.0115606936,0.2707976274
0.5177664975,-0.0008132832,0.0053128468,0.0130246020,0.0042857143,0.0116110305,-0.0014285714,0.3343486898
0.5604395604,0.0007435162,0.0063590151,0.0000000000,0.0000000000,-0.0014347202,-0.0014306152,-0.4607425400
0.5833333333,0.0078486754,0.0131454659,-0.0014285714,-0.0042674253,-0.0043103448,-0.0071633238,-0.6804743174
0.5600000000,0.0037443777,0.0092590033,-0.0085836910,-0.0057142857,0.0000000000,0.0028860029,0.1408962005
0.5685279188,0.0075173152,0.0129455782,0.0028860029,0.0000000000,-0.0028860029,-0.0043165468,0.9804517058
0.5614035088,0.0049086251,0.0105263483,-0.0057553957,-0.0028735632,-0.0014471780,0.0014450867,0.0569664653
0.5283018868,-0.0030396243,0.0025134768,0.0028943560,0.0057636888,0.0043478261,0.0072150072,-0.5490214375
0.5659574468,-0.0039989254,0.0008933487,0.0072150072,0.0028653295,0.0043290043,0.0014326648,1.6405372935
0.5526315789,-0.0033837061,0.0008271747,0.0014326648,0.0014285714,0.0000000000,0.0000000000,-0.5204711104
0.5833333333,-0.0014345731,0.0021996646,0.0000000000,-0.0014265335,0.0000000000,-0.0014306152,-0.2182905005
0.5833333333,-0.0012138696,0.0020367265,0.0000000000,0.0000000000,0.0014367816,0.0000000000,3.2456531927
0.5930232558,0.0004061262,0.0033232837,0.0000000000,-0.0014285714,-0.0014347202,-0.0014326648,-0.6965808165
0.6296296296,0.0003436453,0.0030771146,-0.0028612303,-0.0014306152,-0.0014367816,0.0000000000,-0.2197105318
0.5294117647,0.0017279761,0.0042900554,0.0000000000,0.0014326648,0.0000000000,-0.0014347202,0.7510037466
0.5294117647,0.0029030864,0.0054168380,0.0000000000,0.0000000000,-0.0014388489,-0.0014367816,1.7150462041
0.5294117647,0.0053495499,0.0079160686,-0.0028694405,-0.0028612303,-0.0014409222,-0.0028776978,-0.7953654061
0.6000000000,0.0059781702,0.0087853719,-0.0014388489,0.0014347202,-0.0014430014,-0.0014430014,1.8033044060
0.6202531646,-0.0050065113,-0.0019611650,-0.0028818444,0.0028653295,-0.0028901734,0.0101156069,-0.5359652769
0.7500000000,-0.0013789941,0.0010483364,0.0101156069,0.0000000000,0.0101449275,-0.0028612303,2.1978191784
0.7711864407,0.0075060951,0.0096621783,-0.0014306152,-0.0028571429,-0.0100430416,-0.0086083214,-0.8516247797
0.6808510638,0.0034469784,0.0060346390,-0.0100286533,-0.0042979943,0.0000000000,0.0028943560,2.2324833115
0.7058823529,0.0029166741,0.0055876287,0.0028943560,0.0014388489,0.0028985507,0.0000000000,2.1391345222
0.7058823529,0.0024679550,0.0051737303,0.0000000000,-0.0014367816,0.0000000000,0.0000000000,-0.8156009823
0.6923076923,0.0020882696,0.0047904910,0.0014430014,0.0000000000,0.0000000000,0.0000000000,0.3931532328
0.6923076923,-0.0011157854,0.0015451776,-0.0014409222,0.0028776978,0.0014450867,0.0028860029,0.2241649023
0.6285714286,-0.0038108574,-0.0014428259,0.0014430014,0.0000000000,0.0000000000,0.0028776978,-0.2284567946
0.6000000000,-0.0017924231,0.0000989123,0.0043227666,0.0000000000,0.0028860029,-0.0014347202,-0.2394322418
0.6000000000,-0.0029492099,-0.0013432662,-0.0014347202,0.0014347202,0.0000000000,0.0014367816,1.3479137644
0.5384615385,0.0003750313,0.0016303537,0.0014367816,0.0000000000,0.0000000000,-0.0028694405,-0.8211747367
0.5384615385,0.0003173342,0.0015095867,-0.0028694405,-0.0028653295,-0.0014388489,0.0000000000,1.1944112883
0.5045045045,-0.0054554837,-0.0043326938,0.0000000000,0.0043103448,0.0014409222,0.0057553957,-0.5633379633
0.4444444444,-0.0031901272,-0.0025848363,0.0057553957,0.0000000000,0.0028776978,-0.0014306152,5.0267226230
0.4680851064,0.0001664681,0.0004733188,-0.0028612303,-0.0014306152,-0.0014347202,-0.0028653295,-0.6009970399
0.5945945946,0.0001408576,0.0004382581,-0.0014347202,-0.0014326648,-0.0014367816,0.0000000000,-0.3249124300
0.6000000000,-0.0055957796,-0.0053108100,-0.0014367816,0.0043041607,0.0000000000,0.0057471264,-0.4442607302
0.6341463415,-0.0075704035,-0.0077524097,0.0071942446,0.0028571429,0.0057553957,0.0028571429,1.0997674094
0.6250000000,-0.0064057261,-0.0071781572,0.0028571429,0.0028490028,0.0028612303,0.0000000000,9.4329099556
0.6250000000,-0.0068349947,-0.0080594625,0.0014245014,0.0000000000,0.0000000000,0.0014245014,-0.9741480995
0.6086956522,-0.0100081733,-0.0116800469,-0.0014224751,0.0028409091,0.0014265335,0.0042674253,14.4366610069
0.6250000000,-0.0112693909,-0.0136091666,0.0056980057,0.0070821530,0.0056980057,0.0028328612,-0.7299853153
0.5930232558,-0.0067297904,-0.0098039161,0.0014164306,-0.0014064698,-0.0014164306,-0.0028248588,6.7495412812
0.6037735849,-0.0000288792,-0.0034314191,-0.0014144272,-0.0056338028,-0.0042553191,-0.0056657224,-0.9451385117
0.5423728814,0.0042673043,0.0011009693,-0.0042492918,-0.0028328612,-0.0056980057,-0.0042735043,12.3829201779
0.5263157895,0.0036107960,0.0010194160,-0.0056899004,-0.0056818182,-0.0014326648,0.0000000000,-0.9261976227
0.5000000000,0.0016223528,-0.0004860161,0.0014306152,0.0014285714,0.0014347202,0.0014306152,3.7451950981
0.4406779661,0.0042420230,0.0024140251,0.0000000000,0.0000000000,-0.0014326648,-0.0028571429,-0.3418842249
0.4406779661,0.0021536538,0.0008013956,-0.0028571429,-0.0028530670,0.0000000000,0.0014326648,1.7115248288
0.4210526316,0.0003911477,-0.0006875985,0.0014326648,0.0014306152,0.0000000000,0.0014306152,-0.6762469327
0.3636363636,0.0003309711,-0.0006366653,0.0000000000,0.0014285714,0.0000000000,0.0000000000,-0.4594783419
0.3529411765,-0.0039885679,-0.0048544146,0.0014306152,0.0042796006,0.0043041607,0.0042857143,5.6044080865
0.3840000000,-0.0033749421,-0.0044948283,0.0042857143,0.0000000000,0.0028571429,0.0000000000,-0.8554790226
0.4000000000,-0.0056844983,-0.0069869507,0.0000000000,0.0056818182,0.0014245014,0.0028449502,7.3954895328
0.3773584906,-0.0062195777,-0.0078766660,0.0028449502,-0.0014124294,0.0014224751,0.0014184397,-0.8253208026
0.3529411765,-0.0038517448,-0.0058851145,0.0000000000,0.0000000000,0.0014204545,-0.0014164306,3.1900503678
0.3750000000,-0.0018433436,-0.0040364659,0.0000000000,-0.0014144272,-0.0014184397,-0.0014184397,-0.8093653494
0.4615384615,-0.0057964153,-0.0079648907,0.0000000000,0.0028328612,0.0014204545,0.0042613636,3.0843258933
0.5625000000,-0.0077116981,-0.0101749696,0.0042553191,0.0028248588,0.0014184397,0.0028288543,-0.6212944016
0.5675675676,-0.0051220702,-0.0080221457,0.0014124294,0.0028169014,0.0028328612,-0.0014104372,3.9172299101
0.5977011494,-0.0000971830,-0.0032042017,-0.0014104372,-0.0056179775,-0.0042372881,-0.0042372881,-0.8206507113
0.5531914894,0.0041909211,0.0012939720,-0.0056497175,-0.0028248588,-0.0042553191,-0.0042553191,4.2742614795
0.5263157895,0.0064134387,0.0040586883,-0.0028409091,-0.0042492918,-0.0028490028,-0.0028490028,-0.8440000668
0.5454545455,0.0097542742,0.0080783807,-0.0028490028,-0.0042674253,-0.0057142857,-0.0042857143,0.9438573492
0.5238095238,0.0126120616,0.0118350829,-0.0042857143,-0.0014285714,-0.0043103448,-0.0043041607,4.4080170664
0.4848484848,0.0092175405,0.0095037937,-0.0043041607,-0.0042918455,0.0000000000,0.0014409222,-0.9022899578
0.4585987261,0.0049076368,0.0059051179,0.0014409222,0.0028735632,0.0014430014,0.0028776978,10.9275702050
0.4585987261,0.0070422636,0.0083611340,0.0028776978,0.0000000000,0.0014409222,-0.0028694405,-0.8971399892
0.4864864865,0.0088620385,0.0106501365,-0.0028694405,-0.0028653295,-0.0043165468,-0.0028776978,2.2289481040
0.4736842105,0.0089545709,0.0113205745,-0.0043165468,-0.0043103448,-0.0028901734,-0.0014430014,-0.7463890639
0.4736842105,0.0032276916,0.0061202206,0.0000000000,0.0043290043,0.0014492754,0.0043352601,2.6222892425
0.4736842105,0.0070782239,0.0100266984,0.0057803468,0.0000000000,0.0000000000,-0.0043165468,-0.7068035723
0.4651162791,0.0133108768,0.0166295694,-0.0057471264,-0.0057471264,-0.0086830680,-0.0072254335,7.7324632422
0.4255319149,0.0112630496,0.0153977494,-0.0072254335,-0.0072254335,-0.0014598540,0.0000000000,-0.9043976441
0.4285714286,0.0007897509,0.0054757280,0.0000000000,0.0116448326,0.0029239766,0.0087336245,2.1373517931
0.5333333333,-0.0022113701,0.0021778304,0.0087336245,0.0014388489,0.0102040816,0.0028860029,-0.5582531058
0.5077720207,-0.0018711593,0.0020165096,0.0028860029,0.0028735632,0.0000000000,0.0000000000,-0.5691188984
0.5121951220,-0.0058744780,-0.0024388807,0.0014388489,0.0000000000,0.0028860029,0.0043165468,12.2763097764
0.5214723926,-0.0063942161,-0.0036856074,0.0028735632,0.0042979943,0.0043165468,0.0014326648,-0.7628594382
0.5214723926,-0.0082481211,-0.0062559301,0.0014326648,0.0028530670,0.0014326648,0.0028612303,4.8013551098
0.5214723926,-0.0055605782,-0.0043722315,0.0028612303,-0.0014224751,0.0014306152,-0.0014265335,-0.9173838118
0.5414012739,-0.0145595096,-0.0139092698,-0.0014265335,0.0071225071,-0.0014285714,0.0100000000,5.9265580721
0.5783132530,-0.0178761556,-0.0184323771,0.0071428571,0.0127298444,0.0085836910,0.0056577086,-0.6391625077
0.5384615385,-0.0260842423,-0.0280036833,0.0085106383,0.0055865922,0.0085106383,0.0112517581,10.1939859613
0.5789473684,-0.0193434473,-0.0232122634,0.0112517581,0.0000000000,0.0070323488,-0.0027816412,-0.9380661134
0.6073619632,-0.0149937440,-0.0201262063,-0.0027816412,0.0000000000,0.0000000000,-0.0013947001,6.7681021460
0.7557251908,-0.0126870141,-0.0186353762,0.0000000000,0.0000000000,0.0000000000,0.0000000000,-0.8240565930
0.7557251908,-0.0134907781,-0.0199924293,-0.0013947001,0.0000000000,0.0000000000,0.0027932961,0.6436262163
0.7310924370,-0.0058769840,-0.0130129737,0.0027932961,-0.0013888889,-0.0055865922,-0.0055710306,1.4145787080
0.6585365854,0.0048789215,-0.0022673571,-0.0069637883,-0.0083449235,-0.0070224719,-0.0098039216,-0.4241461930
0.5625000000,-0.0015207863,-0.0077134728,-0.0070126227,-0.0014025245,-0.0014144272,0.0056577086,0.8897679731
0.5714285714,-0.0054830930,-0.0113137762,0.0042372881,0.0042134831,0.0056657224,0.0042194093,-0.7607831608
0.5882352941,-0.0032435228,-0.0090878867,0.0042194093,0.0027972028,0.0042253521,-0.0014005602,2.7030951260
0.6363636364,0.0014692363,-0.0042249129,-0.0014005602,-0.0055788006,-0.0042075736,-0.0042075736,-0.7325413434
0.6086956522,-0.0015692810,-0.0067099565,-0.0028050491,0.0014025245,-0.0028169014,0.0028169014,1.9638576265
0.5609756098,0.0000767490,-0.0048151912,0.0014064698,-0.0014005602,0.0014124294,-0.0014044944,-0.6712068322
0.5833333333,0.0000649415,-0.0044585104,-0.0014044944,-0.0014025245,0.0000000000,0.0000000000,0.0569847090
0.5032679739,-0.0110722256,-0.0152088818,-0.0014064698,0.0112359551,0.0014104372,0.0112517581,-0.1117748254
0.5728643216,0.0046034250,-0.0001765476,0.0126760563,-0.0013888889,-0.0028169014,-0.0139082058,4.3989389079
0.4672131148,-0.0017367449,-0.0057726510,-0.0139082058,-0.0083449235,0.0014124294,0.0056417489,-0.9155531820
0.4693877551,0.0013392524,-0.0025471430,0.0070521862,0.0014025245,0.0000000000,-0.0028050491,0.2990187686
0.5121951220,0.0039572847,0.0004557558,-0.0042016807,-0.0028011204,-0.0014104372,-0.0028129395,2.0193536164
0.5306859206,0.0047656305,0.0018350215,-0.0042194093,-0.0042134831,-0.0028248588,-0.0014104372,-0.8529743960
0.5951417004,0.0040324566,0.0016990940,0.0014124294,0.0028208745,0.0014164306,0.0000000000,10.8991584944
0.5979899497,0.0048313319,0.0029898875,-0.0014104372,-0.0028129395,-0.0014144272,-0.0014124294,-0.5675942885
0.6400000000,0.0069365268,0.0056131475,-0.0014124294,-0.0014104372,-0.0014164306,-0.0028288543,2.1055841261
0.6292134831,0.0072981606,0.0066251959,-0.0028288543,-0.0042372881,-0.0042553191,-0.0014184397,-0.5238806923
0.6511627907,0.0076066261,0.0075656419,-0.0014184397,0.0028368794,-0.0014245014,-0.0014204545,6.3759740782
0.7200000000,0.0050067788,0.0055748188,-0.0014204545,-0.0042432815,0.0014265335,0.0014224751,-0.9696852510
0.6341463415,0.0056650065,0.0065916870,0.0014224751,0.0000000000,-0.0014245014,-0.0014204545,6.9774752664
0.6500000000,0.0033662036,0.0046742897,0.0000000000,0.0014204545,0.0014265335,0.0014224751,-0.6225116257
0.4615384615,0.0028483261,0.0043280460,0.0000000000,0.0000000000,0.0014245014,0.0000000000,0.4401280080
0.5925925926,0.0067000371,0.0083042009,0.0014204545,0.0000000000,-0.0056899004,-0.0042613636,-0.6544403657
0.3913043478,0.0099916228,0.0120201168,-0.0070921986,-0.0056737589,-0.0014306152,-0.0042796006,2.8079074456
0.3750000000,0.0142668677,0.0169575749,-0.0014285714,-0.0028530670,-0.0071633238,-0.0057306590,-0.0346811197
0.3461538462,0.0091637122,0.0127827759,-0.0057224607,-0.0028612303,-0.0028860029,0.0028818444,-0.5533208916
0.4000000000,0.0077539103,0.0118359036,0.0014388489,0.0028694405,0.0028943560,0.0000000000,5.2090605232
0.4000000000,0.0051168676,0.0095087264,0.0014367816,-0.0028612303,0.0014430014,0.0014367816,-0.7080326861
0.3684210526,0.0057726596,0.0102538079,0.0014347202,0.0014347202,0.0000000000,-0.0014347202,-0.2993117682
0.3846153846,0.0034428299,0.0080459247,-0.0028653295,0.0014326648,0.0014409222,0.0014367816,-0.5868418114
0.3564356436,0.0014763254,0.0060065923,0.0014367816,0.0028612303,0.0028776978,0.0014347202,4.2247018279
0.3271028037,0.0026857109,0.0070043592,0.0014347202,-0.0028530670,0.0000000000,-0.0014326648,-0.8951251491
0.3564356436,0.0066051148,0.0108363197,-0.0028653295,-0.0028612303,-0.0057388809,-0.0043041607,10.1089495063
0.3243243243,0.0084952697,0.0129528017,-0.0028735632,-0.0043041607,-0.0028860029,-0.0028818444,-0.8888947479
0.3398058252,0.0042857452,0.0090769276,-0.0014409222,0.0000000000,0.0000000000,0.0028901734,6.6066370245
0.3656716418,0.0065270541,0.0113190266,0.0000000000,-0.0014409222,0.0000000000,-0.0028818444,-0.9133881087
0.3798449612,0.0084374510,0.0134095094,-0.0014430014,0.0000000000,-0.0028943560,-0.0028901734,-0.1203518517
0.3951612903,0.0056818717,0.0109510660,-0.0028901734,-0.0028860029,0.0000000000,0.0014492754,11.8765974871
0.4210526316,0.0019078596,0.0072246093,0.0000000000,0.0043415340,0.0000000000,0.0028943560,-0.7938699922
0.4210526316,0.0045133712,0.0096031707,0.0028985507,0.0000000000,0.0029027576,-0.0028860029,1.2929806755
0.4179104478,0.0038190064,0.0088918247,0.0000000000,-0.0014409222,-0.0014471780,0.0000000000,-0.3492927673
0.4298245614,0.0076060228,0.0126295366,-0.0014450867,-0.0028860029,-0.0043478261,-0.0043415340,2.6748974217
0.3951612903,0.0123214553,0.0176103547,-0.0043415340,-0.0014471780,-0.0058224163,-0.0058139535,-0.4921209851
0.3870967742,0.0074799988,0.0133428930,-0.0072674419,-0.0028985507,0.0000000000,0.0029239766,0.9864814826
0.4242424242,0.0019475350,0.0079466008,0.0029282577,0.0072674419,0.0014641288,0.0043731778,0.1270608231
0.4375000000,0.0001962506,0.0058980247,0.0043795620,-0.0014430014,0.0043859649,0.0014513788,-0.3682602544
0.4230769231,-0.0041636650,0.0011084884,0.0043604651,0.0028901734,0.0043668122,0.0043478261,-0.4164285714
0.4347826087,-0.0134878701,-0.0089838857,0.0043415340,0.0086455331,0.0057971014,0.0101010101,2.8268380606
0.5107526882,-0.0085801852,-0.0054769181,0.0072046110,0.0014285714,0.0043227666,-0.0028571429,-0.7516355646
0.5107526882,-0.0100965562,-0.0079138742,-0.0014306152,-0.0014265335,-0.0014347202,0.0028653295,1.0745325917
0.4883720930,-0.0211287277,-0.0199285795,0.0028653295,0.0142857143,0.0043103448,0.0128571429,2.2352919573
0.5686274510,-0.0178781542,-0.0184523884,0.0128571429,0.0014084507,0.0100143062,0.0000000000,-0.8704245607
0.5837837838,-0.0137366063,-0.0156972476,0.0000000000,0.0056258790,0.0014164306,-0.0014104372,11.7866066945
0.6067415730,-0.0157936482,-0.0186925709,-0.0014104372,-0.0041958042,0.0014144272,0.0042372881,-0.9591857913
0.6000000000,-0.0188834989,-0.0228055140,0.0042372881,0.0042134831,0.0028248588,0.0056258790,8.7845558581
0.6181818182,-0.0268665516,-0.0319475725,0.0056258790,0.0111888112,0.0070422535,0.0111888112,-0.6373068768
0.7368421053,-0.0294452330,-0.0362460507,0.0097902098,0.0082987552,0.0069930070,0.0069156293,5.0419895724
0.7500000000,-0.0249151972,-0.0335611580,0.0083102493,0.0068587106,0.0041666667,0.0000000000,-0.6795974586
0.7567567568,-0.0224249128,-0.0324042614,0.0000000000,-0.0040871935,0.0041493776,0.0013736264,0.0343234044
0.7567567568,-0.0149211036,-0.0259956975,0.0000000000,0.0000000000,0.0000000000,-0.0041152263,-0.8268033586
0.7090909091,-0.0153381164,-0.0267512164,-0.0013736264,0.0000000000,0.0000000000,0.0027548209,2.9195388915
0.6800000000,-0.0075252482,-0.0193816318,0.0013755158,-0.0041039672,-0.0055096419,-0.0054945055,-0.6525253897
0.6144578313,-0.0118270368,-0.0233418568,-0.0054945055,0.0041208791,0.0027700831,0.0055248619,2.2881926463
0.6279069767,0.0094041251,-0.0024287682,0.0055248619,-0.0041039672,-0.0165745856,-0.0192307692,0.7553922683
0.4122137405,0.0093710215,-0.0008494890,-0.0178571429,-0.0164835165,-0.0028089888,-0.0014005602,-0.4757548172
0.4560810811,0.0136158101,0.0048507475,-0.0041958042,-0.0055865922,-0.0014084507,-0.0056100982,0.7033140639
0.4258675079,0.0158193183,0.0087598101,-0.0042134831,-0.0042134831,-0.0042313117,-0.0042313117,-0.7932333072
0.4528301887,0.0076763625,0.0024314370,-0.0042313117,0.0014104372,0.0000000000,0.0056657224,4.0484787083
0.4528301887,0.0050797783,0.0008416944,0.0056657224,0.0042253521,0.0014164306,0.0014084507,-0.7974374807
0.3695652174,0.0142841943,0.0107302777,0.0000000000,-0.0028050491,-0.0042432815,-0.0098452883,1.1589920833
0.3181818182,0.0149700636,0.0128127512,-0.0070422535,-0.0070323488,-0.0042613636,-0.0028409091,0.3480664016
0.3356643357,0.0155603111,0.0147546976,-0.0042553191,-0.0042492918,-0.0028530670,-0.0028490028,2.1210244452
0.3822393822,0.0175272482,0.0180247201,-0.0014245014,-0.0028449502,-0.0042918455,-0.0042857143,-0.8451657733
0.3822393822,0.0206883574,0.0225578936,-0.0042796006,-0.0028530670,-0.0071839080,-0.0057388809,5.0858151869
0.4054054054,0.0175055332,0.0208869385,-0.0071633238,-0.0057224607,-0.0028943560,0.0000000000,-0.4465692672
0.4029850746,0.0032310633,0.0077067792,0.0000000000,0.0115107914,0.0014513788,0.0115440115,0.7207574613
0.4936708861,-0.0029552942,0.0014216604,0.0115440115,0.0056899004,0.0101449275,0.0057061341,-0.2672130782
0.5666666667,0.0133098751,0.0171873607,0.0057061341,-0.0028288543,-0.0043041607,-0.0156028369,-0.6102725631
0.4857142857,0.0083562762,0.0129949291,-0.0170212766,-0.0127659574,-0.0043227666,0.0028818444,0.7532885805
0.4539249147,0.0056258305,0.0105803585,0.0043290043,0.0028735632,0.0057887120,0.0014367816,-0.9309263546
0.4081632653,0.0062039393,0.0112474855,0.0014367816,0.0014326648,0.0000000000,-0.0014347202,8.2272062331
0.4274809160,0.0081464597,0.0133261953,-0.0014347202,-0.0028612303,-0.0014388489,-0.0028735632,-0.8532118787
0.4838709677,0.0127302200,0.0182077020,-0.0028735632,-0.0028694405,-0.0072046110,-0.0057636888,17.6566370435
0.5084745763,0.0107717246,0.0168589833,-0.0057636888,-0.0057553957,-0.0014513788,0.0000000000,-0.9206448438
0.4929577465,0.0091145362,0.0156101697,0.0000000000,0.0000000000,0.0000000000,0.0000000000,8.9419477363
0.4736842105,0.0091748721,0.0159262177,0.0000000000,0.0000000000,0.0014534884,-0.0014492754,-0.9353525009
0.4945054945,0.0033944371,0.0103473079,-0.0014492754,0.0014471780,0.0000000000,0.0043541364,2.0098823007
0.4864864865,0.0043235506,0.0110418838,0.0043541364,0.0014450867,0.0000000000,-0.0014450867,-0.7654193464
0.5192307692,0.0051129663,0.0116880592,-0.0028901734,-0.0028860029,-0.0014513788,-0.0014471780,3.3782872320
0.4545454545,0.0043263561,0.0108222770,0.0014492754,0.0014471780,0.0014534884,0.0000000000,-0.8019695488
0.4000000000,-0.0021240254,0.0041991823,0.0000000000,0.0057803468,0.0029027576,0.0057971014,9.7902135249
0.6000000000,0.0039894304,0.0097077731,0.0028943560,-0.0028735632,-0.0028943560,-0.0057636888,-0.8360400071
0.5714285714,0.0151454744,0.0208243232,-0.0043290043,-0.0057636888,-0.0130624093,-0.0115942029,20.3552657060
0.5600000000,0.0083797136,0.0148177729,-0.0115942029,-0.0043478261,0.0014705882,0.0043988270,-0.7873614691
0.5263157895,0.0100395474,0.0166885939,0.0029325513,-0.0029112082,0.0000000000,-0.0029197080,0.6528776866
0.5263157895,0.0114568078,0.0184346409,0.0000000000,0.0043795620,-0.0014684288,-0.0029282577,-0.5731545458
0.5511811024,0.0052657386,0.0126082825,-0.0029239766,-0.0014534884,0.0014705882,0.0044052863,-0.3218271874
0.5449101796,0.0059262774,0.0131555572,0.0029325513,-0.0043668122,-0.0044052863,-0.0014619883,1.9115503591
0.5652173913,0.0109350994,0.0181438466,-0.0014619883,0.0000000000,0.0000000000,-0.0058565154,-0.6791120435
0.5306122449,0.0092527764,0.0167998579,-0.0058565154,-0.0073099415,-0.0029498525,0.0000000000,0.3807531616
0.5369127517,0.0004620993,0.0081317733,0.0000000000,0.0103092784,0.0044378698,0.0073637703,-0.2523247874
0.5440414508,-0.0025255848,0.0045920161,0.0073637703,0.0014577259,0.0073637703,0.0029239766,0.9869157050
0.4927536232,-0.0021370333,0.0042518668,0.0029239766,0.0000000000,0.0014619883,0.0000000000,-0.3772075017
0.4927536232,-0.0018082589,0.0039369137,0.0014577259,0.0000000000,-0.0014598540,0.0000000000,0.4340098401
0.4814814815,0.0028556007,0.0080536885,-0.0014556041,-0.0014556041,-0.0014619883,-0.0043731778,-0.6428188507
0.4936708861,0.0038860961,0.0089343288,-0.0043731778,-0.0043731778,-0.0043923865,-0.0014641288,3.6140826347
0.6000000000,0.0032882351,0.0082725267,-0.0029282577,0.0000000000,-0.0014705882,0.0000000000,-0.0818964275
0.6060606061,0.0042548673,0.0091394235,0.0014684288,0.0000000000,0.0029455081,-0.0014662757,-0.9718574052
0.6250000000,0.0036002723,0.0084624292,-0.0029325513,-0.0014641288,-0.0014684288,0.0000000000,14.8803640157
0.6250000000,0.0015756418,0.0063578178,0.0014705882,0.0000000000,0.0014705882,0.0014684288,-0.7158667240
0.5714285714,0.0028036219,0.0073639416,0.0029368576,0.0014662757,0.0000000000,-0.0014662757,3.7192806237
0.5714285714,0.0023722954,0.0068184644,-0.0014641288,-0.0014641288,0.0000000000,0.0000000000,-0.6089906013
0.6400000000,-0.0052959335,-0.0010212528,-0.0014662757,0.0058651026,0.0000000000,0.0073421439,0.0594402875
0.6842105263,-0.0015703007,0.0019756073,0.0073421439,0.0000000000,0.0029368576,-0.0029154519,0.7436336575
0.6250000000,-0.0013287160,0.0018292660,-0.0014577259,0.0014577259,0.0014641288,0.0000000000,2.2985523854
0.6521739130,-0.0011242982,0.0016937648,-0.0014598540,-0.0029112082,-0.0014619883,0.0000000000,-0.7869845391
0.6521739130,-0.0009513292,0.0015683008,0.0000000000,0.0000000000,0.0000000000,0.0000000000,0.4944882676
0.6521739130,-0.0008049709,0.0014521303,0.0014619883,0.0014598540,0.0000000000,0.0000000000,-0.3591874731
0.7058823529,0.0007820024,0.0028106626,-0.0014598540,-0.0029154519,-0.0014641288,-0.0014619883,-0.3514528893
0.7058823529,-0.0008012614,0.0011366723,-0.0029239766,0.0029239766,0.0000000000,0.0014641288,0.9287876920
0.6511627907,-0.0035914656,-0.0018660460,0.0029325513,0.0000000000,0.0029325513,0.0029239766,-0.4270794842
0.6279069767,-0.0044901131,-0.0031809094,0.0029239766,0.0043731778,0.0029239766,0.0014577259,6.0751310538
0.6000000000,-0.0037993264,-0.0029452865,0.0000000000,-0.0029027576,-0.0014577259,0.0000000000,-0.8846903050
0.6279069767,-0.0003044930,0.0001846285,0.0014577259,0.0014556041,0.0000000000,-0.0029112082,5.4934644991
0.5744680851,-0.0031681060,-0.0027407535,-0.0014556041,0.0000000000,0.0000000000,0.0029197080,-0.8843704116
0.5689655172,-0.0041302971,-0.0039875345,0.0014577259,0.0014534884,0.0029197080,0.0014556041,6.3502062272
0.4565217391,-0.0063832874,-0.0065800104,0.0014556041,0.0029027576,0.0014556041,0.0029069767,-0.8355334017
0.5000000000,-0.0054012432,-0.0060926022,0.0014534884,0.0000000000,0.0000000000,0.0000000000,8.3314079895
0.5000000000,-0.0016765917,-0.0027507207,0.0014513788,-0.0014471780,0.0000000000,-0.0028985507,-0.8552465917
0.4736842105,0.0014926614,0.0003610627,-0.0014492754,-0.0014492754,-0.0043604651,-0.0029069767,1.1395714147
0.4615384615,0.0041906908,0.0032592715,-0.0043541364,-0.0029027576,-0.0014598540,-0.0029154519,-0.2768044087
0.4545454545,-0.0037366576,-0.0042609503,-0.0014577259,0.0029112082,0.0014619883,0.0073099415,0.4588471951
0.5000000000,-0.0002597837,-0.0010456018,0.0058394161,0.0000000000,0.0029197080,-0.0029027576,-0.6684192666
0.5200000000,0.0012375886,0.0004881648,-0.0029027576,-0.0029027576,-0.0029112082,-0.0014556041,-0.3246622016
0.5454545455,0.0010471903,0.0004520044,-0.0014556041,0.0000000000,0.0000000000,0.0000000000,6.1776520238
0.5769230769,0.0023472317,0.0018789876,-0.0014577259,0.0000000000,0.0000000000,-0.0014577259,-0.6753543166
0.5932203390,0.0005254980,0.0002795413,0.0000000000,-0.0014556041,-0.0014598540,0.0014598540,0.9517217818
0.5689655172,-0.0010115992,-0.0011971463,0.0014598540,0.0014577259,0.0014619883,0.0014577259,-0.5042590839
0.5454545455,-0.0037562415,-0.0040080088,0.0000000000,0.0043668122,0.0000000000,0.0029112082,3.7134500685
0.5689655172,-0.0002764029,-0.0008107150,0.0058309038,0.0000000000,0.0029197080,-0.0029027576,-0.3486609992
0.5675675676,-0.0074576230,-0.0079706717,-0.0043478261,0.0028985507,-0.0014556041,0.0072780204,1.7270668867
0.6202531646,-0.0077441921,-0.0088126033,0.0072780204,0.0028901734,0.0087463557,0.0014450867,-0.8817253694
0.6000000000,-0.0079842581,-0.0095889824,0.0014450867,0.0014409222,0.0000000000,0.0014430014,24.7614407726
0.5882352941,-0.0096100604,-0.0117267372,0.0014430014,0.0028776978,0.0028901734,0.0028818444,-0.9289903034
0.6000000000,-0.0081315895,-0.0108580900,0.0028818444,0.0028694405,0.0014409222,0.0000000000,6.7619434568
0.5531914894,-0.0083054243,-0.0114740829,0.0014367816,0.0000000000,0.0014388489,0.0014367816,-0.2396781260
0.5675675676,-0.0084502632,-0.0120415947,0.0000000000,0.0000000000,0.0014367816,0.0014347202,-0.9085001705
0.5263157895,-0.0099869363,-0.0139749115,0.0000000000,0.0042918455,0.0000000000,0.0028653295,10.3746303191
0.5312500000,-0.0070319588,-0.0115276295,0.0043041607,0.0000000000,0.0028694405,-0.0014285714,-0.9065385612
0.5312500000,-0.0073701903,-0.0120870543,0.0000000000,-0.0014245014,0.0000000000,0.0014306152,6.3774229444
0.5312500000,-0.0104771271,-0.0154113824,0.0000000000,0.0028530670,0.0014306152,0.0042857143,-0.9327835244
0.5588235294,-0.0102731233,-0.0156699835,0.0028571429,0.0028449502,0.0014285714,0.0014224751,20.7442311341
0.5454545455,-0.0072825327,-0.0131074079,0.0028490028,0.0000000000,0.0000000000,-0.0014204545,-0.8990662609
0.6428571429,-0.0159605445,-0.0218759882,-0.0014204545,0.0113475177,0.0028530670,0.0099573257,14.9443510948
0.6666666667,-0.0107183673,-0.0174879049,0.0085348506,-0.0014025245,0.0056899004,-0.0028169014,-0.9048582185
0.6129032258,-0.0076677885,-0.0148009805,-0.0014104372,-0.0042134831,0.0000000000,-0.0014124294,1.7325679651
0.6428571429,-0.0106860662,-0.0178720569,-0.0014124294,0.0014104372,0.0000000000,0.0042432815,-0.8838888002
0.6551724138,-0.0062427398,-0.0137700884,0.0042432815,0.0000000000,0.0000000000,-0.0028169014,2.9201890034
0.6291390728,-0.0163964824,-0.0237808072,-0.0028169014,0.0084507042,0.0000000000,0.0112994350,2.6876166721
0.6989247312,-0.0097247486,-0.0179043400,0.0112994350,0.0013966480,0.0070721358,-0.0041899441,-0.6875517973
0.6818181818,-0.0137615281,-0.0220644072,-0.0041899441,0.0027894003,0.0014044944,0.0056100982,2.4163999509
0.6982758621,-0.0143936206,-0.0231548189,0.0042075736,0.0041724618,0.0042075736,0.0027894003,-0.4998102044
0.6682027650,-0.0149193583,-0.0241541003,0.0041899441,0.0041551247,0.0027932961,0.0027816412,0.0359199822
0.6756756757,-0.0043384003,-0.0141609768,0.0013908206,-0.0027586207,-0.0055710306,-0.0083217753,-0.5319155794
0.6067415730,-0.0036709541,-0.0131120156,-0.0083333333,-0.0027662517,0.0000000000,0.0000000000,0.9815782060
0.6341463415,-0.0044985017,-0.0135204469,0.0014005602,-0.0041608877,-0.0014005602,0.0013986014,-0.1681114825
0.5793991416,-0.0093408333,-0.0180049382,0.0013986014,0.0041782730,0.0014025245,0.0055865922,0.3669247800
0.5504587156,-0.0133849766,-0.0221039947,0.0041899441,0.0069348128,0.0070028011,0.0055555556,-0.3858652368
0.5384615385,-0.0016734206,-0.0109035747,0.0055632823,0.0000000000,-0.0027816412,-0.0096685083,0.7273292066
0.4375000000,-0.0055767381,-0.0142205029,-0.0069156293,-0.0013774105,0.0000000000,0.0041841004,-0.0788389567
0.4375000000,-0.0129442430,-0.0213227759,0.0027855153,0.0013793103,0.0027894003,0.0083333333,-0.1848313744
0.4146341463,-0.0123132711,-0.0210916696,0.0083333333,0.0013774105,0.0083449235,0.0013774105,-0.3433327753
0.3600000000,-0.0063184476,-0.0154665999,0.0027548209,0.0013755158,-0.0027586207,-0.0041265475,-0.6744442143
0.3600000000,-0.0067183148,-0.0156804832,-0.0054945055,-0.0027472527,0.0000000000,0.0013812155,2.8981694982
0.3333333333,-0.0043113642,-0.0131578043,0.0013812155,0.0013774105,0.0013831259,-0.0013793103,-0.4120891002
0.3928571429,-0.0022699973,-0.0108168771,-0.0013793103,-0.0013755158,-0.0027624309,-0.0013812155,0.1303921731
0.4424778761,0.0078369909,-0.0003370087,-0.0013812155,-0.0027548209,-0.0083102493,-0.0096818811,0.8969290742
0.4291845494,0.0010389039,-0.0058658671,-0.0096818811,-0.0055248619,-0.0013966480,0.0055865922,1.1984380983
0.4411764706,-0.0018934457,-0.0081863962,0.0055865922,0.0027777778,0.0055944056,0.0027777778,-0.8123000039
0.4512635379,-0.0125434927,-0.0184558321,0.0027777778,0.0138504155,0.0013908206,0.0110803324,1.8621666197
0.4882154882,-0.0092565418,-0.0157404327,0.0096952909,0.0000000000,0.0055555556,-0.0013698630,0.3528243847
0.5172413793,-0.0037325925,-0.0105024684,0.0000000000,-0.0027322404,0.0000000000,-0.0041152263,-0.1948658207
0.5725190840,-0.0017833935,-0.0083586106,-0.0041152263,-0.0027397260,-0.0013812155,-0.0013774105,-0.7129158408
0.6015625000,-0.0056236859,-0.0118284400,-0.0027548209,0.0013736264,0.0000000000,0.0041379310,0.5715304517
0.5659574468,-0.0020167913,-0.0082276098,0.0041436464,0.0000000000,0.0013831259,-0.0027472527,1.8343016327
0.6025104603,0.0010512011,-0.0048767709,-0.0013755158,-0.0041152263,-0.0013812155,-0.0027548209,-0.4747459594
0.6153846154,0.0050540665,-0.0003734296,-0.0041322314,-0.0027548209,-0.0027662517,-0.0041436464,0.4757914232
0.6455696203,0.0001151510,-0.0044879818,-0.0013831259,0.0013812155,0.0000000000,0.0041608877,-0.6857924920
0.6153846154,-0.0188746026,-0.0230468971,0.0041551247,0.0193103448,0.0027739251,0.0193370166,16.1387073609
0.6761363636,-0.0212755571,-0.0266155162,0.0179310345,0.0054127199,0.0207468880,0.0054200542,-0.6703877104
0.7307692308,-0.0245753370,-0.0311724837,0.0040650407,0.0080753701,0.0040650407,0.0067385445,1.0765117708
0.7358490566,-0.0298852830,-0.0378792678,0.0080971660,0.0093457944,0.0080971660,0.0093708166,-0.5908463839
0.7586206897,-0.0342533647,-0.0439491993,0.0107095047,0.0092592593,0.0066934404,0.0092838196,1.2316491376
0.7543859649,-0.0390852172,-0.0506734825,0.0092715232,0.0104849279,0.0132978723,0.0105124836,-0.6897360196
0.7434402332,-0.0241895671,-0.0381645621,0.0091863517,0.0000000000,-0.0065616798,-0.0091027308,2.3895873661
0.6800000000,-0.0243093968,-0.0391205475,-0.0078023407,-0.0051880674,0.0066050198,0.0039370079,-0.8693773815
0.6315789474,-0.0243953901,-0.0399874841,0.0039318480,0.0078226858,0.0052493438,0.0039215686,-0.0233821964
0.6315789474,-0.0244529837,-0.0407724309,0.0013054830,0.0038809832,0.0013054830,0.0039062500,3.8661084810
0.5876288660,-0.0332301541,-0.0500729647,0.0052151239,0.0090206186,0.0039113429,0.0129701686,-0.4515925924
0.5491803279,-0.0293606388,-0.0475833398,0.0129701686,0.0051085568,0.0142857143,0.0012804097,1.6338760108
0.4473684211,-0.0273312613,-0.0464972738,0.0000000000,-0.0025412961,0.0000000000,0.0025575448,-0.7579993962
0.4437086093,-0.0079418889,-0.0281782080,0.0025608195,-0.0025477707,-0.0128040973,-0.0153061224,6.2192075865
0.3365079365,-0.0041401120,-0.0235612994,-0.0140485313,-0.0114942529,-0.0025940337,-0.0025906736,-0.8688213969
0.4117647059,-0.0200478189,-0.0380566204,-0.0025906736,0.0155038760,-0.0013003901,0.0168831169,2.0235285695
0.4488188976,-0.0256739887,-0.0437861390,0.0181818182,0.0050890585,0.0195312500,0.0089399745,-0.4286716712
0.4488188976,-0.0179950114,-0.0368853238,0.0089285714,0.0012658228,0.0025542784,-0.0037974684,0.1556337046
0.4807692308,-0.0139736557,-0.0329242647,-0.0050568900,-0.0037926675,-0.0012738854,-0.0012706480,-0.6870153446
0.5121951220,-0.0230107622,-0.0414610669,-0.0012706480,0.0101522843,0.0025510204,0.0114503817,3.4637107940
0.5573770492,-0.0132647629,-0.0323037368,0.0114503817,0.0012562814,0.0038167939,-0.0062893082,-0.5589701945
0.5660377358,-0.0235837298,-0.0420369815,-0.0050314465,0.0100376412,0.0000000000,0.0126582278,4.3584419868
0.5991285403,-0.0199554637,-0.0389231311,0.0101137800,-0.0012422360,0.0050697085,0.0000000000,-0.4795205271
0.6175771971,-0.0242038634,-0.0432158175,0.0000000000,0.0136815920,0.0075662043,0.0075000000,1.0428542756
0.5985037406,-0.0253173269,-0.0447553143,0.0087609512,-0.0061349693,0.0037546934,0.0049627792,-0.4190112990
0.6129807692,-0.0067069002,-0.0270256713,0.0037220844,0.0024691358,-0.0062344140,-0.0148148148,0.2979799238
0.5833333333,-0.0106342960,-0.0298864941,-0.0148331273,-0.0061576355,0.0000000000,0.0050125313,-0.3564406088
0.6220657277,-0.0248056403,-0.0431821952,0.0062735257,0.0099132590,0.0062735257,0.0162094763,-0.1914161684
0.6111111111,-0.0467220444,-0.0652169223,0.0162094763,0.0269938650,0.0124688279,0.0269938650,2.0034491272
0.6410256410,-0.0812457023,-0.1011921312,0.0282208589,0.0513739546,0.0258620690,0.0454002389,1.1528153078
0.7162162162,-0.0424830412,-0.0681367398,0.0453460621,0.0034090909,0.0144057623,-0.0274285714,-0.5448636353
0.5578947368,-0.0267984075,-0.0541983717,-0.0285388128,-0.0283125708,-0.0047337278,-0.0094007051,-0.5588841117
0.5196078431,-0.0307241297,-0.0580056943,-0.0105757932,-0.0069930070,-0.0047562426,0.0083036773,0.3903347378
0.5148514851,-0.0328244620,-0.0603418572,0.0106888361,0.0093896714,0.0155316607,0.0070588235,-0.4888313022
0.4545454545,-0.0266374389,-0.0547678468,0.0058754407,-0.0034883721,-0.0082352941,-0.0011682243,-0.3894714564
0.5263157895,-0.0282222820,-0.0562300916,-0.0011682243,0.0081680280,0.0142348754,0.0058479532,0.4617815946
0.5090909091,-0.0306433459,-0.0586325793,0.0035087719,0.0081018519,0.0000000000,0.0069767442,0.5095556674
0.5090909091,-0.0381465234,-0.0661512455,0.0093240093,0.0137772675,0.0128654971,0.0127020785,0.5397374043
0.5252051583,-0.0399407859,-0.0686846848,0.0127020785,0.0011325028,0.0034642032,0.0079817560,-0.6362018135
0.5196506550,-0.0403097841,-0.0699097601,0.0068415051,0.0090497738,0.0126582278,0.0067873303,0.2810041949
0.5238095238,-0.0197906136,-0.0508675266,0.0090600227,-0.0011210762,-0.0056818182,-0.0146067416,-0.5534344572
0.5106382979,-0.0076940825,-0.0383271755,-0.0157126824,-0.0145903479,-0.0068571429,-0.0091220068,0.4066485381
0.4988399072,-0.0178128760,-0.0464609568,-0.0091220068,0.0091116173,-0.0011507480,0.0115074799,1.5031332703
0.4016620499,-0.0025906326,-0.0308917702,0.0115074799,-0.0079006772,-0.0046082949,-0.0125142207,0.0930148584
0.4692556634,0.0117958878,-0.0149857829,-0.0125142207,-0.0068259386,-0.0104166667,-0.0138248848,-0.6510200373
0.4461538462,0.0088026281,-0.0150263950,-0.0138248848,-0.0171821306,-0.0081871345,0.0011682243,1.1660623405
0.4193548387,0.0205475882,-0.0010918708,0.0023364486,0.0023310023,-0.0023584906,-0.0128354726,-0.5825596924
0.4131736527,0.0222196105,0.0037347996,-0.0139860140,-0.0127906977,-0.0047281324,-0.0047281324,-0.1228334589
0.4005805515,0.0021385723,-0.0129535509,-0.0035460993,0.0094228504,0.0000000000,0.0166270784,0.4883856979
0.4441453567,-0.0016891917,-0.0154445734,0.0154211151,0.0081680280,0.0142517815,0.0035046729,-0.0793467117
0.4303448276,-0.0106433477,-0.0233957970,0.0035046729,0.0046296296,0.0058548009,0.0093131548,0.6663427406
0.4158415842,-0.0078615746,-0.0205330554,0.0093131548,0.0057603687,0.0034924331,-0.0011534025,-0.5741198771
0.4495412844,-0.0089409217,-0.0212724291,0.0000000000,-0.0034364261,-0.0046403712,0.0023094688,0.4394361042
0.4249201278,-0.0233183255,-0.0352570636,0.0011534025,0.0137931034,0.0104895105,0.0161290323,-0.0421105393
0.4867394696,-0.0197308908,-0.0326454292,0.0172811060,0.0034013605,0.0103806228,0.0000000000,-0.0992874153
0.4878048780,-0.0155792458,-0.0291264857,-0.0011325028,0.0011299435,0.0034246575,-0.0011337868,-0.4798837434
0.5121951220,-0.0176426311,-0.0313668486,0.0000000000,0.0067720090,0.0011376564,0.0045402951,0.5363057906
0.5311778291,-0.0115777965,-0.0257408048,0.0045351474,-0.0033632287,-0.0022727273,-0.0033898305,-0.3219618125
0.6216216216,-0.0131532187,-0.0271431155,-0.0045146727,-0.0022497188,0.0045558087,0.0034013605,-0.0122263261
0.6315789474,-0.0066398834,-0.0207063283,0.0022675737,-0.0033821871,-0.0045351474,-0.0045197740,-0.0962219813
0.7250755287,0.0057981887,-0.0079115908,-0.0033936652,-0.0011312217,-0.0079726651,-0.0113507378,1.6022432407
0.6434316354,0.0095424049,-0.0027457341,-0.0102156640,-0.0113250283,-0.0068886338,-0.0045924225,-0.3991232910
0.5964912281,0.0034448393,-0.0071230934,-0.0057339450,0.0011454754,-0.0034682081,0.0046136101,0.0279055862
0.6034482759,-0.0005276355,-0.0100053122,0.0046136101,0.0045766590,0.0104408353,0.0034443169,-0.5064817074
0.5660377358,-0.0038656861,-0.0126532401,0.0034443169,-0.0011389522,0.0011481056,0.0034324943,-0.2092116706
0.5172413793,0.0012959491,-0.0071877429,0.0022883295,0.0000000000,-0.0022935780,-0.0045610034,0.8364372763
0.5438596491,0.0022446188,-0.0055161608,-0.0034246575,0.0045610034,0.0022988506,-0.0011454754,-0.1044518180
0.4685039370,-0.0038127898,-0.0107796911,-0.0022909507,-0.0045402951,-0.0022935780,0.0057339450,-0.2676534435
0.4873417722,0.0082706075,0.0014377066,0.0057405281,0.0136830103,-0.0045977011,-0.0114025086,3.0014762730
0.4162162162,0.0023736451,-0.0032673262,-0.0114155251,-0.0202474691,-0.0034642032,0.0046136101,-0.4157528792
0.4162162162,0.0101265931,0.0050520393,0.0057736721,0.0011481056,0.0011587486,-0.0080367394,-0.1580211031
0.3908629442,0.0039208739,0.0000479625,-0.0080367394,-0.0034403670,0.0000000000,0.0046296296,-0.4851370094
0.4014962594,0.0033176625,0.0000444097,0.0057870370,0.0011507480,0.0000000000,0.0000000000,0.0939325822
0.3898305085,0.0086172602,0.0058351011,-0.0023014960,-0.0034482759,-0.0057870370,-0.0057603687,0.9011789791
0.4259259259,0.0084600795,0.0065692320,-0.0057670127,-0.0046136101,-0.0116414435,-0.0011587486,0.1367398729
0.4509803922,0.0165932691,0.0155072838,0.0011600928,0.0034762457,0.0047114252,-0.0092807425,-0.1394971606
0.4249201278,0.0188124136,0.0191320483,-0.0092699884,-0.0092378753,-0.0046893318,-0.0046838407,0.5749761137
0.4444444444,0.0219295464,0.0237368410,-0.0058479532,-0.0069930070,-0.0070671378,-0.0058823529,-0.4387137386
0.4642857143,0.0270639924,0.0305153702,-0.0058823529,-0.0035211268,-0.0071174377,-0.0082840237,3.1758637614
0.4482758621,0.0204648244,0.0258067463,-0.0082840237,-0.0070671378,-0.0047789725,0.0023866348,-0.4686641598
0.3896103896,0.0112967663,0.0178365843,0.0035799523,0.0059311981,0.0084033613,0.0059523810,0.0442614148
0.3896103896,0.0167785314,0.0237848340,0.0035671819,-0.0047169811,-0.0130952381,-0.0071005917,0.7710413597
0.4109589041,0.0178366826,0.0256905410,-0.0059241706,-0.0023696682,0.0012062726,-0.0035756853,-0.2176120527
0.4177215190,0.0102588034,0.0189123593,-0.0023837902,0.0011876485,0.0072289157,0.0047846890,-0.5867939063
0.4347826087,0.0098827674,0.0187242107,0.0035842294,-0.0035587189,-0.0023923445,-0.0011904762,1.8600386082
0.4520547945,-0.0070234688,0.0018144809,-0.0011904762,0.0178571429,0.0047961631,0.0154946365,-0.6984802358
0.5744680851,0.0070590003,0.0147817168,0.0143027414,-0.0046783626,0.0035799523,-0.0129107981,0.7139157497
0.5400000000,0.0012109979,0.0088882575,-0.0117508813,-0.0058754407,-0.0059453032,0.0047562426,-0.5843820727
0.4988864143,0.0105924295,0.0178664738,0.0035671819,-0.0023640662,0.0000000000,-0.0094674556,0.4207215937
0.4988864143,0.0101697183,0.0177589918,-0.0082938389,-0.0071090047,-0.0023923445,-0.0011947431,0.3418061288
0.5161290323,0.0146737693,0.0225592962,-0.0011947431,-0.0023866348,-0.0059952038,-0.0059808612,-0.5624950890
0.5161290323,0.0173130802,0.0258260280,-0.0059808612,-0.0059808612,-0.0036188179,-0.0048134777,2.0198982637
0.5346062053,0.0061332863,0.0153189950,-0.0060168472,0.0036101083,-0.0012106538,0.0084643289,-0.5985919899
0.5751633987,0.0124736872,0.0215334159,0.0084745763,-0.0011990408,0.0036363636,-0.0071942446,0.5375260437
0.5833333333,0.0032844810,0.0126006621,-0.0060024010,0.0024009604,0.0000000000,0.0072463768,-0.4544437083
0.5824411135,-0.0031968618,0.0056382732,0.0072463768,0.0059880240,0.0072463768,0.0059952038,0.5418147027
0.5582822086,-0.0109568865,-0.0030968049,0.0059952038,0.0107142857,0.0047961631,0.0083432658,0.6238651335
0.5764705882,-0.0174014596,-0.0110502117,0.0083432658,0.0129564193,0.0047732697,0.0082742317,3.7426212895
0.5454545455,-0.0089149034,-0.0043957793,0.0070921986,-0.0093023256,0.0011876485,-0.0058616647,-0.7983146232
0.5121951220,-0.0087123511,-0.0052432283,-0.0046948357,-0.0023474178,0.0000000000,0.0011792453,-0.0179593931
0.5223529412,-0.0177841713,-0.0152934266,0.0011792453,0.0117647059,0.0059311981,0.0106007067,0.3425314909
0.5538461538,-0.0407619845,-0.0398975911,0.0106007067,0.0279069767,0.0106132075,0.0268065268,2.0002785450
0.6592292089,-0.0463974122,-0.0488184872,0.0279720280,0.0192307692,0.0245040840,0.0124858116,-0.1310718249
0.6280991736,-0.0414086568,-0.0473383157,0.0113378685,0.0000000000,0.0136674260,0.0022421525,-0.4149864076
0.6093750000,-0.0478190466,-0.0564962536,0.0022421525,0.0055493896,0.0033707865,0.0134228188,0.0413683565
0.5980066445,-0.0210121811,-0.0331014408,0.0134228188,0.0000000000,-0.0100783875,-0.0198675497,-0.3985066298
0.4619666048,-0.0155623359,-0.0284613320,-0.0209713024,-0.0154525386,-0.0011312217,-0.0022522523,0.6646886807
0.4989979960,-0.0187059074,-0.0318168726,-0.0011273957,0.0033632287,0.0033975085,0.0056433409,-0.8175719498
0.4959677419,-0.0080348589,-0.0217747963,0.0045146727,-0.0011173184,-0.0033860045,-0.0078563412,4.7810029406
0.5167785235,0.0161920435,0.0025195903,-0.0067415730,-0.0089485459,-0.0237825595,-0.0226244344,-0.1055363821
0.4569190601,0.0032504345,-0.0080003754,-0.0214932127,-0.0112866817,0.0034802784,0.0104166667,0.7638261441
0.4639175258,0.0155464860,0.0052587353,0.0092485549,-0.0022831050,-0.0080924855,-0.0126002291,4.6043419919
0.4368932039,0.0155108927,0.0072061045,-0.0114547537,-0.0125858124,-0.0069930070,-0.0023201856,-0.7610061339
0.5035460993,0.0202425730,0.0137449582,-0.0046349942,-0.0034762457,0.0011737089,-0.0069767442,-0.8034903767
0.5228915663,0.0255343502,0.0210964562,-0.0058207218,-0.0046511628,-0.0070339977,-0.0081967213,2.0252454723
0.4608567208,0.0350481727,0.0329486736,-0.0070257611,-0.0093457944,-0.0177095632,-0.0129870130,-0.6404905179
0.4285714286,0.0271987329,0.0280485848,-0.0153301887,-0.0070754717,0.0012019231,0.0023923445,1.2328708423
0.4285714286,0.0193650343,0.0223110869,0.0047904192,0.0011876485,0.0048019208,0.0035799523,-0.5797161370
0.3372781065,0.0261470064,0.0304606555,0.0011918951,-0.0035587189,-0.0047789725,-0.0095124851,-0.6507788816
0.3661670236,0.0208988212,0.0269714517,-0.0095238095,-0.0059523810,-0.0012004802,0.0012004802,3.3432529948
0.3076923077,0.0152489681,0.0225214766,0.0036057692,0.0035928144,-0.0024038462,0.0023980815,-0.5692890089
0.2741935484,0.0202251632,0.0282328809,0.0011976048,0.0000000000,-0.0012048193,-0.0071770335,0.5298296381
0.2769857434,0.0122353570,0.0212200141,-0.0071770335,-0.0011933174,-0.0024125452,0.0048192771,-0.3262423622
0.3245033113,0.0152221654,0.0245621283,0.0060240964,0.0035842294,0.0012091898,-0.0047961631,0.7961611134
0.2587601078,0.0227380096,0.0326964117,-0.0071856287,-0.0071428571,-0.0096618357,-0.0096385542,-0.0042159830
0.2696629213,0.0155335275,0.0265280027,-0.0072376357,-0.0107913669,-0.0012195122,0.0036496350,0.1264466163
0.2592592593,0.0143732974,0.0258063671,0.0012150668,0.0024242424,0.0048840049,-0.0012121212,-0.7066275984
0.2800000000,0.0133918654,0.0251388850,0.0000000000,-0.0024183797,-0.0024301337,-0.0012135922,0.5033007413
0.3097345133,0.0137952363,0.0257695023,-0.0024271845,-0.0012121212,-0.0012180268,-0.0024301337,-0.3381279390
0.3684210526,0.0055489644,0.0176629466,-0.0024330900,0.0072815534,-0.0012195122,0.0060901340,0.8667428467
0.4117647059,0.0095843057,0.0213003446,0.0085365854,-0.0024096386,0.0024420024,-0.0048426150,0.1302153566
0.4137931034,0.0155223691,0.0272205011,-0.0060459492,-0.0060386473,-0.0085261876,-0.0072992701,-0.3885259075
0.4285714286,0.0106572113,0.0226975561,-0.0072992701,-0.0036452005,0.0000000000,0.0024509804,3.5611308657
0.4444444444,0.0127318157,0.0247745977,0.0024509804,-0.0012195122,-0.0012285012,-0.0036674817,0.0795848043
0.4736842105,0.0082987222,0.0204353066,-0.0048899756,-0.0024420024,-0.0061500615,0.0024539877,0.3989512294
0.4688644689,0.0094932153,0.0214220012,0.0036855037,0.0012239902,0.0061881188,-0.0024479804,-0.9358280387
0.4655172414,0.0080327206,0.0198351863,-0.0024479804,-0.0012224939,0.0000000000,0.0000000000,2.0260625574
0.4705882353,0.0055630977,0.0171179158,0.0012269939,0.0012239902,0.0024600246,0.0012269939,-0.7231366048
0.4892473118,0.0010269902,0.0121288600,0.0000000000,0.0012224939,-0.0098159509,0.0036764706,7.8765120793
0.4892473118,0.0082554788,0.0186933811,0.0036764706,0.0012210012,0.0061957869,-0.0073260073,-0.7397785012
0.4312796209,0.0020552440,0.0123279828,-0.0061050061,-0.0024390244,0.0024630542,0.0049200492,0.0949611167
0.4250000000,-0.0007071966,0.0089449214,0.0036855037,0.0036674817,0.0000000000,0.0024479804,0.7805745845
0.3925619835,0.0067772605,0.0157235327,0.0012239902,-0.0036540804,-0.0012285012,-0.0073260073,-0.7105702164
0.3414634146,0.0057346050,0.0145588266,-0.0073349633,-0.0036674817,-0.0036900369,0.0000000000,0.5856961461
0.3365384615,0.0123233793,0.0210155652,0.0012315271,-0.0012269939,-0.0049382716,-0.0073800738,1.2135484358
0.3365384615,0.0179962200,0.0270952526,-0.0073800738,-0.0073710074,-0.0086848635,-0.0074349442,-0.0486315770
0.3317972350,0.0039472644,0.0136983280,-0.0074349442,0.0037128713,0.0025031289,0.0112359551,0.1759673186
0.4022988506,0.0058235078,0.0151902797,0.0124843945,0.0012330456,0.0062421973,-0.0024691358,0.3660914943
0.4488188976,0.0074212003,0.0165813643,-0.0024660912,-0.0024630542,0.0000000000,-0.0024752475,-0.7641410762
0.4488188976,0.0176427335,0.0268188341,-0.0037082818,-0.0024691358,-0.0124069479,-0.0111662531,2.4836883420
0.4182389937,0.0111224851,0.0209891328,-0.0111662531,-0.0099009901,-0.0037688442,0.0037641154,-0.4196329123
0.4427710843,0.0094113335,0.0194343823,0.0025094103,0.0012500000,0.0037831021,0.0000000000,-0.0181366708
0.4598540146,0.0067050548,0.0167238935,0.0012515645,0.0024968789,0.0000000000,0.0012500000,-0.5971814733
0.4237918216,0.0094542353,0.0193026997,0.0012500000,-0.0012453300,0.0012562814,-0.0037453184,0.5604214372
0.4356846473,0.0067381610,0.0165989366,-0.0037453184,-0.0024937656,-0.0012547051,0.0012531328,-0.4897867664
0.4188034188,0.0044443939,0.0141001740,0.0025062657,0.0012500000,0.0025125628,0.0012515645,1.1778226189
0.3913043478,-0.0012331930,0.0080156385,-0.0012500000,0.0037453184,0.0012531328,0.0050000000,1.4271411437
0.4042553191,-0.0010434710,0.0074218875,0.0050062578,0.0012437811,0.0000000000,0.0000000000,0.0118129691
0.4185022026,0.0003612934,0.0081260061,0.0012453300,-0.0012422360,0.0025031289,-0.0012437811,-0.4710141293
0.4822335025,-0.0021795217,0.0050209143,-0.0012437811,0.0012437811,0.0012484395,0.0024906600,-0.3294798700
0.3703703704,-0.0080056662,-0.0015525423,0.0024906600,0.0074534161,0.0024937656,0.0062111801,1.1127229618
0.3930635838,-0.0092203946,-0.0038970526,0.0062111801,0.0049321825,0.0062189055,0.0024691358,6.9757984723
0.3540372671,-0.0028900005,0.0013242497,0.0024691358,-0.0024539877,-0.0037082818,-0.0049261084,-0.7753069676
0.4710743802,-0.0122253322,-0.0085897856,-0.0049261084,0.0036900369,-0.0024813896,0.0099009901,0.2417087641
0.5294117647,-0.0066926466,-0.0042928170,0.0086633663,0.0000000000,0.0037313433,-0.0036764706,-0.2822286545
0.5217391304,0.0029726724,0.0046755121,-0.0024539877,-0.0024509804,-0.0024783147,-0.0086100861,-0.6952141220
0.4771784232,0.0100342032,0.0118616467,-0.0086100861,-0.0085995086,-0.0062111801,-0.0074441687,1.7280875588
0.4389312977,0.0097526705,0.0122483166,-0.0074441687,-0.0049566295,-0.0037500000,-0.0012500000,-0.6949022721
0.5000000000,0.0082522596,0.0113410339,-0.0025000000,-0.0037359900,-0.0012547051,0.0000000000,3.6307718499
0.5338983051,0.0082445643,0.0117672493,0.0012531328,0.0000000000,0.0000000000,-0.0012515645,-0.7164282214
0.5639810427,0.0019538448,0.0058537278,-0.0012515645,0.0087500000,0.0012562814,0.0050125313,4.6133942220
0.5610687023,0.0066740716,0.0104598182,0.0037593985,-0.0061957869,0.0000000000,-0.0049875312,-0.6016378795
0.5306859206,0.0043886589,0.0084213310,-0.0037453184,0.0000000000,-0.0025094103,0.0012531328,-0.2891685639
0.5185185185,0.0074963204,0.0115957606,0.0025062657,0.0000000000,0.0000000000,-0.0037546934,0.1140633217
0.5084745763,0.0050803765,0.0094686387,-0.0050000000,-0.0062344140,-0.0025157233,0.0012562814,-0.8662673168
0.4912280702,0.0093646000,0.0138556175,0.0012562814,0.0000000000,0.0000000000,-0.0050188206,6.4285866030
0.4912280702,0.0117514514,0.0166754626,-0.0050188206,-0.0037641154,-0.0050441362,-0.0037831021,1.2721076164
0.3600000000,0.0112235656,0.0167272396,-0.0050441362,-0.0037783375,-0.0088719899,-0.0012658228,0.2813136286
0.3750000000,0.0159349809,0.0219645125,0.0000000000,0.0050568900,0.0000000000,-0.0063371356,-0.0070522709
0.3913043478,0.0134834454,0.0203375116,-0.0063371356,-0.0100628931,0.0000000000,0.0000000000,-0.3507288992
0.4210526316,0.0075536344,0.0149473023,0.0000000000,0.0012706480,-0.0038363171,0.0038265306,-0.5125874954
0.4285714286,0.0180335983,0.0255683221,0.0038265306,0.0000000000,-0.0038510911,-0.0114358323,2.3101168798
0.3750000000,0.0205060161,0.0289646791,-0.0114358323,-0.0126903553,-0.0077319588,-0.0051413882,-0.5236511888
0.3529411765,0.0134232473,0.0228545947,-0.0051413882,0.0000000000,0.0038961039,0.0038759690,-0.2866966496
0.3265306122,0.0152781251,0.0251196526,0.0051679587,0.0012853470,0.0000000000,-0.0038610039,0.7798384924
0.3333333333,0.0103170060,0.0206216723,-0.0051413882,0.0012836970,0.0000000000,0.0025839793,-0.7086979894
0.3600000000,0.0326837795,0.0432942658,0.0012919897,-0.0038461538,-0.0206985770,-0.0231958763,28.4318447987
0.2769230769,0.0263015459,0.0387169441,-0.0219354839,-0.0154440154,0.0000000000,0.0013192612,-0.8480114684
0.2769230769,0.0249559605,0.0385857437,0.0026385224,-0.0013071895,-0.0013210040,-0.0026350461,-0.3474981263
0.2857142857,0.0091191286,0.0235584179,-0.0039473684,0.0026178010,0.0000000000,0.0118890357,0.3637022517
0.3750000000,0.0333475211,0.0478032477,0.0105680317,0.0000000000,-0.0158730159,-0.0248041775,6.4422776382
0.2957746479,0.0241042647,0.0400852173,-0.0248366013,-0.0182767624,0.0026881720,0.0040160643,-0.8815389862
0.2763157895,0.0217582607,0.0385006095,0.0040214477,-0.0013297872,0.0013404826,-0.0013333333,-0.4368759764
0.3043478261,0.0238788136,0.0412092425,-0.0013351135,-0.0026631158,-0.0066934404,-0.0053404539,0.2848048964
0.3243243243,0.0161134181,0.0339929759,-0.0040106952,0.0000000000,0.0026954178,0.0040268456,-0.2846208507
0.3245033113,0.0245926407,0.0426260585,0.0026845638,-0.0026702270,-0.0053763441,-0.0106951872,0.4969871722
0.3081761006,0.0235755780,0.0422855607,-0.0093708166,-0.0093708166,-0.0162162162,-0.0027027027,1.3665985185
0.3356643357,0.0158192196,0.0349461986,-0.0027027027,0.0054054054,0.0096153846,0.0040650407,-0.4498026803
0.3121019108,0.0092992617,0.0281948590,0.0027100271,0.0013440860,0.0040816327,0.0040485830,-0.6000038438
0.3221757322,0.0105852330,0.0288721363,0.0054054054,0.0013422819,0.0027100271,-0.0026881720,0.7730966293
0.4031413613,0.0130526358,0.0309015250,-0.0026881720,-0.0013404826,-0.0013513514,-0.0040431267,-0.1707948760
0.4504021448,0.0110445380,0.0286125231,-0.0026954178,-0.0013422819,0.0000000000,0.0000000000,-0.3847838100
0.4298245614,0.0148384143,0.0320794339,-0.0013513514,-0.0067204301,-0.0108254398,-0.0054127199,-0.3313920827
0.3582089552,0.0057139896,0.0227457256,-0.0040595399,0.0013531800,0.0041039672,0.0068027211,-0.0745187446
0.4979079498,0.0061946368,0.0224425361,0.0040760870,0.0040540541,0.0040871935,-0.0013513514,9.1661442332
0.5283018868,0.0025284130,0.0180249840,0.0000000000,-0.0013458950,0.0000000000,0.0027063599,-0.5908797692
0.4827586207,0.0007888341,0.0153195981,0.0013531800,0.0000000000,0.0027137042,0.0013495277,-0.8601546346
0.4594594595,-0.0033620584,0.0101008474,0.0040540541,0.0067385445,0.0040595399,0.0040431267,1.0341332952
0.4594594595,0.0025379354,0.0148012337,0.0026917900,-0.0013386881,-0.0040431267,-0.0053691275,-0.3055384548
0.5151515152,0.0048596556,0.0164482962,-0.0067114094,-0.0067024129,-0.0013531800,-0.0026990553,0.8510044166
0.5151515152,0.0082048642,0.0193680693,-0.0013513514,-0.0026990553,-0.0040650407,-0.0040595399,-0.2788596235
0.5077720207,0.0083125673,0.0193183409,-0.0054127199,-0.0027063599,-0.0013605442,-0.0013586957,-0.2732096183
0.5238095238,0.0195175997,0.0305057909,0.0000000000,-0.0027137042,-0.0122615804,-0.0122448980,4.0490038345
0.4489795918,0.0151166598,0.0268317339,-0.0122448980,-0.0040816327,0.0013793103,0.0013774105,0.1409845644
0.4117647059,0.0141860488,0.0262558292,0.0013774105,-0.0068306011,-0.0041322314,-0.0013755158,0.6216979443
0.4343891403,0.0050815306,0.0173047221,0.0000000000,0.0110041265,0.0041493776,0.0068870523,-0.6693479115
0.4857142857,0.0015595118,0.0132506592,0.0055020633,0.0013605442,0.0055096419,0.0027359781,-0.0906328772
0.4375000000,0.0081967818,0.0192215267,0.0041039672,0.0000000000,-0.0027397260,-0.0068212824,-0.3943871576
0.3951612903,0.0124989194,0.0234209017,-0.0068119891,-0.0067934783,-0.0068681319,-0.0054945055,0.5078371830
0.3983402490,0.0105760087,0.0216860201,-0.0068587106,0.0000000000,-0.0027662517,0.0000000000,3.1346728055
0.4313725490,0.0145542023,0.0257467574,0.0000000000,-0.0082079343,-0.0041608877,-0.0055248619,-0.7320012025
0.4210526316,0.0193942208,0.0309993076,-0.0055248619,-0.0041379310,-0.0041782730,-0.0069444444,0.1216453442
0.4137931034,0.0308276646,0.0432945954,-0.0069444444,-0.0083102493,-0.0139860140,-0.0139860140,0.4147089441
0.3636363636,0.0246315689,0.0386143765,-0.0125874126,-0.0111731844,-0.0056737589,0.0014184397,0.2874422071
0.3157894737,0.0165225956,0.0313714540,-0.0014164306,0.0014124294,0.0042796006,0.0042492918,-0.5116516547
0.3065693431,0.0125525161,0.0275982797,0.0042553191,0.0028208745,0.0042613636,0.0014104372,-0.2048741697
0.3095238095,0.0063690960,0.0212388689,0.0028248588,0.0084388186,0.0028288543,0.0042253521,-0.1800041394
0.3409090909,0.0011767103,0.0153932774,0.0042253521,0.0027894003,0.0042313117,0.0042075736,12.4745549409
0.3146853147,0.0009956780,0.0142530346,0.0042075736,-0.0027816412,0.0028089888,0.0000000000,-0.9166037797
0.2789699571,-0.0005533784,0.0117841479,0.0000000000,0.0013947001,0.0000000000,0.0013966480,-0.5001853446
0.2631578947,0.0009277508,0.0123231353,0.0013966480,-0.0013927577,0.0000000000,-0.0013947001,-0.3674263375
0.2941176471,-0.0006107751,0.0099996964,-0.0013947001,0.0013947001,0.0014005602,0.0013966480,2.2877440509
0.2708333333,-0.0074384385,0.0022696500,0.0013966480,0.0055710306,0.0027972028,0.0069735007,-0.3846824521
0.3103448276,-0.0062940633,0.0021015278,0.0055788006,0.0013850416,0.0027894003,0.0000000000,-0.3446002195
0.2967032967,-0.0025627618,0.0047290420,0.0013869626,0.0000000000,-0.0027816412,-0.0027700831,2.9376737633
0.3417721519,-0.0035524457,0.0029857069,-0.0013850416,-0.0013831259,0.0041841004,0.0013888889,-0.6094051822
0.5846153846,-0.0016212016,0.0041572719,0.0000000000,0.0013850416,-0.0013888889,-0.0013869626,-0.1427767492
0.6279069767,0.0084324181,0.0137047891,-0.0013869626,-0.0041493776,-0.0097357441,-0.0097222222,1.2150861248
0.4379562044,0.0142476592,0.0198413824,-0.0111111111,-0.0097222222,-0.0056179775,-0.0070126227,0.5429898041
0.4216867470,0.0120557116,0.0183716504,-0.0056179775,-0.0014025245,0.0000000000,0.0000000000,-0.2463931764
0.4074074074,0.0116298425,0.0184492750,0.0000000000,0.0000000000,-0.0028248588,-0.0014124294,-0.4632659771
0.4137931034,0.0127054321,0.0199680030,-0.0014124294,-0.0028089888,-0.0014164306,-0.0028288543,-0.0201313171
0.4242424242,0.0252939265,0.0331434081,-0.0028288543,-0.0056338028,-0.0141843972,-0.0141843972,2.4825967193
0.3916083916,0.0273151584,0.0366546988,-0.0156028369,-0.0127478754,-0.0086330935,-0.0057553957,0.2687435430
0.3684210526,0.0157628779,0.0265118094,-0.0043227666,0.0014347202,0.0000000000,0.0072358900,-0.4655902297
0.4782608696,0.0075473179,0.0186934118,0.0057887120,0.0028653295,0.0072568940,0.0057471264,0.0921962249
0.4545454545,-0.0049854033,0.0058137009,0.0086330935,0.0157142857,0.0072046110,0.0114285714,0.1594886913
0.5294117647,-0.0042184182,0.0053830564,0.0099857347,-0.0042194093,0.0071530758,0.0000000000,-0.5233839725
0.5121951220,-0.0063762775,0.0021533697,0.0000000000,0.0028248588,0.0042613636,0.0028248588,-0.5230173193
0.5256916996,-0.0067941931,0.0005845868,0.0028248588,0.0028169014,0.0014144272,0.0014084507,-0.0588318798
0.4528301887,-0.0071453527,-0.0008639705,0.0000000000,0.0000000000,0.0014124294,0.0014064698,0.0962725180
0.4430379747,-0.0060460676,-0.0007999727,0.0014084507,0.0014044944,0.0014104372,0.0000000000,-0.3248110451
0.4516129032,-0.0065112528,-0.0021422012,0.0014064698,0.0014025245,0.0000000000,0.0014044944,1.4876939161
0.4251207729,-0.0041127653,-0.0005818110,0.0000000000,-0.0014005602,0.0014084507,-0.0014025245,-0.6496117184
0.4251207729,-0.0062714046,-0.0033383254,0.0000000000,0.0014025245,0.0014064698,0.0028089888,1.2924836103
0.3750000000,-0.0080850464,-0.0058757039,0.0042134831,0.0070028011,0.0028089888,0.0028011204,0.0199249820
0.5360824742,-0.0109851102,-0.0095902282,0.0013986014,0.0000000000,0.0014005602,0.0041899441,-0.5867588246
0.7435897436,-0.0051440951,-0.0047271028,0.0041899441,0.0000000000,-0.0013986014,-0.0041724618,0.2329321916
0.5714285714,-0.0057413253,-0.0057655427,-0.0055632823,0.0000000000,0.0000000000,0.0013966480,-0.2082760974
0.5384615385,-0.0006767757,-0.0011592153,0.0027972028,-0.0013908206,0.0000000000,-0.0041841004,1.3780362955
0.4105263158,0.0064754913,0.0059712692,-0.0041841004,-0.0027855153,-0.0070028011,-0.0070028011,-0.2475285214
0.3513513514,0.0012426920,0.0012921737,-0.0070028011,-0.0041899441,0.0000000000,0.0042313117,-0.2428092215
0.3684210526,-0.0031487075,-0.0030043672,0.0056417489,0.0042075736,0.0042313117,0.0042134831,0.0996910008
0.4000000000,-0.0012674623,-0.0013851573,0.0028050491,0.0013966480,0.0028089888,-0.0013986014,-0.0435801465
0.4518072289,0.0031424160,0.0029314446,-0.0013986014,-0.0027894003,-0.0042016807,-0.0042016807,0.0778223946
0.4455445545,0.0040711631,0.0041265742,-0.0042016807,-0.0041958042,-0.0014064698,-0.0014064698,0.0407007746
0.4900000000,0.0048601263,0.0052367284,-0.0014064698,0.0000000000,-0.0014084507,-0.0014084507,0.1428951857
0.4900000000,-0.0029191850,-0.0021879339,-0.0014084507,0.0028089888,0.0000000000,0.0070521862,-0.1702261325
0.5384615385,-0.0010710194,-0.0006261815,0.0070521862,0.0000000000,0.0028208745,-0.0014005602,0.7349840403
0.5714285714,0.0019041431,0.0022315109,-0.0014005602,-0.0014005602,-0.0028129395,-0.0028050491,-0.5583884780
0.5744680851,-0.0025972524,-0.0021441484,-0.0042075736,0.0042075736,0.0014104372,0.0042194093,-0.2320753404
0.5853658537,-0.0007982328,-0.0005855825,0.0056338028,-0.0013966480,0.0000000000,-0.0014005602,1.0578505407
0.6363636364,0.0035470704,0.0036808551,-0.0028011204,-0.0041958042,0.0000000000,-0.0042075736,-0.4436465905
0.6363636364,-0.0012188348,-0.0008137147,-0.0042134831,0.0042134831,-0.0014084507,0.0042253521,-0.0237713309
0.6766169154,0.0031896726,0.0034687290,0.0042313117,-0.0041958042,0.0014104372,-0.0042075736,-0.1102703112
0.6631578947,-0.0001176163,0.0003937755,-0.0028089888,0.0014044944,0.0000000000,0.0028169014,0.2033680016
0.6464088398,0.0041313691,0.0045974614,0.0014084507,-0.0014025245,-0.0014084507,-0.0042134831,0.3537337695
0.6190476190,0.0077599202,0.0085242893,-0.0028129395,-0.0042134831,-0.0056417489,-0.0042313117,-0.0465592404
0.6190476190,0.0023069914,0.0036281516,-0.0056417489,0.0000000000,-0.0028368794,0.0042492918,0.8699289704
0.6009389671,0.0033672562,0.0047765739,0.0056737589,0.0028208745,0.0056899004,-0.0014104372,-0.6450224962
0.6009389671,0.0056901494,0.0072681439,-0.0014104372,-0.0042194093,-0.0028288543,-0.0028248588,-0.1692554270
0.5657142857,0.0119817514,0.0139104316,-0.0028248588,0.0000000000,-0.0056737589,-0.0070821530,5.6356678772
0.5183246073,0.0086994614,0.0114371802,-0.0070821530,-0.0056497175,-0.0014265335,0.0014265335,-0.7918148458
0.4776119403,0.0073610828,0.0105899817,0.0028530670,0.0000000000,0.0000000000,0.0000000000,-0.1491564063
0.4615384615,0.0019467846,0.0055084938,-0.0014224751,0.0028409091,0.0014285714,0.0042735043,0.2002027614
0.4565217391,0.0016472793,0.0051004572,0.0028490028,0.0000000000,0.0028530670,0.0000000000,0.9687311452
0.4585987261,-0.0000245532,0.0032995257,0.0014204545,0.0000000000,0.0014224751,0.0014184397,-0.1380258813
0.4137931034,-0.0042519996,-0.0011891225,0.0014184397,0.0056657224,0.0028409091,0.0042492918,0.3763332859
0.4362416107,0.0006361577,0.0031435738,0.0028328612,-0.0014084507,0.0000000000,-0.0042313117,-0.5570265796
0.4370860927,0.0076747943,0.0100641453,-0.0028248588,-0.0028208745,-0.0070821530,-0.0070821530,11.9335241576
0.4099378882,0.0036306313,0.0064471917,-0.0070821530,-0.0042432815,-0.0057061341,0.0028530670,-0.6008218284
0.4037267081,0.0002264781,0.0031158074,0.0028530670,0.0028409091,0.0071736011,0.0028449502,-0.5695447708
0.3846153846,0.0044659585,0.0071708402,0.0042674253,0.0014164306,-0.0014245014,-0.0042553191,0.5217788721
0.3571428571,0.0095312025,0.0124083756,-0.0070821530,-0.0056577086,-0.0042796006,-0.0056980057,-0.2589469056
0.3333333333,0.0023209043,0.0057257652,-0.0042796006,0.0000000000,-0.0014326648,0.0057306590,-0.4129709312
0.3786982249,-0.0037130068,-0.0003941255,0.0057306590,0.0056899004,0.0057388809,0.0056980057,1.5221992832
0.4198895028,-0.0017277917,0.0010529911,0.0056980057,0.0042432815,0.0057061341,-0.0014164306,-0.2773253636
0.4589371981,-0.0000435997,0.0023968312,0.0000000000,-0.0042253521,-0.0042553191,-0.0014184397,-0.4685540518
0.4848484848,0.0129122705,0.0151976674,-0.0042492918,-0.0056577086,-0.0128205128,-0.0127840909,1.8737715428
0.4179104478,0.0008453109,0.0039600861,-0.0113798009,-0.0014224751,0.0014430014,0.0100719424,-0.3709485076
0.4967741935,-0.0021276780,0.0008154204,0.0100719424,0.0042735043,0.0086455331,0.0028490028,-0.5311376455
0.4851485149,-0.0032162289,-0.0006644918,0.0042735043,0.0042553191,0.0057142857,0.0014204545,-0.2038075620
0.4505119454,-0.0027214245,-0.0006152702,-0.0014184397,-0.0014124294,0.0000000000,0.0000000000,0.3694795351
0.4661016949,-0.0037159127,-0.0019853183,0.0000000000,0.0028288543,0.0000000000,0.0014184397,-0.1657589846
0.4545454545,0.0082810471,0.0096019915,0.0028409091,-0.0028208745,-0.0085227273,-0.0113314448,1.5590324464
0.4222222222,-0.0015754065,0.0002922323,-0.0127478754,-0.0042432815,-0.0014326648,0.0085959885,-0.5376926893
0.4370629371,-0.0041621211,-0.0025630422,0.0100430416,0.0028409091,0.0071736011,0.0028409091,-0.2439538666
0.4153846154,0.0093452122,0.0105086511,0.0028409091,0.0000000000,-0.0085470085,-0.0127478754,0.4240892840
0.3697749196,0.0108079404,0.0126359310,-0.0113314448,-0.0099150142,-0.0014367816,-0.0028694405,2.1639195125
0.3877551020,0.0135200872,0.0160859185,-0.0042979943,-0.0042918455,-0.0100719424,-0.0043165468,0.2441590311
0.3725490196,0.0056271998,0.0090616427,-0.0057553957,0.0057471264,0.0029069767,0.0057803468,3.0677040653
0.3463855422,0.0076570430,0.0112964342,0.0057887120,-0.0028571429,0.0057971014,-0.0028735632,-0.8809601360
0.4063604240,0.0152564698,0.0192718095,-0.0014388489,-0.0057306590,-0.0100864553,-0.0086455331,0.7788517590
0.3478260870,0.0129093206,0.0178442680,-0.0072046110,-0.0057636888,-0.0029112082,0.0000000000,-0.3848979508
0.3589743590,0.0138705695,0.0194860928,-0.0029027576,-0.0028985507,-0.0058394161,-0.0029069767,0.8618775608
0.4155251142,0.0073313963,0.0136099818,-0.0029112082,0.0029069767,0.0014684288,0.0043731778,-0.4068647614
0.4117647059,0.0032911781,0.0096710048,0.0058394161,0.0014492754,0.0087976540,0.0029027576,-0.4220332723
0.4265232975,-0.0029865805,0.0031477009,0.0029027576,0.0072358900,0.0043604651,0.0057887120,1.4850172416
0.4666666667,-0.0025271066,0.0029145379,0.0057887120,0.0043103448,0.0043415340,0.0000000000,3.3760768182
0.4285714286,-0.0021383210,0.0026986462,0.0000000000,-0.0028612303,0.0000000000,0.0000000000,-0.9266487393
0.4482758621,-0.0089392817,-0.0046619589,0.0014388489,0.0057388809,-0.0028818444,0.0071942446,1.7255898367
0.5454545455,-0.0032924036,-0.0000310474,0.0057471264,-0.0014265335,0.0028901734,-0.0042857143,-0.3677172978
0.5294117647,0.0015248439,0.0042938947,-0.0042857143,-0.0028571429,0.0000000000,-0.0043041607,-0.3837766861
0.5294117647,-0.0001504529,0.0025312589,-0.0057388809,-0.0028653295,-0.0014409222,0.0014409222,-0.7028458464
0.4838709677,0.0071181480,0.0096071188,0.0028860029,-0.0014367816,-0.0043290043,-0.0071942446,8.6777890614
0.4411764706,0.0060230483,0.0088954804,-0.0071942446,-0.0043165468,-0.0028985507,0.0000000000,-0.7271400518
0.4800000000,0.0050964255,0.0082365559,0.0000000000,0.0028901734,0.0014534884,0.0000000000,0.2789142608
0.4800000000,-0.0000353125,0.0032644214,0.0014492754,0.0000000000,0.0029027576,0.0043478261,-0.3975336522
0.4500000000,-0.0029074917,0.0001362164,0.0043415340,0.0028818444,0.0028943560,0.0028860029,-0.1662303665
0.4358974359,-0.0053225664,-0.0027436760,0.0014409222,0.0014367816,0.0000000000,0.0028776978,0.1149478648
0.4358974359,-0.0030733993,-0.0011073092,0.0028776978,0.0028694405,0.0043290043,-0.0014347202,0.1875448564
0.4642857143,-0.0068812529,-0.0053127314,0.0000000000,0.0000000000,0.0000000000,0.0043103448,1.5300495020
0.4705882353,0.0027849980,0.0036962224,0.0014347202,-0.0014306152,-0.0071839080,-0.0085836910,-0.0657061948
0.4255319149,0.0038050289,0.0048724606,-0.0071633238,-0.0042979943,-0.0014471780,-0.0014430014,-0.2289368961
0.4099378882,0.0046714772,0.0059652446,-0.0014430014,-0.0014388489,0.0014492754,-0.0014450867,-0.5691020692
0.4370860927,0.0039527884,0.0055233746,-0.0014450867,0.0014409222,-0.0014471780,0.0000000000,3.1167020096
0.4400000000,0.0077197165,0.0094970013,-0.0014471780,-0.0057553957,-0.0028985507,-0.0043415340,-0.5590105805
0.4687500000,0.0050712085,0.0073293782,-0.0028985507,0.0014471780,-0.0029069767,0.0014534884,1.2326145762
0.4782608696,-0.0198916224,-0.0174562722,0.0014534884,0.0202312139,0.0043731778,0.0246734398,2.7936300895
0.6603773585,-0.0126357741,-0.0119647650,0.0246734398,0.0099150142,0.0159651669,-0.0042492918,1.0337594009
0.6511627907,-0.0007418702,-0.0011324364,-0.0056657224,-0.0126227209,-0.0114285714,-0.0099573257,-0.6610372587
0.6140350877,0.0036985506,0.0032759129,-0.0085470085,-0.0085227273,0.0014450867,-0.0043103448,-0.7751882953
0.6478873239,0.0016841112,0.0015879598,-0.0043103448,-0.0057306590,-0.0043290043,0.0014430014,-0.2116706272
0.6376811594,0.0014250171,0.0014703332,0.0014430014,0.0028818444,0.0043478261,0.0000000000,-0.4626547842
0.6160000000,-0.0016712444,-0.0015160557,0.0000000000,0.0028735632,0.0000000000,0.0028818444,2.8340520126
0.6049382716,0.0029087527,0.0029191722,0.0028818444,0.0000000000,-0.0014430014,-0.0043103448,-0.2337737438
0.6363636364,0.0024612523,0.0027029372,-0.0057471264,-0.0028653295,-0.0014450867,0.0000000000,-0.6327134572
0.6116504854,0.0035306943,0.0039514230,0.0014450867,-0.0014367816,0.0000000000,-0.0014430014,0.8696350948
0.6116504854,0.0102872741,0.0109633736,-0.0014430014,-0.0043165468,-0.0072358900,-0.0072254335,-0.0385445273
0.5951417004,0.0087046166,0.0101512719,-0.0057803468,-0.0028901734,-0.0116618076,0.0000000000,4.3541472898
0.5887850467,0.0029855950,0.0050106331,0.0000000000,0.0014492754,0.0117994100,0.0043668122,-0.9196143785
0.6106194690,0.0069041167,0.0090265470,0.0014534884,0.0000000000,-0.0029154519,-0.0043478261,5.6360873323
0.3589743590,0.0087787097,0.0113020246,-0.0029027576,-0.0028943560,0.0000000000,-0.0029112082,-0.2473496786
0.3684210526,0.0089009871,0.0119421254,-0.0029112082,0.0029027576,-0.0029239766,-0.0014598540,1.6405268439
0.4375000000,-0.0026749385,0.0008152620,-0.0014598540,0.0014471780,0.0014662757,0.0102339181,-0.6092248135
0.5652173913,0.0050087231,0.0080490040,0.0116959064,0.0028901734,0.0043923865,-0.0072358900,0.0846134598
0.5833333333,0.0282199569,0.0315113554,-0.0086705202,-0.0115273775,-0.0379008746,-0.0233236152,8.3774148211
0.4705882353,0.0362515782,0.0416143674,-0.0218658892,-0.0204081633,-0.0606060606,-0.0119402985,1.3194102462
0.5056179775,0.0448797258,0.0528454302,-0.0134128167,-0.0148809524,0.0500000000,-0.0135951662,-0.9518513881
0.4736842105,0.0254126697,0.0362358743,-0.0151057402,0.0000000000,-0.0030721966,0.0122511485,0.5954810253
0.5192307692,0.0184215711,0.0304339323,0.0138036810,0.0060422961,0.0184899846,0.0030257186,-0.1142123985
0.4494382022,0.0140579840,0.0266311037,0.0030257186,0.0015015015,-0.0075642965,0.0015082956,-0.3622609077
0.4005449591,0.0058359644,0.0185227502,0.0015082956,0.0029985007,0.0091463415,0.0060240964,1.0161774499
0.3986332574,0.0140463243,0.0263695831,0.0045180723,0.0000000000,-0.0015105740,-0.0089820359,0.8837187966
0.4131455399,0.0012976122,0.0136974257,-0.0089955022,0.0044843049,-0.0060514372,0.0105740181,-0.4662546722
0.4185567010,0.0101576898,0.0218473518,0.0121028744,-0.0044642857,0.0060882801,-0.0089686099,-0.3198549636
0.3988212181,0.0147169408,0.0264216184,-0.0104633782,-0.0104633782,-0.0030257186,-0.0060331825,-0.7339202666
0.3851992410,0.0155348441,0.0275830747,-0.0045317221,-0.0045317221,-0.0030349014,-0.0030349014,-0.5264086726
0.3859649123,0.0162384402,0.0286713035,-0.0030349014,0.0045523520,-0.0076103501,-0.0030441400,77.3028632267
0.3990929705,0.0075870155,0.0203165624,-0.0015220700,-0.0030211480,0.0015337423,0.0061068702,-0.8966190725
0.4504950495,0.0094834651,0.0219130371,0.0045731707,0.0030303030,0.0045941807,-0.0030349014,-0.8102240113
0.4945652174,0.0080244705,0.0202898492,-0.0030349014,-0.0075528701,-0.0030487805,0.0000000000,0.2296592214
0.5416666667,0.0083246773,0.0203399262,0.0015220700,0.0015220700,-0.0015290520,-0.0015220700,0.1711144480
0.5228215768,-0.0020833289,0.0095991267,-0.0030395137,0.0091185410,0.0045941807,0.0091463415,-0.1707458767
0.5724907063,-0.0032684535,0.0073663788,0.0076219512,0.0075301205,0.0060975610,0.0015105740,0.9493647273
0.5724907063,0.0032874015,0.0129319242,0.0030257186,-0.0059790732,-0.0030303030,-0.0060331825,0.4890793293
0.5714285714,-0.0002524877,0.0089120554,-0.0060331825,-0.0045112782,0.0000000000,0.0030349014,-0.9554357248
0.5714285714,0.0058733359,0.0143904231,0.0030349014,-0.0015105740,-0.0015197568,-0.0060514372,1.5704672178
0.5098039216,0.0049697458,0.0133244658,-0.0060514372,-0.0030257186,-0.0030441400,0.0000000000,2.1496372204
0.5449101796,0.0011575058,0.0092651240,0.0000000000,0.0060698027,0.0015267176,0.0030441400,0.1139860278
0.5454545455,0.0040265496,0.0116490736,0.0015220700,-0.0060331825,0.0000000000,-0.0030349014,-0.7300412517
0.5454545455,-0.0116365040,-0.0043680363,0.0000000000,0.0121396055,0.0000000000,0.0152207002,9.2890705204
0.6157635468,-0.0142797968,-0.0085039804,0.0136778116,0.0179910045,0.0167682927,0.0044977511,-0.4068357504
0.6060606061,0.0246198973,0.0289851123,0.0029985007,-0.0132547865,-0.0374812594,-0.0358208955,16.4794846690
0.3636363636,0.0161134278,0.0220915119,-0.0343796712,-0.0283582090,-0.0046728972,0.0046439628,-0.7061455803
0.3552631579,0.0012918582,0.0080294707,0.0061919505,0.0168970814,0.0156494523,0.0123266564,-0.6072273981
0.3398058252,-0.0049649413,0.0013382673,0.0107692308,-0.0015105740,0.0015408320,0.0060882801,-0.1220734713
0.3267326733,-0.0011789527,0.0042777984,0.0045662100,0.0000000000,0.0076923077,-0.0030257186,-0.1546034007
0.3883495146,0.0097279108,0.0147396460,-0.0015151515,-0.0015128593,-0.0045801527,-0.0106221548,-0.7099060952
0.3695150115,0.0066873102,0.0120955267,-0.0091047041,-0.0045454545,-0.0015337423,0.0015337423,0.7740916899
0.3621495327,0.0087480738,0.0143061656,0.0000000000,-0.0045662100,-0.0030721966,-0.0030627871,-0.4310952778
0.3743961353,-0.0002761542,0.0055235346,-0.0015313936,0.0061162080,0.0015408320,0.0076804916,-0.1513953042
0.3781512605,-0.0002336690,0.0051143839,0.0061349693,0.0000000000,0.0046153846,0.0000000000,0.4315699777
0.3962703963,-0.0017194890,0.0032062628,0.0000000000,0.0030395137,0.0030627871,0.0015243902,-0.6681972603
0.3333333333,-0.0104915590,-0.0061078785,0.0015243902,0.0045454545,0.0030534351,0.0091324201,0.0481188143
0.3069306931,0.0016985296,0.0049549409,0.0091324201,0.0000000000,-0.0045662100,-0.0105580694,1.5517546515
0.3225806452,0.0044997165,0.0076600425,-0.0105580694,-0.0090497738,-0.0107033639,-0.0030487805,1.7478006936
0.5000000000,0.0084332932,0.0117336118,-0.0030487805,-0.0030441400,0.0030911901,-0.0045871560,0.3000574552
0.5208333333,0.0040512207,0.0077683928,-0.0045871560,-0.0015267176,0.0030816641,0.0030721966,-0.1326074045
0.4523809524,0.0003640538,0.0041175579,0.0015360983,0.0061162080,0.0015360983,0.0030627871,-0.6575985958
0.4250000000,-0.0012168143,0.0022823516,0.0030674847,0.0030395137,0.0015337423,0.0015267176,2.0259848615
0.3797468354,-0.0055772770,-0.0024486840,0.0030581040,0.0000000000,0.0030627871,0.0045731707,-0.6253762781
0.4285714286,-0.0032066496,-0.0007509889,0.0045731707,0.0015151515,0.0045801527,-0.0015174507,-0.0903614001
0.4878048780,-0.0102343346,-0.0082315942,0.0000000000,0.0121028744,0.0000000000,0.0075987842,2.4721522472
0.4901960784,-0.0086598216,-0.0076218465,0.0060698027,0.0000000000,0.0060790274,0.0000000000,-0.6015055657
0.4678362573,-0.0043239938,-0.0040528999,0.0000000000,-0.0044843049,-0.0015105740,-0.0030165913,-0.4766134842
0.4878048780,-0.0006349666,-0.0007291728,-0.0030165913,-0.0075075075,-0.0030257186,-0.0030257186,-0.0298386261
0.5277777778,-0.0035613724,-0.0036988358,-0.0030257186,0.0030257186,-0.0015174507,0.0030349014,-0.2898078396
0.4687500000,-0.0075179262,-0.0079274465,0.0030349014,0.0045248869,-0.0015197568,0.0045385779,2.6627045823
0.5625000000,-0.0078555156,-0.0088329497,0.0060514372,0.0060060060,0.0045662100,0.0015060241,0.6585270115
0.5428571429,-0.0184550345,-0.0199685096,-0.0015037594,0.0059701493,0.0060606061,0.0120300752,0.2325659796
0.6428571429,-0.0199843674,-0.0228451772,0.0135542169,0.0059347181,0.0075301205,0.0044576523,-0.5724924784
0.6511627907,-0.0212533993,-0.0254777448,0.0044576523,0.0044247788,0.0029895366,0.0044378698,0.9006951444
0.6590909091,-0.0136255848,-0.0192573262,0.0044378698,-0.0014684288,0.0044709389,-0.0044182622,-0.4562440922
0.6363636364,-0.0100649400,-0.0163757922,-0.0044182622,-0.0029411765,0.0000000000,-0.0014792899,-0.5108167246
0.6648936170,-0.0114455380,-0.0180721863,-0.0014792899,-0.0014749263,-0.0029673591,0.0029629630,0.8223359693
0.6279069767,-0.0140537241,-0.0210714462,0.0029629630,0.0103397341,0.0000000000,0.0044313146,1.1124634017
0.6097560976,-0.0104363721,-0.0180665786,0.0044313146,-0.0029239766,0.0014880952,-0.0014705882,0.4570012867
0.6345177665,-0.0044320964,-0.0123646818,0.0000000000,-0.0029325513,0.0044576523,-0.0044182622,-0.7891404723
0.6097560976,-0.0066890253,-0.0143648597,-0.0073529412,-0.0014705882,-0.0029585799,0.0029585799,-0.1658026789
0.6000000000,-0.0071243628,-0.0147539613,0.0044444444,0.0014727541,0.0029673591,0.0014749263,-0.1947992796
0.5909090909,-0.0089474603,-0.0165578122,0.0014749263,0.0014705882,0.0029585799,0.0029455081,-0.6285898194
0.5813953488,-0.0046477201,-0.0124309580,0.0029455081,0.0000000000,-0.0014749263,-0.0029368576,-0.6697185071
0.6000000000,-0.0097661697,-0.0172992523,-0.0044052863,0.0029368576,0.0014771049,0.0058910162,5.2240419781
0.5555555556,-0.0068095233,-0.0145750371,0.0058997050,0.0000000000,0.0044247788,-0.0014641288,-0.8436076267
0.5698324022,-0.0144325854,-0.0220986425,0.0014662757,0.0102489019,0.0029368576,0.0087976540,8.4459569834
0.6091370558,-0.0150753407,-0.0233009474,0.0073206442,0.0043478261,0.0058565154,0.0029069767,1.3459691598
0.6321839080,-0.0156093637,-0.0244027694,0.0014534884,0.0000000000,0.0014556041,0.0028985507,-0.6769467795
0.6037735849,-0.0089112958,-0.0183394028,0.0029027576,0.0000000000,0.0000000000,-0.0043352601,1.4945920044
0.5789473684,-0.0017449423,-0.0112406712,-0.0028943560,-0.0057720058,-0.0058139535,-0.0058055152,-0.8292003208
0.5377358491,-0.0014764896,-0.0104080289,-0.0043541364,-0.0029027576,0.0014619883,0.0000000000,1.4391881036
0.5107526882,-0.0056043548,-0.0139555068,-0.0014577259,0.0014556041,0.0000000000,0.0043795620,0.4745894201
0.5238095238,-0.0003833528,-0.0085987952,0.0029197080,-0.0014534884,-0.0014598540,-0.0043604651,0.2180194757
0.5235602094,-0.0003243755,-0.0079618474,-0.0029112082,0.0000000000,0.0014619883,0.0000000000,-0.8169545534
0.5491329480,-0.0002744716,-0.0073720809,0.0014598540,-0.0014556041,-0.0014598540,0.0000000000,0.4761915363
0.5666666667,-0.0016896326,-0.0082737764,-0.0014577259,0.0000000000,0.0000000000,0.0014598540,2.9736096031
0.5217391304,-0.0014296891,-0.0076609040,0.0000000000,0.0014577259,0.0014619883,0.0000000000,0.0997882337
0.5045045045,-0.0012097369,-0.0070934297,0.0014598540,0.0014556041,0.0014598540,0.0000000000,-0.6432820782
0.4565217391,-0.0010236236,-0.0065679904,0.0000000000,0.0000000000,-0.0014577259,0.0000000000,-0.6359916420
0.3750000000,-0.0008661430,-0.0060814726,0.0014577259,0.0000000000,0.0000000000,0.0000000000,-0.1525419225
0.3750000000,0.0021889434,-0.0027234815,-0.0014556041,-0.0029069767,-0.0029197080,-0.0029154519,4.2199818119
0.4000000000,0.0003896250,-0.0039779147,-0.0029154519,-0.0014577259,0.0000000000,0.0014619883,-0.4329568665
0.3571428571,0.0047299599,0.0006993706,0.0014619883,0.0000000000,-0.0029282577,-0.0043795620,0.1016739061
0.3846153846,0.0054765796,0.0021169451,-0.0043795620,-0.0029197080,0.0000000000,-0.0014662757,-0.0137901853
0.4255319149,0.0031609584,0.0004909846,0.0000000000,0.0014641288,0.0000000000,0.0014684288,-0.7289986641
0.3076923077,0.0026746571,0.0004546153,0.0000000000,-0.0029239766,0.0000000000,0.0000000000,1.7648244099
0.3333333333,0.0022631714,0.0004209401,-0.0014662757,0.0000000000,0.0000000000,0.0000000000,-0.8678032275
0.3333333333,0.0019149912,0.0003897594,0.0029368576,0.0029325513,0.0014684288,0.0000000000,14.4204567828
0.3333333333,-0.0013083374,-0.0025641435,0.0000000000,0.0000000000,0.0014662757,0.0029325513,-0.5208725685
0.4000000000,-0.0011070547,-0.0023742070,0.0029282577,0.0014619883,0.0000000000,0.0000000000,-0.4276025636
0.4000000000,-0.0038494595,-0.0051073825,-0.0029197080,0.0014598540,0.0000000000,0.0029239766,13.9229032333
0.4285714286,-0.0018021360,-0.0032761076,0.0043923865,0.0000000000,0.0000000000,-0.0014577259,-0.9670833119
0.4615384615,-0.0015248843,-0.0030334330,-0.0014577259,0.0000000000,0.0014641288,0.0000000000,-0.1685622216
0.4615384615,-0.0056451256,-0.0071569520,0.0000000000,0.0029154519,0.0014619883,0.0043795620,7.7029923055
0.5192307692,-0.0033279936,-0.0051808493,0.0043795620,0.0000000000,0.0014598540,-0.0014534884,0.0275387376
0.5714285714,0.0000954916,-0.0018913807,-0.0014534884,0.0000000000,-0.0014577259,-0.0029112082,0.1413966947
0.6153846154,0.0000808006,-0.0017512785,-0.0014556041,0.0000000000,-0.0029197080,0.0000000000,0.4763127918
0.6000000000,0.0000683697,-0.0016215541,-0.0014577259,-0.0043604651,-0.0043923865,0.0000000000,0.4587947833
0.6363636364,0.0029862784,0.0014224221,-0.0014598540,0.0000000000,0.0029411765,-0.0029197080,-0.7251725515
0.6086956522,-0.0004002347,-0.0016064960,0.0000000000,0.0029197080,0.0014662757,0.0029282577,2.1914034492
0.6000000000,0.0011228330,-0.0000276827,0.0000000000,0.0014556041,-0.0014641288,-0.0014598540,0.1741950360
0.6164383562,-0.0048693878,-0.0058394366,0.0014619883,0.0029069767,0.0029325513,0.0058479532,-0.4601386700
0.6626506024,-0.0012168117,-0.0025071973,0.0029197080,0.0000000000,0.0029239766,-0.0029069767,-0.6990495910
0.6470588235,-0.0039335936,-0.0052217073,-0.0014556041,-0.0028985507,0.0000000000,0.0029154519,0.0936560573
0.6470588235,-0.0047749734,-0.0062792757,0.0029154519,0.0029069767,0.0000000000,0.0014534884,-0.2386012638
0.6000000000,-0.0025927463,-0.0043691065,0.0014534884,0.0014492754,0.0014577259,-0.0014513788,1.0953701291
0.6153846154,-0.0021938623,-0.0040454690,-0.0014513788,-0.0014471780,-0.0058224163,0.0000000000,1.7471159226
0.6000000000,0.0025150871,0.0006173524,0.0000000000,-0.0014492754,0.0014641288,-0.0043604651,-0.7717018828
0.5510204082,0.0021281506,0.0005716226,-0.0043604651,-0.0029027576,-0.0014619883,0.0000000000,0.5683456294
0.5555555556,0.0018007428,0.0005292802,0.0014598540,0.0000000000,0.0014641288,0.0000000000,-0.0766376236
0.5555555556,0.0029879214,0.0019527790,0.0000000000,0.0000000000,-0.0014619883,-0.0014598540,7.8374548975
0.5744680851,0.0069446652,0.0062213804,-0.0043731778,-0.0058224163,-0.0058565154,-0.0043859649,-0.8605114076
0.5510204082,0.0014645172,0.0013493070,-0.0014641288,0.0014641288,0.0029455081,0.0044052863,0.1641111472
0.5769230769,0.0041753922,0.0041855734,0.0029325513,0.0000000000,-0.0029368576,-0.0029239766,2.2690861021
0.5555555556,0.0035330242,0.0038755310,-0.0029239766,-0.0014619883,0.0014727541,0.0000000000,-0.5927509286
0.5000000000,-0.0014031727,-0.0008068233,0.0000000000,0.0029282577,0.0029411765,0.0043988270,0.2050967085
0.5294117647,0.0002729525,0.0007138375,0.0043988270,0.0014598540,0.0014662757,-0.0014598540,-0.3203824118
0.5600000000,0.0016954268,0.0021260572,-0.0014598540,0.0000000000,-0.0014641288,-0.0014619883,1.3327250684
0.6363636364,0.0043756627,0.0049112105,0.0000000000,-0.0029154519,-0.0014662757,-0.0029282577,-0.6798043281
0.6176470588,0.0051785169,0.0060246927,-0.0043859649,-0.0029239766,-0.0029368576,-0.0014684288,1.9907130068
0.6315789474,0.0043818220,0.0055784192,-0.0014684288,0.0000000000,-0.0014727541,0.0000000000,-0.0882626113
0.6562500000,0.0096467943,0.0111129260,0.0000000000,-0.0029325513,-0.0044247788,-0.0058823529,0.5774118918
0.6153846154,0.0051887409,0.0073095406,-0.0044117647,0.0014705882,-0.0014814815,0.0029585799,-0.3721911424
0.5871559633,0.0103512474,0.0127429780,0.0014771049,-0.0044052863,0.0000000000,-0.0058997050,-0.5436081909
0.5423728814,0.0042886204,0.0073154537,-0.0044247788,0.0058997050,-0.0014836795,0.0044510386,5.5312695180
0.5620437956,0.0051134907,0.0082628783,0.0029629630,-0.0014662757,0.0000000000,-0.0014771049,-0.6811287493
0.5714285714,0.0058146914,0.0091436292,-0.0014771049,-0.0029368576,0.0029717682,-0.0014792899,-0.0522309728
0.5871559633,0.0109107054,0.0144780451,-0.0029585799,-0.0058910162,-0.0074074074,-0.0059259259,-0.1078937503
0.5581395349,0.0107384520,0.0149181430,-0.0044510386,-0.0029629630,-0.0014925373,-0.0014903130,-0.3653109928
0.5555555556,0.0121075992,0.0168484639,-0.0014903130,-0.0029717682,-0.0089686099,-0.0029850746,2.4757722096
0.5434782609,0.0072292352,0.0125687865,-0.0029850746,-0.0014903130,0.0060331825,0.0029940120,-0.9259331107
0.5121951220,0.0061170452,0.0116377653,0.0014970060,0.0029850746,0.0014992504,0.0000000000,6.5083645973
0.5090909091,0.0081854702,0.0138019832,0.0014947683,0.0000000000,-0.0014970060,-0.0029850746,-0.6357585509
0.4955752212,0.0099499694,0.0158209943,-0.0029850746,0.0148809524,-0.0089955022,-0.0029940120,22.8069556365
0.5000000000,0.0069073320,0.0131278558,-0.0014970060,-0.0205278592,0.0090771558,0.0015015015,-0.9633122645
