0.4123711340,-0.0046275224,0.0160256410,-0.0079491256,-0.0234741784,-0.0079491256,-0.0157728707,-0.9817000260
0.3885350318,0.0057551265,0.0246913580,-0.0080128205,-0.0048076923,-0.0096153846,-0.0096153846,579.9829545455
0.4206896552,-0.0047924864,0.0130271535,0.0032310178,0.0048309179,0.0032362460,0.0097087379,-0.6093904335
0.4042553191,-0.0040551808,0.0120621791,0.0048309179,0.0000000000,0.0064516129,0.0000000000,-0.8841916827
0.4280155642,-0.0066152324,0.0079381135,0.0080128205,0.0080128205,0.0032051282,0.0032051282,-0.9219543833
0.4927953890,-0.0055975043,0.0073501051,0.0031796502,0.0047694754,0.0000000000,0.0000000000,36.4349030471
0.4379562044,0.0032770451,0.0149119786,-0.0158478605,-0.0174050633,-0.0079872204,-0.0079872204,-0.9894923783
0.4087591241,0.0027728843,0.0138073876,0.0000000000,0.0000000000,0.0000000000,0.0000000000,-1.0000000000
0.4052863436,0.0007347975,0.0111563470,0.0016103060,0.0016103060,0.0016103060,0.0016103060,-1.0000000000
0.3478260870,-0.0089383287,0.0006771170,0.0032154341,0.0096463023,0.0032154341,0.0096463023,-0.6069315300
0.3478260870,-0.0154023544,-0.0072768862,0.0144230769,0.0095541401,0.0144230769,0.0079617834,0.0139784946
0.3622047244,-0.0130327614,-0.0067378576,0.0000000000,-0.0015772871,0.0000000000,0.0000000000,-1.0000000000
0.3538461538,-0.0110277212,-0.0062387571,0.0078988942,0.0110584518,-0.0015797788,0.0000000000,-1.0000000000
0.3636363636,-0.0077636347,-0.0042034887,-0.0047021944,-0.0046875000,0.0000000000,-0.0015797788,0.4207099536
0.5000000000,-0.0034154809,-0.0007298719,-0.0078740157,-0.0109890110,-0.0031645570,-0.0031645570,-0.6861071003
0.6000000000,-0.0028900223,-0.0006758073,0.0000000000,0.0000000000,0.0000000000,0.0000000000,-0.8878000000
0.5675675676,-0.0024454035,-0.0006257475,0.0000000000,0.0000000000,0.0000000000,0.0000000000,-1.0000000000
0.5675675676,0.0011089360,0.0026034723,-0.0031746032,-0.0031746032,-0.0031746032,-0.0031746032,-1.0000000000
0.6153846154,-0.0038204888,-0.0023551966,-0.0015923567,0.0047770701,-0.0031847134,0.0047770701,50.1720183486
0.6000000000,-0.0032327213,-0.0021807376,0.0063795853,0.0000000000,0.0079872204,0.0000000000,-1.0000000000
0.6923076923,0.0084518838,0.0091760959,-0.0063391442,-0.0063391442,-0.0110935024,-0.0110935024,-1.0000000000
0.5555555556,0.0103900235,0.0117391388,-0.0095693780,-0.0047846890,-0.0048076923,-0.0032051282,311.0743639922
0.6250000000,0.0120457247,0.0141304425,0.0000000000,-0.0048076923,-0.0016103060,-0.0032154341,-0.9982002885
0.6000000000,0.0053280457,0.0082053302,0.0032206119,0.0032206119,0.0048387097,0.0048387097,0.0452961672
0.5294117647,0.0045083464,0.0075975280,0.0000000000,0.0000000000,0.0000000000,0.0000000000,-1.0000000000
0.5294117647,0.0038147546,0.0070347481,0.0000000000,0.0000000000,0.0000000000,0.0000000000,-1.0000000000
0.5294117647,-0.0063418719,-0.0030874285,0.0080256822,0.0096308186,0.0080256822,0.0096308186,-1.0000000000
0.5714285714,-0.0100875623,-0.0075919956,0.0063694268,0.0047694754,0.0063694268,0.0047694754,-0.7454981993
0.5357142857,-0.0085356296,-0.0070296256,0.0000000000,0.0000000000,0.0000000000,0.0000000000,70.6886792453
0.5357142857,-0.0024874278,-0.0017704813,-0.0047468354,-0.0047468354,-0.0047468354,-0.0047468354,0.0352020003
0.5395683453,-0.0021047466,-0.0016393345,0.0000000000,0.0000000000,0.0000000000,0.0000000000,-1.0000000000
0.5172413793,-0.0049448667,-0.0046826634,0.0031796502,0.0031796502,0.0031796502,0.0031796502,-1.0000000000
0.5000000000,-0.0073304557,-0.0074816579,0.0047543582,0.0063391442,0.0031695721,0.0031695721,40.7028301887
0.4776119403,-0.0108904164,-0.0116117654,0.0063091483,0.0141732283,0.0047393365,0.0047393365,-0.4350186630
0.5757575758,-0.0076546764,-0.0091937632,-0.0031347962,-0.0124223602,-0.0015723270,-0.0015723270,2.1433433433
0.6129032258,-0.0033379407,-0.0053800825,-0.0062893082,-0.0047169811,-0.0047244094,-0.0031496063,-0.8776511050
0.6129032258,0.0003362085,-0.0018277752,0.0015822785,0.0000000000,-0.0015822785,-0.0031595577,7.3643935450
0.6153846154,0.0002844841,-0.0016923845,-0.0031595577,-0.0031595577,0.0000000000,0.0000000000,-0.9871172517
0.6153846154,0.0002407174,-0.0015670226,0.0015847861,0.0015847861,0.0000000000,0.0000000000,6.7004830918
0.6153846154,0.0081925312,0.0065246845,-0.0063291139,-0.0047468354,-0.0079239303,-0.0079239303,13.3594730238
0.4901960784,0.0085432332,0.0076510408,-0.0047770701,-0.0063593005,-0.0015974441,-0.0015974441,-0.9910000437
0.5000000000,0.0088430385,0.0086982141,-0.0016000000,-0.0016000000,-0.0016000000,-0.0016000000,0.0291262136
0.5212765957,0.0306051219,0.0311895653,-0.0096153846,-0.0096153846,-0.0320512821,-0.0224358974,227.6603773585
0.3858267717,0.0242175963,0.0271953004,-0.0113268608,-0.0113268608,0.0033112583,0.0016393443,-0.3578265533
0.3500000000,0.0323187042,0.0370620685,-0.0016366612,-0.0016366612,-0.0033003300,-0.0114566285,-0.4346610986
0.3265306122,0.0155766676,0.0224669476,-0.0049180328,0.0016393443,0.0033112583,0.0115894040,3.1831922268
0.4705882353,0.0115247339,0.0191347510,0.0115321252,0.0065466448,0.0099009901,0.0016366612,-0.8734175496
0.4210526316,0.0097516979,0.0177173620,-0.0032573290,-0.0048780488,0.0000000000,0.0000000000,-1.0000000000
0.3962264151,0.0082514367,0.0164049648,0.0000000000,0.0081699346,-0.0065359477,0.0000000000,-1.0000000000
0.3750000000,0.0086300732,0.0168513040,0.0000000000,-0.0081037277,0.0049342105,-0.0016339869,-0.7212623188
0.3829787234,0.0106104234,0.0189383731,-0.0016339869,-0.0016339869,-0.0032733224,-0.0032733224,-0.9679895048
0.4038461538,0.0040320797,0.0125476113,0.0016366612,0.0016366612,0.0049261084,0.0049261084,0.1393442623
0.4038461538,0.0167019818,0.0250170747,-0.0032679739,-0.0032679739,-0.0130718954,-0.0130718954,0.5611510791
0.3818181818,0.0008758128,0.0097892658,0.0032786885,0.0032786885,0.0132450331,0.0132450331,57.4942396313
0.4210526316,0.0007410724,0.0090641350,0.0000000000,0.0000000000,0.0000000000,0.0000000000,-1.0000000000
0.3846153846,-0.0058705171,0.0018447129,0.0065359477,0.0065359477,0.0065359477,0.0065359477,-1.0000000000
0.4705882353,-0.0081875309,-0.0015337062,0.0048701299,0.0048701299,0.0032467532,0.0032467532,-0.2810559006
0.4807692308,-0.0101313692,-0.0046413238,0.0016155089,0.0016155089,0.0032362460,0.0032362460,-0.0539956803
0.5126582278,-0.0085726970,-0.0042975220,0.0000000000,0.0000000000,0.0000000000,0.0000000000,-1.0000000000
0.4761904762,-0.0104459304,-0.0071818263,0.0032258065,0.0032258065,0.0032258065,0.0032258065,-1.0000000000
0.4883720930,-0.0008067642,0.0014000000,-0.0080385852,-0.0080385852,-0.0080385852,-0.0080385852,-0.5652173913
0.4666666667,-0.0022996650,-0.0003239242,0.0032414911,0.0032414911,0.0016207455,0.0016207455,8.9024691358
0.4400000000,-0.0067673879,-0.0051293988,-0.0032310178,0.0048465267,-0.0032362460,0.0048543689,-0.9331130782
0.3846153846,-0.0025137352,-0.0015337711,0.0048622366,-0.0032154341,0.0048701299,-0.0032206119,-0.7753960857
0.3846153846,-0.0117065874,-0.0110065249,0.0080645161,0.0112903226,0.0080775444,0.0096930533,80.4481327801
0.4117647059,-0.0162018819,-0.0164857182,0.0064000000,0.0031897927,0.0080128205,0.0064000000,-0.1983290030
0.5039370079,-0.0137092847,-0.0152645538,0.0000000000,0.0000000000,-0.0095389507,0.0000000000,4.3296263345
0.4615384615,-0.0004766932,-0.0030388894,-0.0095389507,-0.0079491256,-0.0032102729,-0.0111287758,-0.9708824687
0.3913043478,-0.0162197584,-0.0185920494,0.0064205457,0.0128205128,0.0080515298,0.0160771704,5.2145782146
0.4455445545,-0.0010798521,-0.0046150511,0.0000000000,-0.0079113924,-0.0031948882,-0.0126582278,0.9605297839
0.4210526316,0.0022987751,-0.0010715015,-0.0063795853,-0.0063795853,-0.0032051282,-0.0032051282,4.9194703055
0.4744525547,0.0068010711,0.0038495872,-0.0032102729,-0.0032102729,-0.0048231511,-0.0048231511,-0.9686240220
0.4905660377,0.0009038453,-0.0012759103,0.0016103060,0.0016103060,0.0048465267,0.0048465267,3.6543612016
0.5000000000,0.0056150254,0.0036594025,0.0032154341,0.0032154341,-0.0096463023,-0.0048231511,0.3984836703
0.5192307692,-0.0032997155,-0.0046516349,0.0032051282,0.0032051282,0.0129870130,0.0080775444,-0.9813450471
0.5535714286,-0.0059780348,-0.0074881970,-0.0031948882,0.0127795527,0.0000000000,0.0032051282,85.2831594635
0.5454545455,-0.0050583371,-0.0069335157,0.0032051282,-0.0126182965,0.0032051282,0.0000000000,-1.0000000000
0.5208333333,-0.0058682014,-0.0080045792,0.0015974441,0.0015974441,0.0015974441,0.0015974441,-1.0000000000
0.4752851711,-0.0001815810,-0.0026395880,-0.0047846890,-0.0047846890,-0.0047846890,-0.0047846890,0.3211633663
0.4921875000,-0.0001536454,-0.0024440630,0.0000000000,0.0000000000,0.0000000000,0.0000000000,-1.0000000000
0.4921875000,-0.0064986064,-0.0086180339,0.0032051282,0.0064102564,0.0032051282,0.0064102564,-1.0000000000
0.5230125523,-0.0054988208,-0.0079796610,0.0031948882,0.0000000000,0.0031948882,0.0000000000,-1.0000000000
0.4411764706,-0.0109525139,-0.0136709258,0.0063694268,0.0063694268,0.0063694268,0.0063694268,-1.0000000000
0.5352112676,-0.0061223292,-0.0095238464,-0.0031645570,-0.0031645570,-0.0031645570,-0.0031645570,-0.8978028388
0.5352112676,-0.0020122172,-0.0056617469,-0.0047619048,-0.0031746032,-0.0047619048,-0.0031746032,-0.1712328767
0.5588235294,0.0063093719,0.0027412504,-0.0063795853,-0.0079617834,-0.0063795853,-0.0079617834,10.8273645546
0.5161290323,0.0053386993,0.0025381948,0.0000000000,0.0000000000,0.0000000000,0.0000000000,-1.0000000000
0.5161290323,0.0045173610,0.0023501804,0.0000000000,0.0000000000,0.0000000000,0.0000000000,-1.0000000000
0.4782608696,0.0086795874,0.0070253321,-0.0048154093,-0.0048154093,-0.0048154093,-0.0048154093,5.0181058496
0.5000000000,0.0073442663,0.0065049372,0.0000000000,0.0000000000,0.0000000000,0.0000000000,-1.0000000000
0.5000000000,0.0177045923,0.0175111187,-0.0048387097,-0.0048387097,-0.0129032258,-0.0112903226,-1.0000000000
0.5217391304,0.0166392743,0.0178744792,-0.0097244733,-0.0081037277,-0.0016339869,-0.0016313214,-0.9181076355
0.5454545455,0.0190748509,0.0215580814,0.0000000000,-0.0016339869,-0.0032733224,-0.0049019608,14.8706998814
0.5490196078,0.0128141037,0.0166225246,0.0000000000,0.0000000000,0.0032840722,0.0032840722,-0.5143882203
0.4772727273,0.0075446845,0.0120783677,0.0032733224,0.0032733224,0.0032733224,0.0032733224,-0.9644451285
0.4480000000,0.0063839638,0.0111836738,0.0000000000,0.0000000000,0.0000000000,0.0000000000,-1.0000000000
0.3783783784,0.0120054400,0.0169914128,-0.0065252855,-0.0065252855,-0.0065252855,-0.0065252855,-1.0000000000
0.3589743590,0.0101584492,0.0157327896,0.0049261084,0.0065681445,0.0000000000,0.0000000000,3.8952496955
0.3428571429,0.0085956109,0.0145673978,-0.0049019608,-0.0065252855,0.0000000000,0.0000000000,-1.0000000000
0.3571428571,0.0072732092,0.0134883313,0.0000000000,0.0000000000,0.0000000000,0.0000000000,-1.0000000000
0.3571428571,0.0045048207,0.0108293773,0.0016420361,0.0032840722,0.0016420361,0.0016420361,-1.0000000000
0.3164556962,0.0054600666,0.0116857024,-0.0016393443,-0.0032733224,-0.0016393443,-0.0016393443,-0.9858830657
0.3424657534,0.0079301718,0.0141506387,-0.0016420361,-0.0016420361,-0.0032840722,-0.0032840722,17.8369098712
0.3571428571,0.0067101454,0.0131024433,-0.0016447368,-0.0016447368,0.0000000000,0.0000000000,-1.0000000000
0.4310344828,0.0090023701,0.0154777825,0.0000000000,0.0000000000,-0.0032948929,-0.0032948929,-1.0000000000
0.4098360656,0.0076173901,0.0143312801,-0.0032948929,-0.0032948929,0.0000000000,0.0000000000,-1.0000000000
0.4255319149,0.0064454839,0.0132697038,0.0000000000,0.0000000000,0.0000000000,0.0000000000,-1.0000000000
0.4000000000,-0.0027875542,0.0039893303,0.0082644628,0.0082644628,0.0082644628,0.0082644628,-1.0000000000
0.5714285714,-0.0023586997,0.0036938243,0.0000000000,0.0000000000,0.0000000000,0.0000000000,-1.0000000000
0.5714285714,-0.0068800194,-0.0014904948,0.0032786885,0.0049180328,0.0032786885,0.0049180328,-1.0000000000
0.6428571429,-0.0106633330,-0.0062434964,0.0016339869,0.0048939641,0.0016339869,0.0048939641,0.2201052895
0.6428571429,-0.0090228203,-0.0057810152,0.0048939641,0.0000000000,0.0048939641,0.0000000000,-1.0000000000
0.6428571429,-0.0172073498,-0.0149474595,0.0032467532,0.0097402597,0.0032467532,0.0097402597,-1.0000000000
0.6835443038,-0.0129732054,-0.0122522213,0.0064724919,0.0000000000,0.0032362460,-0.0016077170,-0.7166077739
0.7391304348,-0.0109773276,-0.0113446494,-0.0016077170,-0.0016077170,0.0016129032,0.0000000000,-1.0000000000
0.7183098592,-0.0203314705,-0.0215337156,0.0209339775,0.0209339775,0.0112721417,0.0112721417,-1.0000000000
0.7619047619,-0.0109035747,-0.0136561808,-0.0173501577,-0.0157728707,-0.0079617834,-0.0063694268,-0.4198275862
0.6728971963,-0.0217675434,-0.0251427813,-0.0016051364,0.0128205128,-0.0016051364,0.0128205128,4.5973254086
0.6808510638,-0.0291715375,-0.0339799423,0.0080385852,0.0110759494,0.0080385852,0.0110759494,2.3376692328
0.6902654867,-0.0200830596,-0.0268943384,0.0127591707,-0.0046948357,0.0111642743,-0.0046948357,8.8803785890
0.6763005780,-0.0154453162,-0.0233665780,0.0062992126,0.0062893082,0.0000000000,-0.0015723270,2.1450179512
0.7157894737,-0.0283703678,-0.0368041588,0.0000000000,0.0171875000,0.0078864353,0.0157480315,-0.8158502968
0.7364016736,-0.0224901767,-0.0325780459,0.0109546166,-0.0076804916,0.0062597809,-0.0015503876,-0.9822922748
0.7735849057,-0.0190301495,-0.0301648573,-0.0030959752,-0.0030959752,0.0015552100,0.0000000000,-1.0000000000
0.7916666667,0.0009953118,-0.0110382191,-0.0062111801,-0.0062111801,-0.0186335404,-0.0170807453,-1.0000000000
0.6846846847,0.0008421869,-0.0102205732,-0.0109375000,-0.0109375000,0.0015822785,0.0000000000,-1.0000000000
0.6956521739,0.0007126197,-0.0094634937,0.0000000000,0.0000000000,0.0000000000,0.0000000000,-1.0000000000
0.6666666667,0.0037744692,-0.0056206954,-0.0063191153,-0.0031595577,-0.0063191153,-0.0031595577,-1.0000000000
0.6857142857,0.0031937816,-0.0052043476,0.0047694754,0.0015847861,0.0031796502,0.0000000000,0.3293233083
0.6944444444,-0.0205801336,-0.0279267621,-0.0015822785,0.0268987342,0.0000000000,0.0237717908,32.0837104072
0.7352941176,-0.0158905700,-0.0243478155,0.0253565769,-0.0015408320,0.0174326466,-0.0015479876,-0.9218696574
0.7710843373,-0.0072895228,-0.0164447059,-0.0092735703,-0.0092592593,-0.0062305296,-0.0062015504,10.8752735230
0.7918552036,0.0000726451,-0.0090427590,-0.0062402496,-0.0077881620,-0.0015673981,-0.0062402496,-0.9919660954
0.7847533632,0.0016338927,-0.0068137629,-0.0015698587,-0.0015698587,-0.0031397174,-0.0015698587,37.5733944954
0.7847533632,0.0125266862,0.0047495242,-0.0078616352,-0.0062893082,-0.0110236220,-0.0110062893,-0.7926031633
0.7947019868,0.0236184989,0.0173368085,-0.0047543582,-0.0063291139,-0.0111464968,-0.0127186010,4.2230504587
0.7594936709,0.0282639818,0.0242997806,-0.0191082803,-0.0191082803,-0.0080515298,-0.0080515298,-0.9039411571
0.7584269663,0.0239156769,0.0224997969,-0.0016233766,0.0000000000,-0.0016233766,0.0000000000,0.1188571429
0.7894736842,0.0235595874,0.0241583347,0.0016260163,0.0000000000,-0.0016260163,-0.0032467532,10.0194075587
0.7988165680,0.0215988773,0.0240366405,-0.0032467532,-0.0032467532,-0.0016286645,-0.0016286645,-0.9265850945
0.8108108108,0.0133168369,0.0172776284,0.0000000000,0.0032573290,0.0016313214,0.0048939641,-0.4431818182
0.7105263158,0.0112680927,0.0159978041,0.0065146580,0.0032467532,0.0032573290,0.0000000000,3.3809523810
0.7105263158,0.0095345400,0.0148127816,-0.0032362460,-0.0032362460,0.0000000000,0.0000000000,-1.0000000000
0.4500000000,0.0213317362,0.0270539008,-0.0081168831,-0.0081168831,-0.0129870130,-0.0129870130,-1.0000000000
0.4029850746,0.0031999317,0.0100978026,0.0000000000,0.0098199673,0.0049342105,0.0148026316,-0.7673489077
0.5714285714,0.0027076345,0.0093498172,0.0098199673,0.0000000000,0.0098199673,0.0000000000,-1.0000000000
0.5675675676,0.0088313107,0.0152390146,-0.0048622366,-0.0048622366,-0.0097244733,-0.0064829822,-1.0000000000
0.5454545455,0.0191101204,0.0258243429,-0.0081433225,-0.0081433225,-0.0163666121,-0.0114192496,-0.5969706274
0.5454545455,-0.0019463829,0.0056569299,-0.0032840722,0.0131362890,0.0083194676,0.0181518152,34.5346622651
0.6301369863,-0.0160002582,-0.0092144040,0.0280065898,0.0145867099,0.0264026403,0.0145867099,-0.9785472593
0.6451612903,-0.0151119835,-0.0101131445,0.0000000000,0.0015974441,0.0032154341,0.0015974441,1.0801132578
0.6000000000,-0.0236868904,-0.0203016439,0.0080128205,0.0239234450,0.0080128205,0.0111642743,21.9123228441
0.5714285714,-0.0059313690,-0.0046685070,0.0158982512,-0.0046728972,-0.0063593005,-0.0141955836,-0.8645230507
0.4878048780,-0.0050188507,-0.0043226917,-0.0203442879,-0.0203442879,0.0000000000,0.0000000000,-0.9887533211
0.5138888889,-0.0010500801,-0.0008050685,-0.0047923323,-0.0047923323,-0.0032000000,-0.0032000000,-0.3417431193
0.5522388060,-0.0104190044,-0.0102772738,-0.0016051364,0.0096308186,-0.0016051364,0.0096308186,53.5783972125
0.5443037975,-0.0212642303,-0.0219553539,0.0128617363,0.0127186010,0.0128617363,0.0127186010,-0.3247574055
0.5698324022,-0.0148998743,-0.0172434535,0.0111111111,0.0015698587,0.0079365079,-0.0031397174,1.1026756169
0.5932203390,-0.0172504969,-0.0205932790,0.0015698587,0.0000000000,0.0047244094,0.0047244094,-0.9793165468
0.5725190840,-0.0252908751,-0.0297136262,0.0000000000,0.0125391850,0.0000000000,0.0109717868,3.9413043478
0.5652173913,-0.0229148319,-0.0290180153,0.0125391850,0.0000000000,0.0125391850,0.0015503876,-0.8812142543
0.5760869565,-0.0209051000,-0.0283725999,0.0046439628,0.0061919505,0.0015479876,0.0015479876,19.8740740741
0.5243902439,-0.0161683254,-0.0247636052,-0.0046224961,-0.0046153846,-0.0108191654,-0.0015455951,1.3713626686
0.5483870968,-0.0106177879,-0.0198948829,0.0015479876,0.0000000000,0.0062500000,-0.0030959752,-0.8917321362
0.5956678700,-0.0151016630,-0.0244803164,-0.0077279753,0.0030911901,-0.0031055901,0.0062111801,5.3172080166
0.5725190840,-0.0142994730,-0.0241728657,0.0093457944,0.0000000000,0.0093457944,0.0015432099,-0.6874521387
0.6888888889,0.0033605468,-0.0070831012,-0.0046296296,-0.0061633282,-0.0138888889,-0.0154083205,3.0269513476
0.5326460481,0.0028435396,-0.0065584271,-0.0093023256,-0.0062015504,-0.0031298905,0.0000000000,-0.6633637549
0.5081967213,-0.0022780686,-0.0107171381,0.0093896714,0.0062402496,0.0078492936,0.0046948357,7.3452104312
0.4827586207,-0.0034798086,-0.0114630532,-0.0139534884,-0.0031007752,-0.0093457944,0.0015576324,-0.6518362674
0.4117647059,-0.0060360986,-0.0136818019,0.0078616352,0.0031104199,0.0078616352,0.0031104199,-0.8095618946
0.3709677419,-0.0127604875,-0.0202631941,0.0093603744,0.0077519380,0.0046801872,0.0077519380,22.5706952870
0.3906250000,0.0046589561,-0.0034303764,-0.0015455951,-0.0046153846,-0.0062111801,-0.0153846154,0.0235389610
0.2812500000,0.0039421936,-0.0031762744,-0.0092879257,-0.0108191654,0.0000000000,0.0000000000,-1.0000000000
0.2969432314,0.0112359834,0.0049098635,-0.0078125000,-0.0078125000,-0.0078125000,-0.0078125000,-1.0000000000
0.3225806452,0.0142993359,0.0093145852,0.0031496063,0.0031496063,-0.0047244094,-0.0047244094,-0.5683892929
0.3076923077,-0.0052148602,-0.0086302375,-0.0094191523,0.0109890110,-0.0015822785,0.0174050633,9.4515146084
0.3552631579,-0.0028618148,-0.0064457752,0.0174326466,-0.0015527950,0.0174326466,-0.0015552100,-0.9425303126
0.3979238754,0.0022619314,-0.0013014950,-0.0046728972,-0.0062208398,-0.0046728972,-0.0046728972,-0.6022082960
0.4520547945,0.0019139419,-0.0012050879,0.0000000000,0.0000000000,0.0000000000,0.0000000000,-1.0000000000
0.5000000000,0.0079289034,0.0051763617,-0.0062597809,-0.0062597809,-0.0062597809,-0.0062597809,-1.0000000000
0.5038167939,0.0051261962,0.0032130644,0.0015748031,0.0015748031,0.0015748031,0.0015748031,-0.0085853409
0.4800000000,0.0027608826,0.0014005305,0.0015723270,0.0015723270,0.0015723270,0.0015723270,0.0341863771
0.4800000000,-0.0008010709,-0.0018371618,0.0031397174,0.0031397174,0.0031397174,0.0031397174,-0.9880022496
0.4800000000,-0.0006778292,-0.0017010757,0.0000000000,0.0000000000,0.0000000000,0.0000000000,-1.0000000000
0.4639175258,-0.0052437648,-0.0062406072,-0.0031298905,0.0046948357,-0.0046948357,0.0046948357,-1.0000000000
0.5294117647,-0.0090675572,-0.0104026268,0.0047095761,0.0062305296,0.0062893082,0.0046728972,3.0890868597
0.5223880597,-0.0213284308,-0.0232609784,0.0093750000,0.0185758514,0.0078125000,0.0139534884,29.4624183007
0.6091370558,-0.0284460294,-0.0318998710,0.0092879257,0.0106382979,-0.0031007752,0.0107033639,-0.4616835631
0.6342857143,-0.0342965316,-0.0397064409,0.0168711656,0.0045112782,0.0139968896,0.0105900151,0.3965124969
0.6073619632,-0.0319185894,-0.0396405507,0.0060331825,0.0029940120,0.0230061350,0.0029940120,-0.9938637904
0.5263157895,-0.0299038466,-0.0395711654,0.0014992504,0.0119402985,0.0014992504,0.0029850746,56.2054263566
0.4805194805,-0.0253032548,-0.0366399679,0.0044910180,-0.0073746313,0.0029940120,0.0000000000,-0.9350226980
0.4805194805,-0.0257597333,-0.0382195589,0.0104321908,0.0148588410,0.0044776119,0.0044642857,37.6517205422
0.9900990099,-0.0246865151,-0.0382381452,-0.0014749263,-0.0087847731,0.0059435364,0.0029629630,-0.9958318720
0.9900990099,-0.0062092582,-0.0209440062,-0.0088626292,-0.0088626292,-0.0147710487,-0.0147710487,137.4789644013
0.2857142857,-0.0037603751,-0.0179202149,-0.0074515648,-0.0074515648,-0.0014992504,-0.0014992504,-0.9900911428
0.4342857143,0.0104731872,-0.0031214599,-0.0045045045,-0.0045045045,-0.0195195195,-0.0135135135,97.9150943396
0.3877551020,0.0088619276,-0.0028902407,-0.0090497738,-0.0090497738,0.0061255743,0.0000000000,-1.0000000000
0.3962264151,0.0059674013,-0.0041918385,0.0015220700,0.0060882801,0.0000000000,0.0015220700,-1.0000000000
0.3822393822,0.0111964304,0.0022111370,0.0075987842,0.0030257186,-0.0045662100,-0.0060790274,-0.6852540273
0.3636363636,0.0033372831,-0.0040441242,-0.0075414781,-0.0075414781,0.0061162080,0.0061162080,-0.9716535433
0.3333333333,0.0013021192,-0.0052563280,-0.0015197568,0.0030395137,-0.0015197568,0.0015197568,38.7993827160
0.2631578947,-0.0049380366,-0.0108707895,0.0030441400,0.0090909091,0.0015220700,0.0060698027,1.9768902675
0.2881355932,0.0095256291,0.0035574054,0.0045523520,-0.0060060060,-0.0060790274,-0.0135746606,-0.2078307760
0.2747252747,0.0065211246,0.0017621474,-0.0105740181,-0.0060422961,0.0015290520,0.0015290520,-0.1892860666
0.2572347267,0.0024569374,-0.0014174889,-0.0030534351,-0.0015197568,-0.0045801527,0.0030534351,-0.9434957206
0.2450980392,0.0191422109,0.0156930252,-0.0061255743,-0.0121765601,-0.0122699387,-0.0167427702,5.2246949031
0.2280701754,0.0257241046,0.0240418030,-0.0077041602,-0.0015408320,-0.0062111801,-0.0092879257,5.9767039557
0.2452830189,0.0138458791,0.0143364254,-0.0093167702,-0.0046296296,-0.0046875000,0.0078125000,-0.8382180345
0.2479338843,0.0148626047,0.0164261770,0.0094043887,-0.0015503876,0.0015698587,-0.0031007752,0.4267906406
0.2866242038,0.0047629633,0.0073760171,0.0015527950,0.0155279503,0.0109717868,0.0077760498,12.9794471498
0.3099730458,0.0087001076,0.0115125741,0.0046511628,-0.0091743119,-0.0077519380,-0.0046296296,-0.7329887454
0.3501326260,0.0042476832,0.0075356493,0.0000000000,0.0000000000,0.0109375000,0.0031007752,-0.9927671086
0.3260869565,0.0114103476,0.0148199566,-0.0061728395,-0.0061728395,-0.0077279753,-0.0077279753,3.5278514589
0.3225806452,0.0080846842,0.0121456312,-0.0015527950,-0.0015527950,0.0015576324,0.0015576324,-0.7920328061
0.3225806452,0.0099823558,0.0144011684,0.0000000000,0.0000000000,-0.0046656299,-0.0031104199,47.9718309859
0.3294117647,0.0084466088,0.0133344152,-0.0031104199,-0.0015552100,0.0000000000,0.0000000000,-0.5672131148
0.3555555556,0.0024554513,0.0076307800,-0.0046801872,0.0031152648,-0.0031250000,0.0046801872,0.0017278044
0.3829787234,0.0020776896,0.0070655371,0.0125391850,0.0031055901,0.0094043887,0.0000000000,-0.8958471540
0.3983402490,0.0033159891,0.0081075483,-0.0046439628,-0.0046439628,-0.0015527950,-0.0015527950,-0.7477707006
0.5026178010,0.0028058369,0.0075069892,0.0015552100,0.0015552100,-0.0015552100,0.0000000000,7.7878787879
0.5517241379,-0.0068927718,-0.0023583375,0.0062111801,0.0077639752,0.0093457944,0.0093312597,0.1022988506
0.5666666667,-0.0073618340,-0.0037187479,0.0030864198,0.0015408320,0.0030864198,0.0015408320,-0.9144942649
0.5217391304,0.0045894110,0.0074056993,-0.0076923077,-0.0076923077,-0.0107692308,-0.0107692308,27.4451219512
0.4193548387,0.0054470290,0.0084254423,-0.0046511628,-0.0046511628,-0.0015552100,-0.0015552100,-0.9311897106
0.4482758621,0.0046090245,0.0078013354,0.0000000000,0.0000000000,0.0000000000,0.0000000000,-1.0000000000
0.4621848739,0.0038999438,0.0072234587,-0.0031152648,0.0015576324,-0.0031152648,0.0000000000,-1.0000000000
0.5000000000,0.0017396104,0.0051227759,0.0000000000,0.0015552100,0.0000000000,0.0015576324,2.6153232243
0.5000000000,0.0014719780,0.0047433110,0.0046875000,-0.0015527950,0.0046875000,0.0000000000,-1.0000000000
0.4782608696,-0.0003092092,0.0028323398,0.0031104199,0.0031104199,0.0015552100,0.0015552100,-1.0000000000
0.4444444444,0.0028528112,0.0057459716,-0.0077519380,-0.0046511628,-0.0062111801,-0.0031055901,0.2081081081
0.4500000000,0.0008549531,0.0037568598,0.0046875000,0.0031152648,0.0031250000,0.0015576324,29.8926174497
0.4210526316,0.0022821810,0.0050416247,-0.0015552100,-0.0031055901,-0.0015576324,-0.0015552100,-0.7655152437
0.4210526316,0.0145737397,0.0173453719,-0.0077881620,-0.0077881620,-0.0109204368,-0.0124610592,-0.3699814700
0.3448275862,0.0155352070,0.0192759109,-0.0047095761,-0.0031397174,-0.0031545741,-0.0031545741,1.8686274510
0.2222222222,0.0195983291,0.0243311744,-0.0063091483,-0.0078740157,-0.0063291139,-0.0063291139,4.3098086124
0.2187500000,0.0380719522,0.0441432965,-0.0031746032,-0.0031746032,-0.0238853503,-0.0207006369,1.3021594310
0.1842105263,0.0338958602,0.0425686562,-0.0207006369,-0.0191082803,-0.0065252855,-0.0016260163,0.0753057944
0.1842105263,0.0105763249,0.0211217110,0.0016260163,0.0178571429,0.0114942529,0.0179153094,-0.7793869114
0.4414414414,0.0073374581,0.0179284543,0.0146103896,0.0031897927,0.0113636364,0.0016000000,-0.6033588686
0.4038461538,0.0143101370,0.0247856092,0.0048000000,0.0000000000,-0.0032102729,-0.0079872204,1.4947258951
0.4375000000,0.0203237445,0.0312528008,-0.0207006369,-0.0206677266,-0.0096618357,-0.0080515298,-0.2285016675
0.4344827586,0.0139051149,0.0256078828,0.0032520325,0.0032467532,0.0016260163,0.0032467532,-0.7530683134
0.4515050167,0.0052593335,0.0171276521,0.0081037277,0.0097087379,0.0097402597,0.0064724919,4.6764613942
0.4380403458,0.0028379257,0.0142283449,0.0016077170,-0.0016025641,0.0016077170,0.0016077170,-0.9191034749
0.4380403458,0.0040128994,0.0148032912,-0.0016051364,-0.0016051364,-0.0016051364,-0.0016051364,-0.7760381212
0.4380403458,0.0164690877,0.0269146567,-0.0128617363,-0.0128617363,-0.0128617363,-0.0128617363,26.0577507599
0.4380403458,0.0090053881,0.0199375701,0.0048859935,0.0048859935,0.0048859935,0.0048859935,-0.9687710627
0.4095744681,0.0076199438,0.0184607130,0.0000000000,0.0000000000,0.0000000000,0.0000000000,-1.0000000000
0.4000000000,-0.0000351098,0.0105419275,0.0048622366,0.0064829822,0.0048622366,0.0064829822,-1.0000000000
0.4814814815,-0.0016373776,0.0081376339,0.0048387097,0.0032206119,0.0016129032,0.0016103060,45.9980079681
0.4153846154,0.0034543386,0.0124178907,-0.0064205457,-0.0064205457,-0.0032206119,-0.0048231511,-0.7940066969
0.3418803419,0.0078072667,0.0164241738,-0.0048465267,0.0000000000,-0.0064620355,-0.0048465267,2.7701646091
0.3750000000,0.0082429067,0.0168583124,-0.0016233766,-0.0064620355,0.0000000000,-0.0016233766,-0.8314140697
0.4166666667,0.0119109180,0.0205880267,0.0000000000,0.0000000000,-0.0048780488,-0.0048780488,3.7617351894
0.4411764706,0.0167237222,0.0257673494,-0.0081300813,-0.0081300813,-0.0065359477,-0.0065359477,-0.4168196342
0.4417475728,0.0075224050,0.0171667702,0.0065573770,0.0065573770,0.0065789474,0.0065789474,0.9364653765
0.4417475728,0.0047234070,0.0142379061,0.0000000000,0.0016286645,0.0016339869,0.0016339869,-0.0121606165
0.4417475728,0.0105911246,0.0198379804,-0.0065146580,-0.0081300813,-0.0065252855,-0.0065252855,4.9294289719
0.4117647059,0.0040158300,0.0133764979,0.0016393443,0.0049180328,0.0032840722,0.0049261084,-0.5166604999
0.4705882353,0.0150075738,0.0240991991,-0.0098199673,-0.0114192496,-0.0114566285,-0.0114379085,0.0947115487
0.4212962963,0.0126987163,0.0223140733,0.0000000000,-0.0016501650,0.0016556291,0.0000000000,-0.6833589091
0.4212962963,0.0124184866,0.0223510154,0.0000000000,0.0000000000,-0.0016528926,-0.0016528926,-0.3360530029
0.4090909091,0.0022114974,0.0123152911,0.0000000000,0.0066115702,0.0016556291,0.0082781457,0.9743139610
0.5000000000,0.0002288551,0.0097450095,0.0016528926,0.0016420361,0.0016528926,0.0016420361,-0.9619524523
0.4600938967,0.0001936466,0.0090231570,0.0066006601,0.0000000000,0.0066006601,0.0000000000,-1.0000000000
0.4565217391,0.0117743805,0.0200603860,-0.0114754098,-0.0114754098,-0.0114754098,-0.0114754098,-1.0000000000
0.3925233645,0.0133238789,0.0219640302,0.0000000000,0.0000000000,-0.0033167496,-0.0033167496,11.7055555556
0.4019138756,0.0163473326,0.0254558128,-0.0049751244,-0.0016583748,-0.0049916805,-0.0049916805,26.5605596852
0.4117647059,0.0138323583,0.0235701971,-0.0033333333,-0.0066445183,0.0000000000,0.0000000000,-1.0000000000
0.3846153846,0.0066541985,0.0167236363,0.0066889632,0.0066889632,0.0050167224,0.0050167224,-1.0000000000
0.4285714286,0.0073065265,0.0171773232,-0.0033222591,-0.0033222591,-0.0016638935,-0.0016638935,-0.9867018413
0.4615384615,0.0028396467,0.0125298294,0.0033333333,0.0033333333,0.0033333333,0.0033333333,0.3481781377
0.4400000000,0.0040706694,0.0132848914,-0.0016611296,-0.0016611296,-0.0016611296,-0.0016611296,-0.5690690691
0.5238095238,0.0034444126,0.0123008254,0.0000000000,0.0000000000,0.0000000000,0.0000000000,-1.0000000000
0.5238095238,0.0029145030,0.0113896531,0.0000000000,0.0000000000,0.0000000000,0.0000000000,-1.0000000000
0.4954954955,0.0041368948,0.0122302184,-0.0016638935,-0.0016638935,-0.0016638935,-0.0016638935,-1.0000000000
0.4444444444,-0.0014920901,0.0062928123,0.0050000000,0.0050000000,0.0050000000,0.0050000000,-0.9614838481
0.5161290323,0.0070881099,0.0142366001,-0.0066334992,-0.0066334992,-0.0082918740,-0.0082918740,13.5437788018
0.4827586207,-0.0056420106,0.0014592697,0.0050083472,0.0100166945,0.0066889632,0.0117056856,0.6226235741
0.6338028169,-0.0047740090,0.0013511757,0.0049833887,0.0000000000,0.0049833887,0.0000000000,-0.6227299356
0.6302521008,-0.0040395460,0.0012510886,-0.0033057851,0.0000000000,-0.0033057851,0.0000000000,0.1133540373
0.6521739130,-0.0099637715,-0.0054173378,0.0049751244,0.0066115702,0.0049751244,0.0066115702,-0.6806136681
0.6551724138,-0.0181047286,-0.0147232140,0.0148514851,0.0098522167,0.0148514851,0.0098522167,0.0756914119
0.6875000000,-0.0169178932,-0.0152338513,0.0016260163,0.0032520325,0.0016260163,0.0016260163,6.5913396482
0.6216216216,-0.0062489796,-0.0060375407,-0.0048701299,-0.0064829822,-0.0081168831,-0.0081168831,0.3696969697
0.5833333333,-0.0020208907,-0.0023246023,-0.0048939641,-0.0048939641,-0.0032733224,-0.0032733224,-0.6069755336
0.5637583893,-0.0098393819,-0.0102782042,0.0065573770,0.0065573770,0.0082101806,0.0082101806,0.2447019868
0.5714285714,-0.0083256309,-0.0095168558,0.0000000000,0.0016286645,0.0000000000,0.0000000000,1.4166001596
0.5714285714,-0.0102686452,-0.0120300466,0.0065146580,0.0081300813,0.0032573290,0.0032573290,0.9145750771
0.5000000000,-0.0086888537,-0.0111389321,-0.0016181230,-0.0016129032,0.0000000000,0.0000000000,-0.5803817847
0.5102040816,-0.0024941238,-0.0054703374,-0.0032414911,-0.0032310178,-0.0048701299,-0.0048701299,0.2285557687
0.5555555556,0.0011560019,-0.0018083846,-0.0065040650,-0.0097244733,-0.0032626427,-0.0032626427,-0.8103948249
0.5454545455,0.0059171924,0.0032515184,0.0016366612,0.0016366612,-0.0049099836,-0.0049099836,1.9041176471
0.5454545455,0.0000722879,-0.0019141008,-0.0016339869,-0.0016339869,0.0049342105,0.0049342105,-0.9025724124
0.5384615385,0.0099791287,0.0081274631,-0.0098199673,-0.0098199673,-0.0098199673,-0.0098199673,53.9417879418
0.4927536232,0.0051211635,0.0042057404,0.0016528926,0.0033057851,0.0016528926,0.0033057851,-0.9751769024
0.4262295082,-0.0054970500,-0.0059318403,-0.0016501650,0.0098846787,-0.0016501650,0.0098846787,12.6036585366
0.5070422535,-0.0046513500,-0.0054924447,0.0132231405,0.0000000000,0.0132231405,0.0000000000,-1.0000000000
0.5294117647,-0.0023082017,-0.0034599198,0.0000000000,0.0000000000,-0.0016313214,-0.0016313214,-1.0000000000
0.5454545455,0.0013191912,0.0000645553,-0.0048939641,-0.0048939641,-0.0032679739,-0.0032679739,-0.6321989529
0.5342465753,-0.0352592329,-0.0362773115,0.0049180328,0.0426229508,0.0049180328,0.0377049180,408.9323843416
0.7176079734,-0.0328903741,-0.0366339140,0.0342577488,-0.0015723270,0.0293637847,0.0031595577,-0.9819603962
0.7176079734,-0.0262969259,-0.0323965057,0.0031545741,0.0047244094,0.0047543582,-0.0015748031,8.8224254090
0.7368421053,-0.0374336791,-0.0450589265,0.0062893082,0.0094043887,0.0094637224,0.0157728707,-0.9210719710
0.7540983607,-0.0271427076,-0.0372363042,0.0031250000,-0.0031055901,0.0015625000,-0.0046583851,2.2756052142
0.7419354839,-0.0275183028,-0.0389758325,0.0062305296,0.0093457944,0.0046801872,0.0046801872,-0.0570399848
0.7291666667,-0.0247990050,-0.0375831699,-0.0015479876,-0.0046296296,0.0015527950,0.0015527950,-0.0329581994
0.7208588957,-0.0224992785,-0.0362933502,0.0046511628,0.0093023256,0.0015503876,0.0015503876,2.5696176226
0.7741935484,-0.0250745412,-0.0395520003,-0.0030864198,0.0030721966,0.0000000000,0.0061919505,-0.6095942248
0.7812500000,-0.0197087791,-0.0351378192,0.0077399381,-0.0030627871,0.0030959752,-0.0015384615,-0.2066805846
0.7971014493,-0.0121101422,-0.0280421463,-0.0061443932,-0.0061443932,-0.0030864198,-0.0046224961,0.1092105263
0.7741935484,-0.0102470434,-0.0259649503,-0.0015455951,-0.0015455951,0.0000000000,0.0000000000,-1.0000000000
0.7586206897,-0.0086705752,-0.0240416206,-0.0015479876,0.0000000000,-0.0015479876,0.0000000000,-1.0000000000
0.7586206897,-0.0057976276,-0.0207448851,-0.0015503876,-0.0015479876,-0.0015503876,-0.0015479876,0.8550955414
0.6603773585,-0.0002557114,-0.0146250878,-0.0015527950,-0.0031007752,-0.0046583851,-0.0046511628,6.5287553648
0.6551724138,-0.0002163712,-0.0135417479,-0.0015552100,-0.0015552100,0.0015600624,0.0000000000,-0.9473264166
0.6333333333,-0.0109669330,-0.0231892401,0.0077881620,0.0124610592,0.0077881620,0.0109034268,21.9393939394
0.5925925926,-0.0046788443,-0.0169272687,0.0015455951,-0.0030769231,-0.0015455951,-0.0046224961,0.4615965276
0.5925925926,-0.0039590221,-0.0156733970,-0.0030864198,-0.0030864198,0.0000000000,0.0000000000,-1.0000000000
0.5963302752,0.0107314562,-0.0005887180,-0.0077399381,-0.0077399381,-0.0139318885,-0.0139318885,-1.0000000000
0.5454545455,0.0090804629,-0.0005451093,-0.0062402496,-0.0062402496,0.0000000000,0.0000000000,-1.0000000000
0.6226415094,0.0076834686,-0.0005047308,0.0000000000,0.0000000000,0.0000000000,0.0000000000,-1.0000000000
0.6774193548,-0.0075210687,-0.0143927209,0.0062794349,0.0141287284,0.0062794349,0.0141287284,-1.0000000000
0.6779661017,-0.0109570599,-0.0178874874,0.0078003120,0.0046439628,0.0062402496,0.0046439628,17.4471299094
0.6129032258,-0.0062088278,-0.0135224961,0.0000000000,0.0000000000,-0.0077519380,-0.0030816641,1.5827874222
0.6375838926,-0.0052536235,-0.0125208297,0.0015479876,-0.0030816641,0.0109375000,0.0000000000,-1.0000000000
0.6375838926,-0.0044453738,-0.0115933608,0.0000000000,0.0000000000,0.0000000000,0.0000000000,-1.0000000000
0.5984251969,-0.0083594941,-0.0153004337,0.0046367852,0.0046367852,0.0046367852,0.0046367852,-1.0000000000
0.5409836066,0.0021774507,-0.0049822894,-0.0092307692,-0.0092307692,-0.0107692308,-0.0092307692,0.7827205882
0.5238095238,-0.0012592211,-0.0076949237,0.0046583851,0.0046583851,0.0046656299,0.0031055901,-0.4691689008
0.4594594595,-0.0010654948,-0.0071249293,-0.0015455951,-0.0015455951,0.0000000000,0.0000000000,5.1612276612
0.4285714286,0.0100431677,0.0042851905,-0.0108359133,-0.0108359133,-0.0108359133,-0.0108359133,-0.9899110915
0.4146341463,0.0164515197,0.0118854958,0.0000000000,0.0015649452,-0.0078247261,-0.0078247261,10.2812500000
0.4594594595,0.0028480617,-0.0000355284,-0.0046948357,0.0015625000,0.0031545741,0.0110410095,3.4720221607
0.4897959184,0.0024098984,-0.0000328967,0.0094339623,0.0015600624,0.0047169811,0.0000000000,0.2252229931
0.4897959184,-0.0010776177,-0.0031407851,-0.0046728972,0.0015576324,0.0000000000,0.0031201248,0.0341759353
0.4047619048,0.0053422427,0.0033334423,0.0000000000,-0.0062208398,0.0000000000,-0.0062208398,-0.8728001564
0.4216867470,0.0045203592,0.0030865206,0.0000000000,0.0000000000,0.0000000000,0.0000000000,-0.8378170638
0.3888888889,0.0101482259,0.0091751045,-0.0031298905,0.0015649452,-0.0062597809,-0.0062597809,61.4928909953
0.4022988506,0.0230874119,0.0229946033,-0.0031397174,-0.0078125000,-0.0141732283,-0.0141732283,-0.3679660246
0.3750000000,0.0162885740,0.0180387793,-0.0125984252,-0.0110236220,0.0015974441,0.0031948882,-0.6028317735
0.3577981651,0.0137826395,0.0167025734,0.0015948963,0.0000000000,-0.0015948963,0.0000000000,-0.0993957704
0.3591160221,0.0100538674,0.0138509334,-0.0047770701,0.0015923567,-0.0015974441,0.0015923567,-0.3227104998
0.3409090909,0.0069063136,0.0112172797,0.0096000000,0.0031796502,0.0064000000,0.0015898251,0.6255572065
0.3095238095,0.0058438039,0.0103863701,-0.0047543582,-0.0015847861,-0.0015898251,0.0000000000,1.3979280926
0.3209876543,0.0017645522,0.0064220188,0.0031847134,0.0111111111,0.0031847134,0.0031746032,1.4290978399
0.3061224490,0.0014930826,0.0059463137,0.0047619048,-0.0062794349,0.0015873016,0.0000000000,-0.5135743056
0.2201834862,-0.0097050788,-0.0055090850,0.0000000000,0.0110584518,0.0031695721,0.0110759494,2.5423163781
0.3061224490,-0.0097616585,-0.0066555343,0.0110584518,0.0046875000,0.0110584518,0.0015649452,1.0755616272
0.2916666667,-0.0113493980,-0.0092585986,0.0015625000,0.0000000000,0.0015625000,0.0031250000,-0.7279322500
0.2601626016,-0.0111436116,-0.0101146540,0.0000000000,0.0000000000,-0.0015600624,0.0015576324,-0.5209397344
0.2463768116,-0.0109673632,-0.0109036728,0.0031201248,0.0015552100,0.0046875000,0.0015552100,-0.9057344855
0.1818181818,-0.0046433218,-0.0054630573,-0.0015552100,-0.0031055901,-0.0031104199,-0.0046583851,1.6309523810
0.4000000000,-0.0131660994,-0.0142850474,-0.0015576324,0.0093457944,-0.0015600624,0.0093603744,10.2176470588
0.4489795918,-0.0172164870,-0.0192900177,0.0093603744,0.0046296296,0.0078125000,0.0061823802,-0.1101206083
0.4642857143,-0.0115310257,-0.0148345054,0.0061823802,0.0015360983,0.0062015504,-0.0030721966,-0.2034359277
0.5263157895,-0.0082288690,-0.0122136403,-0.0030721966,-0.0046012270,-0.0030816641,-0.0015408320,-0.5860695385
0.6000000000,-0.0100183879,-0.0143510526,-0.0015408320,0.0015408320,0.0015455951,0.0030864198,0.4694803409
0.5909090909,-0.0205320872,-0.0252845100,0.0046296296,0.0169230769,0.0030864198,0.0123076923,4.3598091496
0.6400000000,-0.0158776779,-0.0219251474,0.0107526882,-0.0030257186,0.0107692308,-0.0015197568,-0.9729800492
0.6701570681,-0.0119310481,-0.0188076189,0.0000000000,-0.0015174507,-0.0015220700,-0.0015220700,3.6989664083
0.6613756614,-0.0131043305,-0.0204010441,0.0000000000,0.0000000000,0.0015243902,0.0030487805,-0.2565301072
0.6701030928,-0.0110882797,-0.0188898557,0.0000000000,0.0000000000,0.0015220700,0.0000000000,-0.5691568047
0.6818181818,0.0043549878,-0.0038656694,-0.0015197568,0.0000000000,-0.0136778116,-0.0136778116,20.7527896996
0.5750000000,-0.0024631573,-0.0096829724,-0.0060882801,-0.0075987842,0.0061633282,0.0061633282,-0.9959356010
0.6046511628,-0.0020842100,-0.0089657152,0.0000000000,0.0000000000,0.0000000000,0.0000000000,25.3543689320
0.6074766355,-0.0017635623,-0.0083015881,0.0000000000,0.0000000000,0.0000000000,0.0000000000,-1.0000000000
0.5882352941,-0.0014922450,-0.0076866557,0.0000000000,0.0000000000,0.0000000000,0.0000000000,-1.0000000000
0.5882352941,-0.0133502614,-0.0191340087,0.0030627871,0.0122511485,0.0030627871,0.0122511485,-1.0000000000
0.6153846154,-0.0112963750,-0.0177166748,0.0091603053,0.0000000000,0.0091603053,0.0000000000,-1.0000000000
0.5669291339,0.0087547774,0.0017823403,-0.0045385779,-0.0045385779,-0.0196671710,-0.0181543116,-1.0000000000
0.4888888889,0.0120862534,0.0063019420,-0.0151975684,-0.0151975684,-0.0046296296,-0.0046224961,-0.4020067440
0.4729729730,0.0009302639,-0.0034210201,0.0015432099,0.0061728395,0.0062015504,0.0092879257,-0.9133544217
0.4444444444,0.0007871464,-0.0031676112,0.0046224961,0.0000000000,0.0046224961,0.0000000000,-0.6380952381
0.3846153846,0.0083991694,0.0047723360,-0.0076687117,-0.0076687117,-0.0076687117,-0.0076687117,109.8771929825
0.4528301887,0.0086659786,0.0059736576,-0.0015455951,-0.0015455951,-0.0015455951,-0.0015455951,-0.9830300633
0.5000000000,0.0042236994,0.0024276732,0.0046439628,0.0046439628,0.0030959752,0.0030959752,0.7668997669
0.4878048780,0.0051250184,0.0037969148,-0.0015408320,0.0000000000,-0.0015432099,-0.0015432099,1.1226912929
0.5479452055,-0.0033654134,-0.0041800104,0.0015432099,0.0046224961,0.0030911901,0.0077279753,2.3990055935
0.5440414508,-0.0074147675,-0.0084328057,0.0077041602,0.0046012270,0.0077041602,0.0046012270,-0.8597549826
0.5217391304,-0.0017016753,-0.0032428535,-0.0015290520,0.0183206107,-0.0045871560,-0.0045801527,102.6101694915
0.5353159851,0.0031759612,0.0016059743,-0.0030627871,-0.0194902549,-0.0061443932,-0.0046012270,-0.5288099762
0.5000000000,0.0011447559,-0.0000537360,-0.0030721966,-0.0061162080,0.0030911901,0.0015408320,-0.9025504073
0.4594594595,-0.0260035693,-0.0269945226,0.0092449923,0.0276923077,0.0092449923,0.0276923077,8.8775006851
0.6862745098,-0.0249224141,-0.0279053913,0.0167938931,0.0044910180,0.0167938931,0.0029940120,-0.5913492218
0.6702898551,-0.0225470815,-0.0272901310,0.0030030030,0.0000000000,0.0030030030,0.0014925373,-0.6865367642
0.6374501992,-0.0190782997,-0.0252686398,0.0044910180,0.0000000000,0.0044910180,0.0000000000,-0.8724279835
0.6374501992,-0.0190669711,-0.0262991268,0.0029806259,0.0029806259,0.0029806259,0.0029806259,-0.4617996604
0.6800000000,-0.0087693214,-0.0170482817,-0.0074294205,-0.0074294205,-0.0074294205,-0.0074294205,0.1955835962
0.5862068966,-0.0059320694,-0.0143098620,0.0029940120,0.0029940120,-0.0014970060,-0.0014970060,8.5514511873
0.6374501992,0.0024955155,-0.0057970767,-0.0059701493,-0.0059701493,-0.0074962519,-0.0074962519,-0.7726519337
0.5734767025,0.0066735548,-0.0008397470,-0.0105105105,-0.0105105105,-0.0060422961,-0.0045317221,3.0230862697
0.5744680851,0.0102458488,0.0037920713,0.0000000000,0.0015174507,-0.0030395137,-0.0045523520,8.0033222591
0.5936395760,0.0086695644,0.0035111772,-0.0045523520,-0.0060606061,0.0000000000,0.0000000000,-0.9929218383
0.5901639344,0.0027500381,-0.0013160622,0.0000000000,0.0045731707,0.0000000000,0.0045731707,113.9526066351
0.5696202532,0.0023269554,-0.0012185761,0.0045731707,0.0000000000,0.0045731707,0.0000000000,-0.9768295197
0.6046511628,0.0004508274,-0.0026417532,0.0000000000,0.0030349014,0.0000000000,0.0015174507,10.4003558719
0.3461538462,-0.0071401958,-0.0099464732,0.0000000000,0.0090771558,0.0000000000,0.0075757576,1.5976275948
0.4137931034,-0.0075341340,-0.0106973706,0.0136570561,0.0014992504,0.0106221548,0.0015037594,-0.6983116025
0.4137931034,-0.0063750365,-0.0099049727,-0.0029940120,-0.0029940120,0.0000000000,0.0000000000,-0.6395140410
0.4137931034,-0.0068854247,-0.0106567714,0.0015015015,0.0015015015,0.0015015015,0.0015015015,-0.7182320442
0.3928571429,-0.0058261286,-0.0098673809,0.0000000000,0.0000000000,0.0000000000,0.0000000000,-1.0000000000
0.4230769231,-0.0064194271,-0.0106197925,0.0014992504,0.0014992504,0.0014992504,0.0014992504,-1.0000000000
0.3529411765,-0.0024451317,-0.0068596671,-0.0029940120,-0.0029940120,-0.0029940120,-0.0029940120,0.1495726496
0.4285714286,0.0024465675,-0.0018553968,-0.0045045045,-0.0045045045,-0.0045045045,-0.0045045045,4.4684014870
0.4285714286,0.0020701725,-0.0017179600,0.0000000000,0.0000000000,0.0000000000,0.0000000000,-1.0000000000
0.4444444444,0.0017516844,-0.0015907037,0.0000000000,0.0000000000,0.0000000000,0.0000000000,-1.0000000000
0.4444444444,0.0075609938,0.0045879889,-0.0060331825,-0.0060331825,-0.0060331825,-0.0060331825,-1.0000000000
0.3750000000,0.0003259826,-0.0018106744,0.0000000000,0.0060698027,0.0000000000,0.0060698027,17.9201877934
0.4193548387,-0.0027325169,-0.0046790269,0.0045523520,0.0030165913,0.0045523520,0.0030165913,-0.4325062035
0.4375000000,-0.0067927638,-0.0088039933,0.0090634441,0.0045112782,0.0090634441,0.0045112782,-0.9593353739
0.4000000000,-0.0027619807,-0.0051733226,-0.0029940120,-0.0029940120,-0.0029940120,-0.0029940120,21.6881720430
0.4444444444,-0.0023370606,-0.0047901136,0.0000000000,0.0000000000,0.0000000000,0.0000000000,-0.5715639810
0.4444444444,-0.0019775128,-0.0044352903,0.0000000000,0.0000000000,0.0000000000,0.0000000000,-1.0000000000
0.4761904762,-0.0120570647,-0.0144652239,0.0030030030,0.0105105105,0.0030030030,0.0105105105,-1.0000000000
0.5528455285,-0.0189485045,-0.0221118962,0.0059880240,0.0089153046,0.0059880240,0.0089153046,0.2912988651
0.6153846154,-0.0189231199,-0.0233507063,0.0133928571,0.0029455081,0.0133928571,0.0029455081,-0.4941406250
0.5714285714,-0.0231837958,-0.0287520665,0.0044052863,0.0073421439,0.0044052863,0.0073421439,9.9575289575
0.5800000000,-0.0109666203,-0.0180336569,0.0014619883,0.0000000000,-0.0058479532,-0.0087463557,0.4392177590
0.5087719298,-0.0092794479,-0.0166978304,-0.0072992701,-0.0087463557,0.0000000000,0.0000000000,-1.0000000000
0.5087719298,-0.0078518406,-0.0154609541,0.0000000000,0.0000000000,0.0000000000,0.0000000000,-1.0000000000
0.5087719298,-0.0007660181,-0.0084832468,-0.0058823529,-0.0044117647,-0.0058823529,-0.0058823529,-1.0000000000
0.5102040816,-0.0006481692,-0.0078548581,-0.0014792899,0.0000000000,-0.0014792899,0.0000000000,2.3391608392
0.5348837209,0.0024172807,-0.0043272394,-0.0014814815,-0.0044313146,-0.0014814815,-0.0029585799,-0.9340314136
0.5882352941,0.0050276694,-0.0010424374,0.0029673591,0.0029673591,-0.0029673591,-0.0029673591,6.1230158730
0.5882352941,-0.0060989541,-0.0112645474,0.0029585799,0.0044378698,0.0089285714,0.0104166667,13.9938718663
0.6067415730,-0.0252584181,-0.0304214469,0.0073746313,0.0206185567,0.0073746313,0.0206185567,-0.4012781452
0.6612903226,-0.0128255426,-0.0196803907,0.0161054173,0.0014430014,0.0043923865,-0.0086580087,-0.4404244756
0.6296296296,-0.0065140155,-0.0139165427,-0.0129682997,-0.0100864553,-0.0029154519,-0.0043668122,21.2181435067
0.6461538462,0.0018113230,-0.0056168047,0.0000000000,-0.0014556041,-0.0073099415,-0.0073099415,-0.9891784507
0.6842105263,0.0015326579,-0.0052007451,-0.0087591241,-0.0102040816,0.0000000000,0.0000000000,-1.0000000000
0.7241379310,0.0117270400,0.0055510005,-0.0044182622,-0.0044182622,-0.0117820324,-0.0103092784,-1.0000000000
0.7170731707,0.0054343339,0.0006725272,-0.0044378698,0.0044378698,0.0029806259,0.0044642857,2.5680402492
0.6588235294,0.0016304885,-0.0023333390,0.0059435364,-0.0029455081,0.0059435364,0.0029629630,-0.9670314913
0.6107382550,0.0058368235,0.0022809230,0.0000000000,0.0000000000,-0.0044313146,-0.0044313146,3.8146639511
0.6190476190,0.0049388507,0.0021119658,-0.0044313146,-0.0044313146,0.0000000000,0.0000000000,-1.0000000000
0.6190476190,0.0041790275,0.0019555239,0.0000000000,0.0000000000,0.0000000000,0.0000000000,-1.0000000000
0.6000000000,0.0095273605,0.0077916295,-0.0059347181,-0.0059347181,-0.0074183976,-0.0059347181,3.1666666667
0.5820895522,0.0095684313,0.0087200240,-0.0014925373,-0.0014925373,0.0000000000,-0.0014925373,-0.4557575758
0.6045454545,0.0080963649,0.0080740963,0.0000000000,0.0000000000,0.0000000000,0.0000000000,0.1180400891
0.3763440860,0.0038497248,0.0044731060,0.0029895366,0.0029895366,0.0029895366,0.0029895366,-0.3605577689
0.3783783784,-0.0026877699,-0.0018087049,0.0029806259,0.0074515648,0.0029806259,0.0059612519,135.9626168224
0.4074074074,-0.0022742669,-0.0016747268,0.0029717682,-0.0014792899,0.0014858841,0.0000000000,-0.7007619697
0.4230769231,-0.0250346690,-0.0246696154,0.0074074074,0.0637037037,0.0089020772,0.0237037037,17.0150501672
0.5901639344,-0.0225976566,-0.0242543142,0.0161764706,-0.0292479109,0.0147058824,0.0014471780,-0.8851041746
0.6363636364,-0.0105419783,-0.0139077657,0.0028943560,-0.0057388809,-0.0057971014,-0.0086705202,-0.6543277882
0.5882352941,-0.0060222411,-0.0099912379,-0.0115440115,-0.0101010101,-0.0029154519,-0.0029154519,-0.8552002550
0.6424581006,-0.0108800696,-0.0150113139,0.0043795620,0.0029154519,0.0058479532,0.0058479532,4.2201027146
0.6242774566,-0.0077640092,-0.0124639926,0.0029069767,0.0029069767,-0.0014534884,-0.0014534884,-0.1083626142
0.6585365854,-0.0108888091,-0.0158383829,0.0043478261,0.0043478261,0.0043668122,0.0043668122,-0.8584489281
0.6410256410,-0.0149241921,-0.0203443327,-0.0028860029,0.0014430014,0.0000000000,0.0057971014,13.7104677060
0.6601941748,-0.0126281626,-0.0188373450,0.0043415340,0.0000000000,0.0028985507,0.0000000000,0.3893262680
0.6181818182,-0.0063902252,-0.0131761771,-0.0028818444,-0.0028818444,-0.0014450867,-0.0043227666,-0.7680488204
0.6181818182,-0.0082775116,-0.0150509572,0.0000000000,0.0014450867,0.0014471780,0.0028943560,-0.2426591496
0.6181818182,-0.0070040482,-0.0139360715,0.0014450867,0.0000000000,0.0014450867,0.0000000000,-0.6898263027
0.6250000000,0.0175671106,0.0104249446,-0.0086580087,-0.0086580087,-0.0230880231,-0.0230880231,2.6880000000
0.4716981132,0.0208963622,0.0156536342,-0.0116448326,-0.0116448326,-0.0059084195,-0.0059084195,15.7725054230
0.3442622951,-0.0001464605,-0.0032780538,-0.0029455081,0.0132547865,0.0059435364,0.0178306092,-0.2601645731
0.4838709677,0.0028039667,-0.0001158652,0.0132939439,-0.0014534884,0.0088626292,-0.0029197080,0.5247574513
0.5172413793,0.0172666821,0.0147499643,-0.0145772595,-0.0160116448,-0.0146412884,-0.0146412884,-0.6708465298
0.4545454545,-0.0002449322,-0.0011838757,0.0044378698,0.0103550296,0.0074294205,0.0148588410,0.2818268896
0.5081967213,0.0101456332,0.0092474974,-0.0044182622,-0.0102489019,-0.0029498525,-0.0102489019,-0.1433714887
0.4696969697,0.0041285747,0.0041064041,0.0000000000,0.0044378698,-0.0044378698,0.0044378698,-0.9188342585
0.4696969697,0.0034934093,0.0038022260,0.0044378698,0.0000000000,0.0089153046,0.0000000000,-1.0000000000
0.4909090909,0.0088994045,0.0094673683,0.0000000000,0.0000000000,-0.0058910162,-0.0058910162,-1.0000000000
0.5067024129,0.0273156029,0.0285756876,-0.0103092784,-0.0103092784,-0.0207407407,-0.0192592593,-0.3470109657
0.4576271186,0.0124079821,0.0157187416,-0.0119047619,-0.0044642857,0.0045385779,0.0105740181,-0.7914409534
0.5000000000,0.0089908542,0.0130401301,0.0060240964,0.0014947683,0.0030120482,0.0014947683,1.3246753247
0.4520547945,0.0076076459,0.0120741945,0.0029940120,0.0000000000,0.0060060060,0.0000000000,-0.7921787709
0.4974874372,-0.0010178519,0.0036895889,0.0000000000,0.0104477612,0.0000000000,0.0074626866,6.5268817204
0.4679802956,-0.0008612593,0.0034162860,0.0074626866,-0.0029542097,0.0074626866,0.0000000000,2.7607142857
0.4193548387,-0.0051503120,-0.0012755475,0.0059259259,0.0059259259,0.0029629630,0.0044444444,-0.8501424501
0.3625000000,-0.0014122698,0.0017740231,-0.0044182622,-0.0044182622,-0.0014771049,-0.0029498525,-0.7667934094
0.4264705882,-0.0026703373,0.0001630828,0.0014792899,0.0059171598,0.0014792899,0.0014792899,9.6358695652
0.3389830508,0.0051641482,0.0075926023,0.0044313146,0.0000000000,-0.0073855244,-0.0073855244,13.1839550332
0.3571428571,0.0043696638,0.0070301873,-0.0117647059,-0.0117647059,0.0000000000,0.0000000000,-1.0000000000
0.3617021277,0.0081982931,0.0110229279,-0.0059523810,-0.0044642857,-0.0059523810,-0.0044642857,-1.0000000000
0.3863636364,0.0099563186,0.0132355194,-0.0014970060,-0.0029895366,-0.0014970060,-0.0029895366,-0.6914191419
0.4047619048,0.0069149597,0.0107397586,0.0014992504,0.0014992504,0.0014992504,0.0014992504,1.3636363636
0.5000000000,-0.0001360893,0.0039326482,0.0044910180,0.0059880240,0.0044910180,0.0059880240,50.9660633484
0.4545454545,0.0058721819,0.0096511693,-0.0014903130,-0.0029761905,-0.0044709389,-0.0059523810,-0.9810178937
0.4666666667,0.0110227980,0.0150141972,-0.0074626866,-0.0044776119,-0.0074850299,-0.0059880240,9.0550458716
0.4565217391,0.0032831088,0.0078307648,0.0045112782,0.0014992504,0.0075414781,0.0060240964,-0.9575729927
0.4382022472,0.0133974495,0.0179175084,-0.0104790419,-0.0104790419,-0.0119760479,-0.0104790419,165.0591397849
0.4026548673,0.0174936021,0.0227795719,-0.0060514372,-0.0060514372,-0.0060606061,-0.0060514372,-0.9434713634
0.3921568627,0.0086612664,0.0149131209,0.0015220700,0.0060882801,0.0000000000,0.0060882801,20.3253150057
0.4032921811,-0.0017326643,0.0046887291,0.0121580547,0.0136157337,0.0152439024,0.0090771558,-0.9513616587
0.4784172662,-0.0059371479,-0.0001556353,0.0075075075,0.0014925373,0.0060060060,0.0044977511,2.0104914412
0.4782608696,0.0024572840,0.0073736067,-0.0119225037,-0.0089418778,-0.0104477612,-0.0074626866,0.5504402054
0.4695121951,0.0051021038,0.0098646004,0.0000000000,-0.0030075188,0.0000000000,-0.0030075188,0.7205725778
0.4782608696,0.0012966620,0.0060989001,0.0000000000,0.0030165913,0.0000000000,0.0030165913,-0.9077282728
0.4417177914,0.0010971755,0.0056471298,0.0045248869,0.0015037594,0.0030165913,0.0000000000,-0.6512667660
0.4693877551,-0.0050562448,-0.0007815129,0.0075075075,0.0105105105,0.0060150376,0.0060150376,2.6346153846
0.4693877551,-0.0042783610,-0.0007236231,-0.0029806259,-0.0059435364,0.0000000000,0.0000000000,-1.0000000000
0.4655870445,0.0099668463,0.0129572056,-0.0059790732,-0.0044843049,-0.0149476831,-0.0134529148,-1.0000000000
0.4151624549,0.0130382045,0.0166184054,-0.0135338346,-0.0135135135,-0.0045523520,-0.0045454545,-0.9854155792
0.4318181818,0.0079639435,0.0123058117,0.0030487805,0.0030441400,0.0030487805,0.0030441400,4.4821052632
0.4320987654,0.0021764613,0.0068109124,0.0075987842,0.0075872534,0.0060790274,0.0045523520,-0.2611367127
0.4192139738,-0.0041754457,0.0002625181,-0.0075414781,0.0195783133,-0.0060422961,0.0060422961,62.3508316008
0.4192139738,0.0070515566,0.0108678090,0.0075987842,-0.0177252585,0.0000000000,-0.0105105105,-0.8882735649
0.3658536585,0.0074955265,0.0115978360,-0.0135746606,-0.0090225564,-0.0060790274,-0.0015174507,-0.5247466588
0.4000000000,0.0156031879,0.0200400137,0.0000000000,-0.0075872534,-0.0030581040,-0.0091185410,12.2906365884
0.3913043478,0.0039637671,0.0092678275,-0.0015290520,0.0061162080,0.0000000000,0.0092024540,-0.3395491589
0.4022988506,0.0141427090,0.0194262822,0.0061255743,-0.0015197568,-0.0030674847,-0.0106382979,-0.7093293434
0.4086021505,0.0073248576,0.0133176319,-0.0091324201,-0.0045662100,0.0015384615,0.0046082949,-0.8174771392
0.4000000000,0.0139498667,0.0201303019,0.0046082949,0.0000000000,-0.0030721966,-0.0076452599,0.6967485070
0.3987341772,0.0040682308,0.0108514072,0.0000000000,0.0000000000,0.0077041602,0.0077041602,-0.9118107157
0.4138817481,0.0019103761,0.0085055419,0.0061162080,0.0061162080,0.0015290520,0.0015290520,9.8847006652
0.4149855908,0.0000896177,0.0063391062,-0.0030395137,-0.0030395137,0.0015267176,0.0015267176,-0.9509064983
0.3753753754,0.0046703594,0.0104906892,-0.0045731707,-0.0045731707,-0.0045731707,-0.0045731707,72.0954356846
0.4046920821,0.0008863408,0.0066305061,0.0045941807,0.0045941807,0.0030627871,0.0030627871,-0.9566871026
0.3940298507,-0.0157789229,-0.0104785598,0.0030487805,0.0152439024,0.0045801527,0.0167938931,8.2463958060
0.4615384615,-0.0058880937,-0.0022114653,0.0121580547,0.0000000000,0.0045592705,-0.0075075075,-0.7751948972
0.4793388430,-0.0004456780,0.0025022817,-0.0060060060,-0.0060060060,-0.0045385779,-0.0045385779,2.4092055485
0.4615384615,0.0134851467,0.0162165459,-0.0151057402,-0.0151057402,-0.0136778116,-0.0136778116,-0.4103939338
0.4371859296,0.0114105088,0.0150153203,-0.0061349693,-0.0046012270,-0.0077041602,0.0000000000,5.6333124216
0.4181818182,0.0174939826,0.0217749926,-0.0061728395,-0.0077041602,0.0000000000,-0.0077041602,-0.9053766492
0.4339622642,0.0054351920,0.0107451499,0.0077639752,0.0108695652,0.0077639752,0.0093167702,151.5492253873
0.4642857143,0.0061469270,0.0115053750,0.0000000000,-0.0030721966,-0.0061633282,-0.0015384615,-0.2786854097
0.5000000000,0.0021130700,0.0075481999,0.0000000000,0.0030816641,0.0046511628,0.0030816641,-0.9010954574
0.4693877551,-0.0012802810,0.0039048808,0.0000000000,0.0030721966,0.0015432099,0.0030721966,-0.4998392800
0.4800000000,-0.0071649992,-0.0024946627,0.0077041602,0.0061255743,0.0077041602,0.0061255743,-0.6811421227
0.5094339623,0.0000257451,0.0038015521,-0.0015290520,-0.0060882801,-0.0015290520,-0.0060882801,-0.9167866398
0.5000000000,0.0000217843,0.0035199557,0.0000000000,0.0000000000,0.0000000000,0.0000000000,0.4982698962
0.5263157895,0.0015522035,0.0047979594,-0.0015313936,-0.0015313936,-0.0015313936,-0.0015313936,0.1732101617
0.4666666667,0.0013134030,0.0044425550,0.0000000000,0.0000000000,0.0000000000,0.0000000000,-1.0000000000
0.4772727273,0.0119761152,0.0150108324,-0.0061349693,-0.0046012270,-0.0107361963,-0.0107361963,-1.0000000000
0.4375000000,0.0260412523,0.0298658310,-0.0092592593,-0.0107858243,-0.0155038760,-0.0155038760,-0.3478566762
0.4285714286,0.0046318346,0.0101548026,-0.0015576324,0.0062305296,0.0078740157,0.0173228346,-0.3658780920
0.5172413793,0.0133309876,0.0188657443,0.0000000000,-0.0077399381,-0.0015625000,-0.0092879257,-0.3735569328
0.5084745763,0.0144502234,0.0206578375,-0.0093603744,-0.0046801872,-0.0078247261,-0.0031250000,0.0236663434
0.5175097276,0.0186134030,0.0255574546,-0.0015748031,-0.0062695925,0.0000000000,-0.0062695925,-0.9660792117
0.4944237918,0.0125556208,0.0204452397,-0.0015772871,0.0031545741,-0.0015772871,0.0031545741,10.0502793296
0.4944237918,0.0027408044,0.0109827995,0.0063191153,0.0078616352,0.0063191153,0.0078616352,-0.4297269970
0.5310344828,0.0038852658,0.0117476483,0.0015698587,-0.0015600624,0.0015698587,-0.0015600624,-0.6640070922
0.5783132530,0.0032875326,0.0108774521,0.0031347962,0.0000000000,0.0031347962,0.0000000000,-1.0000000000
0.5753424658,0.0027817584,0.0100717149,0.0000000000,0.0000000000,0.0000000000,0.0000000000,-1.0000000000
0.5753424658,0.0039224243,0.0109052013,0.0062500000,0.0062500000,-0.0015625000,-0.0015625000,-1.0000000000
0.5753424658,-0.0013694320,0.0053773273,-0.0077639752,-0.0031055901,0.0000000000,0.0046948357,-0.9959973530
0.5424354244,-0.0164784012,-0.0104347817,0.0015649452,0.0155763240,0.0015649452,0.0155763240,1.8342494715
0.6078431373,-0.0139432626,-0.0096618349,0.0187500000,0.0000000000,0.0187500000,0.0000000000,-1.0000000000
0.6888888889,-0.0208091044,-0.0179831087,0.0138036810,0.0138036810,0.0092024540,0.0092024540,-1.0000000000
0.6500000000,0.0021924511,0.0031684101,-0.0045385779,-0.0045385779,-0.0197568389,-0.0197568389,13.6160498098
0.5531914894,0.0112622415,0.0123509310,-0.0273556231,-0.0273556231,-0.0093023256,-0.0093023256,-0.3590817655
0.5098039216,0.0001386161,0.0020273398,-0.0015625000,0.0078125000,0.0000000000,0.0093896714,0.0109297689
0.5039370079,0.0001172905,0.0018771665,0.0093896714,0.0000000000,0.0093896714,0.0000000000,-1.0000000000
0.5333333333,0.0288102290,0.0304961492,-0.0155038760,-0.0155038760,-0.0279069767,-0.0279069767,-1.0000000000
0.4448398577,0.0146681430,0.0184908513,0.0000000000,0.0015748031,0.0095693780,0.0095693780,5.4637233714
0.3949044586,0.0044772462,0.0091499896,-0.0015748031,0.0031446541,0.0015797788,0.0078988942,6.5471436760
0.3870967742,-0.0055636271,-0.0009234912,0.0078864353,0.0125391850,0.0063091483,0.0094043887,4.7838703349
0.3870967742,-0.0016070854,0.0022575165,0.0046948357,-0.0061919505,0.0062695925,-0.0031055901,-0.9945956415
0.3809523810,-0.0013598415,0.0020902931,0.0000000000,0.0000000000,0.0000000000,0.0000000000,-1.0000000000
0.4000000000,0.0114531424,0.0145781752,-0.0093457944,-0.0093457944,-0.0124610592,-0.0124610592,-1.0000000000
0.3815789474,0.0096911205,0.0134983104,-0.0031446541,-0.0031446541,0.0000000000,0.0000000000,-1.0000000000
0.3815789474,-0.0012516978,0.0030062627,0.0063091483,0.0094637224,0.0063091483,0.0094637224,-1.0000000000
0.3815789474,-0.0010591289,0.0027835766,0.0031347962,0.0000000000,0.0031347962,0.0000000000,-1.0000000000
0.4055944056,-0.0040086589,-0.0005459083,0.0015625000,0.0031250000,0.0015625000,0.0031250000,-1.0000000000
0.3563218391,-0.0033919422,-0.0005054706,0.0015600624,0.0000000000,0.0015600624,0.0000000000,-1.0000000000
0.3488372093,0.0002459260,0.0026555090,-0.0031152648,-0.0031152648,-0.0031152648,-0.0031152648,-1.0000000000
0.4000000000,0.0033435398,0.0056013088,-0.0031250000,-0.0015625000,-0.0046875000,-0.0031250000,1.6884531590
0.5882352941,-0.0018642791,0.0004819365,0.0031347962,0.0031298905,0.0047095761,0.0047021944,0.0439627229
0.5569620253,0.0031173099,0.0051505301,-0.0015625000,-0.0031201248,-0.0031250000,-0.0046801872,0.0347370464
0.5555555556,0.0073745949,0.0095159496,-0.0031298905,0.0000000000,-0.0047021944,-0.0047021944,-0.8439609902
0.5238095238,0.0078271712,0.0104022491,-0.0047095761,-0.0031298905,-0.0015748031,-0.0015748031,4.8930288462
0.5365853659,0.0098085068,0.0128267492,-0.0015772871,-0.0062794349,-0.0031545741,-0.0031545741,7.4181113604
0.5500000000,0.0019579994,0.0055126157,-0.0031595577,0.0047393365,-0.0015822785,0.0063291139,-0.6778116974
0.6338028169,-0.0014832211,0.0019534767,0.0095087163,0.0031446541,0.0095087163,0.0031446541,-0.9462325162
0.6107784431,0.0050461968,0.0081293348,-0.0047095761,-0.0047021944,-0.0047095761,-0.0062695925,32.8027972028
0.5310344828,0.0042698589,0.0075271619,-0.0015772871,-0.0015748031,-0.0015772871,0.0000000000,-0.8354503703
0.5310344828,-0.0057959140,-0.0024707456,-0.0031595577,0.0094637224,-0.0031595577,0.0094637224,8.3482524516
0.6069364162,-0.0017848124,0.0008398972,0.0126782884,0.0000000000,0.0063391442,-0.0031250000,28.1929635806
0.6122448980,0.0063767391,0.0086827196,-0.0031298905,-0.0046875000,-0.0047244094,-0.0078369906,-0.9960767910
0.5769230769,0.0101833009,0.0128397436,-0.0109890110,-0.0094191523,-0.0031645570,-0.0047393365,4.3022545796
0.5660377358,0.0134425562,0.0167302239,-0.0063492063,-0.0063391442,-0.0079365079,-0.0047619048,-0.6007884130
0.5806451613,0.0162368479,0.0203731161,0.0000000000,-0.0015948963,-0.0016000000,-0.0047846890,-0.5688450017
0.5806451613,0.0137388713,0.0188639964,-0.0031948882,-0.0031948882,0.0000000000,0.0000000000,-1.0000000000
0.5818181818,0.0116251988,0.0174666633,0.0000000000,0.0032051282,0.0000000000,0.0000000000,-1.0000000000
0.5600000000,0.0066103913,0.0129262778,0.0032051282,0.0000000000,0.0032051282,0.0032051282,-0.0926272455
0.5121951220,-0.0039533648,0.0023614773,0.0079872204,0.0095846645,0.0079872204,0.0095846645,3.8438853372
0.5454545455,0.0014083659,0.0069664571,-0.0031695721,-0.0047468354,-0.0031695721,-0.0047468354,-0.9740292916
0.5868263473,0.0011916942,0.0064504232,0.0000000000,0.0000000000,0.0000000000,0.0000000000,-1.0000000000
0.5957446809,0.0058055213,0.0107935691,-0.0047694754,-0.0031796502,-0.0047694754,-0.0047694754,-1.0000000000
0.5975609756,0.0049123642,0.0099940455,0.0000000000,-0.0015948963,0.0000000000,0.0000000000,-1.0000000000
0.5600000000,0.0009586648,0.0060395619,0.0031948882,0.0031948882,0.0031948882,0.0031948882,-1.0000000000
0.5000000000,0.0008111779,0.0055921870,0.0000000000,0.0000000000,0.0000000000,0.0000000000,-1.0000000000
0.5263157895,-0.0024904008,0.0019869098,0.0047770701,0.0047770701,0.0031847134,0.0031847134,-1.0000000000
0.5000000000,-0.0021072623,0.0018397313,-0.0015847861,-0.0015847861,0.0000000000,0.0000000000,-1.0000000000
0.5000000000,0.0013959668,0.0048935933,-0.0031746032,-0.0031746032,-0.0031746032,-0.0031746032,-1.0000000000
0.5294117647,0.0011812026,0.0045311049,0.0015923567,0.0015923567,0.0000000000,0.0000000000,-0.6048445409
0.5294117647,0.0009994792,0.0041954675,-0.0015898251,-0.0015898251,0.0000000000,0.0000000000,-1.0000000000
0.5294117647,0.0040433033,0.0070919915,-0.0015923567,0.0031847134,-0.0047770701,-0.0031847134,-1.0000000000
0.5714285714,0.0066373504,0.0097928339,-0.0031897927,-0.0079365079,-0.0016000000,-0.0031948882,-0.9334942713
0.4545454545,0.0153794838,0.0188642101,-0.0032000000,-0.0032000000,-0.0096153846,-0.0096153846,4.3172841828
0.4000000000,0.0146552464,0.0191159161,-0.0160513644,-0.0048154093,-0.0080906149,-0.0016181230,1.2070246180
0.4285714286,0.0075018805,0.0127755678,0.0032626427,0.0000000000,0.0016313214,0.0048622366,-0.5658765646
0.4729729730,0.0047272173,0.0101998748,0.0081300813,0.0016129032,0.0048859935,0.0016129032,-0.6588526285
0.4347826087,-0.0056077020,-0.0002154258,0.0016129032,0.0112721417,0.0064829822,0.0096618357,1.6756844497
0.5357142857,-0.0047449786,-0.0001994683,0.0096618357,0.0000000000,0.0080515298,0.0000000000,-0.5470355092
0.5357142857,-0.0024239515,0.0014124562,0.0000000000,0.0000000000,0.0000000000,-0.0015948963,0.0265178571
0.5882352941,-0.0020510359,0.0013078298,-0.0015948963,-0.0031847134,0.0000000000,0.0000000000,-0.9812994694
0.5882352941,-0.0049146782,-0.0019776164,0.0031948882,0.0031948882,0.0031948882,0.0031948882,21.1162790698
0.5555555556,-0.0041585739,-0.0018311263,0.0000000000,0.0015923567,-0.0015923567,0.0000000000,0.5650893796
0.5555555556,-0.0066822257,-0.0048647080,0.0031847134,0.0015898251,0.0047846890,0.0031847134,-0.8910239183
0.5384615385,-0.0056541910,-0.0045043593,0.0000000000,0.0000000000,0.0000000000,0.0000000000,-1.0000000000
0.5283018868,-0.0047843154,-0.0041707030,-0.0031746032,0.0000000000,-0.0031746032,0.0000000000,-1.0000000000
0.5121951220,-0.0008764461,-0.0006893473,0.0000000000,-0.0031746032,0.0000000000,-0.0031746032,-0.8500539374
0.6774193548,-0.0007416082,-0.0006382845,0.0000000000,0.0000000000,0.0000000000,0.0000000000,-1.0000000000
0.6511627907,-0.0006275147,-0.0005910042,0.0000000000,0.0000000000,0.0000000000,0.0000000000,-1.0000000000
0.6470588235,0.0010630755,0.0010467975,-0.0015923567,-0.0015923567,-0.0015923567,-0.0015923567,-0.4200291687
0.7142857143,-0.0006942636,-0.0006246432,0.0015948963,0.0015948963,0.0015948963,0.0015948963,-0.9081307628
0.5555555556,0.0026055575,0.0026146670,0.0000000000,0.0000000000,-0.0031847134,-0.0031847134,13.6186131387
0.5263157895,0.0022047025,0.0024209880,-0.0031847134,-0.0031847134,0.0000000000,0.0000000000,-1.0000000000
0.5000000000,0.0002676459,0.0006431840,-0.0015974441,0.0015974441,-0.0015974441,0.0015974441,-1.0000000000
0.4736842105,0.0002264696,0.0005955407,0.0032000000,0.0000000000,0.0032000000,0.0000000000,-1.0000000000
0.4444444444,0.0033922413,0.0037531912,-0.0047846890,-0.0015948963,-0.0047846890,-0.0031897927,-1.0000000000
0.4324324324,0.0028703580,0.0034751770,0.0016025641,-0.0015974441,0.0016025641,0.0000000000,-0.9268377859
0.3636363636,0.0105128674,0.0113082223,-0.0064000000,-0.0032000000,-0.0080000000,-0.0080000000,13.0214797136
0.2941176471,0.0088955032,0.0104705762,-0.0016103060,-0.0048154093,0.0000000000,0.0000000000,-1.0000000000
0.2941176471,0.0075269643,0.0096949779,0.0000000000,0.0000000000,0.0000000000,0.0000000000,-1.0000000000
0.2857142857,0.0129038332,0.0155286290,-0.0064516129,-0.0064516129,-0.0064516129,-0.0064516129,-1.0000000000
0.2631578947,0.0092801862,0.0127343110,-0.0016233766,0.0016233766,-0.0016233766,0.0016233766,-0.6766602687
0.2631578947,0.0078524653,0.0117910287,0.0000000000,0.0000000000,0.0000000000,0.0000000000,-0.2563219755
0.2352941176,0.0066443937,0.0109176192,0.0032520325,0.0000000000,0.0032520325,0.0000000000,-1.0000000000
0.2352941176,0.0056221793,0.0101089067,0.0000000000,0.0000000000,0.0000000000,0.0000000000,-1.0000000000
0.2142857143,0.0047572286,0.0093600988,0.0000000000,0.0000000000,0.0000000000,0.0000000000,-1.0000000000
0.2142857143,0.0040253473,0.0086667581,0.0000000000,0.0000000000,0.0000000000,0.0000000000,-1.0000000000
0.2142857143,0.0066691722,0.0113029054,-0.0032414911,-0.0032414911,-0.0032414911,-0.0032414911,0.2166666667
0.2352941176,0.0155509600,0.0204209798,0.0000000000,0.0016260163,-0.0097560976,-0.0097560976,6.3287671233
0.1904761905,0.0065473561,0.0122596470,-0.0081300813,0.0000000000,0.0000000000,0.0065681445,8.5514018692
0.3703703704,-0.0009788278,0.0047949511,0.0114754098,0.0016233766,0.0131362890,0.0065252855,0.2910958904
0.4285714286,-0.0088601662,-0.0036345052,0.0081037277,0.0081037277,0.0081037277,0.0081037277,-0.9939370974
0.4666666667,-0.0090901664,-0.0049650173,0.0016077170,0.0016077170,0.0016077170,0.0016077170,0.6500000000
0.4285714286,0.0035845517,0.0067141568,-0.0112359551,-0.0112359551,-0.0112359551,-0.0112359551,0.1553030303
0.3750000000,-0.0018281444,0.0013401553,0.0064935065,0.0064935065,0.0048701299,0.0048701299,1.2754098361
0.4047619048,-0.0015468914,0.0012408845,-0.0016129032,-0.0016129032,0.0000000000,0.0000000000,-1.0000000000
0.4047619048,-0.0013089081,0.0011489671,0.0000000000,0.0000000000,0.0000000000,0.0000000000,-1.0000000000
0.4047619048,-0.0011075376,0.0010638584,0.0000000000,0.0000000000,0.0000000000,0.0000000000,-1.0000000000
0.4047619048,-0.0009371472,0.0009850541,0.0000000000,0.0000000000,0.0000000000,0.0000000000,-1.0000000000
0.4047619048,0.0008238691,0.0025316860,-0.0016155089,-0.0016155089,-0.0016155089,-0.0016155089,-1.0000000000
0.4594594595,0.0105078761,0.0121710572,-0.0064724919,-0.0064724919,-0.0097087379,-0.0097087379,9.0739371534
0.4047619048,0.0039698589,0.0063364754,-0.0016286645,0.0016286645,0.0016339869,0.0049019608,-0.8418348624
0.4166666667,0.0049932467,0.0075053269,0.0016313214,-0.0016260163,0.0016313214,-0.0016260163,-0.6832946636
0.4604316547,0.0042250549,0.0069493768,0.0000000000,0.0000000000,0.0000000000,0.0000000000,-1.0000000000
0.4444444444,0.0134787476,0.0163665286,0.0016286645,0.0016286645,-0.0097719870,-0.0097719870,-1.0000000000
0.3571428571,-0.0001068338,0.0035995926,0.0000000000,0.0000000000,0.0115131579,0.0115131579,-0.5920679887
0.5078125000,0.0048111198,0.0082512549,-0.0032520325,-0.0032520325,-0.0048780488,-0.0048780488,-0.1284722222
0.5603448276,-0.0008269595,0.0027247335,0.0032626427,0.0032626427,0.0049019608,0.0049019608,1.1633466135
0.5603448276,0.0058423290,0.0090860628,-0.0065040650,-0.0065040650,-0.0065040650,-0.0065040650,47.3609576427
0.5531914894,0.0267901072,0.0303350433,-0.0016366612,-0.0016366612,-0.0212765957,-0.0212765957,-0.8099771516
0.4715025907,0.0141887135,0.0195632269,-0.0147540984,-0.0114754098,0.0033444816,0.0083612040,-0.3046092184
0.4809160305,0.0069959046,0.0130739302,0.0033277870,0.0049751244,0.0050000000,0.0049751244,-0.4438040346
0.4637223975,0.0009643426,0.0071197496,0.0099502488,0.0049504950,0.0099502488,0.0049504950,0.3165803109
0.4210526316,0.0008159822,0.0065923607,0.0000000000,0.0000000000,0.0000000000,0.0000000000,-1.0000000000
0.4255319149,0.0006904464,0.0061040377,0.0000000000,0.0000000000,0.0000000000,0.0000000000,-1.0000000000
0.4375000000,0.0005842239,0.0056518868,0.0000000000,0.0000000000,0.0000000000,0.0000000000,-1.0000000000
0.3925233645,0.0054472856,0.0102096306,-0.0098522167,-0.0049261084,-0.0098522167,-0.0049261084,-1.0000000000
0.4200000000,0.0046092417,0.0094533617,0.0033167496,0.0000000000,0.0033167496,0.0000000000,-0.6625745353
0.4221105528,0.0156318486,0.0205415464,-0.0099173554,-0.0115511551,-0.0099173554,-0.0115511551,0.5446985447
0.3684210526,0.0065057087,0.0122602823,0.0050083472,0.0100166945,0.0050083472,0.0066777963,45.2960969044
0.3478260870,0.0071751042,0.0130321002,0.0000000000,-0.0049586777,0.0000000000,-0.0016583748,-0.9947962091
0.4010695187,-0.0087481380,-0.0028409343,0.0116279070,0.0149501661,0.0116279070,0.0149501661,2.7039106145
0.4444444444,-0.0025045844,0.0022907364,-0.0016420361,-0.0049099836,-0.0016420361,-0.0049099836,2.7285067873
0.5783132530,-0.0037578200,0.0004755333,0.0016447368,0.0032894737,0.0016447368,0.0016447368,-0.2510113269
0.5333333333,0.0001047224,0.0037366523,-0.0032840722,-0.0049180328,-0.0032840722,-0.0032840722,-0.9459897381
0.5704697987,-0.0031957520,0.0001644285,-0.0032948929,0.0032948929,-0.0032948929,0.0032948929,17.8200000000
0.5555555556,-0.0043390092,-0.0014873452,0.0115702479,0.0049261084,0.0082644628,0.0016420361,4.5199256111
0.5151515152,-0.0003940728,0.0019077720,-0.0032679739,-0.0032679739,-0.0032786885,-0.0032786885,-0.9558646580
0.5312500000,-0.0036110415,-0.0015180246,0.0016393443,0.0016393443,0.0032894737,0.0032894737,3.6990185387
0.5135135135,-0.0063134852,-0.0046689588,0.0016366612,0.0016366612,0.0016393443,0.0032786885,2.4827106057
0.5000000000,-0.0037142619,-0.0026935243,-0.0016339869,-0.0016339869,0.0000000000,-0.0016339869,-0.9837409209
0.5294117647,-0.0031428370,-0.0024940039,0.0000000000,0.0000000000,0.0000000000,0.0000000000,-1.0000000000
0.6250000000,-0.0075323237,-0.0071839733,0.0032733224,0.0049099836,0.0032733224,0.0049099836,-1.0000000000
0.6134969325,-0.0014948148,-0.0017745039,-0.0016313214,-0.0032573290,-0.0032626427,-0.0048859935,-0.8538546866
0.5649717514,-0.0012648433,-0.0016430592,-0.0016339869,-0.0016339869,0.0000000000,0.0000000000,-0.6774193548
0.4545454545,-0.0107843177,-0.0112310300,0.0016366612,0.0098199673,0.0016366612,0.0098199673,154.4294117647
0.5483870968,-0.0091251919,-0.0103991019,0.0049019608,0.0000000000,0.0049019608,0.0000000000,-0.9800552549
0.5714285714,-0.0109273863,-0.0128287050,0.0048780488,0.0032414911,0.0048780488,0.0032414911,0.1897533207
0.5625000000,-0.0092462499,-0.0118784305,0.0048543689,0.0032310178,0.0016181230,0.0000000000,0.4322169059
0.5714285714,-0.0046076194,-0.0077927074,-0.0096618357,-0.0048309179,-0.0064620355,-0.0032310178,0.6158129176
0.6000000000,-0.0071171757,-0.0104231743,0.0065040650,0.0016181230,0.0065040650,0.0032414911,-0.5265334252
0.5862068966,-0.0060222256,-0.0096510873,0.0000000000,0.0032310178,0.0000000000,0.0000000000,0.2256186317
0.6000000000,-0.0114835578,-0.0152993624,0.0032310178,0.0032206119,0.0032310178,0.0064620355,0.1555819477
0.6296296296,0.0015363610,-0.0029634181,-0.0032206119,-0.0064205457,-0.0080515298,-0.0112359551,-0.4624871531
0.4594594595,0.0062003240,0.0021366299,-0.0064620355,-0.0064620355,-0.0048701299,-0.0048701299,3.6367112811
0.4755244755,0.0052464280,0.0019783610,-0.0016260163,0.0000000000,0.0000000000,0.0000000000,-0.6144329897
0.4827586207,0.0028033906,0.0002001678,-0.0032573290,-0.0016260163,-0.0016313214,0.0016313214,3.5272727273
0.4285714286,0.0040072908,0.0018169643,0.0016339869,-0.0016286645,0.0016339869,-0.0016286645,-0.9532246634
0.4800000000,0.0033907845,0.0016823744,0.0000000000,0.0000000000,0.0000000000,0.0000000000,0.5959595960
0.4090909091,0.0028691254,0.0015577540,0.0000000000,0.0000000000,0.0000000000,0.0000000000,-1.0000000000
0.4090909091,0.0190517301,0.0180500326,-0.0081566069,-0.0032626427,-0.0163132137,-0.0163132137,-1.0000000000
0.3365384615,0.0127616180,0.0133519584,-0.0082236842,-0.0098199673,0.0000000000,0.0033167496,2.6589630717
0.3284671533,0.0107982922,0.0123629245,0.0033167496,0.0000000000,0.0033167496,0.0000000000,-0.7065133844
0.3000000000,0.0158534026,0.0181789137,-0.0082644628,-0.0066115702,-0.0082644628,-0.0066115702,-0.7975404236
0.3181818182,0.0184984364,0.0219334930,0.0016666667,0.0000000000,-0.0033333333,-0.0049916805,0.3650168729
0.3333333333,0.0173537836,0.0220178498,-0.0066555740,-0.0066555740,-0.0033444816,-0.0016722408,8.2463947260
0.2658227848,0.0146839707,0.0203868980,-0.0016750419,0.0000000000,0.0000000000,0.0000000000,0.4167817833
0.2903225806,0.0090445147,0.0154748316,0.0016778523,0.0033500838,0.0016778523,0.0033500838,0.1488645656
0.3048780488,0.0144271890,0.0211475633,0.0000000000,-0.0033388982,-0.0033500838,-0.0066777963,-0.5954225641
0.3030303030,0.0105092866,0.0178703706,-0.0016750419,-0.0016750419,0.0016806723,0.0016806723,-0.9512789281
0.3030303030,0.0122894176,0.0199693554,-0.0067114094,0.0000000000,-0.0251677852,-0.0033557047,24.7638888889
0.2941176471,0.0070081382,0.0150723917,0.0050675676,0.0000000000,0.0206540448,0.0033670034,-0.9666307278
0.3043478261,0.0008919165,0.0088776749,0.0016806723,0.0050335570,0.0050590219,0.0050335570,23.9321486268
0.3333333333,0.0007546986,0.0082200694,0.0050335570,0.0000000000,0.0016778523,0.0000000000,-0.5573770492
0.4166666667,0.0141836143,0.0212505821,0.0000000000,0.0000000000,-0.0100502513,-0.0133555927,3.1586883326
0.3529411765,0.0068904010,0.0145265838,-0.0100166945,-0.0066777963,0.0016920474,0.0050761421,5.8261757251
0.3750000000,0.0024550697,0.0100496998,0.0016863406,0.0016806723,0.0016891892,0.0033670034,-0.9831423591
0.3757225434,0.0037615304,0.0110015890,0.0033670034,0.0000000000,0.0016863406,-0.0016778523,-0.1208320587
0.4037267081,0.0099725649,0.0170237912,-0.0016778523,-0.0016778523,-0.0050505051,-0.0067226891,-0.0139178845
0.3631284916,0.0170427467,0.0244296875,-0.0117647059,-0.0084033613,-0.0084602369,-0.0084602369,2.5486944248
0.3513513514,0.0161548383,0.0243681495,-0.0068027211,-0.0067796610,-0.0034129693,-0.0017064846,-0.6962314806
0.3811881188,0.0102157495,0.0190790704,0.0051369863,0.0034129693,0.0051369863,0.0034188034,-0.4765957447
0.3823529412,0.0035153969,0.0124912340,-0.0017035775,0.0034013605,-0.0017035775,0.0051107325,9.5071919950
0.4166666667,0.0012774862,0.0098543399,0.0051194539,0.0033898305,0.0051194539,0.0016949153,1.7398369145
0.3755868545,0.0027776972,0.0108347691,0.0033955857,-0.0016891892,-0.0050933786,-0.0016920474,-0.4583767814
0.4117647059,-0.0077404163,-0.0001359157,0.0000000000,0.0118443316,0.0068259386,0.0101694915,-0.1770816621
0.4594594595,-0.0065495830,-0.0001258479,0.0084602369,-0.0033444816,0.0050847458,0.0000000000,-0.0937271531
0.4594594595,0.0028713958,0.0083427252,-0.0033557047,0.0000000000,-0.0101180438,-0.0083892617,-0.1290738948
0.5000000000,0.0058334784,0.0111465614,-0.0101010101,-0.0083892617,-0.0034071550,-0.0033840948,-0.4732617019
0.5077720207,0.0049360202,0.0103208902,0.0017006803,0.0016920474,0.0051282051,0.0000000000,0.3153575615
0.5250000000,0.0024746382,0.0078452673,0.0016977929,-0.0016891892,0.0034013605,0.0016977929,-0.9307486631
0.4642857143,-0.0012915278,0.0038612170,0.0016949153,0.0016920474,0.0016949153,0.0033898305,-0.3178893179
0.4716981132,0.0005973670,0.0052732977,0.0016920474,0.0016891892,0.0000000000,-0.0016891892,13.4754716981
0.5555555556,0.0005054644,0.0048826830,-0.0016891892,-0.0016863406,0.0000000000,0.0000000000,-0.5892857143
0.5263157895,0.0004277006,0.0045210028,-0.0033840948,-0.0016891892,-0.0050761421,0.0000000000,0.6877181847
0.5360824742,0.0054657878,0.0093095123,0.0016977929,-0.0016920474,0.0000000000,-0.0050761421,0.1479879654
0.5102040816,0.0046248974,0.0086199188,0.0000000000,0.0000000000,-0.0017006803,0.0000000000,2.0135954136
0.5555555556,-0.0028698238,0.0011707211,-0.0067796610,0.0033898305,-0.0017035775,0.0068027211,-0.6481139254
0.5416666667,0.0026526979,0.0061829008,0.0102389078,0.0000000000,0.0034129693,-0.0050675676,-0.6294408403
0.4545454545,-0.0028343517,0.0006283293,-0.0033783784,0.0000000000,0.0034013605,0.0050933786,-0.7215506461
0.4716981132,-0.0074282221,-0.0044631638,0.0050847458,0.0050675676,0.0033898305,0.0050675676,24.1901197605
0.5360824742,-0.0046124986,-0.0024560146,0.0033726813,0.0000000000,0.0016891892,-0.0016806723,-0.8382361681
0.5652173913,-0.0055769962,-0.0039509379,0.0000000000,0.0000000000,-0.0050590219,0.0016835017,7.6131520940
0.5384615385,-0.0047189968,-0.0036582758,0.0000000000,0.0000000000,0.0084745763,0.0000000000,-0.9877585839
0.5652173913,-0.0023162178,-0.0017094932,0.0000000000,0.0000000000,-0.0016806723,-0.0016806723,16.3275261324
0.6043956044,-0.0019598766,-0.0015828641,-0.0016806723,0.0016806723,0.0000000000,0.0000000000,-0.2063140961
0.5789473684,-0.0050084969,-0.0048164014,0.0033670034,0.0033557047,0.0033670034,0.0033670034,3.0040537117
0.5652173913,0.0007996231,0.0005768296,0.0000000000,-0.0016722408,-0.0050335570,-0.0050335570,-0.1211718552
0.5416666667,-0.0076902571,-0.0078315683,-0.0050335570,0.0016750419,-0.0118043845,0.0084317032,0.3713730290
0.6000000000,0.0001830470,-0.0005662767,0.0033726813,-0.0033444816,0.0119453925,-0.0066889632,-0.5505328923
0.5555555556,-0.0015260467,-0.0022041213,-0.0033613445,-0.0016778523,0.0000000000,0.0016835017,-0.6417474594
0.5102040816,-0.0029669560,-0.0037152812,0.0033726813,0.0016806723,0.0033726813,0.0016806723,-0.3518095859
0.5039370079,-0.0008340483,-0.0017651845,0.0016806723,0.0000000000,-0.0033613445,-0.0016778523,19.8838028169
0.5200000000,0.0009765804,0.0000463200,-0.0050335570,0.0000000000,0.0000000000,-0.0016806723,-0.8387648433
0.5217391304,-0.0042029408,-0.0049824523,0.0033726813,0.0016778523,0.0033726813,0.0050505051,-0.0984463699
0.5200000000,-0.0068833585,-0.0079368763,0.0016806723,0.0033500838,0.0000000000,0.0033500838,3.7216238608
0.5384615385,-0.0008201405,-0.0023523939,0.0000000000,-0.0050083472,-0.0050420168,-0.0050083472,0.3104404281
0.5185185185,-0.0073560053,-0.0088302882,0.0000000000,0.0067114094,0.0033783784,0.0067114094,-0.1843549985
0.5172413793,-0.0078778491,-0.0098264820,0.0067114094,0.0016666667,0.0067340067,0.0016666667,-0.8010966280
0.4973821990,-0.0033492308,-0.0057900755,-0.0016666667,0.0000000000,0.0000000000,-0.0033277870,0.3146252889
0.5100000000,-0.0028339645,-0.0053611810,0.0000000000,0.0000000000,0.0000000000,0.0000000000,-0.0887744852
0.5246913580,-0.0007297392,-0.0033001168,-0.0033388982,-0.0049916805,-0.0050167224,-0.0016694491,0.4814661706
0.5000000000,-0.0006174716,-0.0030556637,-0.0016750419,0.0000000000,0.0016806723,0.0000000000,1.4581899358
0.5555555556,-0.0005224760,-0.0028293183,0.0067114094,0.0033444816,0.0033557047,0.0000000000,-0.3098607537
0.5789473684,0.0012322063,-0.0009490854,-0.0050000000,-0.0050000000,-0.0033444816,-0.0016722408,-0.3023192061
0.6250000000,0.0027222378,0.0007975951,-0.0016750419,0.0000000000,0.0000000000,-0.0016750419,1.0179174853
0.6250000000,-0.0027164516,-0.0042735320,0.0000000000,0.0033500838,-0.0016778523,0.0050335570,-0.3172365449
0.6190476190,-0.0022985360,-0.0039569741,0.0033557047,0.0033388982,0.0016806723,0.0000000000,2.2041980379
0.6097560976,-0.0069186115,-0.0086289951,0.0033444816,0.0049916805,0.0067114094,0.0050083472,-0.9389596981
0.6321839080,-0.0107838583,-0.0129088691,0.0050000000,0.0066225166,0.0033333333,0.0049833887,9.3732866725
0.6913580247,-0.0041868869,-0.0070288326,0.0033167496,-0.0049342105,-0.0033222591,-0.0049586777,0.4561709306
0.6097560976,-0.0117508003,-0.0146918013,-0.0082644628,0.0049586777,0.0000000000,0.0083056478,7.9037184339
0.6862745098,-0.0212302798,-0.0248490822,0.0150000000,0.0098684211,0.0150000000,0.0115321252,-0.9936380175
0.7368421053,-0.0147548152,-0.0198156264,0.0032840722,0.0000000000,0.0016420361,-0.0032573290,2.3500340832
0.7241379310,-0.0092470890,-0.0151292705,-0.0016366612,-0.0016286645,-0.0016393443,-0.0032679739,0.1138467799
0.7000000000,-0.0094483152,-0.0156223177,0.0000000000,0.0000000000,0.0016420361,0.0016393443,-0.4132261600
0.6707317073,-0.0047369112,-0.0112285412,-0.0016393443,-0.0065252855,-0.0114754098,-0.0032733224,1.2984122042
0.6666666667,0.0109317220,0.0044472507,-0.0049261084,-0.0049261084,-0.0082918740,-0.0147783251,0.7981036234
0.5365853659,-0.0007426548,-0.0058239359,-0.0115511551,0.0000000000,0.0000000000,0.0100000000,12.5266488380
0.5263157895,-0.0022748114,-0.0070310958,0.0100166945,0.0049504950,0.0117056856,0.0016501650,-0.9798562593
0.5078125000,0.0013745816,-0.0032260104,0.0033057851,0.0000000000,0.0000000000,-0.0032948929,1.5106441803
0.5270270270,0.0011631075,-0.0029870466,-0.0032948929,-0.0065681445,0.0000000000,0.0000000000,-0.9848584958
0.5348837209,-0.0006676212,-0.0044113849,0.0016528926,0.0016528926,0.0016528926,0.0016528926,1.1672727273
0.5121951220,0.0060758545,0.0025327623,-0.0049504950,-0.0049504950,-0.0066006601,-0.0066006601,13.0453020134
0.5000000000,0.0101752033,0.0073652428,-0.0033167496,-0.0033167496,-0.0049833887,-0.0049833887,-0.5374507227
0.4827586207,0.0119887147,0.0101925995,-0.0033277870,-0.0033277870,-0.0033388982,-0.0033388982,0.3879132231
0.4090909091,0.0017543942,0.0010535590,0.0050083472,0.0050083472,0.0083752094,0.0083752094,4.3485299591
0.4495412844,-0.0083985832,-0.0089025303,0.0066445183,0.0099667774,0.0066445183,0.0099667774,-0.9741154368
0.4761904762,-0.0103618820,-0.0114947456,0.0066006601,0.0032894737,0.0066006601,0.0032894737,23.0053763441
0.4883720930,-0.0184226059,-0.0202798744,0.0098360656,0.0098360656,0.0098360656,0.0098360656,-0.9877939530
0.4909090909,-0.0171838396,-0.0203679732,0.0016233766,0.0016233766,0.0016233766,0.0016233766,1.5000000000
0.5600000000,-0.0145401720,-0.0188592344,0.0000000000,0.0000000000,0.0000000000,0.0000000000,-1.0000000000
0.5333333333,-0.0090912004,-0.0142670094,-0.0032414911,-0.0032414911,-0.0032414911,-0.0032414911,-1.0000000000
0.5737704918,-0.0060764183,-0.0116030444,-0.0016260163,-0.0016260163,-0.0016260163,-0.0016260163,-0.9748433148
0.5932203390,-0.0051415847,-0.0107435596,0.0000000000,0.0000000000,0.0000000000,0.0000000000,-0.0449826990
0.5932203390,-0.0043505717,-0.0099477404,0.0000000000,0.0000000000,0.0000000000,0.0000000000,-1.0000000000
0.6250000000,-0.0036812530,-0.0092108707,0.0000000000,0.0000000000,0.0000000000,0.0000000000,-1.0000000000
0.6666666667,-0.0031149063,-0.0085285840,-0.0016286645,0.0000000000,-0.0016286645,0.0000000000,2.5931034483
0.7058823529,0.0006236705,-0.0046546698,-0.0016313214,-0.0032573290,-0.0016313214,-0.0032573290,-0.9464971209
0.7058823529,0.0005277212,-0.0043098795,0.0000000000,0.0000000000,0.0000000000,0.0000000000,-1.0000000000
0.6923076923,0.0004465333,-0.0039906292,0.0000000000,0.0000000000,0.0000000000,0.0000000000,-1.0000000000
0.6428571429,0.0053058055,0.0012128793,0.0032679739,0.0098039216,-0.0049019608,-0.0049019608,33.5850000000
0.6363636364,0.0044895277,0.0011230364,-0.0081433225,-0.0145631068,0.0000000000,0.0000000000,-1.0000000000
0.3333333333,0.0037988312,0.0010398485,0.0016420361,0.0016420361,0.0000000000,0.0000000000,-1.0000000000
0.0000000000,-0.0000694486,-0.0023136514,0.0016393443,0.0016393443,0.0032840722,0.0032840722,6.2513426423
0.5000000000,-0.0016926551,-0.0037727563,0.0016366612,0.0016366612,0.0016366612,0.0016366612,-0.4291216116
0.4285714286,-0.0030612315,-0.0051189155,0.0016339869,0.0016339869,0.0016339869,0.0016339869,-0.9499221588
0.3478260870,-0.0042147186,-0.0063606817,0.0016313214,0.0016313214,0.0016313214,0.0016313214,0.3367875648
0.3333333333,-0.0035663004,-0.0058895201,0.0000000000,0.0000000000,0.0000000000,0.0000000000,-1.0000000000
0.3333333333,-0.0030176388,-0.0054532593,0.0000000000,0.0000000000,0.0000000000,0.0000000000,-1.0000000000
0.3333333333,-0.0025533867,-0.0050493142,0.0000000000,0.0000000000,0.0000000000,0.0000000000,-1.0000000000
0.3333333333,-0.0181515746,-0.0206260074,0.0114006515,0.0162866450,0.0114006515,0.0162866450,-1.0000000000
0.5000000000,-0.0216306233,-0.0253459375,0.0048309179,0.0064102564,0.0048309179,0.0064102564,4.4815600955
0.5135135135,-0.0260571571,-0.0311819799,0.0144230769,0.0079617834,0.0144230769,0.0079617834,-0.7463213940
0.5333333333,-0.0235908741,-0.0304039509,0.0063191153,0.0063191153,0.0015797788,0.0015797788,-0.3625262355
0.9900990099,-0.0199615089,-0.0281518064,-0.0047095761,-0.0047095761,0.0000000000,0.0000000000,-1.0000000000
0.9900990099,-0.0184387114,-0.0276002410,0.0000000000,0.0015772871,0.0000000000,0.0015772871,-1.0000000000
0.9900990099,-0.0124917243,-0.0224769660,0.0000000000,-0.0015748031,-0.0031545741,-0.0031496063,46.2295597484
0.6000000000,-0.0090043667,-0.0192626574,-0.0031545741,-0.0031545741,0.0000000000,-0.0015797788,-0.8353419003
0.6865671642,-0.0060463680,-0.0162792738,0.0000000000,0.0015822785,-0.0015822785,-0.0015822785,-0.7614233724
0.7333333333,-0.0051161576,-0.0150734016,-0.0015822785,-0.0031595577,0.0000000000,0.0000000000,2.4093220339
0.7590361446,-0.0011631711,-0.0108215810,-0.0047543582,-0.0031695721,-0.0047543582,-0.0031695721,-0.8053691275
0.7368421053,0.0022024315,-0.0068621515,-0.0015923567,-0.0031796502,-0.0015923567,-0.0031796502,-0.2656449553
0.7241379310,0.0018635959,-0.0063538439,0.0000000000,0.0000000000,0.0000000000,0.0000000000,-1.0000000000
0.7241379310,-0.0016077753,-0.0090441326,0.0031897927,0.0031897927,0.0031897927,0.0031897927,-1.0000000000
0.6190476190,-0.0013604253,-0.0083741968,0.0000000000,0.0000000000,0.0000000000,0.0000000000,-1.0000000000
0.5844155844,-0.0011511291,-0.0077538860,0.0000000000,0.0000000000,0.0000000000,0.0000000000,-1.0000000000
0.4545454545,-0.0025597878,-0.0087554296,0.0015898251,0.0015898251,0.0015898251,0.0015898251,-1.0000000000
0.4545454545,-0.0021659743,-0.0081068792,0.0000000000,0.0000000000,0.0000000000,0.0000000000,-1.0000000000
0.4545454545,0.0029431724,-0.0027575963,0.0000000000,0.0000000000,-0.0047619048,-0.0047619048,-1.0000000000
0.4500000000,0.0008940544,-0.0041416208,-0.0031746032,-0.0031746032,0.0015948963,0.0015948963,0.0542857143
0.4255319149,0.0007565075,-0.0038348341,0.0000000000,0.0000000000,0.0000000000,0.0000000000,-1.0000000000
0.4000000000,0.0006401218,-0.0035507723,0.0000000000,0.0000000000,0.0000000000,0.0000000000,-1.0000000000
0.3636363636,-0.0026346812,-0.0064519180,0.0031847134,0.0031847134,0.0031847134,0.0031847134,-1.0000000000
0.3913043478,-0.0006430648,-0.0043936706,-0.0015873016,-0.0015873016,-0.0015873016,-0.0015873016,-0.9843807200
0.4285714286,-0.0005441317,-0.0040682135,0.0000000000,0.0000000000,0.0000000000,0.0000000000,0.7890625000
0.4285714286,-0.0083432234,-0.0116235926,0.0063593005,0.0079491256,0.0063593005,0.0079491256,1.3624454148
0.5238095238,-0.0070596506,-0.0107625857,0.0015797788,0.0000000000,0.0015797788,0.0000000000,-1.0000000000
0.5294117647,-0.0044032085,-0.0084013214,-0.0015772871,-0.0015772871,-0.0015772871,-0.0015772871,-1.0000000000
0.5744680851,0.0042063276,0.0001208474,-0.0063191153,-0.0063191153,-0.0078988942,-0.0078988942,3.5600000000
0.4736842105,0.0035592003,0.0001118958,-0.0015898251,-0.0015898251,0.0000000000,0.0000000000,-1.0000000000
0.5161290323,-0.0017570455,-0.0046512435,0.0047770701,0.0047770701,0.0047770701,0.0047770701,-1.0000000000
0.5238095238,-0.0030666569,-0.0058821711,0.0015847861,0.0015847861,0.0015847861,0.0015847861,-0.1380597015
0.5070422535,-0.0025948635,-0.0054464547,0.0000000000,0.0000000000,0.0000000000,0.0000000000,-1.0000000000
0.5409836066,-0.0006143473,-0.0034662196,-0.0015822785,-0.0015822785,-0.0015822785,-0.0015822785,-1.0000000000
0.5789473684,-0.0036777476,-0.0063588798,0.0031695721,0.0031695721,0.0031695721,0.0031695721,0.4845513963
0.5652173913,-0.0062517452,-0.0090189136,0.0015797788,0.0031595577,0.0015797788,0.0031595577,-0.8593155894
0.5652173913,-0.0052899382,-0.0083508459,0.0015772871,0.0000000000,0.0015772871,0.0000000000,-0.6472261735
0.5270270270,0.0002494866,-0.0030221331,-0.0031496063,-0.0031496063,-0.0047244094,-0.0047244094,326.4959677419
0.5098039216,0.0002111040,-0.0027982713,-0.0015797788,-0.0015797788,0.0000000000,0.0000000000,-0.9954074785
0.4444444444,0.0001786265,-0.0025909920,0.0000000000,0.0000000000,0.0000000000,0.0000000000,-1.0000000000
0.4444444444,0.0033262285,0.0007679204,-0.0047468354,-0.0015822785,-0.0047468354,-0.0031645570,-1.0000000000
0.4210526316,0.0044088007,0.0023019930,0.0031796502,0.0000000000,0.0000000000,-0.0015873016,-0.8642720596
0.5333333333,-0.0026121653,-0.0042011094,0.0031695721,0.0031695721,0.0063593005,0.0063593005,-0.9404497158
0.5783132530,-0.0022102937,-0.0038899161,0.0000000000,0.0000000000,0.0000000000,0.0000000000,-1.0000000000
0.5625000000,-0.0018702485,-0.0036017742,0.0000000000,0.0000000000,0.0000000000,0.0000000000,-1.0000000000
0.6037735849,-0.0015825180,-0.0033349761,0.0000000000,0.0000000000,0.0000000000,0.0000000000,-1.0000000000
0.6037735849,-0.0029142287,-0.0046603573,0.0000000000,0.0015797788,0.0000000000,0.0015797788,0.5343035343
0.5294117647,-0.0024658858,-0.0043151457,0.0015797788,0.0000000000,0.0015797788,0.0000000000,-1.0000000000
0.5384615385,-0.0020865187,-0.0039955052,0.0000000000,0.0000000000,0.0000000000,0.0000000000,-1.0000000000
0.5555555556,0.0029804484,0.0010372273,-0.0047318612,-0.0047318612,-0.0047318612,-0.0047318612,-1.0000000000
0.5263157895,0.0025219179,0.0009603957,0.0000000000,0.0000000000,0.0000000000,0.0000000000,-1.0000000000
0.5555555556,0.0037246193,0.0024779684,-0.0015847861,-0.0015847861,-0.0015847861,-0.0015847861,-1.0000000000
0.5882352941,-0.0000229294,-0.0008774026,0.0031746032,0.0031746032,0.0031746032,0.0031746032,0.8215488215
0.5714285714,-0.0047437196,-0.0055329811,-0.0015822785,0.0047468354,-0.0015822785,0.0047468354,6.9833641405
0.6000000000,0.0007138654,-0.0004006139,0.0015847861,-0.0047244094,0.0015847861,-0.0047244094,-0.0815003473
0.5172413793,-0.0009766931,-0.0019501316,0.0015822785,0.0015822785,0.0015822785,0.0015822785,-0.9584068566
0.4285714286,-0.0071006779,-0.0080737736,0.0063191153,0.0063191153,0.0063191153,0.0063191153,2.2787878788
0.4852941176,0.0002728825,-0.0012038409,-0.0062794349,-0.0062794349,-0.0062794349,-0.0062794349,7.7818853974
0.4444444444,0.0018135444,0.0004658472,-0.0015797788,-0.0015797788,-0.0015797788,-0.0015797788,0.0079983161
0.4782608696,0.0047140123,0.0036073126,0.0000000000,0.0000000000,-0.0031645570,-0.0031645570,1.2589267070
0.5172413793,-0.0163095939,-0.0169451545,-0.0031645570,0.0189873418,0.0000000000,0.0206349206,2.0904973193
0.6634615385,-0.0122642892,-0.0141567647,0.0190476190,-0.0031055901,0.0190476190,-0.0015552100,-0.9843268627
0.6822033898,-0.0057313603,-0.0084748202,0.0015576324,0.0015576324,-0.0046728972,-0.0046728972,0.0553435115
0.6822033898,-0.0017251216,-0.0047319758,-0.0077760498,-0.0046656299,-0.0046948357,-0.0031298905,26.7576853526
0.6840148699,-0.0014597182,-0.0043814591,-0.0015673981,-0.0046875000,0.0015723270,0.0000000000,-1.0000000000
0.6680497925,0.0050761641,0.0022365727,-0.0062794349,-0.0062794349,-0.0062794349,-0.0062794349,-1.0000000000
0.6774193548,0.0090775739,0.0068426668,-0.0047393365,-0.0047393365,-0.0047393365,-0.0047393365,-0.0452079566
0.7012987013,0.0076810241,0.0063358026,0.0000000000,0.0000000000,0.0000000000,0.0000000000,-1.0000000000
0.7058823529,0.0064993281,0.0058664839,0.0000000000,0.0000000000,0.0000000000,0.0000000000,-1.0000000000
0.7727272727,0.0054994315,0.0054319295,0.0000000000,0.0000000000,0.0000000000,0.0000000000,-1.0000000000
0.8387096774,0.0030612044,0.0034368075,0.0047619048,0.0047619048,0.0015873016,0.0015873016,-1.0000000000
0.7538461538,0.0025902499,0.0031822292,-0.0031595577,-0.0031595577,0.0000000000,0.0000000000,-1.0000000000
0.7368421053,0.0021917499,0.0029465085,0.0000000000,0.0000000000,0.0000000000,0.0000000000,-1.0000000000
0.7291666667,0.0034448030,0.0043198808,-0.0015847861,-0.0015847861,-0.0015847861,-0.0015847861,-1.0000000000
0.3000000000,0.0029148333,0.0039998896,0.0000000000,0.0000000000,0.0000000000,0.0000000000,-1.0000000000
0.2777777778,0.0024663974,0.0037036015,0.0000000000,0.0000000000,0.0000000000,0.0000000000,-1.0000000000
0.2857142857,0.0068816260,0.0082303576,-0.0079365079,-0.0047619048,-0.0079365079,-0.0047619048,-1.0000000000
0.2666666667,0.0155410101,0.0173561672,-0.0048000000,-0.0079744817,-0.0064000000,-0.0095693780,-0.9629336438
0.2272727273,0.0098975973,0.0128086615,-0.0048231511,0.0016077170,-0.0032206119,0.0032206119,23.6815326633
0.3157894737,0.0083748900,0.0118598718,0.0064620355,0.0000000000,0.0064620355,0.0000000000,-1.0000000000
0.3103448276,0.0054725248,0.0093612003,-0.0016051364,0.0016051364,-0.0016051364,0.0016051364,-1.0000000000
0.2857142857,0.0127455462,0.0168153369,-0.0080385852,-0.0080128205,-0.0080385852,-0.0080128205,-0.5937349398
0.2622950820,0.0124202669,0.0172130731,-0.0032414911,-0.0016155089,-0.0032414911,-0.0016155089,96.6156583630
0.2941176471,0.0170925801,0.0225565195,-0.0016260163,-0.0032362460,-0.0016260163,-0.0064724919,-0.8607728764
0.3103448276,0.0078968491,0.0142779919,0.0032573290,0.0064935065,0.0032573290,0.0065146580,0.7357074278
0.4117647059,0.0066819493,0.0132203629,0.0048701299,-0.0016129032,0.0032467532,0.0000000000,0.5906165141
0.4117647059,0.0024099120,0.0089757830,0.0000000000,0.0016155089,0.0016181230,0.0032362460,-0.0925358035
0.3719008264,0.0020391563,0.0083109102,0.0016155089,0.0000000000,0.0016155089,0.0000000000,-1.0000000000
0.3719008264,0.0033437363,0.0093232279,-0.0016129032,-0.0016129032,-0.0016129032,-0.0016129032,-1.0000000000
0.4029850746,0.0012118487,0.0070057916,0.0000000000,0.0016155089,0.0000000000,0.0016155089,-0.6448039277
0.3703703704,0.0010254105,0.0064868441,0.0016155089,0.0000000000,0.0016155089,0.0000000000,-1.0000000000
0.4210526316,0.0008676550,0.0060063371,0.0000000000,0.0000000000,0.0000000000,0.0000000000,-1.0000000000
0.4210526316,0.0007341696,0.0055614232,0.0000000000,0.0000000000,0.0000000000,0.0000000000,-1.0000000000
0.4210526316,0.0054864776,0.0100367405,-0.0048387097,-0.0048387097,-0.0048387097,-0.0048387097,-1.0000000000
0.4545454545,0.0046424041,0.0092932783,-0.0016207455,0.0048622366,-0.0016207455,0.0000000000,17.2818725100
0.5090909091,0.0039281881,0.0086048873,0.0016233766,-0.0048387097,0.0000000000,0.0000000000,-0.6706619450
0.4666666667,0.0049526240,0.0096037991,0.0000000000,0.0000000000,-0.0016233766,-0.0016207455,5.6090984285
0.5833333333,0.0107540196,0.0154864746,-0.0032414911,-0.0032414911,-0.0048780488,-0.0064935065,11.2461954345
0.4000000000,0.0025469605,0.0077527093,-0.0048780488,0.0016260163,0.0000000000,0.0065359477,-0.1098148224
0.5090909091,0.0037846410,0.0088161230,0.0049019608,0.0000000000,0.0049019608,-0.0016233766,-0.8514368634
0.5555555556,0.0048362686,0.0098050363,-0.0016260163,-0.0032467532,-0.0032520325,-0.0016260163,-0.6033939169
0.5769230769,0.0057302244,0.0107248690,0.0000000000,0.0000000000,-0.0065252855,-0.0016286645,-0.0028836412
0.5769230769,0.0048486514,0.0099304343,-0.0032573290,0.0000000000,0.0032840722,0.0000000000,-0.5062920119
0.6857142857,-0.0024068749,0.0026522544,0.0032679739,0.0065146580,0.0049099836,0.0065252855,-0.2884508826
0.6857142857,0.0012088230,0.0057158099,0.0048859935,-0.0016181230,0.0016286645,-0.0032414911,0.6012904661
0.6829268293,0.0092279556,0.0135325184,-0.0032414911,0.0000000000,-0.0097560976,-0.0081300813,0.1034458802
0.6400000000,0.0078082701,0.0125301096,-0.0113821138,-0.0113452188,-0.0016420361,0.0000000000,-0.6220487313
0.6511627907,0.0066069978,0.0116019533,0.0032894737,0.0000000000,0.0032894737,0.0000000000,2.6893220057
0.6511627907,0.0006692126,0.0057960116,0.0000000000,0.0049180328,0.0000000000,0.0049180328,-0.8696888969
0.6311475410,0.0022011690,0.0070094334,0.0032786885,-0.0016313214,-0.0032786885,-0.0016313214,7.9324324324
0.6311475410,-0.0014008682,0.0032117464,0.0016339869,0.0032679739,0.0082236842,0.0032679739,-0.9337833120
0.6393442623,-0.0044282548,-0.0002825693,0.0016313214,0.0032573290,-0.0048939641,0.0032573290,2.1985940246
0.6000000000,-0.0053616574,-0.0018819598,0.0016286645,0.0016233766,0.0081967213,0.0016233766,-0.9071428571
0.5454545455,-0.0045367871,-0.0017425553,0.0032520325,0.0000000000,0.0032520325,0.0000000000,-1.0000000000
0.5161290323,-0.0102553170,-0.0080443082,0.0016207455,0.0064829822,0.0016207455,0.0064829822,-1.0000000000
0.5000000000,-0.0086775759,-0.0074484335,0.0048543689,0.0000000000,0.0048543689,0.0000000000,-1.0000000000
0.5000000000,-0.0073425642,-0.0068966977,-0.0016103060,0.0000000000,-0.0016103060,0.0000000000,-1.0000000000
