0.3750000000,0.0068328078,-0.0043795620,-0.0043795620,-0.0057971014,0.0000000000,0.0043988270,0.0983908955
0.4000000000,0.0043154527,-0.0055069647,0.0073313783,0.0043731778,0.0029325513,0.0014598540,-0.2778185962
0.3488372093,0.0080599624,-0.0007290518,-0.0029112082,-0.0014513788,-0.0043859649,-0.0043731778,3.6319373793
0.2790697674,0.0082962438,0.0007902379,-0.0029197080,-0.0072674419,-0.0029368576,-0.0014641288,0.0776375242
0.3076923077,0.0129610189,0.0066357236,-0.0029282577,0.0000000000,-0.0058910162,-0.0058651026,0.8189161758
0.3157894737,0.0215136168,0.0166404766,-0.0029368576,-0.0043923865,-0.0133333333,-0.0103244838,-0.3746483962
0.2289719626,0.0136717651,0.0108882292,-0.0147275405,-0.0044117647,0.0045045045,0.0044709389,-0.7428096030
0.2702702703,0.0085756106,0.0070932863,0.0074738416,0.0000000000,0.0044843049,0.0029673591,1.1246551969
0.2758620690,0.0117462842,0.0110547872,0.0000000000,-0.0029542097,-0.0014880952,-0.0044378698,-0.7541006645
0.2996108949,0.0054571850,0.0057526186,0.0029673591,0.0044444444,0.0044709389,0.0044576523,-0.2391138689
0.3636363636,0.0121035914,0.0128177543,-0.0014792899,-0.0044247788,-0.0059347181,-0.0073964497,1.5191000787
0.3684210526,0.0087381649,0.0103625346,-0.0014814815,0.0014814815,0.0000000000,0.0014903130,-0.0135881526
0.3684210526,0.0029165259,0.0051078509,-0.0029673591,0.0029585799,-0.0014925373,0.0044642857,0.2684102948
0.3735408560,0.0039551706,0.0062201881,0.0044642857,-0.0014749263,0.0044843049,-0.0014814815,-0.3764341402
0.3872340426,0.0123587788,0.0147932008,-0.0029629630,-0.0044313146,-0.0059523810,-0.0089020772,-0.2400815316
0.3902439024,0.0074411374,0.0106714457,-0.0029717682,0.0014836795,0.0014970060,0.0029940120,0.6936248683
0.3769230769,0.0033014174,0.0068753702,0.0000000000,-0.0014814815,0.0014947683,0.0029850746,0.5203552086
0.3453237410,0.0133492281,0.0169594107,0.0014903130,-0.0014836795,-0.0119402985,-0.0104166667,0.8655387935
0.3210702341,0.0128185361,0.0172328315,-0.0089285714,-0.0044576523,0.0015105740,-0.0015037594,-0.2849949396
0.3735408560,0.0093263838,0.0144285716,-0.0015015015,-0.0029850746,0.0015082956,0.0015060241,-0.0467175679
0.3428571429,0.0063782048,0.0118382272,0.0000000000,0.0000000000,0.0000000000,0.0015037594,-0.0576966683
0.3263598326,0.0038896008,0.0094456374,0.0015037594,0.0000000000,0.0015060241,0.0015015015,-0.6664984825
0.3043478261,0.0047976439,0.0102605941,-0.0015015015,0.0000000000,-0.0015037594,-0.0014992504,1.0159901313
0.3098591549,0.0010533786,0.0064780934,0.0045112782,0.0074850299,0.0030120482,0.0030030030,1.1256941638
0.3367875648,0.0038970000,0.0090192503,0.0000000000,-0.0044576523,0.0000000000,-0.0029940120,-0.8353492616
0.3636363636,-0.0026923741,0.0023311508,0.0000000000,0.0014925373,-0.0015015015,0.0060060060,4.6991588323
0.3823529412,0.0052235053,0.0096934991,0.0000000000,-0.0014903130,0.0000000000,-0.0074626866,-0.5858482375
0.3362068966,0.0104980730,0.0150812138,-0.0059880240,-0.0044776119,-0.0165413534,-0.0060150376,1.3955529468
0.3577981651,0.0043247786,0.0093829238,-0.0045180723,0.0059970015,0.0091743119,0.0045385779,0.1137746559
0.3750000000,-0.0023505087,0.0026478451,0.0015128593,0.0000000000,0.0030303030,0.0060240964,-0.1346543677
0.4067796610,-0.0004926234,0.0039546345,0.0060422961,-0.0044709389,-0.0060422961,-0.0014970060,0.6026730588
0.4948453608,-0.0019132172,0.0021592111,-0.0030030030,0.0044910180,0.0045592705,0.0014992504,-0.2522019277
0.4497354497,0.0043954680,0.0080354097,0.0075301205,0.0014903130,0.0045385779,-0.0059880240,-0.4039435738
0.4465116279,0.0113347144,0.0150838982,-0.0074738416,-0.0074404762,-0.0090361446,-0.0075301205,-0.5222217515
0.4430379747,0.0065361742,0.0108985949,-0.0060240964,-0.0059970015,-0.0030395137,0.0030349014,8.1091602377
0.4590163934,0.0241228544,0.0287678640,-0.0045454545,-0.0045248869,-0.0152439024,-0.0181543116,-0.8158482925
0.3612903226,0.0299333721,0.0362167268,-0.0121765601,-0.0166666667,-0.0046439628,-0.0092449923,-0.4487228284
0.3648208469,0.0127281982,0.0208331275,-0.0030816641,0.0046224961,0.0062208398,0.0124416796,-0.7745771163
0.4095744681,0.0030659741,0.0115209548,0.0061823802,0.0061349693,0.0061823802,0.0076804916,21.3215075719
0.4203655352,0.0056603233,0.0137582771,0.0061443932,0.0015243902,0.0030721966,-0.0030487805,0.2274981229
0.4410958904,0.0047895044,0.0127391455,-0.0015267176,-0.0030441400,-0.0030627871,0.0000000000,-0.1947710795
0.4339622642,0.0086796283,0.0164581572,0.0000000000,0.0000000000,0.0000000000,-0.0045871560,-0.8323551641
0.4590163934,0.0042590197,0.0121295734,-0.0045871560,-0.0030534351,-0.0030721966,0.0030721966,25.4583323749
0.4329896907,0.0207994894,0.0285574758,-0.0015360983,-0.0015313936,-0.0107858243,-0.0168453292,-0.7273037080
0.3695014663,0.0097355837,0.0185097880,-0.0123076923,-0.0046012270,-0.0031152648,0.0077881620,-0.5907433148
0.4173441734,0.0082378016,0.0171386926,0.0062305296,0.0000000000,0.0031250000,0.0000000000,-0.0359106984
0.4036697248,0.0100928365,0.0190191417,0.0015479876,0.0000000000,0.0031152648,-0.0030911901,0.2657234737
0.4230769231,0.0023241288,0.0113384500,0.0000000000,0.0030816641,-0.0015527950,0.0062015504,-0.3880345481
0.4444444444,-0.0117381394,-0.0033228441,0.0061823802,0.0122887865,0.0031104199,0.0138674884,0.4148855161
0.5339805825,-0.0008212191,0.0060974332,0.0061443932,-0.0015174507,0.0108527132,-0.0091185410,-0.3620519323
0.5339805825,0.0023799073,0.0087400662,-0.0015267176,-0.0045592705,-0.0030674847,-0.0030674847,0.0136022189
0.5357142857,-0.0010598942,0.0050003451,-0.0076452599,0.0687022901,-0.0030769231,0.0030769231,10.7302837858
0.5038167939,-0.0039521949,0.0015576864,0.0061633282,-0.0628571429,0.0046296296,0.0030674847,-0.8664188766
0.4545454545,0.0012487191,0.0060572437,-0.0030627871,-0.0060975610,-0.0015360983,-0.0045871560,-0.7286803656
0.4705882353,-0.0004787544,0.0040662145,0.0015360983,0.0015337423,0.0030769231,0.0015360983,-0.5676625188
0.4266211604,-0.0004050999,0.0037650135,-0.0015337423,-0.0015313936,-0.0015337423,0.0000000000,-0.2298244526
0.4440154440,0.0073825495,0.0112410395,-0.0030721966,-0.0046012270,-0.0061443932,-0.0076687117,8.8820070876
0.5156950673,0.0093669177,0.0135414191,0.0000000000,0.0000000000,-0.0046367852,-0.0030911901,0.3943599984
0.5192307692,-0.0013637858,0.0032062003,-0.0030816641,0.0030816641,0.0046583851,0.0093023256,-0.6098982353
0.5454545455,0.0034703146,0.0076120777,0.0061823802,0.0015360983,0.0015455951,-0.0046082949,-0.0890783500
0.5333333333,-0.0001495382,0.0039496101,0.0000000000,0.0000000000,0.0000000000,0.0030864198,-0.2022732506
0.5116279070,-0.0062419664,-0.0024815288,-0.0015360983,0.0046012270,0.0000000000,0.0061538462,1.5737055900
0.4473684211,-0.0022303806,0.0007627246,0.0046153846,-0.0015267176,0.0015432099,-0.0030581040,0.8176690675
0.5000000000,-0.0049395777,-0.0023540372,0.0000000000,0.0030581040,0.0061633282,0.0030674847,-0.2520187239
0.4750000000,-0.0056999791,-0.0037030539,0.0061255743,0.0045731707,0.0015313936,0.0015290520,-0.7008880429
0.4615384615,-0.0093603401,-0.0079723915,-0.0015220700,0.0015174507,0.0000000000,0.0045801527,-0.5397466459
0.4750000000,-0.0064102730,-0.0058710096,0.0015243902,0.0000000000,0.0030581040,-0.0015197568,12.0599691807
0.5107526882,-0.0023872041,-0.0023992838,-0.0030441400,-0.0045454545,-0.0030487805,-0.0030441400,-0.8615272675
0.5454545455,0.0025719908,0.0023694461,0.0000000000,-0.0030441400,-0.0076452599,-0.0045801527,11.0146512343
0.5384615385,0.0099210936,0.0099388615,-0.0091603053,-0.0091603053,-0.0046224961,-0.0076687117,-0.5605557055
0.5384615385,0.0068386067,0.0076452380,0.0015408320,0.0030816641,0.0000000000,0.0015455951,-0.6247999462
0.5044247788,0.0026917857,0.0039802197,0.0000000000,0.0000000000,-0.0015479876,0.0030864198,-0.5948574569
0.4455445545,0.0147671061,0.0161923716,-0.0030769231,-0.0030721966,-0.0046511628,-0.0123076923,4.5780641736
0.3797468354,0.0252712088,0.0278004186,-0.0092592593,-0.0107858243,-0.0140186916,-0.0124610592,1.0543668480
0.3433962264,0.0311417700,0.0355412028,-0.0124610592,-0.0093457944,-0.0078988942,-0.0094637224,-0.2685084864
0.2914979757,0.0198548378,0.0263711254,-0.0110410095,-0.0031446541,-0.0015923567,0.0063694268,-0.0766029159
0.3148788927,0.0216498511,0.0293036437,0.0047846890,-0.0047318612,0.0015948963,-0.0047468354,-0.7716100419
0.3283582090,0.0118842289,0.0206424315,-0.0031746032,0.0063391442,-0.0015923567,0.0063593005,0.0500642277
0.3835616438,0.0100558860,0.0191133625,0.0079617834,0.0047244094,0.0095693780,0.0000000000,-0.0515855363
0.3793103448,0.0101045684,0.0193078388,0.0000000000,-0.0062695925,-0.0015797788,-0.0015797788,0.2878369097
0.3793103448,0.0069567335,0.0162696070,0.0015797788,0.0000000000,0.0000000000,0.0015822785,-0.5577393340
0.3307086614,0.0090746965,0.0182817709,-0.0031545741,0.0000000000,-0.0015822785,-0.0031595577,-0.5494544278
0.3373493976,0.0076785893,0.0169275657,0.0000000000,0.0000000000,-0.0047543582,0.0000000000,3.2131992950
0.3396226415,0.0080948826,0.0172858523,-0.0063291139,-0.0063091483,0.0000000000,-0.0015847861,-0.7823277866
0.3989637306,0.0036632834,0.0127902118,0.0000000000,0.0031746032,0.0000000000,0.0031746032,3.9004911382
0.3989637306,0.0094888714,0.0182876472,0.0047770701,-0.0015822785,0.0000000000,-0.0063291139,-0.2020276846
0.4350282486,0.0048289528,0.0137046480,-0.0015847861,-0.0015847861,0.0031847134,0.0031847134,-0.6266336598
0.4785276074,0.0040860370,0.0126894888,-0.0015873016,0.0000000000,-0.0031746032,0.0000000000,2.6162246490
0.5416666667,0.0050527377,0.0133580315,0.0031796502,0.0015873016,0.0015923567,-0.0015873016,1.1202545298
0.5294117647,0.0042753935,0.0123685477,-0.0047543582,-0.0015847861,-0.0015898251,0.0000000000,-0.8656213439
0.5555555556,0.0052157579,0.0130629519,0.0000000000,0.0000000000,-0.0015923567,-0.0015898251,-0.5269707580
0.5000000000,-0.0003620071,0.0072834622,0.0047770701,0.0015873016,0.0063795853,0.0047770701,1.8370511153
0.5454545455,-0.0003063137,0.0067439465,0.0000000000,0.0000000000,-0.0047543582,0.0000000000,1.9756364149
0.5263157895,0.0045166434,0.0110512948,-0.0031695721,0.0000000000,0.0000000000,-0.0047543582,0.2783458736
0.5384615385,0.0022258741,0.0086265871,-0.0015898251,-0.0015847861,0.0000000000,0.0015923567,-0.6849544890
0.5000000000,-0.0028723439,0.0032028295,0.0015923567,0.0031746032,0.0000000000,0.0047694754,2.7797228515
0.5238095238,0.0007364427,0.0061496006,0.0015898251,0.0015822785,0.0031847134,-0.0031645570,-0.6194179140
0.5000000000,0.0022139596,0.0072929523,-0.0015873016,-0.0031595577,-0.0047619048,-0.0015873016,2.0831611887
0.5294117647,0.0002830753,0.0051547134,-0.0015898251,0.0015847861,0.0015948963,0.0015898251,3.5107035059
0.5555555556,-0.0013456404,0.0031805327,0.0063694268,0.0000000000,0.0015923567,0.0015873016,-0.9263713186
0.5294117647,-0.0042945789,-0.0002239246,-0.0031645570,0.0047468354,-0.0047694754,0.0031695721,6.3735344053
0.5339805825,-0.0036338745,-0.0002073376,0.0063492063,0.0000000000,0.0079872204,0.0000000000,-0.8456533281
0.5116279070,-0.0046472541,-0.0017689635,0.0031545741,0.0031496063,0.0047543582,0.0015797788,-0.3078381130
0.4948453608,-0.0070645803,-0.0047774326,-0.0031446541,0.0015698587,-0.0015772871,0.0031545741,3.8047568335
0.4666666667,-0.0028420048,-0.0012829290,0.0031545741,0.0015673981,0.0015797788,-0.0031446541,-0.2754973877
0.4400000000,-0.0008287935,0.0003900050,-0.0047169811,-0.0062597809,-0.0031545741,-0.0015772871,-0.1017146686
0.4661016949,-0.0007012868,0.0003611158,0.0015797788,-0.0015748031,-0.0079113924,0.0000000000,-0.1405994064
0.5116279070,0.0009879430,0.0019171740,-0.0031545741,0.0000000000,0.0047846890,-0.0015797788,-0.3527829935
0.5434782609,0.0056094142,0.0065531031,0.0000000000,-0.0031545741,-0.0031746032,-0.0047468354,-0.5349739044
0.4565217391,-0.0016026811,-0.0002897697,0.0015822785,0.0047468354,0.0063694268,0.0063593005,-0.7635901937
0.5339805825,-0.0045014499,-0.0034170666,-0.0015797788,0.0000000000,0.0000000000,0.0031595577,3.7480440260
0.5148514851,-0.0100448570,-0.0094039258,0.0063291139,0.0110236220,0.0015822785,0.0062992126,8.9181119955
0.5663716814,-0.0053864630,-0.0055949598,0.0062893082,-0.0015576324,0.0063191153,-0.0031298905,1.7732809939
0.5813953488,-0.0076734015,-0.0082941944,-0.0046875000,-0.0031201248,0.0000000000,0.0031397174,-0.9910513565
0.5813953488,-0.0049356570,-0.0061244488,0.0062794349,0.0031298905,0.0015698587,-0.0015649452,8.0668330875
0.6000000000,-0.0057347347,-0.0072268567,-0.0093603744,-0.0031201248,-0.0047021944,0.0015673981,1.2943458564
0.6000000000,0.0045802102,0.0027237122,0.0015748031,-0.0046948357,-0.0031496063,-0.0093896714,0.4900999280
0.5321637427,0.0007137497,-0.0006355938,-0.0015723270,0.0000000000,0.0000000000,0.0031595577,-0.5653133614
0.5172413793,0.0069469148,0.0057469008,-0.0031496063,-0.0047169811,-0.0031595577,-0.0062992126,-0.9297341451
0.4687500000,0.0058781586,0.0053212044,-0.0015797788,0.0015797788,-0.0031695721,0.0000000000,5.0661553212
0.4687500000,0.0049738265,0.0049270412,-0.0031645570,-0.0031545741,-0.0015898251,0.0000000000,6.7250276592
0.4385964912,0.0026196848,0.0029725782,0.0015873016,0.0015822785,0.0031847134,0.0015847861,-0.9362394824
0.4129032258,0.0022166563,0.0027523872,0.0031695721,0.0000000000,0.0000000000,0.0000000000,1.8764991376
0.3809523810,0.0066540534,0.0073301371,-0.0063191153,0.0000000000,-0.0047619048,-0.0047468354,0.9440276654
0.3846153846,0.0024429350,0.0035960794,0.0031796502,-0.0015797788,0.0047846890,0.0031796502,-0.7862266343
0.3333333333,0.0036576815,0.0049222900,0.0015847861,0.0000000000,0.0000000000,-0.0015847861,-0.7403617086
0.3478260870,0.0015052704,0.0029656669,0.0000000000,0.0015822785,0.0015873016,0.0015873016,3.2346859654
0.3181818182,0.0060568449,0.0075361758,-0.0031645570,-0.0031595577,-0.0047543582,-0.0047543582,-0.6140747070
0.2916666667,0.0035270496,0.0053770217,-0.0031746032,-0.0031695721,-0.0031847134,0.0015923567,1.5021350625
0.2916666667,-0.0001946049,0.0017933713,0.0079617834,0.0079491256,0.0079872204,0.0031796502,0.6299222552
0.3529411765,0.0030144610,0.0048454591,0.0015797788,0.0015772871,-0.0031695721,-0.0031695721,1.0787800054
0.3500000000,0.0041471161,0.0060860370,-0.0063091483,-0.0078740157,-0.0015898251,-0.0015898251,-0.4078872504
0.4117647059,0.0019136942,0.0040364353,0.0000000000,0.0015873016,0.0015923567,0.0015923567,0.2367322506
0.4000000000,-0.0015554248,0.0005560219,0.0000000000,0.0000000000,0.0015898251,0.0031796502,-0.8848794406
0.4166666667,-0.0122734752,-0.0104626004,0.0015873016,0.0110935024,0.0000000000,0.0110935024,15.2409825183
0.5333333333,-0.0119339411,-0.0112373776,0.0110935024,0.0031347962,0.0111111111,0.0015673981,0.4440001090
0.5151515152,-0.0100979502,-0.0104049793,-0.0031347962,0.0000000000,-0.0031397174,0.0000000000,-0.8495699640
0.5483870968,-0.0147121057,-0.0157951468,0.0031446541,0.0046875000,0.0047244094,0.0062597809,5.8700956563
0.5757575758,-0.0139821696,-0.0161552211,0.0047021944,0.0062208398,0.0031347962,0.0015552100,0.2175181349
0.5263157895,-0.0025379418,-0.0056948253,0.0031201248,-0.0046367852,-0.0031250000,-0.0093167702,-0.6403275578
0.4418604651,-0.0037090738,-0.0068296797,-0.0046656299,-0.0046583851,0.0015673981,0.0015673981,-0.2275632004
0.4255319149,0.0015637301,-0.0016366255,-0.0046875000,-0.0015600624,-0.0046948357,-0.0046948357,0.4337751026
0.4418604651,-0.0064874768,-0.0093038854,0.0000000000,0.0015625000,0.0015723270,0.0078616352,-0.9221928330
0.4782608696,0.0054909975,0.0023311857,0.0047095761,0.0000000000,-0.0062794349,-0.0109204368,18.8095814179
0.3928571429,0.0110249348,0.0085214164,-0.0093750000,-0.0109204368,-0.0063191153,-0.0063091483,1.2949446093
0.3548387097,0.0077292208,0.0062929100,-0.0078864353,-0.0047318612,-0.0031796502,0.0015873016,-0.8411391529
0.3548387097,0.0049474832,0.0042352705,0.0047694754,0.0031695721,0.0047846890,0.0015847861,-0.4200643238
0.3442622951,0.0073742250,0.0071085993,-0.0031645570,-0.0015797788,0.0000000000,-0.0031645570,1.4260419976
0.3125000000,0.0030554259,0.0033966502,0.0031746032,0.0031645570,0.0031746032,0.0031746032,-0.1529669492
0.3275109170,-0.0005773694,-0.0000194490,0.0031645570,0.0000000000,0.0031645570,0.0031645570,-0.8734819521
0.3256704981,-0.0020625772,-0.0015927831,0.0015772871,0.0031545741,-0.0015772871,0.0015772871,0.9047883568
0.2845528455,-0.0017452576,-0.0014747991,-0.0015748031,-0.0015723270,-0.0015797788,0.0000000000,1.7492563430
0.2968036530,0.0000982014,0.0002095784,0.0000000000,-0.0015748031,0.0000000000,-0.0015748031,-0.6599838764
0.3532608696,0.0032479134,0.0033592252,-0.0031545741,-0.0031545741,0.0000000000,-0.0031545741,-0.9892057154
0.3870967742,-0.0035583583,-0.0031984767,0.0031645570,0.0110759494,0.0015822785,0.0063291139,208.7167630058
0.4166666667,0.0017141482,0.0017637482,0.0063091483,-0.0015649452,0.0000000000,-0.0047169811,1.9635897577
0.3666666667,-0.0001291417,0.0000532372,-0.0047021944,-0.0047021944,-0.0031595577,0.0015797788,-0.9618124663
0.4166666667,-0.0016839048,-0.0015255871,-0.0015748031,0.0015748031,0.0031695721,0.0015772871,1.1264003897
0.4482758621,0.0033152294,0.0033275495,0.0000000000,-0.0031446541,-0.0047393365,-0.0047244094,5.5104798992
0.4379562044,0.0043944258,0.0046707333,-0.0047318612,-0.0047318612,0.0015873016,-0.0015822785,-0.9560192108
0.4782608696,-0.0010310957,-0.0004275723,0.0031695721,0.0095087163,0.0015847861,0.0047543582,24.7772000000
0.5000000000,-0.0008724656,-0.0003959003,0.0015797788,-0.0047095761,0.0015822785,0.0000000000,0.2550936487
0.5000000000,-0.0023118807,-0.0019408002,0.0015772871,0.0031545741,-0.0047393365,0.0015772871,5.4597561880
0.4782608696,-0.0003820052,-0.0002225846,0.0000000000,0.0000000000,0.0063492063,-0.0015748031,-0.8604725941
0.5217391304,-0.0003232351,-0.0002060968,-0.0015748031,-0.0031446541,0.0000000000,0.0000000000,-0.9975034294
0.5217391304,-0.0002735066,-0.0001908304,0.0000000000,0.0031545741,0.0000000000,0.0000000000,142.9505494505
0.5000000000,-0.0096042591,-0.0095500383,0.0031545741,0.0078616352,0.0015772871,0.0094637224,6.9368296500
0.5714285714,-0.0127543945,-0.0134670015,0.0078616352,0.0031201248,0.0078740157,0.0046875000,-0.6185046432
0.5555555556,-0.0138594910,-0.0155315561,0.0031201248,0.0062208398,0.0046875000,0.0031104199,-0.1600716024
0.5930232558,-0.0101926767,-0.0128506063,0.0000000000,-0.0046367852,-0.0031104199,-0.0015503876,1.8796019751
0.6400000000,-0.0101615887,-0.0134306495,0.0031104199,0.0015527950,0.0015600624,0.0015527950,-0.6442342272
0.6400000000,-0.0055145917,-0.0093640472,0.0000000000,0.0000000000,-0.0015576324,-0.0031007752,0.2899690883
0.6808510638,-0.0015606273,-0.0055773420,-0.0031007752,-0.0015503876,0.0000000000,-0.0031104199,-0.1343978558
0.6400000000,-0.0090502480,-0.0128641730,-0.0015552100,0.0031055901,0.0015600624,0.0078003120,-0.6085307933
0.6666666667,-0.0091916612,-0.0134384564,0.0046728972,0.0015479876,0.0046728972,0.0015479876,-0.3062305192
0.6440677966,-0.0031554053,-0.0078425944,-0.0015503876,-0.0015455951,-0.0015503876,-0.0046367852,-0.0946376812
0.6250000000,-0.0011189007,-0.0057177450,-0.0031055901,-0.0046439628,-0.0031055901,-0.0015527950,-0.2538818633
0.6250000000,-0.0101830016,-0.0144902557,0.0046728972,0.0093312597,0.0046728972,0.0093312597,2.5324322391
0.6557377049,-0.0040124373,-0.0088352482,0.0046511628,0.0000000000,0.0000000000,-0.0046224961,2.6099121351
0.6315789474,-0.0080019414,-0.0127654658,-0.0046296296,0.0030816641,0.0000000000,0.0046439628,-0.5018114723
0.6000000000,0.0009405328,-0.0041476698,0.0093023256,0.0000000000,-0.0015503876,-0.0077041602,-0.3125260326
0.5526315789,0.0023522831,-0.0022911978,-0.0138248848,-0.0122887865,-0.0031055901,-0.0015527950,-0.7964269924
0.5871559633,0.0004345077,-0.0036709802,0.0015576324,0.0015552100,0.0015576324,0.0015552100,0.7097812098
0.5384615385,0.0066199582,0.0028297001,-0.0015552100,-0.0031055901,-0.0062208398,-0.0062111801,7.1119213399
0.5493562232,0.0087538589,0.0057631024,-0.0015576324,-0.0015576324,-0.0015649452,-0.0031250000,-0.6142425490
0.5493562232,0.0105750583,0.0084976406,-0.0062402496,-0.0062402496,-0.0031347962,-0.0031347962,-0.9830414192
0.5493562232,-0.0020357569,-0.0031039407,0.0062794349,0.0094191523,0.0078616352,0.0110062893,20.0664893617
0.5783132530,0.0029568619,0.0018000088,0.0015600624,0.0031104199,-0.0031201248,-0.0046656299,0.0791987544
0.6144578313,0.0040708207,0.0032342283,-0.0015576324,0.0000000000,-0.0015649452,-0.0015625000,8.7325404562
0.6348547718,0.0034445406,0.0029946559,-0.0062402496,-0.0077519380,-0.0015673981,0.0000000000,-0.9252457020
0.6181818182,0.0044865778,0.0043445737,0.0015698587,-0.0015625000,0.0000000000,-0.0015649452,6.8803194340
0.6000000000,0.0069529273,0.0071800577,0.0000000000,-0.0015649452,-0.0015698587,-0.0031347962,-0.9286953092
0.6111111111,0.0074673143,0.0082334744,-0.0031347962,-0.0015673981,-0.0015723270,-0.0015723270,2.0397748951
0.6451612903,0.0047362349,0.0060392735,-0.0015723270,0.0000000000,-0.0031496063,0.0015748031,1.4247701528
0.6136363636,0.0024314333,0.0040132827,0.0000000000,0.0000000000,0.0015797788,0.0015723270,-0.7618634746
0.5555555556,0.0020573667,0.0037160025,0.0031496063,0.0015698587,0.0015772871,0.0000000000,5.9415280948
0.6000000000,0.0096660137,0.0113793565,-0.0015698587,0.0000000000,-0.0047244094,-0.0078492936,0.8043260424
0.5853658537,0.0049985594,0.0073486291,-0.0047169811,-0.0047021944,-0.0015822785,0.0031645570,-0.7724758223
0.5620437956,0.0026480864,0.0052187677,0.0015797788,0.0000000000,0.0031695721,0.0015772871,-0.7549771167
0.5255474453,0.0085940368,0.0112019685,0.0000000000,-0.0015748031,-0.0031595577,-0.0062992126,7.1488053545
0.3398058252,0.0136978542,0.0168179486,-0.0031545741,-0.0031545741,-0.0063391442,-0.0063391442,1.0238099786
0.3271028037,0.0067733944,0.0107361167,-0.0031645570,0.0000000000,0.0047846890,0.0047846890,-0.7876980288
0.3609022556,0.0041374647,0.0083403086,0.0015873016,-0.0015822785,-0.0031746032,0.0015873016,1.3353190922
0.3461538462,-0.0012474954,0.0029541049,0.0000000000,0.0047543582,0.0031847134,0.0047543582,-0.4653099687
0.3488372093,0.0021056435,0.0059084953,0.0031695721,0.0000000000,0.0000000000,-0.0031545741,1.9277423719
0.3488372093,0.0049619577,0.0086627998,-0.0078988942,-0.0047318612,-0.0031746032,-0.0031645570,-0.8624614655
0.3351955307,0.0026071397,0.0064236132,0.0031847134,0.0015847861,0.0031847134,0.0015873016,2.2762599469
0.3351955307,-0.0056729370,-0.0019606046,0.0031746032,0.0079113924,0.0031746032,0.0079239303,-0.4208935487
0.4020100503,-0.0032329337,-0.0002434303,0.0031645570,0.0000000000,0.0015822785,-0.0015723270,0.9679381131
0.4324324324,0.0004153552,0.0029334470,-0.0015772871,-0.0031397174,-0.0015797788,-0.0031496063,0.9361812972
0.4776119403,0.0035221405,0.0058943358,-0.0015797788,-0.0031496063,-0.0015822785,-0.0031595577,-0.6886427846
0.4900000000,-0.0049047923,-0.0024468235,0.0015822785,0.0047393365,0.0031695721,0.0079239303,0.2146715113
0.5526315789,-0.0010087269,0.0008818499,0.0015797788,-0.0015723270,0.0000000000,-0.0031446541,0.6617673215
0.5833333333,-0.0008535381,0.0008165277,-0.0015772871,0.0000000000,-0.0015797788,0.0000000000,-0.7864301561
0.6206896552,-0.0007222246,0.0007560442,0.0015797788,0.0000000000,0.0015822785,0.0000000000,3.1824684496
0.6206896552,-0.0037538454,-0.0024468146,0.0000000000,0.0015748031,0.0015797788,0.0031545741,-0.9781701724
0.6357615894,-0.0140282214,-0.0131273747,0.0015772871,0.0110062893,0.0000000000,0.0110062893,87.3138722555
0.6857142857,-0.0025626869,-0.0028503138,0.0110236220,0.0031104199,0.0047318612,-0.0093312597,-0.4472796515
0.6153846154,-0.0083951454,-0.0088629600,-0.0046728972,-0.0046511628,0.0031397174,0.0062794349,-0.6109935494
0.6060606061,-0.0071035846,-0.0082064444,0.0046948357,0.0000000000,0.0000000000,0.0000000000,-0.4277192337
0.6388888889,-0.0044576172,-0.0060479324,-0.0031152648,-0.0015576324,0.0000000000,-0.0015600624,0.8527804564
0.6585365854,-0.0068753445,-0.0086977569,0.0000000000,0.0015600624,0.0000000000,0.0031250000,0.7875235452
0.6060606061,-0.0027107792,-0.0049536457,-0.0015625000,-0.0015576324,-0.0015649452,-0.0031152648,-0.8275446113
0.6060606061,-0.0007323806,-0.0030289417,0.0031298905,0.0046801872,0.0015673981,-0.0015625000,35.9228975720
0.6250000000,-0.0068366914,-0.0090079687,0.0000000000,-0.0015527950,0.0000000000,0.0062597809,-0.9793400937
0.6129032258,-0.0011245094,-0.0036923088,0.0000000000,-0.0031104199,0.0015649452,-0.0046656299,1.9191610455
0.5937500000,-0.0025100859,-0.0049735333,0.0015600624,0.0046801872,0.0000000000,0.0015625000,9.4993681626
0.5617977528,0.0009993240,-0.0014896465,-0.0046728972,-0.0077639752,-0.0046875000,-0.0031201248,-0.9098490033
0.5714285714,0.0024143053,0.0001859339,-0.0015649452,0.0000000000,0.0015698587,-0.0015649452,-0.1945376869
0.6116504854,0.0004747315,-0.0013930537,0.0000000000,0.0000000000,-0.0031347962,0.0015673981,0.9360200796
0.5121951220,0.0051205718,0.0034210324,-0.0015673981,-0.0031298905,0.0000000000,-0.0046948357,11.9274724200
0.5637583893,0.0043327915,0.0031676226,-0.0031397174,-0.0015698587,-0.0015723270,0.0000000000,-0.9917386961
0.5185185185,-0.0041627014,-0.0048902064,0.0047244094,0.0078616352,0.0031496063,0.0078616352,2.9679340357
0.5833333333,-0.0019652893,-0.0029725438,0.0015673981,-0.0015600624,0.0031397174,-0.0015600624,0.5025398291
0.5833333333,0.0030388073,0.0019442583,-0.0015649452,0.0000000000,-0.0031298905,-0.0046875000,-0.7904341145
0.5789473684,-0.0021282545,-0.0028956994,0.0015673981,0.0000000000,0.0000000000,0.0047095761,3.3176901925
0.5833333333,-0.0064580586,-0.0073343235,0.0046948357,0.0046875000,0.0047095761,0.0046875000,22.7613042924
0.5666666667,0.0007610632,-0.0005737698,-0.0015576324,-0.0031104199,-0.0015625000,-0.0062208398,-0.9985026356
0.5170454545,-0.0009195297,-0.0020929382,-0.0031201248,-0.0015600624,0.0000000000,0.0015649452,22.7625298329
0.5000000000,0.0023542936,0.0011908155,-0.0015649452,0.0015625000,-0.0015649452,-0.0031250000,1.5168482901
0.5321637427,0.0051430131,0.0042507284,0.0015673981,-0.0031201248,-0.0062695925,-0.0031347962,2.8807414502
0.5321637427,0.0059334367,0.0055168610,-0.0062597809,-0.0031298905,0.0000000000,-0.0015723270,-0.6133525283
0.5321637427,0.0066058063,0.0066935488,0.0031496063,0.0000000000,0.0000000000,-0.0015748031,-0.0693341844
0.5853658537,0.0055895284,0.0061977303,-0.0015698587,-0.0015698587,0.0000000000,0.0000000000,5.0255904668
0.6000000000,0.0031473496,0.0041547988,-0.0015723270,0.0015723270,-0.0015772871,0.0015772871,-0.6760687956
0.5652173913,0.0074226189,0.0086121326,-0.0031496063,-0.0031397174,-0.0015797788,-0.0047244094,-0.8789072222
0.4848484848,0.0062806775,0.0079741969,-0.0015797788,0.0015748031,-0.0015822785,0.0000000000,12.3388949341
0.4666666667,-0.0010083128,0.0010477703,0.0031645570,0.0000000000,0.0031695721,0.0063291139,-0.7612031615
0.5255474453,-0.0008531877,0.0009701576,0.0015772871,0.0000000000,0.0015797788,0.0000000000,-0.4392400979
0.5094339623,-0.0007219281,0.0008982941,0.0015748031,0.0000000000,0.0031545741,0.0000000000,-0.9492334247
0.4800000000,-0.0021797620,-0.0007394106,0.0015723270,0.0047169811,0.0015723270,0.0015723270,8.6580000000
0.4929577465,-0.0049685316,-0.0038123871,0.0000000000,0.0015649452,0.0000000000,0.0031397174,1.6176572099
0.5263157895,-0.0026433336,-0.0019681228,0.0031397174,-0.0015625000,0.0000000000,-0.0015649452,0.8057064501
0.5555555556,-0.0053546773,-0.0049416411,0.0015649452,0.0015649452,0.0047095761,0.0031347962,-0.9960862200
0.5714285714,0.0001573568,0.0001124334,-0.0015625000,0.0015625000,-0.0046875000,-0.0046875000,495.7500000000
0.5000000000,0.0001331481,0.0001041050,-0.0031298905,-0.0015600624,0.0000000000,0.0000000000,0.6204733754
0.4615384615,0.0016851680,0.0016688721,0.0000000000,-0.0046875000,-0.0031397174,-0.0015698587,-0.5384551202
0.5000000000,-0.0001461858,-0.0000270326,-0.0047095761,0.0000000000,-0.0031496063,0.0015723270,0.4628301697
0.5000000000,-0.0063631734,-0.0062651236,0.0078864353,0.0062794349,0.0063191153,0.0062794349,0.3187348099
0.5833333333,-0.0053842237,-0.0058010404,0.0031298905,0.0000000000,0.0031397174,0.0000000000,0.1750894163
0.5833333333,-0.0076521308,-0.0084650465,0.0000000000,0.0031201248,0.0015649452,0.0031201248,1.8145585043
0.5454545455,-0.0033749575,-0.0047423367,0.0015600624,0.0000000000,0.0000000000,-0.0031104199,-0.8573639091
0.5333333333,-0.0121028208,-0.0136239021,0.0000000000,0.0108864697,0.0031250000,0.0093603744,1.9566949555
0.5950413223,-0.0117682544,-0.0141384669,0.0124610592,0.0076923077,0.0093457944,0.0015455951,-0.5404512625
0.5950413223,-0.0205383579,-0.0236382903,-0.0015384615,0.0030534351,0.0015432099,0.0108024691,-0.3035250162
0.6524822695,-0.0128573465,-0.0173867873,0.0092449923,-0.0030441400,0.0046224961,-0.0045801527,-0.3684548105
0.5935483871,-0.0093599065,-0.0145875083,-0.0106870229,-0.0030534351,-0.0061349693,-0.0015337423,0.4622841843
0.6363636364,-0.0048626633,-0.0104669119,0.0092592593,0.0015313936,0.0015432099,-0.0030721966,-0.7097992171
0.6603773585,-0.0056466927,-0.0112151365,-0.0076452599,-0.0045871560,0.0000000000,0.0015408320,-0.0396414429
0.6358381503,-0.0078307991,-0.0134200164,0.0030816641,0.0015360983,0.0030816641,0.0030769231,-0.4561395560
0.6000000000,-0.0035695256,-0.0093872517,-0.0015360983,0.0000000000,-0.0030721966,-0.0030674847,1.1189702574
0.6216216216,-0.0060785875,-0.0117327221,0.0015384615,0.0000000000,0.0030816641,0.0030769231,-0.8054572619
0.6000000000,-0.0066669372,-0.0123783886,0.0046082949,0.0030674847,0.0000000000,0.0015337423,5.8443815683
0.5789473684,-0.0010519065,-0.0068989854,-0.0076452599,-0.0061162080,-0.0030721966,-0.0045941807,-0.4342703597
0.5687203791,0.0099867052,0.0044289780,0.0015408320,0.0015384615,-0.0107858243,-0.0107692308,4.3582128504
0.4878048780,0.0068843724,0.0025417426,-0.0107692308,-0.0107526882,0.0015576324,0.0015552100,-0.9800989694
0.4166666667,-0.0003835596,-0.0038339017,0.0077760498,0.0077639752,0.0062208398,0.0062111801,84.7395986295
0.4615384615,-0.0003245504,-0.0035499090,0.0000000000,0.0000000000,0.0000000000,0.0000000000,-0.8159631435
0.3793103448,0.0012705510,-0.0017464380,0.0000000000,-0.0015408320,0.0000000000,-0.0015432099,-0.9662499612
0.4074074074,-0.0035452649,-0.0062249934,-0.0046296296,0.0030864198,-0.0030911901,0.0046367852,8.4696691176
0.4000000000,-0.0090976998,-0.0118448376,0.0093023256,0.0107692308,0.0062015504,0.0061538462,13.6075900223
0.4090909091,-0.0061784489,-0.0094528442,0.0030721966,-0.0060882801,0.0061633282,-0.0015290520,-0.9492166217
0.4644808743,-0.0082653903,-0.0117793430,0.0030627871,0.0030627871,0.0000000000,0.0030627871,10.1957346592
0.4644808743,-0.0130211436,-0.0169103997,-0.0015267176,0.0061068702,0.0015313936,0.0061068702,-0.7747431897
0.4666666667,-0.0110178907,-0.0156577775,0.0091743119,0.0106221548,0.0061162080,0.0000000000,9.7693385214
0.4750000000,-0.0017488461,-0.0069635227,-0.0060606061,-0.0135135135,-0.0091185410,-0.0075872534,0.2480597748
0.4687500000,-0.0045240618,-0.0094768291,-0.0030487805,0.0015220700,-0.0030674847,0.0030581040,-0.1698530519
0.4494382022,-0.0007816549,-0.0057435721,0.0076452599,0.0030395137,0.0061538462,-0.0030487805,-0.5093575490
0.5594405594,-0.0067364070,-0.0113648207,-0.0060698027,-0.0030303030,-0.0030581040,0.0061162080,0.1394888221
0.5935483871,-0.0026686344,-0.0075062839,0.0030534351,0.0030395137,0.0015337423,-0.0030395137,0.8081586826
0.5900621118,-0.0068001477,-0.0114709749,-0.0030441400,-0.0015151515,0.0030627871,0.0045731707,-0.0510457056
0.5882352941,0.0003177603,-0.0045792655,-0.0015267176,0.0015174507,-0.0030534351,-0.0060698027,-0.5561301893
0.5288461538,-0.0027760844,-0.0072712934,-0.0015290520,-0.0030303030,0.0000000000,0.0030534351,0.0241108575
0.5172413793,-0.0008281850,-0.0052185520,0.0045941807,0.0015197568,0.0045941807,-0.0015220700,0.5924934691
0.5312500000,0.0038901893,-0.0002600110,0.0030487805,-0.0015174507,-0.0076219512,-0.0045731707,0.8085261664
0.5000000000,0.0002282125,-0.0032934509,-0.0091185410,-0.0045592705,0.0000000000,0.0030627871,-0.4003783686
0.5000000000,0.0017224502,-0.0015251024,0.0000000000,-0.0015267176,0.0015360983,-0.0015267176,-0.5212148529
0.5027624309,0.0014574578,-0.0014121319,0.0046012270,0.0015290520,-0.0015337423,0.0000000000,-0.9195821781
0.5027624309,0.0012332335,-0.0013075295,-0.0030534351,-0.0015267176,0.0015360983,0.0000000000,1.8558370750
0.5454545455,0.0025764969,0.0003188641,0.0030627871,0.0015290520,0.0000000000,-0.0015290520,0.0904037285
0.5789473684,0.0037171988,0.0018294397,-0.0015267176,0.0000000000,0.0000000000,-0.0015313936,-0.6165611000
0.5968992248,-0.0014492367,-0.0028939855,0.0000000000,0.0000000000,0.0030674847,0.0046012270,4.0737308622
0.5737704918,-0.0057799568,-0.0072266696,0.0015290520,0.0045801527,0.0015290520,0.0045801527,-0.4901929643
0.5864661654,-0.0094071136,-0.0111995694,0.0045801527,0.0075987842,0.0045801527,0.0045592705,4.7090342679
