0.5276073620,0.0065789379,-0.0048626307,-0.0038948393,-0.0038731542,0.0014763780,0.0048863914,0.1610815694
0.4912859162,0.0082633404,-0.0018328909,0.0053763441,0.0053462940,0.0073710074,-0.0026744469,-0.2938356097
0.5122475290,0.0084671432,-0.0002347635,-0.0031599417,-0.0060430263,-0.0046341463,-0.0014627011,-0.0344498067
0.4704545455,0.0113620534,0.0039494086,-0.0012192148,-0.0036478599,-0.0039206077,-0.0041503906,0.3886530559
0.5073529412,0.0130911907,0.0071134886,-0.0041503906,-0.0043934586,-0.0105781058,-0.0034322138,0.1755663555
0.5348837209,0.0213788919,0.0168425400,-0.0031870557,-0.0029418975,-0.0104425659,-0.0100861009,0.1625487156
0.4666130330,0.0118037744,0.0093242915,-0.0103295622,-0.0017211704,0.0060301508,0.0062127237,-0.3942520180
0.5078178110,0.0074995415,0.0061486720,0.0057157058,0.0022167488,0.0069930070,0.0024697456,-0.5133737764
0.4682190057,0.0080842704,0.0074305920,0.0027180628,-0.0024576063,-0.0029761905,-0.0017245627,0.5157584974
0.4960629921,0.0053518615,0.0053914442,-0.0017249877,0.0024636610,0.0052238806,0.0014807502,-0.3457967290
0.5380875203,0.0132678712,0.0137354840,0.0017279684,-0.0027033669,-0.0059391240,-0.0086249384,0.8939328539
0.4780417567,0.0037416368,0.0052219783,-0.0083785116,0.0022178413,0.0009957680,0.0074571216,-0.0679399372
0.5010323469,0.0006969726,0.0023620291,0.0072067594,0.0039341038,0.0022382492,0.0024673082,0.1109006195
0.4735432016,0.0025637825,0.0041642517,0.0024673082,-0.0012245898,0.0044665012,-0.0019689884,-0.2414235838
0.4825018615,0.0093881600,0.0110867419,-0.0019689884,-0.0041687102,-0.0061758893,-0.0071516646,0.2304214789
0.4521981856,0.0046996411,0.0070138426,-0.0069050555,0.0000000000,0.0007457122,0.0032290114,-0.0048842097
0.4207161125,0.0039766194,0.0064942987,0.0027315620,-0.0027086924,0.0014903130,0.0000000000,-0.1944677758
0.4122807018,0.0086088988,0.0112711484,0.0004952947,0.0000000000,-0.0126488095,-0.0051993068,0.9840862262
0.4000000000,0.0138449228,0.0170172462,-0.0054455446,-0.0064197531,-0.0002511932,-0.0064708810,-0.1113121090
0.4272727273,0.0109551988,0.0149939384,-0.0064708810,-0.0019880716,0.0010050251,0.0007515030,-0.3629995209
0.3636363636,0.0070011951,0.0116043179,0.0005010020,-0.0014940239,0.0002510040,0.0022528160,0.0274996851
0.3604060914,0.0084426763,0.0132753966,0.0027541312,-0.0007481297,-0.0007528231,-0.0024975025,-0.2019046388
0.3550000000,0.0016265810,0.0067466094,-0.0027465668,0.0029947592,0.0015067805,0.0055082624,-0.0991942228
0.4027777778,-0.0011109358,0.0037474893,0.0052578868,0.0047275442,0.0052657974,0.0024900398,0.2793861164
0.4243219598,0.0015476765,0.0059685776,0.0032378580,0.0004952947,-0.0022449489,-0.0024838549,0.1539591858
0.3918128655,-0.0041458041,0.0000481095,-0.0027308838,0.0009900990,0.0027500000,0.0054780876,-0.2740070057
0.4316939891,0.0079746353,0.0115681052,0.0049788399,-0.0002472799,-0.0074794316,-0.0113917781,0.3374714064
0.3574660633,0.0146268849,0.0186213442,-0.0111468913,-0.0098936433,-0.0178347149,-0.0077655311,1.0731526886
0.3542600897,0.0093188252,0.0141695203,-0.0077655311,0.0037471896,0.0104859335,0.0030295380,-0.2417554493
0.3513513514,0.0013322680,0.0065330000,0.0027770765,-0.0009955202,0.0050620096,0.0065441732,-0.4228298193
0.3823529412,0.0056538778,0.0105979018,0.0067975831,-0.0034877927,-0.0125912868,-0.0045011253,0.6232757954
0.3873370577,0.0055418061,0.0105744202,-0.0045011253,-0.0022500000,0.0035705177,-0.0007535795,-0.1557929877
0.4303448276,0.0095109168,0.0146373110,-0.0007535795,0.0015033826,0.0025412961,-0.0047762695,-0.1238484583
0.4623937214,0.0267200513,0.0323273958,-0.0050276521,-0.0097573180,-0.0200253485,-0.0181864107,1.2853302804
0.4132509826,0.0271013563,0.0344570264,-0.0176856998,-0.0083375442,-0.0067252975,-0.0043735529,-0.1854949265
0.4052863436,0.0398598682,0.0489810904,-0.0048868313,-0.0129936306,-0.0164062500,-0.0162790698,-0.0075155527
0.3608247423,0.0480428496,0.0598291195,-0.0160248126,-0.0162622612,-0.0092666137,-0.0136590491,-0.1633657236
0.3766478343,0.0237482094,0.0382543843,-0.0136590491,0.0031487798,0.0021378942,0.0165113182,-0.4506708390
0.4609571788,0.0171633323,0.0324453793,0.0167776298,0.0018310228,0.0173333333,0.0028818444,-0.4969257090
0.4375821288,0.0084636078,0.0238901180,0.0023572551,0.0057441253,0.0002621232,0.0060083595,1.2805768356
0.4380874540,0.0148035038,0.0298759725,0.0065325320,0.0000000000,0.0002620545,-0.0075305116,-0.0525672680
0.4398851046,0.0072552138,0.0223133127,-0.0075285566,0.0023364486,0.0007859576,0.0052328624,0.2472548619
0.4542183127,0.0085014719,0.0230570164,0.0047083442,-0.0015540016,0.0023560209,-0.0023425299,-0.0815965979
0.4806629834,0.0232104133,0.0375910573,-0.0020827909,-0.0018158236,-0.0177592061,-0.0156535351,1.5466612676
0.4461538462,0.0115961444,0.0266434538,-0.0164362118,-0.0109147609,-0.0039883010,0.0079512324,-0.4042848711
0.4212044717,0.0111415220,0.0260188244,0.0087533156,0.0026274304,0.0072076882,-0.0013147515,-0.5194455945
0.4321124676,0.0150398262,0.0297854203,-0.0013147515,-0.0005241090,-0.0005300822,-0.0055292259,0.2702706208
0.4771241830,0.0034276306,0.0181443425,-0.0052659294,0.0007865758,-0.0047732697,0.0092666137,0.8589440901
0.4690855239,0.0119258746,0.0259509817,0.0089994706,-0.0010479434,-0.0007993605,-0.0089192025,-0.2025689016
0.5013850416,0.0103585568,0.0242998090,-0.0081322141,-0.0034093889,0.0064000000,-0.0002646903,-0.4101041645
0.5704637551,0.0133258379,0.0271228277,-0.0010579212,-0.0028947368,-0.0060943296,-0.0045009267,0.2288175522
0.5196506550,0.0001043309,0.0137894851,-0.0045009267,0.0139878596,-0.0074646761,0.0111702128,1.9652976273
0.5769230769,0.0061750835,0.0189320177,0.0111702128,-0.0098906819,0.0131614290,-0.0060494477,-0.8770595105
0.5894791129,0.0065568473,0.0188777245,-0.0060494477,-0.0042060988,-0.0023860021,-0.0013231013,0.4052538142
0.6201844818,0.0106360947,0.0226277389,-0.0013231013,0.0021119324,-0.0023917087,-0.0050344462,-0.3064551503
0.6476997579,0.0044523185,0.0163502905,-0.0050344462,-0.0047418335,-0.0021310602,0.0045272969,-0.1798726503
0.6012931034,0.0091179186,0.0205503474,0.0042609854,0.0007940709,-0.0008008542,-0.0053022269,1.4500428139
0.6580188679,0.0058385974,0.0171304680,-0.0050384513,-0.0031737636,0.0008014961,0.0018656716,-0.4693531266
0.6104768301,0.0084278649,0.0193869582,0.0018656716,0.0047758026,-0.0005339028,-0.0034583666,0.5516710979
0.5976331361,0.0039153109,0.0147003788,-0.0037243948,-0.0055452865,-0.0016025641,0.0032034170,0.0594185237
0.5780051151,-0.0017341577,0.0085125427,0.0034712951,0.0034519384,0.0032102729,0.0050558808,-0.5201584068
0.5403899721,-0.0054172560,0.0038951090,0.0050558808,0.0100555703,0.0021333333,0.0039714059,2.1328889015
0.5714285714,-0.0098063722,-0.0016589295,0.0039714059,0.0007859576,0.0053219798,0.0052742616,-0.0661679778
0.5384092454,-0.0183409064,-0.0116477296,0.0052742616,0.0091623037,0.0055584966,0.0102308499,0.2547453808
0.5719063545,-0.0108960472,-0.0061395210,0.0104931794,0.0010376135,0.0042116346,-0.0046741106,-0.1352095215
0.5301369863,-0.0169141170,-0.0134065791,-0.0051921080,0.0033687484,0.0039318480,0.0078267675,-0.1771266788
0.5698924731,-0.0130344852,-0.0111335788,0.0078288100,0.0012913223,0.0067885117,-0.0012943308,-0.3917886614
0.5698924731,-0.0117976109,-0.0110778601,-0.0010357328,-0.0015475883,-0.0028526971,0.0007776050,0.3416458406
0.5625000000,-0.0071539727,-0.0074294415,0.0007776050,-0.0010333247,-0.0041612484,-0.0028490028,0.1265666668
0.5749405234,-0.0013845099,-0.0022141396,-0.0028490028,-0.0025859840,-0.0041786367,-0.0046753247,0.1899644672
0.5823293173,-0.0071307964,-0.0080041752,-0.0051948052,0.0005185377,0.0018358248,0.0060020877,-0.2504416107
0.6075471698,0.0007155630,-0.0006713133,0.0065274151,-0.0005182690,-0.0005235602,-0.0067444877,0.6254936730
0.5633310007,-0.0107621045,-0.0119752271,-0.0072632944,0.0119263676,0.0018334206,0.0114912510,0.5466439591
0.6073001888,-0.0119127375,-0.0138889019,0.0128037627,0.0010248527,0.0091503268,0.0028401756,0.4414968404
0.5971594577,0.0049266196,0.0021043894,0.0012899897,-0.0035833120,-0.0116580311,-0.0149330587,-0.1372299103
0.5172413793,-0.0018318102,-0.0040387129,-0.0141716053,-0.0059080401,-0.0002621232,0.0060115003,-0.4555508652
0.5216080402,0.0073483816,0.0051393122,0.0054887611,-0.0036175711,-0.0036706869,-0.0088334632,0.0595373295
0.4790602656,0.0085972520,0.0071345624,-0.0085781128,-0.0080394191,-0.0055263158,-0.0023591088,-0.1699077240
0.4926470588,0.0056891709,0.0050217016,-0.0020975354,0.0031372549,0.0034400635,0.0015764582,-0.2258291967
0.4435483871,0.0024471708,0.0022833674,0.0015764582,-0.0023455825,0.0044831224,0.0023609654,-0.5449270626
0.3953488372,0.0031207963,0.0031643880,0.0020986359,-0.0005224660,-0.0005250722,-0.0010468464,0.6012154915
0.4582392777,0.0029034203,0.0031928112,-0.0007853403,-0.0023523262,-0.0031520883,-0.0002619859,0.2443733478
0.4742990654,0.0090675075,0.0095703683,-0.0002619859,0.0005239717,-0.0071146245,-0.0065513627,0.2545269335
0.4629418472,0.0106048866,0.0117972924,-0.0073375262,-0.0049751244,0.0015923567,-0.0029016091,-0.3507181106
0.4696969697,0.0033989271,0.0053382066,-0.0021119324,0.0018421053,0.0007949126,0.0055555556,-0.0183960110
0.4836363636,0.0015585218,0.0036225753,0.0055555556,0.0055161545,0.0063542494,0.0013154433,0.5579506076
0.3812636166,0.0023722145,0.0044098432,0.0015785320,-0.0028735632,-0.0034201526,-0.0010509721,-0.1536301363
0.4122383253,0.0038554932,0.0059352520,-0.0015760441,-0.0031438302,-0.0007919747,-0.0018411362,-0.1754560587
0.5187436677,0.0019422583,0.0041725831,-0.0021047093,0.0018396846,0.0013210040,0.0013175231,-0.0726018886
0.4365361803,0.0021709077,0.0043921303,0.0018455049,-0.0013116474,0.0021108179,-0.0005263158,-0.3753118747
0.5387994143,0.0034221069,0.0056555006,-0.0005263158,-0.0007880221,-0.0060558189,-0.0015797788,0.8077979954
0.5508982036,0.0119691924,0.0143313175,-0.0018430753,-0.0028916930,-0.0058278146,-0.0089662447,0.3616008214
0.4891304348,0.0066455026,0.0097766314,-0.0087048272,-0.0044819404,-0.0071942446,0.0034592869,0.2288633504
0.5129533679,0.0074932987,0.0109289952,0.0037253858,0.0037076271,0.0096618357,-0.0018562715,-0.4058321102
0.5051020408,0.0023460122,0.0061099688,-0.0015906681,-0.0021108179,-0.0005316321,0.0039851222,-0.0067803853
0.4957983193,0.0086578702,0.0123546173,0.0031864047,0.0026441036,-0.0053191489,-0.0066155067,0.4570319150
0.4957983193,0.0084003711,0.0125183292,-0.0063525675,-0.0060654008,0.0005347594,-0.0010655301,-0.0242360093
0.5147219193,0.0116943541,0.0161978090,0.0000000000,-0.0023879013,-0.0053447354,-0.0045333333,0.1208314676
0.4464751958,-0.0016051731,0.0034394669,-0.0061267981,0.0050531915,0.0008060183,0.0115188856,-0.3900967580
0.6173285199,-0.0042589521,0.0002707672,0.0123291343,0.0060862662,0.0072483221,0.0029131356,-0.2330830193
0.5771144279,-0.0181231644,-0.0143248920,0.0026476039,0.0157811678,0.0077292111,0.0147874307,4.5644148273
0.6371737747,-0.0083680158,-0.0062821648,0.0145233694,-0.0041429311,0.0042316847,-0.0070257611,-0.5488581155
0.6441073512,-0.0091578659,-0.0078967004,-0.0067673087,-0.0046801872,-0.0028970240,0.0020964361,-0.5740312203
0.5866819747,-0.0098204688,-0.0093841776,0.0015723270,0.0057471264,0.0084521923,0.0020920502,-0.2228790232
0.5365853659,-0.0129461019,-0.0133237539,0.0023547881,0.0038961039,0.0031430068,0.0046972860,1.1206025640
0.5733333333,-0.0241349094,-0.0254989019,0.0049595406,0.0095730918,0.0046997389,0.0135064935,0.6002149924
0.6224188791,-0.0256655735,-0.0288367546,0.0132467532,0.0123013839,0.0116943867,0.0053818555,0.5488452015
0.5854889590,-0.0194675227,-0.0244626574,0.0056395796,-0.0030379747,-0.0015412278,-0.0022941626,-0.2793516065
0.6232050546,-0.0217213317,-0.0278664504,-0.0020392557,0.0002539360,0.0015436069,0.0053653551,-0.2740695800
0.6498293515,-0.0191273947,-0.0265444205,0.0056194125,0.0027925870,0.0084767531,0.0007623888,-0.3893342193
0.5770151636,-0.0181792757,-0.0265557076,0.0007620015,-0.0005063291,-0.0010188487,0.0020314881,-0.2272075978
0.5570469799,-0.0218275939,-0.0309734862,0.0012690355,0.0081053698,0.0035696073,0.0065889508,1.1343386381
0.5395348837,-0.0120022464,-0.0222791686,0.0068441065,-0.0020100503,0.0010162602,-0.0065458207,-0.2842899510
0.5167575994,-0.0163874534,-0.0267946313,-0.0067975831,0.0010070493,0.0000000000,0.0063355297,0.2486422158
0.4789915966,-0.0061073868,-0.0171370278,0.0065906210,0.0037726358,-0.0002538071,-0.0078065978,0.3869859912
0.4634146341,-0.0094417710,-0.0200956321,-0.0078065978,-0.0052618391,0.0000000000,0.0043147208,-0.4866997941
0.4749403341,-0.0059795463,-0.0166189322,0.0045685279,0.0025188917,0.0020309723,-0.0020217336,0.2826327290
0.5342657343,-0.0108208519,-0.0210893298,-0.0022738757,0.0040201005,0.0000000000,0.0058242593,0.1190230090
0.5406896552,-0.0108992337,-0.0212520403,0.0055710306,0.0007507508,0.0060805675,0.0017623364,0.0199948878
0.4755905512,-0.0097201816,-0.0201703156,0.0020146059,-0.0002500625,-0.0020146059,0.0005026389,0.9266299974
0.4422110553,-0.0059775442,-0.0164526748,0.0007539583,0.0005002501,0.0015140045,-0.0022607385,-0.1574875313
0.4422110553,-0.0095463826,-0.0196765117,-0.0022601708,-0.0025000000,0.0005039053,0.0045317221,-0.5402868805
0.4365482234,-0.0127787618,-0.0228719829,0.0040271835,0.0050125313,0.0027700831,0.0047619048,0.8671564125
0.4654895666,-0.0088349185,-0.0192206068,0.0050137879,0.0027431421,0.0040180814,-0.0019955101,0.3681881420
0.5108128262,-0.0104436274,-0.0207339221,-0.0017460713,-0.0002486944,0.0010005003,0.0029992502,-0.6006685853
0.4838709677,-0.0043710994,-0.0147789434,0.0027486257,-0.0017412935,-0.0029985007,-0.0044854224,0.0025235797
0.5095277548,0.0010623750,-0.0089709272,-0.0044854224,-0.0037378520,-0.0037593985,-0.0047559449,0.1014984065
0.4745762712,0.0059590891,-0.0032927963,-0.0050062578,-0.0052526263,-0.0050314465,-0.0050301811,-0.1998678225
0.5060240964,0.0017504064,-0.0063142834,-0.0050314465,-0.0017601207,-0.0075853350,0.0032861476,0.7889041645
0.4956063269,-0.0040394543,-0.0113267331,0.0035398230,0.0065491184,0.0109554140,0.0055429579,-0.4348091675
0.4948805461,0.0059076284,-0.0012282432,0.0055429579,0.0005005005,-0.0042842742,-0.0092708594,0.6596996848
0.4179775281,0.0014529000,-0.0046614755,-0.0090202957,-0.0065032516,-0.0048089091,0.0035407183,-0.3751038452
0.4357298475,-0.0010364175,-0.0065694258,0.0030341340,0.0012588117,0.0055951170,0.0022681452,-0.3896694765
0.4524312896,-0.0132822708,-0.0184234672,0.0020166373,0.0128237365,0.0042994436,0.0125722907,0.9248252830
0.4903185509,-0.0207227808,-0.0264868791,0.0130817610,0.0124131082,0.0123394611,0.0096846288,0.9978098660
0.5216881594,-0.0160827415,-0.0230832992,0.0096846288,0.0017165277,0.0092039801,-0.0014756517,-0.1561541386
0.5578947368,-0.0194050937,-0.0271244139,-0.0007378259,0.0004895961,-0.0004929751,0.0059113300,-0.3298800946
0.5335276968,-0.0161787982,-0.0248764312,0.0051685946,0.0002446782,0.0000000000,-0.0002448580,0.0254577252
0.5920369302,-0.0105393756,-0.0199132015,-0.0002448580,0.0026908023,0.0017262639,-0.0031839334,0.3118492022
0.6042402827,-0.0057421711,-0.0152928935,-0.0031839334,-0.0021956575,-0.0017232890,-0.0031941032,-0.2547061031
0.6195652174,-0.0073056282,-0.0165840844,-0.0029484029,-0.0039119804,-0.0002466091,0.0024648755,-0.3237399891
0.6177474403,0.0004601697,-0.0087750896,0.0022178413,-0.0014727541,-0.0039467193,-0.0066388001,1.2897976210
0.5975103734,-0.0042934042,-0.0127680057,-0.0068846816,-0.0009832842,0.0002476474,0.0047029703,-0.5594911536
0.5931695626,0.0135975283,0.0052665610,0.0051993068,-0.0004921260,-0.0146075761,-0.0169992609,2.7594147698
0.5229793978,0.0168574824,0.0101932520,-0.0169950739,-0.0125553914,-0.0055276382,-0.0052631579,0.2658007670
0.5401124170,0.0099382613,0.0051330158,-0.0057629667,-0.0057342309,-0.0030318343,0.0042831948,-0.4548201571
0.5529061103,0.0127285114,0.0090563443,0.0042842742,0.0020060181,0.0030410542,-0.0042649272,-0.4840886232
0.5108377270,0.0125560921,0.0101671038,-0.0037641154,-0.0057557558,-0.0010106114,-0.0017636684,-0.3280884179
0.4751131222,0.0063065634,0.0051013342,-0.0020151134,0.0022652907,-0.0017703591,0.0042907622,-0.2930714324
0.4531250000,0.0040746056,0.0034625094,0.0040383645,0.0017579106,0.0068406385,0.0012565971,-0.2290549815
0.3930635838,0.0026927035,0.0024511695,0.0022624434,0.0012534470,0.0007549069,0.0007530120,0.1787137529
0.3315543696,-0.0014782244,-0.0014870313,-0.0002508151,0.0042563846,0.0022630123,0.0037622272,0.3748763509
0.3237139272,-0.0022480585,-0.0023740083,0.0040140492,0.0000000000,0.0035122930,0.0009995002,-0.2307170005
0.2851711027,-0.0038914367,-0.0041867993,0.0007496252,0.0007479432,-0.0022500000,0.0019970045,0.1464082865
0.2806122449,-0.0040371210,-0.0046205968,0.0022471910,0.0057299452,-0.0007516913,0.0007473842,0.8405221891
0.2618705036,0.0048388117,0.0039693642,0.0009965122,-0.0014862522,-0.0020060181,-0.0082150859,-0.2403769612
0.2343750000,0.0035905686,0.0031717369,-0.0087108014,-0.0091788638,-0.0042713568,0.0005020080,-0.0743795072
0.2965931864,0.0027865963,0.0026852417,0.0005021341,0.0025037556,0.0055513500,0.0002508781,-0.4432954935
0.2830188679,0.0071574859,0.0072865467,0.0002509410,-0.0032467532,-0.0062735257,-0.0047654878,0.3369505829
0.2532751092,0.0035272836,0.0042160162,-0.0040140492,-0.0025056377,0.0000000000,0.0025201613,-0.5854776150
0.2569269521,-0.0005328566,0.0003830143,0.0022670025,0.0052750565,0.0047979798,0.0035193565,2.5403290882
0.2228260870,-0.0034465303,-0.0026434230,0.0032671526,0.0004997501,0.0022618748,0.0030060120,-0.4463867803
0.2121212121,-0.0011700888,-0.0007005870,0.0030060120,0.0034965035,0.0022567703,-0.0017482517,0.9781592712
0.2679900744,-0.0047251571,-0.0043850500,-0.0017482517,0.0007466401,-0.0012509382,0.0037528146,-0.0527371951
0.2992874109,-0.0010102045,-0.0010724121,0.0040030023,-0.0019895548,0.0017535070,-0.0029910269,-0.6220419919
0.3016393443,-0.0038432586,-0.0039810311,-0.0032394717,-0.0002491901,-0.0005001250,0.0030000000,0.2125967579
0.3252375924,-0.0126041916,-0.0130342700,0.0032500000,0.0094715852,0.0022516888,0.0094715852,2.7192612789
0.4011246485,-0.0133448892,-0.0147447703,0.0092200349,0.0027160494,0.0084872691,0.0027160494,-0.3004816560
0.4185623294,-0.0158961076,-0.0182458498,0.0029629630,0.0061561192,0.0047029703,0.0046786506,-0.0719049844
0.5140664962,-0.0102970874,-0.0137518480,0.0044313146,-0.0014684288,-0.0022172949,-0.0031862745,-0.0764136111
0.5349544073,-0.0094435986,-0.0134609077,-0.0031862745,-0.0002450980,0.0009876543,0.0007376445,-0.1014195001
0.5386934673,-0.0101795294,-0.0146427261,0.0004917630,0.0000000000,0.0024666996,0.0022113022,-0.2343716367
0.5727636849,-0.0064211927,-0.0113767585,0.0024576063,0.0000000000,-0.0004921260,-0.0022064231,-0.3490745439
0.5904550499,-0.0090853366,-0.0141673256,-0.0024515813,0.0031870557,0.0014771049,0.0036855037,0.2577089862
0.5922651934,-0.0052524700,-0.0106960975,0.0039321701,-0.0012218964,0.0017207473,-0.0024479804,0.0333724279
0.5992141454,-0.0002737606,-0.0057560277,-0.0024479804,-0.0014680695,-0.0044171779,-0.0041717791,0.1002065915
0.5555555556,-0.0048908535,-0.0099651070,-0.0039263804,-0.0007351139,-0.0017254129,0.0046821094,-0.0578352967
0.5635062612,-0.0133347062,-0.0183762525,0.0039418576,0.0095635115,0.0046913580,0.0093205789,1.2817247276
0.5979945305,-0.0047530384,-0.0105227312,0.0098159509,-0.0004857906,0.0002457606,-0.0065613609,0.2454157713
0.5555555556,-0.0074210448,-0.0131229854,-0.0068043742,-0.0012150668,0.0009828010,0.0034246575,-0.1945610232
0.5128205128,0.0064795369,0.0005325821,0.0034254955,-0.0009732360,-0.0085910653,-0.0126767431,0.3323994018
0.4392991239,0.0025122783,-0.0024625350,-0.0124359912,-0.0085241111,0.0007427581,0.0029629630,-0.5670806472
0.4241645244,0.0036082085,-0.0008042081,0.0027160494,-0.0014738394,0.0029688273,-0.0014771049,-0.2854925451
0.4379562044,0.0105274147,0.0067013790,-0.0012312238,-0.0019680197,-0.0083867785,-0.0073964497,0.6155920016
0.4525679758,0.0126808409,0.0099679012,-0.0078895464,-0.0051762386,-0.0034825871,-0.0037257824,-0.2361507475
0.4857496902,0.0077150879,0.0062191592,-0.0032306163,-0.0032210109,0.0000000000,0.0029917726,0.7936973823
0.4497663551,0.0003119448,-0.0004529723,0.0027424582,0.0079542630,0.0032451323,0.0062142680,-0.2763254859
0.4713804714,0.0102466275,0.0095564353,0.0069617106,0.0000000000,-0.0039810898,-0.0098814229,0.1553708765
0.4281345566,0.0114461483,0.0116249670,-0.0103703704,-0.0039457460,-0.0022483138,-0.0027445110,0.1225625886
0.4361370717,0.0051585938,0.0062324139,-0.0029940120,-0.0034662045,-0.0007511267,0.0045033775,-0.3591485404
0.4340802501,0.0051159847,0.0065228255,0.0050050050,-0.0017391304,0.0020045101,-0.0007471980,-0.1226468151
0.4132653061,0.0108799767,0.0126018788,-0.0009960159,-0.0002488800,-0.0042510628,-0.0064805583,0.2994427940
0.4145873321,0.0114899801,0.0139578243,-0.0067298106,-0.0037341299,-0.0032646911,-0.0022579027,0.0490853244
0.4398249453,0.0071897544,0.0103833448,-0.0022584693,-0.0004997501,-0.0002519526,0.0025144581,-0.3060808847
0.4680851064,0.0045718673,0.0080971320,0.0025150905,0.0002500000,-0.0002520161,0.0015048909,0.1125796610
0.4479495268,-0.0008856100,0.0027260459,0.0017561465,0.0049987503,0.0065540711,0.0047583271,0.1557752571
0.4393305439,0.0047602903,0.0080518185,0.0047583271,-0.0022382492,-0.0022539444,-0.0054835494,-0.5780226695
0.4545454545,0.0005173508,0.0039328162,-0.0054835494,-0.0002492522,-0.0030120482,0.0035087719,0.2885235011
0.4453961456,-0.0003112592,0.0028900803,0.0037593985,0.0019945151,0.0065458207,0.0007492507,0.5088332071
0.4231625835,0.0113467972,0.0143203063,0.0002496879,-0.0019905449,-0.0107553777,-0.0114799102,0.2665865708
0.3421787709,-0.0047212294,-0.0011147214,-0.0112331503,0.0022438295,-0.0073324905,0.0143903055,4.2762223342
0.4819734345,-0.0020078438,0.0009608038,0.0143903055,0.0007462687,0.0183392766,-0.0019910403,-0.6194528610
0.4884615385,-0.0016989448,0.0008896332,-0.0019910403,-0.0012428536,-0.0142571286,0.0000000000,0.6059579584
0.4887892377,-0.0086072420,-0.0063621750,0.0002493766,0.0067197611,0.0164932758,0.0072319202,-0.2652998549
0.4703476483,-0.0062989449,-0.0049054167,0.0072301172,-0.0009888752,0.0034947579,-0.0009903441,-0.1644288796
0.5255140899,-0.0116981166,-0.0109153366,-0.0007425743,0.0074239050,0.0037313433,0.0064436183,0.4822039235
0.5061728395,-0.0045054291,-0.0047149510,0.0059450087,-0.0012281995,-0.0017348203,-0.0054173849,-0.5260016910
0.5188679245,-0.0070083474,-0.0075599811,-0.0054173849,-0.0027053615,-0.0012413108,0.0032186185,-0.0993096371
0.5299539171,-0.0027306085,-0.0038038943,0.0032186185,-0.0002466091,0.0034799901,-0.0032082922,0.6167458859
0.5525291829,0.0031535550,0.0019353099,-0.0034550839,-0.0022200296,-0.0066881348,-0.0054468928,-0.1313601602
0.5525291829,0.0039179794,0.0030404480,-0.0052005944,-0.0064276885,-0.0024937656,-0.0012447100,0.1440089303
0.5989304813,-0.0038850196,-0.0043814151,-0.0012447100,0.0057228166,0.0027500000,0.0072283151,-0.1431035880
0.6424314660,0.0004262103,-0.0003461985,0.0072283151,0.0004948046,0.0012465719,-0.0037119525,-0.0791982293
0.7078135259,0.0026019255,0.0019192056,-0.0037119525,-0.0022255193,-0.0009960159,-0.0022354694,-0.0473013840
0.6643835616,-0.0007833347,-0.0012066570,-0.0019870840,-0.0002478315,0.0007477567,0.0029873040,-0.0817826253
0.6290189613,0.0033215778,0.0028653125,0.0029865605,0.0002478929,-0.0017434620,-0.0039712087,0.5181797025
0.6219686163,-0.0134153468,-0.0135702971,-0.0042183623,0.0109045849,0.0004990020,0.0164465487,2.6557113937
0.6878680801,-0.0062352275,-0.0074551507,0.0161973586,0.0002451581,0.0107231920,-0.0051483207,-0.4781974108
0.6550757151,-0.0033110748,-0.0049412441,-0.0046591466,0.0002450980,-0.0009869233,-0.0019714145,-0.1576877079
0.6733167082,-0.0037855941,-0.0055573915,-0.0022172949,-0.0053908356,-0.0004939491,0.0009876543,-0.5351589893
0.6454131425,-0.0032031950,-0.0051457329,0.0009876543,0.0012318305,0.0004941932,0.0000000000,-0.2007977849
0.6706948640,-0.0029563365,-0.0050100017,-0.0002466700,-0.0002460630,0.0007409237,0.0002466700,-0.1499750531
0.6202531646,-0.0000355118,-0.0021781707,0.0007401925,-0.0012306178,-0.0017275420,-0.0024660912,0.0542883488
0.6511627907,-0.0029878102,-0.0049687099,-0.0027120316,0.0054213898,-0.0002472188,0.0029666255,2.9503137995
0.6108374384,-0.0020361758,-0.0041097082,0.0024721879,-0.0036764706,0.0007418398,-0.0004929751,-0.6964104725
0.6214953271,-0.0027066845,-0.0047869998,0.0000000000,0.0004920049,0.0007412898,0.0009864365,0.1255741589
0.6000000000,0.0051386915,0.0029806054,0.0009864365,0.0007376445,-0.0054320988,-0.0073909830,1.7255312907
0.5322580645,0.0055960710,0.0040057937,-0.0073909830,-0.0054054054,-0.0057100298,-0.0012410027,-0.2451374481
0.5696913003,0.0039866380,0.0029613337,-0.0014892033,-0.0049407115,-0.0012484395,0.0007455268,-0.2766506819
0.5421686747,0.0008878662,0.0002580966,0.0009942829,0.0022343595,0.0035000000,0.0024832381,-0.4239237036
0.3090909091,0.0082437940,0.0077276654,0.0024832381,0.0007431261,-0.0027404086,-0.0074312608,-0.1970007352
0.2857142857,0.0014770168,0.0016557632,-0.0071835521,-0.0022277228,0.0009992506,0.0054903918,-0.0365487206
0.3418803419,-0.0034497585,-0.0031677578,0.0052395210,0.0062019350,0.0052408286,0.0047158104,1.2375552862
0.3970917226,-0.0063555438,-0.0063695779,0.0049640109,0.0027120316,0.0049652433,0.0034584980,0.1877023998
0.4082612872,-0.0083074357,-0.0088258935,0.0032106693,0.0041799852,0.0017292490,0.0029542097,0.4802520762
0.4379562044,-0.0067855752,-0.0079286108,0.0029542097,-0.0014691479,0.0012330456,-0.0002454590,-0.4090168322
0.4687500000,-0.0059856903,-0.0075849633,-0.0002454590,0.0034330554,0.0029556650,0.0002455193,0.1445104554
0.4385964912,-0.0016340039,-0.0035990559,0.0004910385,-0.0041544477,-0.0054027505,-0.0034364261,-0.2515259318
0.3990610329,0.0000953548,-0.0018573716,-0.0036809816,0.0014723926,0.0002469136,-0.0014778325,-0.2182834804
0.4466911765,-0.0009051020,-0.0027038005,-0.0017241379,-0.0012251899,-0.0002468526,0.0009866798,0.5154451169
0.4868270332,0.0091817218,0.0074267595,0.0012336541,-0.0044160942,-0.0148148148,-0.0098570724,1.3585211206
0.3686036427,0.0090247799,0.0081311478,-0.0098570724,-0.0083785116,0.0040100251,-0.0012444002,-0.5384373092
0.4226804124,0.0061320432,0.0060246920,-0.0012444002,0.0007455268,-0.0014977534,0.0014951408,-0.0226762882
0.4105263158,-0.0015192308,-0.0011320652,0.0012459507,0.0072013906,0.0040000000,0.0067180891,0.2497147483
0.4985754986,-0.0002971661,-0.0000596368,0.0069686411,0.0009861933,0.0054780876,-0.0009886307,-0.3797076810
0.5040485830,-0.0061525710,-0.0059575003,-0.0009886307,0.0027093596,0.0000000000,0.0059376546,-0.0712843562
0.5186640472,-0.0066718281,-0.0069815534,0.0061850569,0.0066322771,0.0032194156,0.0014756517,0.8635004789
0.4948453608,-0.0046676598,-0.0054874734,0.0012294074,-0.0041483651,0.0029622315,-0.0009823183,-0.5154417305
0.5173913043,-0.0102752328,-0.0113994830,-0.0012278978,0.0041656457,0.0009844942,0.0063913471,1.7382744226
0.5246511628,-0.0082099187,-0.0100714772,0.0066388001,0.0000000000,0.0046717482,-0.0004885198,-0.5593658349
0.5912806540,-0.0064612537,-0.0088410044,-0.0004885198,0.0019521718,-0.0014684288,-0.0004887586,0.4878703771
0.6326530612,-0.0122294580,-0.0149298715,-0.0002443793,0.0082805650,0.0017156863,0.0068459658,0.1268293908
0.6453333333,-0.0103480029,-0.0138239551,0.0063554143,-0.0038647343,0.0044042085,0.0000000000,-0.4748070637
0.6724137931,-0.0113967591,-0.0154299416,0.0004857906,0.0016973812,0.0007308161,0.0026711996,0.0496192267
0.8432147563,-0.0006885743,-0.0053741331,0.0021849964,-0.0002420721,-0.0038948393,-0.0089610075,0.0253950580
0.6510681587,-0.0008268170,-0.0052191530,-0.0087209302,-0.0046004843,-0.0017106549,0.0002443793,0.5165101720
0.6419624217,0.0084162915,0.0042456550,0.0002443793,-0.0026757480,-0.0083231334,-0.0090398241,-0.1084677788
0.5274725275,0.0053863432,0.0022015243,-0.0090398241,-0.0078048780,-0.0027153789,0.0017258383,-0.2752862764
0.4729109275,-0.0023178114,-0.0048197957,0.0017258383,0.0061455261,0.0051980198,0.0068914595,-0.0303061373
0.4824165915,0.0014659378,-0.0010442010,0.0066453360,0.0004886391,0.0039399163,-0.0034221462,-0.4082000105
0.5126903553,-0.0016979342,-0.0038987182,-0.0031784841,0.0004884005,-0.0019622271,0.0029433407,0.5550105983
0.4673283706,-0.0024125878,-0.0045836747,0.0029433407,-0.0009763241,0.0012288031,0.0009782343,0.0184237862
0.4140127389,-0.0093028217,-0.0114895169,0.0007336757,0.0100171024,0.0039273441,0.0073295871,0.2247799938
0.4019933555,-0.0100325950,-0.0127933917,0.0075757576,0.0070149976,0.0046454768,0.0021828765,0.5137551555
0.3299492386,-0.0208119118,-0.0241268090,0.0021828765,0.0064857074,0.0055974690,0.0125847047,0.2382713004
0.3684210526,-0.0042830842,-0.0090768036,0.0125847047,-0.0014319809,-0.0014520813,-0.0133843212,-0.2890140913
0.3221757322,-0.0084282747,-0.0131855257,-0.0136233270,-0.0074091778,-0.0016965584,0.0048449612,-0.4077065060
0.3347022587,0.0062101276,0.0010646993,0.0053307487,0.0000000000,-0.0075260986,-0.0132594021,0.2909610073
0.3090047393,-0.0023017500,-0.0065385516,-0.0134972282,-0.0067421141,-0.0009784736,0.0075739067,-0.6119325176
0.3461883408,0.0031606031,-0.0009669950,0.0073295871,0.0026666667,0.0041625857,-0.0050921435,0.1215166779
0.3700862895,-0.0026732401,-0.0062239238,-0.0046082949,-0.0002417795,0.0007315289,0.0053619303,-0.1595561674
0.3876980429,-0.0073156382,-0.0107988256,0.0051169591,0.0043530834,0.0048732943,0.0050909091,0.3251756452
0.3796033994,-0.0030642111,-0.0068849484,0.0048484848,-0.0012039490,-0.0029097963,-0.0031355523,2.3030992052
0.3812233286,0.0066627552,0.0028455000,-0.0028950543,-0.0031340405,-0.0065661479,-0.0091942899,-0.3996340989
0.3922789539,0.0190760818,0.0160329591,-0.0091942899,-0.0050785973,-0.0137086903,-0.0131868132,0.7867862632
0.4008667389,0.0081578673,0.0068720816,-0.0134310134,-0.0099659699,-0.0002482005,0.0079188320,-0.5165035064
0.4034519957,-0.0021617644,-0.0026966774,0.0081683168,0.0098207709,0.0109235353,0.0090842131,0.0613579538
0.4374364191,-0.0035263424,-0.0041929452,0.0090842131,0.0019450523,0.0073673870,0.0017031630,-0.1818239627
0.3807390817,0.0013943839,0.0004919096,0.0019464720,-0.0007279786,-0.0024378352,-0.0043721156,-0.1564380521
0.4227103191,-0.0080163743,-0.0087341119,-0.0046138902,0.0048567266,-0.0004887586,0.0092705538,0.9862311644
0.4474414915,-0.0167651655,-0.0180561141,0.0090265919,0.0113581440,0.0097799511,0.0101522843,0.7511985113
0.4995655951,-0.0139499557,-0.0164832768,0.0103965184,0.0004778973,0.0087167070,-0.0002392917,-0.4782092366
0.5405160706,-0.0087194028,-0.0121886822,-0.0002392917,0.0004776690,-0.0019203072,-0.0031115366,-0.2218995313
0.5545750116,-0.0175211947,-0.0213891225,-0.0028721876,0.0050131296,0.0002405002,0.0103241297,0.3730110698
0.5792014041,-0.0201811003,-0.0251331502,0.0100816131,0.0118764846,0.0117816783,0.0054657795,0.9054577813
0.5814054998,-0.0117038716,-0.0179328525,0.0054657795,-0.0058685446,-0.0011882129,-0.0054360671,-0.4751096019
0.5641677255,-0.0173757041,-0.0240263459,-0.0049633656,0.0035419126,-0.0016654770,0.0076045627,0.8499672368
0.5929038282,-0.0109703314,-0.0185430053,0.0071258907,0.0000000000,0.0023832221,-0.0037735849,-0.2857196289
0.6909684440,-0.0120891530,-0.0199536719,-0.0037735849,0.0028235294,0.0033285782,0.0028409091,0.4223284891
0.6731875719,-0.0197173823,-0.0278846704,0.0028409091,0.0065696856,0.0002369668,0.0096789424,-0.0133795301
0.6769055745,-0.0182906645,-0.0274109380,0.0099150142,0.0048951049,0.0130300877,0.0016366612,-0.3709103586
0.6769055745,-0.0094650662,-0.0194293223,0.0014025245,0.0027835769,-0.0046772685,-0.0060690943,-0.1211687795
0.6531284303,-0.0144894786,-0.0244054834,-0.0060690943,-0.0083275503,-0.0009398496,0.0065758572,-0.3541011968
0.6433408578,-0.0055315401,-0.0159393030,0.0065758572,0.0004665267,0.0007055503,-0.0067662156,-0.0766773359
0.5961538462,0.0052372401,-0.0049412620,-0.0069995334,-0.0055957100,-0.0098707403,-0.0098661029,-0.0106452805
0.5169059750,-0.0029018327,-0.0118428280,-0.0098684211,-0.0011723329,-0.0002373606,0.0073546856,-0.1513036253
0.4993097101,-0.0055002618,-0.0139844703,0.0073564309,0.0002347418,0.0073599240,0.0030617051,0.2297996060
0.4621848739,-0.0041864398,-0.0124848526,0.0032979976,-0.0002346867,-0.0054206929,-0.0004695938,0.2911522280
0.5046153846,-0.0072735498,-0.0152612046,-0.0007043907,0.0046948357,0.0068720379,0.0037585154,0.2592425740
0.4945054945,-0.0019502605,-0.0099602053,0.0037593985,-0.0002336449,-0.0021181454,-0.0042124971,-0.3846582020
0.4881803189,0.0011733000,-0.0064203074,-0.0042134831,-0.0028043935,-0.0002358491,-0.0028202115,-0.1362291219
0.4958123953,-0.0090498325,-0.0159177521,-0.0025858016,0.0049214905,-0.0009436188,0.0101343389,0.1359999012
0.5432473445,-0.0099674725,-0.0170320982,0.0101343389,0.0037313433,0.0113341204,0.0023331778,0.5379592737
0.4958123953,-0.0102770746,-0.0175998842,0.0020998600,0.0074349442,0.0021013308,0.0018621974,0.0827389923
