0.3945028294,0.0132626957,0.0080150872,0.0056206089,0.0028011204,-0.0065573770,-0.0079513564,-0.6175844466
0.3995157385,0.0131329513,0.0093248657,-0.0163018165,-0.0135009311,-0.0042432815,-0.0018859029,0.5716436138
0.4762684124,0.0120686320,0.0095879261,0.0028409091,-0.0004719207,0.0014204545,-0.0009447331,-0.8594766517
0.5109104590,0.0102119194,0.0088777093,-0.0014164306,-0.0014164306,0.0000000000,0.0000000000,-1.0000000000
0.5422535211,0.0086408549,0.0082201012,0.0000000000,0.0000000000,0.0000000000,0.0000000000,-1.0000000000
0.5789473684,0.0073114926,0.0076112048,0.0000000000,0.0000000000,0.0000000000,0.0000000000,-1.0000000000
0.3424657534,0.0061866476,0.0070474119,0.0000000000,0.0000000000,0.0000000000,0.0000000000,-1.0000000000
0.3869969040,-0.0069725737,-0.0056977199,0.0122931442,0.0122931442,0.0122931442,0.0122931442,-1.0000000000
0.4961832061,-0.0031061461,-0.0024801884,-0.0028024288,-0.0028024288,-0.0028024288,-0.0028024288,27.6806883365
0.5371900826,-0.0026282774,-0.0022964707,0.0000000000,0.0000000000,0.0000000000,0.0000000000,-1.0000000000
0.5371900826,-0.0078006913,-0.0077036714,0.0060889930,0.0070257611,0.0028103044,0.0056206089,-1.0000000000
0.5670103093,-0.0066005850,-0.0071330290,-0.0004655493,-0.0013953488,0.0028024288,0.0000000000,-1.0000000000
0.6692015209,-0.0060480596,-0.0070671311,-0.0032603633,0.0004657662,-0.0032603633,0.0004657662,-1.0000000000
0.6419753086,0.0000034718,-0.0014299197,0.0070093458,0.0032588454,-0.0014018692,-0.0051210428,3.9116059379
0.6933333333,-0.0041909237,-0.0055122961,-0.0041763341,-0.0041763341,0.0042115115,0.0042115115,-0.0814672345
0.6545454545,-0.0104627824,-0.0120097809,0.0013979497,0.0069897484,0.0009319664,0.0069897484,0.3087795393
0.5971563981,-0.0088531235,-0.0111201675,0.0055839926,0.0000000000,0.0060521415,0.0000000000,-1.0000000000
0.5971563981,0.0027170281,-0.0001171723,-0.0074039796,-0.0023137436,-0.0101804720,-0.0101804720,-1.0000000000
0.4921875000,0.0060617606,0.0036452059,-0.0032634033,-0.0041743970,-0.0037400655,-0.0037400655,1.2522173865
0.5174537988,-0.0009653512,-0.0027087074,0.0028063611,-0.0013972986,0.0061004223,0.0061004223,-0.5580967290
0.5187713311,-0.0008168357,-0.0025080624,0.0000000000,0.0000000000,0.0000000000,0.0000000000,-0.9548184435
0.4597701149,-0.0011570469,-0.0027873978,0.0004664179,0.0004664179,0.0004664179,0.0004664179,1.1935681470
0.3834586466,0.0008874171,-0.0007174600,-0.0032634033,-0.0018648019,-0.0032634033,-0.0018648019,1.3496230103
0.4303797468,0.0007508914,-0.0006643148,0.0014031805,0.0000000000,0.0014031805,0.0000000000,-1.0000000000
0.4094488189,-0.0049417899,-0.0061852961,0.0060719290,0.0060719290,0.0056048575,0.0056048575,-1.0000000000
0.4303797468,-0.0041815145,-0.0057271260,-0.0004642526,-0.0004642526,0.0000000000,0.0000000000,-1.0000000000
0.4705882353,-0.0035382046,-0.0053028945,0.0000000000,0.0000000000,0.0000000000,0.0000000000,-1.0000000000
0.4687500000,-0.0029938654,-0.0049100875,0.0000000000,0.0000000000,0.0000000000,0.0000000000,-1.0000000000
0.4749034749,-0.0025332708,-0.0045463773,0.0000000000,0.0000000000,0.0000000000,0.0000000000,-1.0000000000
0.4333333333,-0.0021435368,-0.0042096086,0.0000000000,0.0000000000,0.0000000000,0.0000000000,-1.0000000000
0.4333333333,-0.0027401528,-0.0048222426,0.0009289364,0.0009289364,0.0009289364,0.0009289364,-1.0000000000
0.5384615385,-0.0023185909,-0.0044650394,0.0000000000,0.0000000000,0.0000000000,0.0000000000,-1.0000000000
0.6363636364,-0.0019618846,-0.0041342958,0.0000000000,0.0000000000,0.0000000000,0.0000000000,-1.0000000000
0.5555555556,-0.0016600562,-0.0038280516,0.0000000000,0.0000000000,0.0000000000,0.0000000000,-1.0000000000
0.5555555556,0.0009176518,-0.0012271539,-0.0037122970,-0.0023201856,-0.0037122970,-0.0023201856,-1.0000000000
0.6086956522,0.0045142019,0.0025943300,-0.0004657662,-0.0018604651,-0.0023288309,-0.0037209302,10.5087825560
0.5185185185,0.0075828572,0.0061599912,-0.0055917987,-0.0055917987,-0.0037348273,-0.0037348273,-0.8882164097
0.5000000000,0.0087798529,0.0080656112,-0.0023430178,-0.0023430178,-0.0023430178,-0.0023430178,0.2834274953
0.2352941176,0.0074291063,0.0074681585,0.0000000000,0.0000000000,0.0000000000,0.0000000000,-1.0000000000
0.2352941176,0.0062861669,0.0069149616,0.0000000000,0.0000000000,0.0000000000,0.0000000000,-1.0000000000
0.2352941176,0.0057914887,0.0068756758,-0.0004697041,-0.0004697041,-0.0004697041,-0.0004697041,-1.0000000000
0.2702702703,-0.0076899102,-0.0062424000,0.0122180451,0.0126879699,0.0122180451,0.0126879699,2.3192488263
0.7286432161,0.0089433292,0.0096814797,0.0023212628,0.0018561485,-0.0199628598,-0.0153132251,6.1414427157
0.5918367347,0.0070928364,0.0084890790,-0.0166743863,-0.0166743863,0.0056845097,0.0004712535,-0.9505644682
0.5833333333,0.0008160553,0.0026651024,0.0051813472,0.0051813472,0.0051813472,0.0051813472,-0.7532051282
0.5652173913,-0.0039768914,-0.0022080015,0.0014058107,0.0046860356,0.0000000000,0.0046860356,163.3847402597
0.5505617978,-0.0102893436,-0.0089779026,0.0056153486,0.0069962687,0.0070290534,0.0069962687,0.0149810885
0.5614035088,-0.0087063677,-0.0083128728,0.0046533271,0.0000000000,0.0046533271,0.0000000000,-1.0000000000
0.5378151261,-0.0059857116,-0.0063163490,0.0050949514,0.0083371931,-0.0013895322,-0.0013895322,-1.0000000000
0.5614035088,-0.0050648329,-0.0058484713,-0.0064516129,-0.0096463023,0.0000000000,0.0000000000,-1.0000000000
0.5493562232,-0.0102534872,-0.0113763401,0.0000000000,0.0060296846,0.0000000000,0.0060296846,-1.0000000000
0.5099337748,-0.0086760276,-0.0105336482,0.0060296846,0.0000000000,0.0060296846,0.0000000000,-1.0000000000
0.5099337748,0.0051712511,0.0027287223,-0.0124481328,-0.0124481328,-0.0124481328,-0.0124481328,-1.0000000000
0.4450867052,-0.0030710409,-0.0049064106,0.0074696545,0.0074696545,0.0074696545,0.0074696545,0.3031012288
0.3875000000,-0.0103943544,-0.0123235565,0.0083410565,0.0083410565,0.0078776645,0.0078776645,2.2451728783
0.3608695652,-0.0087952229,-0.0114107004,-0.0004595588,-0.0004595588,0.0000000000,0.0000000000,-1.0000000000
0.4414893617,-0.0297467833,-0.0327999473,0.0124137931,0.0229885057,0.0114942529,0.0229885057,-1.0000000000
0.5569620253,-0.0149882108,-0.0202424912,0.0049954587,-0.0053932584,0.0009090909,-0.0103370787,-0.4813022437
0.5330396476,-0.0117847707,-0.0178509956,0.0090375056,0.0266606417,-0.0009082652,-0.0009082652,8.8097964377
0.6175243394,-0.0188909027,-0.0253888014,-0.0013434841,-0.0140845070,0.0090909091,0.0090909091,-0.8636923676
0.6278755074,-0.0252056377,-0.0326586755,-0.0085201794,0.0004464286,-0.0112612613,0.0094594595,5.1173485569
0.6241457859,-0.0120701377,-0.0210661044,0.0113071009,0.0294511379,-0.0018223235,-0.0093708166,4.6009565533
0.5557809331,0.0102651543,0.0007804378,-0.0174418605,-0.0476809710,-0.0077590141,-0.0202702703,-0.9457610645
0.4917444365,0.0086858998,0.0007226276,-0.0100136550,-0.0091033227,0.0000000000,0.0000000000,-0.1590579401
0.5123966942,0.0082767585,0.0015901020,0.0018390805,0.0018373909,-0.0022999080,-0.0009195402,-0.7855403349
0.5535714286,0.0019315074,-0.0035717289,-0.0050481872,0.0013755158,-0.0004610420,0.0050621261,0.4220487343
0.5474452555,0.0057790463,0.0008170899,0.0087638376,0.0022893773,0.0032287823,-0.0041208791,6.4824488438
0.5833333333,0.0198953187,0.0157001998,-0.0146319159,-0.0155322065,-0.0147126437,-0.0147126437,-0.8107921827
0.5712000000,0.0182599693,0.0159594705,-0.0069605568,-0.0069605568,-0.0013999067,-0.0013999067,0.0264394830
0.5982404692,0.0216570713,0.0209794994,-0.0009345794,-0.0009345794,-0.0060747664,-0.0060747664,4.7923297081
0.5098039216,0.0260434536,0.0271520410,-0.0042095416,-0.0042095416,-0.0079924777,-0.0075223319,0.1943038975
0.5217391304,0.0254370809,0.0285514182,-0.0089243776,-0.0089243776,-0.0028436019,-0.0033159640,-0.9578499677
0.5131578947,0.0181363481,0.0230328718,0.0004739336,0.0004739336,0.0033269962,0.0033269962,0.1766784452
0.4415094340,0.0304787033,0.0365484297,-0.0113690194,-0.0113690194,-0.0198957840,-0.0146849834,26.2736069403
0.3345724907,0.0233297448,0.0313619032,-0.0019166267,-0.0009583134,-0.0028999517,0.0024038462,-0.7678464381
0.3039647577,0.0396865788,0.0491666976,-0.0182429189,-0.0191846523,-0.0087251575,-0.0191846523,-0.9550484823
0.3108108108,0.0186376122,0.0304086999,0.0146699267,0.0146699267,0.0146699267,0.0146699267,-0.2649472450
0.4380165289,0.0157702873,0.0281562036,0.0000000000,0.0000000000,0.0000000000,0.0000000000,-1.0000000000
0.4124513619,0.0133440892,0.0260705589,0.0000000000,0.0000000000,0.0000000000,0.0000000000,-1.0000000000
0.4258555133,0.0112911524,0.0241394064,0.0000000000,0.0000000000,0.0000000000,0.0000000000,-1.0000000000
0.4083333333,0.0095540520,0.0223513022,0.0000000000,0.0000000000,0.0000000000,0.0000000000,-1.0000000000
0.4329896907,0.0080841979,0.0206956502,0.0000000000,0.0000000000,0.0000000000,0.0000000000,-1.0000000000
0.3954802260,-0.0046717552,0.0075095170,0.0086746988,0.0173493976,0.0072289157,0.0115662651,-1.0000000000
0.4125000000,-0.0039530236,0.0069532565,0.0028666985,-0.0056845097,0.0043062201,0.0000000000,-1.0000000000
0.3882352941,-0.0146118106,-0.0049393393,0.0061934254,0.0114340162,0.0038113387,0.0114340162,-1.0000000000
0.3364485981,-0.0010711919,0.0068082608,0.0018939394,-0.0032972209,-0.0037968676,-0.0113047574,-0.8142366266
0.3958664547,-0.0126659695,-0.0055404986,0.0070888469,0.0089792060,0.0119104335,0.0119104335,1.4133363782
0.4029850746,-0.0130407093,-0.0074665636,0.0000000000,-0.0004683841,0.0023540490,0.0023540490,-0.3669568509
0.4029850746,-0.0114987494,-0.0073797226,0.0000000000,-0.0014058107,0.0004697041,0.0004697041,0.1023916293
0.4308300395,-0.0069323374,-0.0040275202,-0.0032848428,-0.0032848428,-0.0028169014,-0.0028169014,-0.7023728814
0.5129870130,-0.0105243721,-0.0083977459,0.0047080979,0.0047080979,0.0047080979,0.0047080979,-0.6396355353
0.4972067039,-0.0144472403,-0.0133240092,0.0074976570,0.0074976570,0.0056232427,0.0056232427,31.8280657396
0.4902912621,-0.0172619220,-0.0173738061,0.0009302326,0.0032558140,0.0027958993,0.0051258155,4.4757962029
0.4827586207,-0.0146062417,-0.0160868575,0.0023234201,0.0000000000,0.0023234201,0.0000000000,-1.0000000000
0.4827586207,-0.0123591276,-0.0148952385,0.0000000000,0.0000000000,0.0000000000,0.0000000000,-1.0000000000
0.4827586207,-0.0104577233,-0.0137918875,0.0000000000,0.0000000000,0.0000000000,0.0000000000,-1.0000000000
0.4559585492,-0.0088488428,-0.0127702662,0.0000000000,0.0000000000,0.0000000000,0.0000000000,-1.0000000000
0.4559585492,-0.0056435204,-0.0099884159,-0.0018544274,-0.0018544274,-0.0018544274,-0.0018544274,-1.0000000000
0.4848484848,-0.0038499265,-0.0083273324,0.0106827682,0.0139340455,-0.0009289364,-0.0009289364,2.1555555556
0.7272727273,-0.0032576301,-0.0077104930,-0.0114889706,-0.0146587265,0.0000000000,0.0000000000,-1.0000000000
0.6610169492,-0.0027564562,-0.0071393453,0.0000000000,0.0000000000,0.0000000000,0.0000000000,-1.0000000000
0.6800000000,-0.0023323861,-0.0066105049,0.0000000000,0.0000000000,0.0000000000,0.0000000000,-1.0000000000
0.7333333333,0.0140552092,0.0098413215,-0.0106927011,-0.0106927011,-0.0158066016,-0.0158066016,-1.0000000000
0.4520547945,0.0118928694,0.0091123347,-0.0018796992,-0.0018796992,0.0000000000,0.0000000000,-0.7137008182
0.4630872483,0.0100631971,0.0084373470,-0.0032956685,-0.0032956685,0.0000000000,0.0000000000,-1.0000000000
0.4520547945,0.0133015104,0.0125955209,-0.0033065659,-0.0018894662,-0.0047236656,-0.0047236656,-1.0000000000
0.0000000000,0.0112551242,0.0116625194,-0.0014218009,-0.0028395646,0.0000000000,0.0000000000,-1.0000000000
0.0000000000,0.0153060405,0.0165884064,-0.0023730422,-0.0023730422,-0.0056953014,-0.0056953014,-1.0000000000
0.0000000000,0.0129512651,0.0153596355,-0.0033301618,-0.0033301618,0.0000000000,0.0000000000,-1.0000000000
0.0000000000,0.0047241973,0.0079671957,0.0028639618,0.0062052506,0.0019093079,0.0062052506,-1.0000000000
0.5118110236,0.0039973977,0.0073770331,0.0033317468,0.0000000000,0.0042877561,0.0000000000,-1.0000000000
0.4727272727,0.0033824135,0.0068305862,0.0000000000,0.0000000000,0.0000000000,0.0000000000,-1.0000000000
0.4105263158,0.0028620422,0.0063246168,0.0000000000,0.0000000000,0.0000000000,0.0000000000,-1.0000000000
0.4105263158,0.0024217280,0.0058561267,0.0000000000,0.0000000000,0.0000000000,0.0000000000,-1.0000000000
0.4105263158,0.0020491544,0.0054223395,0.0000000000,0.0000000000,0.0000000000,0.0000000000,-1.0000000000
0.4105263158,-0.0053438243,-0.0020802621,0.0071157495,0.0071157495,0.0071157495,0.0071157495,-1.0000000000
0.5600000000,-0.0068606973,-0.0042712669,0.0131888837,0.0141309468,0.0023551578,0.0023551578,83.8858800774
0.5000000000,-0.0058052054,-0.0039548768,-0.0106927011,-0.0116117046,0.0000000000,0.0000000000,-1.0000000000
0.5000000000,-0.0049120968,-0.0036619230,0.0000000000,0.0000000000,0.0000000000,0.0000000000,-1.0000000000
0.4782608696,-0.0041563896,-0.0033906694,0.0000000000,0.0000000000,0.0000000000,0.0000000000,-1.0000000000
0.4782608696,-0.0035169451,-0.0031395087,0.0000000000,0.0000000000,0.0000000000,0.0000000000,-1.0000000000
0.9900990099,-0.0029758766,-0.0029069525,0.0000000000,0.0000000000,0.0000000000,0.0000000000,-1.0000000000
0.9900990099,-0.0025180494,-0.0026916227,0.0000000000,0.0000000000,0.0000000000,0.0000000000,-1.0000000000
0.9900990099,-0.0021306572,-0.0024922432,0.0000000000,0.0000000000,0.0000000000,0.0000000000,-1.0000000000
0.9900990099,-0.0018028638,-0.0023076326,0.0000000000,0.0000000000,0.0000000000,0.0000000000,-1.0000000000
0.9900990099,-0.0015255001,-0.0021366969,0.0000000000,0.0000000000,0.0000000000,0.0000000000,-1.0000000000
0.9900990099,-0.0068910463,-0.0075748057,0.0056390977,0.0056390977,0.0056390977,0.0056390977,-1.0000000000
0.9900990099,-0.0058308853,-0.0070137090,0.0000000000,0.0000000000,0.0000000000,0.0000000000,-1.0000000000
0.9900990099,-0.0049338260,-0.0064941750,0.0000000000,0.0000000000,0.0000000000,0.0000000000,-1.0000000000
0.9900990099,-0.0041747759,-0.0060131250,0.0000000000,0.0000000000,0.0000000000,0.0000000000,-1.0000000000
0.9900990099,-0.0035325027,-0.0055677083,0.0000000000,0.0000000000,0.0000000000,0.0000000000,-1.0000000000
0.9900990099,-0.0131343881,-0.0152785897,0.0046728972,0.0102803738,0.0046728972,0.0102803738,-1.0000000000
0.9900990099,-0.0111137130,-0.0141468423,0.0055813953,0.0000000000,0.0055813953,0.0000000000,-1.0000000000
0.9900990099,-0.0094039110,-0.0130989281,0.0000000000,0.0000000000,0.0000000000,0.0000000000,-1.0000000000
0.9900990099,-0.0079571555,-0.0121286371,0.0000000000,0.0000000000,0.0000000000,0.0000000000,-1.0000000000
0.9900990099,-0.0067329777,-0.0112302195,0.0000000000,0.0000000000,0.0000000000,0.0000000000,-1.0000000000
0.9900990099,-0.0102749567,-0.0149545284,0.0046253469,0.0046253469,0.0046253469,0.0046253469,-1.0000000000
0.9900990099,-0.0036482136,-0.0088270330,0.0000000000,0.0000000000,-0.0050644567,-0.0050644567,3.1325051760
0.5714285714,-0.0003113220,-0.0054117119,-0.0078268877,-0.0078268877,-0.0069412309,-0.0027764924,11.0490981964
0.6330935252,0.0020615425,-0.0026969161,0.0004640371,0.0032482599,0.0018639329,-0.0023201856,1.1574636175
0.6857142857,-0.0346255394,-0.0387130707,0.0097402597,0.0319148936,0.0125581395,0.0376744186,1.6184400717
0.8370370370,-0.0020115336,-0.0087424734,0.0261828204,0.0017929180,-0.0045934773,-0.0273419991,-0.7680825537
0.6447931526,-0.0144192380,-0.0207306168,-0.0223813787,-0.0111856823,0.0078449469,0.0129032258,0.1365641563
0.6294642857,-0.0035876844,-0.0106427922,-0.0022893773,-0.0140271493,-0.0022893773,-0.0086442220,-0.8942533229
0.6334231806,-0.0370633254,-0.0436492991,-0.0078017439,0.0917852226,-0.0100963745,0.0353373107,87.7700026406
0.7060518732,-0.0218223085,-0.0309662202,0.0457909343,-0.0319461959,0.0319888734,-0.0097517730,-0.7638084076
0.7033492823,-0.0060067442,-0.0163436989,-0.0048651039,-0.0230134607,-0.0130278527,-0.0125335721,1.2622385108
0.6929292929,-0.0046314200,-0.0146864029,-0.0200000000,-0.0200000000,0.0036413291,-0.0004533092,-0.9741348595
0.7192660550,0.0088924387,-0.0009116854,-0.0090702948,-0.0090702948,-0.0185941043,-0.0126984127,19.8521308653
0.7090032154,0.0056765503,-0.0026766261,-0.0018306636,-0.0018306636,0.0078558226,0.0018373909,-0.9687238720
0.7025472473,-0.0079330669,-0.0151223620,0.0009170105,0.0128381476,0.0000000000,0.0128381476,37.1838283828
0.6723207402,-0.0067125951,-0.0140021870,0.0119102153,0.0000000000,0.0128381476,0.0000000000,-1.0000000000
0.6504688832,-0.0114972425,-0.0187397203,-0.0095065641,0.0058850158,-0.0162969670,0.0058850158,-1.0000000000
0.5923076923,-0.0097284360,-0.0173515929,0.0155393053,0.0000000000,0.0225494708,0.0000000000,-1.0000000000
0.5309734513,0.0058005676,-0.0021448178,-0.0198019802,0.0027002700,-0.0198019802,-0.0139513951,-1.0000000000
0.5825242718,0.0058263162,-0.0010740976,0.0050505051,-0.0130161580,0.0032139578,-0.0009128252,-0.4200637766
0.6197387518,0.0132619448,0.0072883294,-0.0082229328,-0.0127330605,-0.0064073227,-0.0082229328,-0.9591321147
0.6215429403,0.0065851410,0.0021324584,0.0023030861,0.0046061723,0.0023030861,0.0046061723,0.2109090909
0.4254143646,0.0074196713,0.0038155174,0.0013786765,-0.0009170105,0.0004595588,-0.0018340211,7.1411411411
0.4621848739,0.0189151653,0.0161353925,-0.0133088573,-0.0133088573,-0.0124023886,-0.0124023886,-0.4641583671
0.4644149578,0.0160051398,0.0149401782,0.0000000000,0.0000000000,0.0000000000,0.0000000000,-1.0000000000
0.4285714286,0.0055916211,0.0058800284,0.0000000000,0.0079069767,0.0000000000,0.0079069767,-1.0000000000
0.4675324675,0.0122049663,0.0129233696,0.0158139535,0.0101522843,-0.0046511628,-0.0073834795,1.7758768178
0.5100000000,-0.0044828321,-0.0028680511,-0.0073260073,-0.0018273184,0.0130841121,0.0148768015,-0.6309301760
0.5242718447,-0.0037931657,-0.0026556029,0.0069188192,-0.0009153318,0.0069188192,0.0000000000,-1.0000000000
0.5242718447,-0.0032096017,-0.0024588915,0.0000000000,0.0000000000,0.0000000000,0.0000000000,-1.0000000000
0.5462962963,0.0041842121,0.0046263153,-0.0100778745,-0.0068712781,-0.0105359597,-0.0068712781,-1.0000000000
0.5492021277,0.0012313742,0.0019728024,0.0055529847,0.0023062731,0.0060185185,0.0023062731,0.4218836057
0.5393258427,0.0052052303,0.0059932308,-0.0041417395,-0.0041417395,-0.0041417395,-0.0041417395,-0.4870238864
0.5189189189,0.0062644338,0.0074114161,0.0013863216,0.0013863216,-0.0018484288,-0.0018484288,2.9416058394
0.5614035088,0.0053006748,0.0068624223,-0.0032302723,-0.0032302723,0.0000000000,0.0000000000,-1.0000000000
0.5901639344,-0.0010644556,0.0007941274,0.0055555556,0.0055555556,0.0055555556,0.0055555556,-1.0000000000
0.5374592834,-0.0009006932,0.0007353031,0.0000000000,0.0000000000,0.0000000000,0.0000000000,-1.0000000000
0.6000000000,-0.0007621250,0.0006808362,0.0000000000,0.0000000000,0.0000000000,0.0000000000,-1.0000000000
0.6000000000,-0.0006448750,0.0006304039,0.0000000000,0.0000000000,0.0000000000,0.0000000000,-1.0000000000
0.5975609756,0.0096813111,0.0108222383,-0.0055248619,-0.0055248619,-0.0101289134,-0.0101289134,-1.0000000000
0.5664739884,0.0058526864,0.0076771558,-0.0023148148,-0.0023148148,0.0023255814,0.0023255814,-0.9318476998
0.3697478992,0.0049522731,0.0071084776,0.0000000000,0.0000000000,0.0000000000,0.0000000000,-1.0000000000
0.3697478992,0.0041903849,0.0065819237,0.0000000000,0.0000000000,0.0000000000,0.0000000000,-1.0000000000
0.3697478992,0.0016864316,0.0042303731,0.0018561485,0.0018561485,0.0018561485,0.0018561485,-1.0000000000
0.3577981651,0.0014269805,0.0039170121,0.0000000000,0.0000000000,0.0000000000,0.0000000000,-1.0000000000
0.3750000000,0.0039976191,0.0064237795,-0.0009263548,-0.0009263548,-0.0027790644,-0.0027790644,-1.0000000000
0.3962264151,-0.0058523979,-0.0033106657,0.0046360686,0.0074177098,0.0065025546,0.0092893637,0.6217819991
0.4226804124,-0.0049520290,-0.0030654312,0.0027688048,0.0000000000,0.0027688048,0.0000000000,-1.0000000000
0.4226804124,-0.0037317024,-0.0023792639,0.0041417395,0.0055223194,-0.0004601933,-0.0004601933,-1.0000000000
0.5000000000,-0.0031575943,-0.0022030221,-0.0045829514,-0.0059496568,0.0000000000,0.0000000000,-1.0000000000
0.5000000000,0.0094113828,0.0100510148,-0.0069060773,-0.0069060773,-0.0119705341,-0.0119705341,-1.0000000000
0.4128113879,0.0112620959,0.0126095085,-0.0083449235,-0.0083449235,-0.0032618826,-0.0032618826,-0.9624918805
0.4380664653,0.0157025058,0.0178616332,0.0014025245,0.0014025245,-0.0060776064,-0.0060776064,0.4281111559
0.4769736842,0.0151967955,0.0184547388,-0.0065359477,-0.0065359477,-0.0075258702,-0.0018814675,28.4610829103
0.5581395349,0.0133363653,0.0175672533,-0.0028195489,-0.0028195489,0.0052132701,-0.0004712535,-0.9004010759
0.5915492958,0.0112846168,0.0162659752,-0.0004712535,-0.0004712535,0.0000000000,0.0000000000,-1.0000000000
0.5915492958,0.0105013756,0.0160191449,-0.0075436115,-0.0009429514,-0.0080150872,-0.0009429514,-1.0000000000
0.7272727273,0.0088857794,0.0148325416,0.0066508314,0.0000000000,0.0071292776,0.0000000000,-1.0000000000
0.7272727273,0.0075187364,0.0137338348,0.0000000000,0.0000000000,0.0000000000,0.0000000000,-1.0000000000
0.7216494845,0.0087422395,0.0151117751,-0.0023596036,-0.0023596036,-0.0023596036,-0.0023596036,-1.0000000000
0.0000000000,0.0045461552,0.0111225946,0.0028382214,0.0028382214,0.0028382214,0.0028382214,-0.0025673941
0.4485981308,0.0057443776,0.0122085261,-0.0018867925,-0.0018867925,-0.0018867925,-0.0018867925,0.5868725869
0.4363636364,0.0081958688,0.0146608192,-0.0033081285,-0.0033081285,-0.0033081285,-0.0033081285,-0.3661800487
0.4390243902,0.0131802686,0.0198613177,-0.0037932670,-0.0037932670,-0.0061640588,-0.0061640588,3.2354446577
0.4909090909,0.0111525350,0.0183901090,-0.0023798191,-0.0023798191,0.0000000000,0.0000000000,6.1850453172
0.4948453608,0.0152492561,0.0228840853,-0.0004770992,-0.0004770992,-0.0081106870,-0.0057251908,11.1627877641
0.5000000000,0.0080660476,0.0163122297,-0.0076372315,-0.0004773270,-0.0182780183,0.0047984645,-0.8319772939
0.5600000000,0.0073061612,0.0155889159,0.0057720058,0.0000000000,0.0244977952,-0.0004775549,0.4034874749
0.5600000000,0.0076264170,0.0158903070,0.0000000000,0.0004775549,-0.0014347202,-0.0014333493,-0.0666735080
0.5765765766,-0.0030867180,0.0050951122,0.0105212817,0.0114558473,0.0105363985,0.0095693780,-0.9658839237
0.6511627907,-0.0026118383,0.0047176965,-0.0014197823,-0.0042472865,0.0000000000,0.0000000000,-1.0000000000
0.6511627907,0.0006353917,0.0072324055,-0.0018957346,-0.0018957346,-0.0028436019,-0.0028436019,-1.0000000000
0.6530612245,-0.0013609143,0.0047864314,-0.0042735043,0.0052231719,-0.0033269962,0.0019011407,3.8417599819
0.6034482759,-0.0058675412,-0.0003104793,0.0081068193,0.0009447331,0.0081068193,0.0047438330,-0.7563192076
0.6260162602,-0.0179475939,-0.0133312602,0.0104068117,0.0198206701,0.0085146641,0.0132200189,0.0585754002
0.6728971963,-0.0224745927,-0.0196529638,0.0102996255,0.0004627487,0.0093808630,0.0074557316,3.4306285093
0.6769230769,-0.0181086454,-0.0172881120,0.0027803522,0.0009250694,0.0037174721,-0.0009250694,-0.9264354189
0.7534246575,-0.0098217095,-0.0105103464,-0.0101663586,-0.0073937153,-0.0097222222,-0.0055555556,97.9269241456
0.7096774194,-0.0083106772,-0.0097318022,0.0028011204,0.0000000000,0.0042075736,0.0000000000,-1.0000000000
0.7534246575,-0.0070321115,-0.0090109280,0.0000000000,0.0000000000,0.0000000000,0.0000000000,-1.0000000000
0.7647058824,-0.0050238272,-0.0074192612,-0.0018621974,-0.0009310987,-0.0018621974,-0.0009310987,-1.0000000000
0.7572815534,-0.0042509307,-0.0068696863,0.0009328358,0.0000000000,0.0009328358,0.0000000000,-1.0000000000
0.7393364929,-0.0035969414,-0.0063608206,0.0000000000,0.0000000000,0.0000000000,0.0000000000,-1.0000000000
0.7250000000,-0.0044353151,-0.0072774249,0.0013979497,0.0013979497,0.0013979497,0.0013979497,-1.0000000000
0.6892655367,-0.0133940593,-0.0163505659,0.0023266636,0.0097719870,0.0023266636,0.0097719870,1.4610948452
0.7192982456,-0.0122438092,-0.0160462826,0.0041782730,0.0009216590,0.0041782730,0.0009216590,-0.6626049966
0.7142857143,-0.0121793371,-0.0166685925,0.0060101711,0.0018416206,0.0060101711,0.0018416206,-0.9263810236
0.6981132075,-0.0103055930,-0.0154338820,0.0000000000,0.0000000000,0.0000000000,0.0000000000,-1.0000000000
0.6330275229,-0.0109926524,-0.0165503962,0.0022977941,0.0022977941,0.0022977941,0.0022977941,-1.0000000000
0.5675675676,-0.0375441057,-0.0433953700,-0.0036680422,0.0641907382,-0.0055020633,0.0293443375,277.8139079334
0.7021276596,-0.0038127226,-0.0124684309,0.0317533364,-0.0340370530,0.0059935454,-0.0280623608,-0.5373609350
0.3367346939,-0.0036827572,-0.0119976401,-0.0173951829,-0.0173951829,-0.0009165903,0.0004582951,-0.2359015634
0.3053435115,0.0112441361,0.0031362521,-0.0113481616,-0.0113481616,-0.0128440367,-0.0142006413,0.1250608659
0.3086419753,0.0113941838,0.0047715422,-0.0096418733,-0.0096418733,-0.0027881041,-0.0018587361,-0.6908034200
0.3042596349,0.0224938083,0.0172041807,-0.0166898470,-0.0166898470,-0.0116495806,-0.0125698324,-0.9622064789
0.3137254902,0.0190332224,0.0159297969,0.0000000000,0.0000000000,0.0000000000,0.0000000000,-1.0000000000
0.3137254902,0.0094420505,0.0080957149,0.0108439415,0.0113154173,0.0066006601,0.0066006601,-1.0000000000
0.3366186505,0.0079894273,0.0074960323,-0.0041977612,-0.0046620047,0.0000000000,0.0000000000,-1.0000000000
0.3243243243,0.0030019635,0.0031817757,-0.0023419204,0.0037470726,-0.0023419204,0.0037470726,-1.0000000000
0.3386243386,0.0177373205,0.0181494400,-0.0079812207,-0.0139990667,-0.0098591549,-0.0149323378,-0.9007761180
0.3694779116,0.0227603568,0.0245706125,-0.0094652153,-0.0070989115,-0.0104314841,-0.0075793463,8.4192484392
0.3895553987,0.0285872396,0.0321110010,0.0004777831,-0.0019065777,-0.0196454241,-0.0090692124,1.1940720360
0.4422657952,0.0168420779,0.0223455188,-0.0109837631,-0.0014326648,0.0122189638,0.0072254335,-0.7322700897
0.2572533849,-0.0052538377,0.0010616356,0.0178657653,0.0215208034,0.0159343312,0.0196078431,-0.3207792208
0.4235924933,-0.0081672538,-0.0027589965,0.0132827324,0.0056179775,0.0152091255,0.0037523452,-0.7959439551
0.4444444444,0.0072089991,0.0116270613,0.0014044944,-0.0041899441,-0.0121722846,-0.0140186916,1.7651305684
0.4463667820,0.0099290371,0.0146126702,-0.0172978027,-0.0172978027,-0.0037914692,-0.0037914692,-0.5870229432
0.4387755102,0.0084014930,0.0135302502,0.0000000000,0.0000000000,0.0000000000,0.0000000000,-1.0000000000
0.4502617801,-0.0000269133,0.0053537439,0.0071360609,0.0071360609,0.0071360609,0.0071360609,-1.0000000000
0.4449339207,-0.0000227728,0.0049571703,0.0000000000,0.0000000000,0.0000000000,0.0000000000,-1.0000000000
0.4531250000,0.0066377589,0.0112776851,-0.0066131318,-0.0066131318,-0.0066131318,-0.0066131318,-1.0000000000
