0.4776119403,-0.0197540115,0.0000000000,0.0121546961,0.0000000000,0.0121546961,0.0000000000,-1.0000000000
0.4905660377,-0.0080516283,0.0088105727,-0.0087336245,-0.0087336245,-0.0087336245,-0.0087336245,-1.0000000000
0.5327868852,-0.0100835652,0.0048379884,0.0000000000,0.0033039648,0.0000000000,0.0033039648,9.0245454545
0.5365853659,-0.0128665328,0.0000884511,0.0044052863,0.0043907794,0.0044052863,0.0043907794,0.6905776730
0.5043478261,-0.0194600927,-0.0085861996,0.0010964912,0.0087431694,-0.0010964912,0.0087431694,-0.8934127240
0.5025380711,-0.0207101752,-0.0122308744,0.0065717415,0.0043336945,0.0087815587,0.0043336945,-0.2742828384
0.4909090909,-0.0175239944,-0.0113248837,0.0087051143,0.0000000000,0.0087051143,0.0000000000,-1.0000000000
0.6428571429,-0.0148279953,-0.0104860034,0.0000000000,0.0000000000,0.0000000000,0.0000000000,-1.0000000000
0.5890410959,-0.0125467652,-0.0097092625,0.0000000000,0.0000000000,0.0000000000,0.0000000000,-1.0000000000
0.5614035088,0.0001728576,0.0018170299,-0.0107874865,-0.0107874865,-0.0107874865,-0.0107874865,-1.0000000000
0.4155844156,-0.0106428002,-0.0091232007,0.0000000000,0.0109051254,0.0000000000,0.0109051254,-0.6666666667
0.4375000000,0.0028951433,0.0034598829,0.0054525627,-0.0053937433,-0.0010905125,-0.0118662352,8.9347826087
0.4200000000,0.0024497366,0.0032035953,-0.0065075922,-0.0065075922,0.0000000000,0.0000000000,-1.0000000000
0.3750000000,0.0020728541,0.0029662919,0.0000000000,0.0000000000,0.0000000000,0.0000000000,-1.0000000000
0.3750000000,0.0083589245,0.0093580824,-0.0043668122,-0.0032751092,-0.0076419214,-0.0065502183,-1.0000000000
0.3918918919,0.0070729362,0.0086648911,-0.0021929825,-0.0032858708,0.0011001100,0.0000000000,-1.0000000000
0.4193548387,0.0059847921,0.0080230473,0.0000000000,0.0000000000,0.0000000000,0.0000000000,-1.0000000000
0.4489795918,0.0050640549,0.0074287475,0.0000000000,0.0000000000,0.0000000000,0.0000000000,-1.0000000000
0.4375000000,-0.0033813280,-0.0008076252,-0.0109890110,0.0076923077,-0.0109890110,0.0076923077,-1.0000000000
0.4857142857,0.0048091754,0.0069387542,0.0144444444,-0.0043620502,0.0111111111,-0.0076335878,0.6992795389
0.5000000000,0.0096166465,0.0119851303,-0.0087623220,-0.0087623220,-0.0054945055,-0.0054945055,-0.9572203850
0.5214723926,0.0103700243,0.0133367611,0.0000000000,0.0000000000,-0.0022099448,-0.0022099448,-0.9038652131
0.5543478261,0.0087746360,0.0123488529,-0.0022099448,-0.0022099448,0.0000000000,0.0000000000,-1.0000000000
0.5782312925,0.0130339609,0.0170657162,-0.0055370986,-0.0055370986,-0.0055370986,-0.0055370986,-1.0000000000
0.5384615385,0.0110287361,0.0158015890,0.0000000000,0.0000000000,0.0000000000,0.0000000000,0.4842519685
0.5833333333,0.0093320075,0.0146311010,0.0000000000,0.0000000000,0.0000000000,0.0000000000,-1.0000000000
0.5833333333,-0.0053946264,0.0001818566,0.0100222717,0.0133630290,0.0100222717,0.0133630290,-1.0000000000
0.6551724138,-0.0045646839,0.0001683857,0.0033076075,0.0000000000,0.0033076075,0.0000000000,-1.0000000000
0.6666666667,-0.0060469370,-0.0020374117,0.0043956044,0.0043956044,0.0021978022,0.0021978022,-1.0000000000
0.5957446809,-0.0051166390,-0.0018864923,-0.0021881838,-0.0021881838,0.0000000000,0.0000000000,-1.0000000000
0.5957446809,-0.0097584198,-0.0071897905,-0.0021929825,0.0054824561,-0.0021929825,0.0054824561,-1.0000000000
0.5777777778,-0.0082571245,-0.0066572135,0.0076923077,0.0000000000,0.0076923077,0.0000000000,-1.0000000000
0.5714285714,-0.0069867976,-0.0061640865,0.0000000000,0.0000000000,0.0000000000,0.0000000000,-1.0000000000
0.6129032258,-0.0069947903,-0.0067905948,0.0010905125,0.0010905125,0.0010905125,0.0010905125,-1.0000000000
0.5882352941,-0.0059186687,-0.0062875878,0.0000000000,0.0000000000,0.0000000000,0.0000000000,-1.0000000000
0.5000000000,-0.0050081043,-0.0058218406,0.0000000000,0.0000000000,0.0000000000,0.0000000000,-1.0000000000
0.5000000000,-0.0020634731,-0.0032189569,0.0000000000,0.0000000000,-0.0021786492,-0.0021786492,0.3980654762
0.7142857143,-0.0017460157,-0.0029805156,-0.0021786492,-0.0021786492,0.0000000000,0.0000000000,-1.0000000000
0.7142857143,-0.0047369929,-0.0060151456,0.0000000000,0.0032751092,0.0000000000,0.0032751092,-1.0000000000
0.6969696970,-0.0040082247,-0.0055695793,0.0032751092,0.0000000000,0.0032751092,0.0000000000,-1.0000000000
0.5789473684,0.0165184714,0.0147177587,-0.0195865071,-0.0184983678,-0.0195865071,-0.0195865071,-1.0000000000
0.2156862745,0.0028467931,0.0025010170,0.0110987791,0.0099778271,0.0110987791,0.0110987791,0.1500000000
0.3220338983,0.0283721166,0.0282766376,-0.0065861690,-0.0065861690,-0.0252469813,-0.0252469813,1.0927536232
0.2489082969,0.0240071755,0.0261820718,-0.0187845304,-0.0187845304,0.0000000000,0.0000000000,-1.0000000000
0.2456140351,0.0191660544,0.0230905301,0.0011261261,0.0011261261,0.0011261261,0.0011261261,-1.0000000000
0.2073732719,0.0162174306,0.0213801205,0.0000000000,0.0000000000,0.0000000000,0.0000000000,-1.0000000000
0.2073732719,0.0035626396,0.0095757312,0.0168728909,0.0213723285,0.0101237345,0.0101237345,-1.0000000000
0.2863070539,0.0030145412,0.0088664177,-0.0066371681,-0.0110132159,0.0000000000,0.0000000000,-1.0000000000
0.2863070539,-0.0084905424,-0.0028939844,0.0122494432,0.0122494432,0.0111358575,0.0111358575,-1.0000000000
0.3152866242,-0.0005802096,0.0039544450,-0.0088008801,-0.0077007701,-0.0077092511,-0.0066079295,-0.9156160458
0.2964071856,-0.0004909466,0.0036615232,0.0011098779,0.0000000000,0.0011098779,0.0000000000,-1.0000000000
0.2964071856,-0.0124586041,-0.0086987405,0.0099778271,0.0121951220,0.0066518847,0.0121951220,-1.0000000000
0.3435754190,-0.0105418958,-0.0080543894,0.0087815587,0.0065717415,0.0022026432,0.0000000000,-0.8648113954
0.3435754190,-0.0100043982,-0.0085437004,-0.0054406964,-0.0054406964,0.0043956044,0.0010952903,0.2404878049
0.3255813953,-0.0073792417,-0.0068242081,0.0000000000,0.0000000000,-0.0010940919,-0.0010940919,-0.9060165159
0.3902439024,-0.0159444121,-0.0160184201,0.0087527352,0.0087527352,0.0098576123,0.0098576123,8.4644351464
0.6612903226,-0.0219775209,-0.0233064350,0.0075921909,0.0097613883,0.0054229935,0.0086767896,2.2458001768
0.6666666667,-0.0185963639,-0.0215800324,0.0010764263,-0.0010741139,0.0032362460,0.0000000000,-1.0000000000
0.6956521739,-0.0157353848,-0.0199815115,0.0000000000,0.0000000000,0.0000000000,0.0000000000,-1.0000000000
0.6956521739,-0.0133145564,-0.0185013995,0.0000000000,0.0000000000,0.0000000000,0.0000000000,-1.0000000000
0.6902654867,-0.0165535098,-0.0223869098,0.0053763441,0.0053763441,0.0053763441,0.0053763441,-1.0000000000
0.6769230769,-0.0140068160,-0.0207286202,0.0000000000,0.0000000000,0.0000000000,0.0000000000,-1.0000000000
0.6601941748,-0.0086711871,-0.0160360633,-0.0032085561,-0.0032085561,-0.0032085561,-0.0032085561,-1.0000000000
0.7727272727,-0.0073371583,-0.0148482068,0.0000000000,0.0000000000,0.0000000000,0.0000000000,1.5608695652
0.7727272727,-0.0062083647,-0.0137483396,-0.0010729614,0.0010729614,-0.0064377682,0.0000000000,4.6859083192
0.7419354839,-0.0147672815,-0.0221724845,0.0021482277,0.0085744909,0.0064794816,0.0096566524,0.3159151986
0.7619047619,0.0166759694,0.0084039348,0.0139335477,0.0669500531,-0.0193133047,-0.0286928799,29.2646925346
0.4285714286,0.0174499871,0.0111001305,-0.0369978858,-0.0876494024,-0.0043763676,-0.0032822757,-0.8508132992
0.4133333333,0.0048383211,0.0003947453,-0.0043907794,0.0087336245,-0.0043956044,0.0098792536,-0.6392350990
0.4133333333,0.0140136629,0.0102483693,0.0165380375,-0.0010822511,0.0044150110,-0.0097826087,-0.3550184579
0.4220183486,0.0219538560,0.0195617398,-0.0151843818,-0.0162513543,-0.0087912088,-0.0098792536,0.4488120950
0.4291044776,0.0208398427,0.0203751948,-0.0066079295,-0.0066079295,-0.0033259424,-0.0022172949,-0.7369558736
0.4646464646,0.0210371703,0.0222734994,-0.0044345898,-0.0044345898,-0.0022246941,-0.0033333333,4.2119580618
0.4893617021,0.0246545592,0.0274964968,-0.0100222717,-0.0077951002,-0.0156075808,-0.0066889632,-0.7328875116
0.5373134328,0.0383420561,0.0430189611,0.0022497188,0.0000000000,-0.0079275198,-0.0168350168,-0.5538367596
0.5126582278,0.0324432782,0.0398323714,-0.0157126824,-0.0157126824,0.0000000000,0.0000000000,-0.8220802920
0.4931506849,0.0147102098,0.0240230879,0.0102622577,0.0125427594,0.0114155251,0.0125570776,2.1692307692
0.5110132159,0.0135898174,0.0233973738,0.0000000000,-0.0022522523,0.0000000000,-0.0011273957,-0.5663430421
0.5370370370,0.0069530130,0.0170724856,0.0045146727,0.0045146727,0.0045146727,0.0045146727,1.3675373134
0.4897959184,0.0150069769,0.0250215337,-0.0089887640,-0.0089887640,-0.0089887640,-0.0089887640,0.4554767533
0.5625000000,0.0126982112,0.0231680868,0.0000000000,0.0000000000,0.0000000000,0.0000000000,-1.0000000000
0.5470085470,0.0153493995,0.0261054718,-0.0045351474,-0.0045351474,-0.0045351474,-0.0045351474,-1.0000000000
0.5421686747,0.0083939037,0.0195269634,0.0045558087,0.0045558087,0.0045558087,0.0045558087,-0.7467623654
0.5135135135,0.0036886270,0.0146294012,0.0056689342,0.0056689342,0.0034013605,0.0034013605,-0.3475046211
0.4967741935,-0.0013923350,0.0089853561,0.0000000000,0.0022547914,0.0022598870,0.0045197740,-0.4008498584
0.4574780059,-0.0011781296,0.0083197741,0.0022547914,0.0000000000,0.0022547914,0.0000000000,-0.6501182033
0.4333333333,0.0023857501,0.0111155832,-0.0022497188,0.0000000000,-0.0033745782,-0.0033745782,12.5450450450
0.4561403509,0.0020187117,0.0102922066,-0.0011273957,-0.0033745782,0.0000000000,0.0000000000,-1.0000000000
0.5652173913,0.0051114526,0.0129597071,-0.0033860045,-0.0033860045,-0.0033860045,-0.0033860045,-1.0000000000
0.5777777778,0.0009244260,0.0085730931,-0.0022650057,0.0033975085,-0.0033975085,0.0033975085,-0.2824175824
0.4864864865,0.0076057217,0.0148103541,0.0056753689,0.0022573363,0.0000000000,-0.0067720090,11.9152628892
0.4285714286,-0.0003799804,0.0068484153,-0.0022573363,-0.0022522523,0.0045454545,0.0068181818,-0.9279870361
0.4545454545,-0.0003215219,0.0063411252,0.0022624434,0.0000000000,0.0022624434,0.0000000000,-1.0000000000
0.5000000000,0.0031245272,0.0092888689,-0.0033860045,-0.0033860045,-0.0033860045,-0.0033860045,-1.0000000000
0.5128205128,-0.0041231693,0.0017936000,0.0067950170,0.0124575311,0.0067950170,0.0067950170,0.2066153149
0.5360824742,-0.0001146442,0.0050523686,-0.0011248594,-0.0067114094,-0.0033745782,-0.0033745782,-0.1993991739
0.5500000000,-0.0012242930,0.0035454492,-0.0022522523,-0.0011261261,0.0000000000,0.0011286682,0.1177298311
0.5263157895,-0.0010359402,0.0032828234,0.0011286682,0.0000000000,0.0011286682,0.0000000000,-1.0000000000
0.5263157895,-0.0008765648,0.0030396513,0.0000000000,0.0000000000,0.0000000000,0.0000000000,-1.0000000000
0.5263157895,-0.0007417087,0.0028144919,0.0000000000,0.0000000000,0.0000000000,0.0000000000,-1.0000000000
0.5161290323,-0.0073423078,-0.0041304235,0.0067643743,0.0067643743,0.0067643743,0.0067643743,-1.0000000000
0.5398773006,-0.0084334757,-0.0060505568,-0.0022396417,0.0022396417,-0.0022396417,0.0022396417,-0.6474193548
0.5000000000,-0.0071360179,-0.0056023674,0.0044893378,0.0000000000,0.0044893378,0.0000000000,-1.0000000000
0.5121951220,-0.0060381690,-0.0051873772,0.0000000000,0.0000000000,-0.0011173184,0.0000000000,-1.0000000000
0.5833333333,-0.0006428191,-0.0003353521,-0.0022346369,-0.0022346369,-0.0033557047,-0.0044692737,-0.2386961094
0.5294117647,-0.0005439239,-0.0003105112,-0.0022396417,-0.0022396417,0.0000000000,0.0000000000,-1.0000000000
0.5294117647,-0.0004602433,-0.0002875104,0.0000000000,0.0000000000,0.0000000000,0.0000000000,-1.0000000000
0.5172413793,-0.0003894366,-0.0002662133,0.0000000000,0.0000000000,0.0000000000,0.0000000000,-1.0000000000
0.4615384615,-0.0125206267,-0.0124386097,0.0067340067,0.0145903479,0.0056116723,0.0123456790,-1.0000000000
0.5555555556,-0.0149626132,-0.0158813936,0.0033444816,0.0365044248,0.0044642857,0.0044345898,16.5709288768
0.5897435897,-0.0297945439,-0.0318033890,0.0166666667,-0.0160085379,0.0122222222,0.0176600442,-0.9661579297
0.6610169492,-0.0220286485,-0.0262792937,0.0109289617,0.0032537961,0.0087815587,-0.0032537961,-0.2630718954
0.6902654867,-0.0111072544,-0.0168440048,-0.0086486486,-0.0064864865,-0.0076169750,-0.0076169750,4.0199556541
0.6256684492,-0.0212040983,-0.0273280891,0.0043620502,0.0043525571,0.0098684211,0.0120614035,-0.7006183746
0.6534653465,-0.0082717733,-0.0157061211,-0.0021715527,-0.0032502709,-0.0097719870,-0.0097508126,1.7125995869
0.6461538462,-0.0102478323,-0.0177666653,-0.0032644178,-0.0032608696,0.0000000000,0.0032822757,0.2649842271
0.6101694915,-0.0021421839,-0.0099727935,-0.0043668122,-0.0054525627,-0.0043859649,-0.0065430752,-0.3650356866
0.6081081081,-0.0050889434,-0.0124860350,-0.0010964912,0.0021929825,0.0033039648,0.0032930845,-0.1568255688
0.5614035088,0.0044859707,-0.0028332066,-0.0021953897,-0.0054704595,-0.0087815587,-0.0087527352,10.3917442981
0.5479452055,0.0049049880,-0.0015212658,-0.0044004400,-0.0044004400,0.0022148394,-0.0011037528,-0.9969545294
0.5853658537,-0.0046483144,-0.0101585591,0.0088397790,0.0088397790,0.0088397790,0.0088397790,-0.2222222222
0.5853658537,-0.0039331891,-0.0094060732,0.0000000000,0.0000000000,0.0000000000,0.0000000000,-1.0000000000
0.5696202532,-0.0033280831,-0.0087093270,0.0000000000,0.0000000000,0.0000000000,0.0000000000,-1.0000000000
0.5913461538,-0.0028160703,-0.0080641917,0.0000000000,0.0000000000,0.0000000000,0.0000000000,-1.0000000000
0.5244755245,0.0075492006,0.0024145700,-0.0098576123,-0.0098576123,-0.0120481928,-0.0098576123,-1.0000000000
0.4838709677,0.0063877851,0.0022357130,0.0000000000,0.0000000000,0.0022172949,0.0000000000,-1.0000000000
0.4863813230,0.0121226774,0.0087654505,-0.0033185841,-0.0033185841,-0.0077433628,-0.0066371681,-1.0000000000
0.4179104478,0.0057775718,0.0036455762,-0.0033296337,0.0011098779,0.0011148272,0.0044543430,-0.9419516485
0.4285714286,0.0048887146,0.0033755336,0.0044543430,0.0000000000,0.0044543430,0.0000000000,-1.0000000000
0.4545454545,0.0041366047,0.0031254940,0.0000000000,0.0000000000,0.0000000000,0.0000000000,-1.0000000000
0.4545454545,0.0035002039,0.0028939760,0.0000000000,0.0000000000,0.0000000000,0.0000000000,-1.0000000000
0.5000000000,0.0029617110,0.0026796074,0.0000000000,0.0000000000,0.0000000000,0.0000000000,-1.0000000000
0.5294117647,0.0058514672,0.0058264387,-0.0033259424,-0.0022172949,-0.0033259424,-0.0033259424,-1.0000000000
0.5000000000,0.0038346290,0.0042777452,0.0011123471,0.0000000000,0.0011123471,0.0011123471,-0.8937117418
0.2941176471,-0.0022981023,-0.0015858699,0.0055555556,0.0055555556,0.0055555556,0.0055555556,-0.2827225131
0.3571428571,-0.0106898313,-0.0102178535,0.0088397790,0.0088397790,0.0088397790,0.0088397790,1.4598540146
0.4285714286,-0.0090452419,-0.0094609755,0.0000000000,0.0000000000,0.0000000000,0.0000000000,-1.0000000000
0.4285714286,0.0000134688,-0.0011015766,-0.0065717415,-0.0065717415,-0.0076670318,-0.0076670318,-1.0000000000
0.4576271186,0.0033336937,0.0022988922,-0.0044101433,-0.0044101433,-0.0033112583,-0.0033112583,1.2794520548
0.4864864865,0.0017115027,0.0010200546,0.0000000000,0.0011074197,0.0000000000,0.0011074197,6.7301682692
0.4672131148,0.0003416220,-0.0001615211,0.0022148394,0.0011061947,0.0022148394,0.0011061947,-0.7139081085
0.4247787611,0.0002890647,-0.0001495565,0.0000000000,0.0000000000,0.0000000000,0.0000000000,-1.0000000000
0.4247787611,-0.0139200905,-0.0142977373,0.0143646409,0.0187845304,0.0132596685,0.0143646409,-1.0000000000
0.5272727273,-0.0096208494,-0.0110841449,0.0043572985,0.0000000000,-0.0021810251,-0.0021786492,0.6362715709
0.5631067961,-0.0037904587,-0.0059221458,-0.0043383948,-0.0043383948,-0.0065573770,-0.0043668122,-0.6822221672
0.5598455598,0.0078436055,0.0055422139,-0.0098039216,-0.0098039216,-0.0077007701,-0.0109649123,-0.3131037706
0.4817275748,0.0055221274,0.0040185769,-0.0088008801,-0.0066006601,-0.0011086475,0.0011086475,-0.4846319610
0.4817275748,0.0046725694,0.0037209045,0.0022197558,0.0000000000,0.0022197558,0.0000000000,-1.0000000000
0.4800000000,-0.0070424946,-0.0075453564,0.0088593577,0.0143964563,0.0044296788,0.0110741971,-1.0000000000
0.5000000000,-0.0059590339,-0.0069864411,0.0021953897,-0.0032751092,0.0066152150,0.0000000000,-1.0000000000
0.5000000000,-0.0039512970,-0.0053795289,-0.0010952903,-0.0010952903,-0.0010952903,-0.0010952903,-1.0000000000
0.5652173913,-0.0033434052,-0.0049810452,0.0000000000,0.0000000000,0.0000000000,0.0000000000,-1.0000000000
0.5502645503,-0.0017344457,-0.0035194467,-0.0010964912,-0.0010964912,-0.0021929825,-0.0010964912,-1.0000000000
0.6345177665,-0.0025624899,-0.0043516650,0.0000000000,0.0010976948,0.0010989011,0.0010976948,-0.8719340947
0.6345177665,-0.0032611761,-0.0051201964,0.0021953897,0.0010964912,0.0021953897,0.0010964912,-0.6023391813
0.5909090909,-0.0016659912,-0.0036496298,-0.0021905805,0.0010952903,-0.0109529025,-0.0010952903,21.3308823529
0.5064935065,-0.0035947840,-0.0055600761,0.0120746432,0.0087527352,0.0110741971,0.0021929825,2.0732630886
0.4687500000,-0.0063033268,-0.0084029137,-0.0054229935,-0.0054229935,0.0043811610,0.0032822757,-0.9853752612
0.4800000000,-0.0053335842,-0.0077804756,0.0000000000,0.0000000000,0.0000000000,0.0000000000,-1.0000000000
0.7500000000,-0.0045130328,-0.0072041441,0.0000000000,0.0000000000,0.0000000000,0.0000000000,-1.0000000000
0.7727272727,-0.0113655479,-0.0141957273,0.0087241003,0.0087241003,0.0076335878,0.0076335878,-1.0000000000
0.8000000000,-0.0063909988,-0.0099296779,-0.0043243243,-0.0010810811,-0.0064935065,-0.0032467532,6.6530081301
0.6511627907,-0.0054077682,-0.0091941462,0.0000000000,-0.0032467532,0.0032679739,0.0000000000,-1.0000000000
0.6511627907,-0.0045758039,-0.0085130983,0.0000000000,0.0000000000,0.0000000000,0.0000000000,-1.0000000000
0.6268656716,-0.0071060164,-0.0111036592,0.0043431053,0.0043431053,0.0032573290,0.0032573290,-1.0000000000
0.6296296296,-0.0102972108,-0.0145471953,0.0032432432,0.0032432432,0.0043290043,0.0043290043,-0.6989528796
0.6000000000,-0.0129674751,-0.0177036613,0.0010775862,0.0043103448,-0.0021551724,0.0043103448,1.0927536232
0.6315789474,-0.0109724789,-0.0163922789,0.0032292788,0.0000000000,0.0064794816,0.0000000000,-1.0000000000
0.6571428571,-0.0092844052,-0.0151780361,0.0000000000,0.0000000000,0.0000000000,0.0000000000,-1.0000000000
0.5609756098,-0.0078560352,-0.0140537371,0.0000000000,0.0000000000,0.0000000000,0.0000000000,-1.0000000000
0.5833333333,-0.0066474144,-0.0130127195,0.0000000000,0.0000000000,0.0000000000,0.0000000000,-1.0000000000
0.6000000000,-0.0119853446,-0.0183683316,0.0064377682,0.0064377682,0.0064377682,0.0064377682,-1.0000000000
0.6153846154,-0.0101414454,-0.0170077144,0.0000000000,0.0000000000,0.0000000000,0.0000000000,-1.0000000000
0.6153846154,-0.0085812231,-0.0157478837,0.0000000000,0.0000000000,0.0000000000,0.0000000000,-1.0000000000
0.5862068966,-0.0072610349,-0.0145813738,0.0000000000,0.0000000000,0.0000000000,0.0000000000,-1.0000000000
0.9900990099,-0.0061439526,-0.0135012720,0.0000000000,0.0000000000,0.0000000000,0.0000000000,-1.0000000000
0.9900990099,0.0131635093,0.0057262706,-0.0181236674,-0.0181236674,-0.0181236674,-0.0181236674,-1.0000000000
0.2000000000,0.0100416747,0.0042117530,0.0010857763,0.0010857763,0.0010857763,0.0010857763,-0.0720899471
0.1807228916,0.0084968017,0.0038997713,0.0000000000,0.0000000000,0.0000000000,0.0000000000,-1.0000000000
0.1774193548,0.0071896014,0.0036108994,0.0000000000,0.0000000000,0.0000000000,0.0000000000,-1.0000000000
0.1707317073,0.0148894915,0.0121254247,-0.0086767896,-0.0086767896,-0.0086767896,-0.0086767896,-1.0000000000
0.2187500000,0.0125988005,0.0112272451,0.0000000000,0.0000000000,0.0000000000,0.0000000000,-1.0000000000
0.2187500000,0.0106605235,0.0103955973,0.0000000000,0.0000000000,0.0000000000,0.0000000000,-1.0000000000
0.2187500000,0.0190549004,0.0196660282,-0.0098468271,-0.0098468271,-0.0098468271,-0.0098468271,-1.0000000000
0.2359550562,0.0161233772,0.0182092854,0.0000000000,0.0000000000,0.0000000000,0.0000000000,-1.0000000000
0.0810810811,0.0136428577,0.0168604494,0.0000000000,0.0000000000,0.0000000000,0.0000000000,-1.0000000000
0.0810810811,0.0182950841,0.0223898022,-0.0055248619,-0.0055248619,-0.0066298343,-0.0066298343,-1.0000000000
0.0909090909,0.0098638603,0.0150856606,0.0066666667,0.0066666667,0.0055617353,0.0055617353,2.0093109870
0.2307692308,0.0094630060,0.0150910926,-0.0066225166,-0.0033112583,-0.0044247788,-0.0011061947,-0.9319306931
0.2678571429,0.0113671828,0.0173531447,-0.0022222222,-0.0033222591,-0.0033333333,-0.0033222591,0.4068181818
0.3571428571,0.0107414315,0.0171979465,0.0044543430,0.0022222222,0.0022296544,-0.0011111111,-0.1518578352
0.5172413793,0.0090889035,0.0159240245,-0.0033259424,-0.0033259424,0.0000000000,0.0000000000,-1.0000000000
0.5172413793,0.0021171007,0.0091319425,0.0111234705,0.0111234705,0.0055617353,0.0055617353,-1.0000000000
0.5172413793,0.0062437991,0.0129375267,-0.0055005501,-0.0055005501,-0.0044247788,-0.0044247788,20.1019607843
0.5555555556,-0.0024753108,0.0041689882,-0.0022123894,0.0033185841,0.0022222222,0.0077777778,1.4844824382
0.5862068966,-0.0020944937,0.0038601742,0.0055432373,0.0000000000,0.0055432373,0.0000000000,-1.0000000000
0.5862068966,-0.0017722639,0.0035742354,0.0000000000,0.0000000000,0.0000000000,0.0000000000,-1.0000000000
0.6538461538,-0.0014996079,0.0033094772,0.0000000000,0.0000000000,0.0000000000,0.0000000000,-1.0000000000
0.6538461538,0.0087406554,0.0131173140,-0.0099228225,-0.0099228225,-0.0099228225,-0.0099228225,-1.0000000000
0.5862068966,0.0062753653,0.0110198039,0.0011135857,0.0022271715,-0.0011135857,0.0011135857,121.7453416149
0.5555555556,0.0053099245,0.0102035221,0.0000000000,-0.0011111111,0.0011148272,0.0000000000,-0.9123570489
0.5462184874,0.0033769097,0.0083260971,0.0011123471,0.0011123471,0.0022271715,0.0011123471,2.5623556582
0.4516129032,0.0039729106,0.0088302717,0.0000000000,0.0000000000,-0.0022222222,-0.0011111111,0.6307941653
0.4827586207,0.0067211635,0.0115517674,-0.0033333333,-0.0022222222,-0.0022271715,-0.0033370412,0.5664877758
0.4516129032,0.0001061887,0.0050873346,0.0000000000,0.0044543430,0.0011160714,0.0055803571,-0.2025758153
0.4720496894,-0.0010188951,0.0035966253,0.0033444816,0.0000000000,0.0022296544,0.0011098779,-0.3778343544
0.4137931034,0.0024720221,0.0066783628,0.0011111111,-0.0011086475,-0.0011123471,-0.0033259424,-0.2265984655
0.4285714286,0.0043260292,0.0084271111,-0.0022197558,-0.0022197558,-0.0011135857,-0.0022246941,0.8711970899
0.3571428571,-0.0052116506,-0.0011058741,0.0000000000,0.0077864294,0.0022296544,0.0089186176,-0.1416453124
0.4705882353,-0.0174383006,-0.0140967083,0.0100111235,0.0154525386,0.0100111235,0.0132596685,0.0300597076
0.5645161290,-0.0136798907,-0.0119750541,0.0033039648,-0.0043478261,0.0033039648,-0.0010905125,-0.1828902658
0.5957446809,-0.0083274563,-0.0078385761,-0.0021953897,-0.0021834061,-0.0032930845,-0.0032751092,4.2995352250
0.6829268293,-0.0113776230,-0.0115883315,0.0099009901,0.0043763676,0.0099118943,0.0043811610,-0.7726695746
0.7045454545,-0.0052882368,-0.0063957851,-0.0043572985,-0.0043572985,-0.0076335878,-0.0043620502,0.0050761421
0.6802507837,-0.0044746619,-0.0059220233,-0.0010940919,-0.0010940919,0.0032967033,0.0000000000,-0.8480808081
0.7118644068,-0.0026939128,-0.0043928761,0.0043811610,0.0043811610,-0.0010952903,-0.0010952903,3.6263297872
0.7118644068,-0.0055506795,-0.0073328304,-0.0043620502,0.0000000000,0.0010964912,0.0032894737,0.1488933602
0.7021276596,-0.0003265718,-0.0024286903,0.0000000000,-0.0043620502,-0.0021905805,-0.0043715847,-0.0859394546
0.6853146853,-0.0024663051,-0.0044344417,0.0000000000,0.0010952903,0.0010976948,0.0021953897,0.5320925140
0.6928327645,-0.0042681045,-0.0062827821,0.0010952903,0.0021881838,0.0021929825,0.0021905805,-0.6535953551
0.6739130435,0.0018631892,-0.0003548490,0.0010940919,0.0174672489,-0.0054704595,-0.0054644809,41.2114492006
0.6326530612,-0.0038965511,-0.0057912493,-0.0054644809,-0.0182403433,0.0011001100,0.0054945055,-0.9677389796
0.6086956522,-0.0032970817,-0.0053622679,0.0043956044,0.0000000000,0.0043956044,0.0000000000,-0.8791895474
0.5161290323,-0.0060486951,-0.0082168110,0.0043763676,0.0032786885,0.0043763676,0.0032786885,0.7084639498
0.4822335025,-0.0040331955,-0.0065259426,0.0010893246,0.0010893246,-0.0010893246,-0.0010893246,2.0091743119
0.5135135135,0.0064653640,0.0038094618,-0.0065288357,-0.0065288357,-0.0098146129,-0.0098146129,0.1963414634
0.4285714286,0.0076902748,0.0057425715,-0.0076670318,-0.0076670318,-0.0022026432,-0.0022026432,-0.8065749235
0.4500000000,0.0132172033,0.0120193104,0.0011037528,0.0011037528,-0.0066225166,-0.0066225166,15.3833992095
0.4285714286,0.0202527003,0.0201974126,-0.0143329658,-0.0143329658,-0.0088888889,-0.0088888889,-0.6033775633
0.3750000000,0.0137275028,0.0152866667,0.0011185682,0.0011185682,0.0033632287,0.0033632287,-0.8540145985
0.3750000000,0.0161570634,0.0187072024,-0.0022346369,-0.0022346369,-0.0044692737,-0.0044692737,0.1708333333
0.3750000000,0.0136713613,0.0173214837,-0.0022396417,-0.0022396417,0.0000000000,0.0000000000,-1.0000000000
0.3939393939,0.0115680750,0.0160384108,-0.0044893378,0.0000000000,-0.0044893378,0.0000000000,-1.0000000000
0.4230769231,0.0166343940,0.0217307219,-0.0022547914,-0.0067340067,-0.0022547914,-0.0067340067,4.8513119534
0.4162162162,0.0129307020,0.0189696607,0.0011299435,0.0011299435,0.0011299435,0.0011299435,-0.7982062780
0.3121019108,0.0166788284,0.0233395546,-0.0056433409,-0.0056433409,-0.0067720090,-0.0056433409,-0.6018518519
0.3128491620,0.0269349713,0.0345276155,-0.0090805902,-0.0056753689,-0.0113636364,-0.0124858116,26.8465116279
0.2571428571,0.0443993929,0.0537721978,-0.0103092784,-0.0136986301,-0.0206896552,-0.0206896552,1.8688269027
0.2068965517,0.0351388137,0.0473305496,-0.0150462963,-0.0069444444,-0.0023474178,0.0023474178,0.4629805733
0.2105263158,0.0154640270,0.0293605010,-0.0058754407,0.0163170163,-0.0047058824,0.0140515222,0.2204343154
0.3519553073,0.0107506488,0.0248188619,0.0236406619,0.0000000000,0.0212765957,0.0023094688,-0.6640108696
0.3157894737,0.0220489359,0.0361108649,-0.0011547344,-0.0045871560,-0.0092592593,-0.0126728111,-0.4082041992
0.3037974684,0.0139243562,0.0286348897,-0.0115606936,-0.0080645161,-0.0011682243,0.0046674446,-0.6663751162
0.3142144638,0.0176920900,0.0325097785,0.0070175439,0.0011614402,0.0011695906,-0.0058072009,0.1340324431
0.3103448276,0.0137859007,0.0288996611,-0.0046457607,-0.0023201856,0.0011682243,0.0011682243,-0.3132495304
0.2820512821,0.0152188512,0.0303658270,-0.0035005834,-0.0069767442,-0.0046674446,-0.0035005834,0.1317062908
0.3031496063,0.0224555272,0.0378386484,-0.0081967213,-0.0081967213,-0.0082063306,-0.0093676815,-0.6651794014
0.2961538462,0.0154001210,0.0313784153,-0.0047225502,0.0023612751,-0.0059101655,0.0035460993,2.2370905053
0.3146067416,0.0130308717,0.0290540883,0.0071174377,0.0000000000,0.0095124851,0.0000000000,-1.0000000000
0.3000000000,0.0110261222,0.0269019336,0.0000000000,0.0000000000,0.0000000000,0.0000000000,-1.0000000000
0.3076923077,0.0022467796,0.0177168525,0.0047114252,0.0070671378,0.0047114252,0.0070671378,-1.0000000000
0.3883495146,0.0042502446,0.0187876220,0.0035169988,0.0011695906,0.0000000000,-0.0023391813,-0.2908468777
0.4458598726,0.0047742908,0.0185900730,-0.0011682243,-0.0011682243,-0.0035169988,-0.0011723329,1.2858866104
0.3902439024,0.0040397845,0.0172130305,-0.0035087719,-0.0035087719,0.0023529412,0.0000000000,-1.0000000000
0.4117647059,0.0105347209,0.0231432252,-0.0105633803,-0.0070422535,-0.0105633803,-0.0070422535,-1.0000000000
0.4565217391,0.0065344805,0.0190198818,0.0035587189,0.0047281324,0.0035587189,0.0023640662,20.0097276265
0.4186046512,0.0114931685,0.0236466541,0.0035460993,0.0047058824,-0.0035460993,-0.0058962264,-0.0299101769
0.4186046512,0.0037714216,0.0158697255,-0.0094228504,-0.0070257611,-0.0118623962,0.0059311981,3.7190721649
0.4897959184,0.0163753167,0.0280294783,0.0035671819,-0.0047169811,0.0048019208,-0.0129716981,-0.9033112851
0.4210526316,0.0298513387,0.0421393759,-0.0094786730,0.0402843602,-0.0155316607,-0.0155316607,198.3922594142
0.3870967742,0.0227763582,0.0365021587,-0.0143540670,-0.0592255125,0.0000000000,0.0024271845,-0.9981365971
0.3719008264,0.0292407364,0.0439087918,0.0012135922,-0.0012106538,-0.0072815534,-0.0096852300,1.2832207207
0.3633217993,0.0197555817,0.0355922679,-0.0036363636,0.0000000000,0.0012224939,0.0048899756,11.6522811344
0.3663911846,0.0216879791,0.0380069322,-0.0036496350,-0.0036363636,-0.0012210012,-0.0048661800,-0.6141116850
0.3421052632,0.0109361871,0.0276538010,0.0048840049,0.0024330900,0.0061124694,0.0073349633,-0.9413072027
0.3565683646,0.0129415909,0.0293530157,-0.0036452005,-0.0024271845,-0.0036452005,-0.0036407767,1.7805507745
0.3472584856,0.0196442551,0.0360119505,0.0000000000,-0.0024330900,-0.0073170732,-0.0085261876,7.2865985763
0.3478260870,0.0166220620,0.0333443986,-0.0073170732,-0.0073170732,0.0000000000,0.0000000000,-1.0000000000
0.3427835052,0.0215950060,0.0385294514,-0.0049140049,0.0000000000,-0.0073710074,-0.0073710074,-1.0000000000
0.3736263736,0.0220675025,0.0395350779,-0.0049382716,-0.0085995086,-0.0037128713,-0.0037128713,0.8472127418
0.3820224719,0.0199395077,0.0378958652,-0.0012406948,-0.0024783147,-0.0012422360,-0.0012422360,-0.9844183039
0.3913043478,0.0130916982,0.0312408505,0.0024844720,0.0024844720,0.0037313433,0.0037313433,-0.7213438735
0.4000000000,0.0161140919,0.0340521267,-0.0049566295,-0.0049566295,-0.0049566295,-0.0049566295,-0.0709219858
0.4545454545,0.0111166530,0.0289669401,0.0024906600,0.0024906600,0.0024906600,0.0024906600,10.6946564885
0.4545454545,0.0094063987,0.0268212408,0.0000000000,0.0000000000,0.0000000000,0.0000000000,-1.0000000000
0.4838709677,0.0079592604,0.0248344823,0.0000000000,0.0000000000,0.0000000000,0.0000000000,-1.0000000000
0.4782608696,-0.0007133405,0.0154264947,0.0074534161,0.0074534161,0.0074534161,0.0074534161,-1.0000000000
0.5151515152,-0.0018343796,0.0130346735,-0.0024660912,0.0049321825,-0.0024660912,0.0012330456,2.9490586932
0.4285714286,-0.0052274354,0.0083437342,0.0074165637,0.0024539877,0.0074165637,0.0036945813,2.0112170499
0.4166666667,-0.0044232146,0.0077256798,0.0000000000,-0.0024479804,0.0000000000,0.0000000000,-1.0000000000
0.4615384615,-0.0098174595,0.0010122279,0.0073619632,0.0171779141,0.0061349693,0.0061349693,-1.0000000000
0.4878048780,-0.0058824041,0.0033845274,0.0012180268,-0.0084439083,-0.0024390244,-0.0024390244,-0.8874801902
0.5714285714,-0.0049774188,0.0031338217,-0.0048661800,-0.0048661800,0.0000000000,0.0000000000,-1.0000000000
0.5882352941,-0.0138561012,-0.0068116468,0.0012224939,0.0097799511,0.0012224939,0.0097799511,-1.0000000000
0.5714285714,-0.0069152663,-0.0014715917,0.0048840049,-0.0036319613,0.0036630037,-0.0048426150,-0.8490533759
0.5555555556,-0.0201556759,-0.0157314686,0.0060753341,0.0133657351,0.0072992701,0.0145985401,-0.2266717038
0.6379310345,-0.0182319825,-0.0157463349,0.0036231884,0.0011990408,0.0036231884,0.0011990408,-0.4948705423
0.6315789474,-0.0118769193,-0.0110267424,0.0012033694,-0.0035928144,-0.0012033694,-0.0035928144,7.6305609284
0.6315789474,-0.0136064086,-0.0137660786,0.0036057692,0.0036057692,0.0060240964,0.0036057692,-0.9982070820
0.6190476190,-0.0150518509,-0.0162806899,0.0023952096,0.0035928144,0.0011976048,0.0035928144,418.1250000000
0.6000000000,-0.0150868096,-0.0174197731,0.0011947431,0.0023866348,0.0023923445,0.0023866348,-0.7086191470
0.6065573770,-0.0127657620,-0.0161294195,0.0023866348,0.0000000000,0.0023866348,0.0000000000,-0.5035823951
0.6181818182,-0.0024892087,-0.0066567876,-0.0023809524,-0.0023809524,-0.0083333333,-0.0083333333,2.8752577320
0.5483870968,-0.0009068620,-0.0049691774,-0.0071599045,-0.0071599045,-0.0012004802,-0.0012004802,-0.9039638202
0.5870445344,-0.0007673448,-0.0046010902,0.0000000000,0.0000000000,0.0000000000,0.0000000000,-1.0000000000
0.5631067961,-0.0018489924,-0.0054556345,0.0000000000,0.0012019231,0.0000000000,0.0012019231,-1.0000000000
0.5333333333,-0.0027616969,-0.0062444973,0.0024038462,0.0012004802,0.0024038462,0.0012004802,-0.9533943392
0.4670050761,-0.0313724194,-0.0347172754,0.0011990408,0.0299760192,0.0011990408,0.0299760192,265.1141552511
0.6206896552,0.0026343856,-0.0031332041,0.0275449102,-0.0011641444,-0.0035928144,-0.0291036088,0.5310317610
0.3636363636,0.0034322517,-0.0017041174,-0.0268065268,-0.0268065268,-0.0024038462,-0.0011990408,-0.5990227173
0.4408060453,0.0029042130,-0.0015778865,-0.0023952096,-0.0023952096,0.0036144578,0.0000000000,-1.0000000000
0.4069767442,0.0024574110,-0.0014610060,0.0000000000,0.0000000000,0.0000000000,0.0000000000,-1.0000000000
0.4295302013,-0.0202674921,-0.0236230851,0.0084033613,0.0228091236,0.0024009604,0.0228091236,-1.0000000000
0.5303867403,-0.0194511742,-0.0241639220,0.0142857143,0.0023474178,0.0203592814,0.0023474178,-0.9938034819
0.5303867403,-0.0267157796,-0.0325694062,0.0129107981,0.0105386417,0.0129107981,0.0105386417,24.0912698413
0.5277777778,-0.0360099249,-0.0434575636,0.0150637312,0.0162224797,0.0127462341,0.0139049826,1.1182982761
0.5227272727,-0.0348819049,-0.0446060002,0.0057077626,0.0102622577,0.0034324943,0.0045714286,0.4716290877
0.4124293785,-0.0339117639,-0.0456447655,0.0045402951,0.0011286682,0.0068415051,0.0045506257,-0.6568413576
0.3969072165,-0.0275933162,-0.0411778029,0.0101694915,0.0394588501,-0.0011325028,-0.0011325028,19.7541395624
0.5135135135,-0.0166587946,-0.0315394281,-0.0123042506,-0.0368763557,-0.0102040816,-0.0068027211,-0.5094706549
0.5649717514,-0.0140959032,-0.0292031742,-0.0079275198,-0.0135135135,0.0034364261,0.0000000000,-1.0000000000
0.5025125628,-0.0119273027,-0.0270399761,0.0000000000,0.0000000000,0.0000000000,0.0000000000,-1.0000000000
0.7575757576,-0.0100923330,-0.0250370149,0.0000000000,0.0000000000,0.0000000000,0.0000000000,-1.0000000000
0.7042253521,-0.0186223139,-0.0331161593,0.0102739726,0.0102739726,0.0102739726,0.0102739726,-1.0000000000
0.7065868263,-0.0201858809,-0.0350245813,0.0045197740,0.0045197740,0.0045197740,0.0045197740,-0.9775603392
0.6923076923,-0.0170803608,-0.0324301679,0.0000000000,0.0000000000,0.0000000000,0.0000000000,-1.0000000000
0.6423357664,-0.0232423332,-0.0386787432,0.0089988751,0.0089988751,0.0089988751,0.0089988751,-1.0000000000
0.6711409396,-0.0196665897,-0.0358136511,0.0000000000,0.0000000000,0.0000000000,0.0000000000,-1.0000000000
0.6612903226,-0.0166409605,-0.0331607880,0.0000000000,0.0000000000,0.0000000000,0.0000000000,-1.0000000000
0.6236559140,-0.0140808127,-0.0307044334,0.0000000000,0.0000000000,0.0000000000,0.0000000000,-1.0000000000
0.6410256410,-0.0119145338,-0.0284300309,0.0000000000,0.0000000000,0.0000000000,0.0000000000,-1.0000000000
0.6666666667,-0.0100815286,-0.0263241027,0.0000000000,0.0000000000,0.0000000000,0.0000000000,-1.0000000000
0.5384615385,0.0049131297,-0.0111453443,-0.0122630992,-0.0122630992,-0.0133779264,-0.0133779264,-1.0000000000
0.3684210526,-0.0059517022,-0.0202829871,0.0101580135,0.0101580135,0.0101694915,0.0101694915,-0.7724014337
0.3846153846,-0.0171295401,-0.0307069680,0.0134078212,0.0223463687,0.0111856823,0.0123042506,48.9023622047
0.4059405941,-0.0263289025,-0.0400996745,0.0022050717,0.0010928962,0.0055309735,0.0121546961,-0.8518366574
0.4193548387,-0.0441909549,-0.0587091405,0.0077007701,0.0294759825,0.0077007701,0.0229257642,1.5810436635
0.4705882353,-0.0394426290,-0.0563744573,0.0152838428,-0.0010604454,0.0152838428,0.0021344717,1.1706552236
0.4626865672,-0.0281998777,-0.0471246882,0.0053763441,0.0127388535,-0.0032258065,-0.0053248136,0.2827706813
0.5486725664,-0.0512867641,-0.0705037757,-0.0053475936,0.1257861635,0.0000000000,0.0289079229,8.8096734041
0.6136363636,-0.0272000312,-0.0494553483,0.0376344086,-0.1014897579,0.0118662352,-0.0166493236,-0.9292533490
0.5510204082,-0.0115091685,-0.0345539933,-0.0269430052,-0.0269430052,-0.0053304904,-0.0116402116,-0.6323184012
0.5510204082,-0.0065475665,-0.0288751937,-0.0063897764,0.0031948882,-0.0021436227,-0.0032119914,-0.2853658537
0.5895196507,-0.0044709370,-0.0256897703,-0.0010718114,-0.0095541401,-0.0010741139,-0.0010741139,5.0492442711
0.6279069767,-0.0037831006,-0.0237868244,-0.0021459227,-0.0032154341,0.0000000000,0.0000000000,-0.9704736573
0.6279069767,-0.0127550683,-0.0313984013,0.0182795699,0.1559139785,0.0096774194,0.0096774194,254.4376706096
0.6410256410,-0.0212164303,-0.0393036518,-0.0084477297,-0.0939534884,0.0000000000,0.0106496273,-0.6541431859
0.6435643564,-0.0230993643,-0.0414426251,0.0212992545,0.0225872690,0.0159744409,0.0052687039,-0.1855063806
0.6277695716,-0.0205722697,-0.0393797405,-0.0041710115,-0.0411646586,0.0010482180,0.0010482180,-0.9195877592
0.5980861244,-0.0027884978,-0.0221274178,-0.0146596859,-0.0146596859,-0.0146596859,-0.0146596859,1.3914137443
0.5192307692,0.0061947613,-0.0120895361,0.0000000000,0.0000000000,-0.0138150903,-0.0085015940,0.1503912672
0.5565749235,0.0139357035,-0.0026421794,-0.0085015940,-0.0085015940,-0.0064655172,-0.0085744909,1.4877672345
0.5440956652,0.0128867618,-0.0013668590,0.0000000000,0.0000000000,0.0000000000,-0.0010810811,-0.5539394775
0.4464285714,0.0197330406,0.0074569609,-0.0064308682,-0.0032154341,-0.0065075922,-0.0086580087,-0.4926080462
0.4807692308,0.0200379238,0.0102131518,-0.0097087379,-0.0118279570,-0.0032751092,-0.0032751092,-0.5250761421
0.5208333333,0.0180702487,0.0105634823,0.0000000000,-0.0010881393,-0.0021905805,-0.0010952903,2.6744335186
0.5319148936,-0.0149524767,-0.0202975809,0.0032679739,0.0806100218,0.0098792536,0.0307017544,22.0220489848
0.6331058020,0.0088119892,0.0025365076,0.0086862106,-0.0604838710,0.0000000000,-0.0212765957,-0.9496090729
0.5737483085,0.0129615242,0.0078259330,-0.0107642626,-0.0139484979,-0.0108695652,-0.0054347826,0.8591344466
0.5928143713,0.0022049955,-0.0014839606,0.0010881393,0.0043525571,0.0109890110,0.0087431694,-0.9679820894
0.5815384615,-0.0013800200,-0.0046093269,0.0108695652,0.0075839653,0.0065217391,0.0032502709,1.3445661331
0.5696202532,-0.0033203650,-0.0064138696,-0.0021505376,-0.0021505376,0.0021598272,0.0021598272,-0.8789076536
0.5756630265,-0.0049540352,-0.0080765343,0.0000000000,0.0043103448,0.0000000000,0.0021551724,14.4718100890
0.5602605863,0.0132402137,0.0098962873,0.0000000000,-0.0021459227,-0.0204741379,-0.0172043011,9.4021864212
0.5259938838,0.0100981176,0.0080603184,-0.0129310345,-0.0139784946,0.0011001100,0.0010940919,-0.8661614765
0.4873417722,0.0019742382,0.0008999792,0.0000000000,0.0043620502,0.0065934066,0.0065573770,0.5358864857
0.4470938897,0.0060398462,0.0051989992,0.0076419214,0.0021715527,0.0000000000,-0.0043431053,-0.2193021796
0.4665629860,0.0040157474,0.0037193196,-0.0032502709,-0.0021668472,-0.0043668122,0.0010905125,0.4060202206
0.4093097913,0.0099992423,0.0100454185,-0.0043478261,-0.0054288817,0.0000000000,-0.0065359477,-0.7016669390
0.3846153846,0.0106772949,0.0115195581,0.0010917031,0.0076419214,-0.0032894737,-0.0021929825,26.1802245960
0.2711198428,0.0112571774,0.0128923946,-0.0087241003,-0.0140845070,-0.0011001100,-0.0021978022,-0.9685796342
0.3603133159,0.0095253040,0.0119374024,-0.0011001100,-0.0021978022,0.0000000000,0.0000000000,-1.0000000000
0.3538461538,0.0080598726,0.0110531504,0.0000000000,0.0000000000,0.0000000000,0.0000000000,-1.0000000000
0.2941176471,-0.0095422946,-0.0061832786,0.0165198238,0.0165198238,0.0165198238,0.0165198238,-1.0000000000
0.4285714286,-0.0155403571,-0.0132090463,0.0075839653,0.0075839653,0.0075839653,0.0075839653,-0.8847795164
0.4705882353,-0.0184268081,-0.0175127878,0.0053763441,0.0053763441,0.0053763441,0.0053763441,0.0555555556
0.4929577465,-0.0155919146,-0.0162155442,0.0000000000,0.0000000000,0.0000000000,0.0000000000,-1.0000000000
0.6250000000,-0.0215647966,-0.0233705804,0.0139037433,0.0139037433,0.0085561497,0.0085561497,-1.0000000000
0.6666666667,-0.0077245968,-0.0111532465,-0.0179324895,-0.0158227848,-0.0127253446,-0.0106044539,-0.9746708212
0.6000000000,-0.0118318466,-0.0156025221,0.0042964554,0.0075026795,0.0042964554,0.0053590568,18.1646825397
0.5774647887,-0.0100115625,-0.0144467797,0.0074866310,0.0042553191,0.0010695187,0.0000000000,0.6124857646
0.6153846154,-0.0168563426,-0.0217201857,0.0042462845,0.0021186441,0.0106837607,0.0085287846,-0.7729695024
0.6315789474,-0.0163426730,-0.0221785589,0.0021141649,0.0021141649,0.0021141649,0.0021141649,1.9802036199
0.5434782609,-0.0210568984,-0.0277150221,0.0000000000,0.0073839662,0.0000000000,0.0073839662,-0.5704118429
0.4160583942,-0.0178173756,-0.0256620575,0.0073839662,0.0000000000,0.0073839662,0.0000000000,-1.0000000000
0.4160583942,-0.0014838748,-0.0102886539,-0.0104712042,-0.0104712042,-0.0136125654,-0.0136125654,-1.0000000000
0.3825503356,0.0008694018,-0.0074191410,-0.0052910053,-0.0052910053,-0.0021231423,-0.0021231423,0.1894972067
0.4186046512,-0.0013890565,-0.0089781322,0.0148936170,0.0212765957,0.0021276596,0.0021276596,1.5902216795
0.3881118881,-0.0106279546,-0.0176981350,0.0000000000,0.0020833333,0.0095541401,0.0095541401,0.2924335008
0.4127516779,-0.0182835764,-0.0256085324,-0.0052410901,-0.0020790021,-0.0021030494,0.0094637224,-0.8728938397
0.4285714286,-0.0225976109,-0.0307788417,0.0168598525,0.0145833333,0.0126448894,0.0072916667,3.0144591611
0.4236311239,-0.0067958749,-0.0162915842,-0.0072538860,-0.0154004107,-0.0062434964,-0.0124095140,0.2302933656
0.4049586777,-0.0067903658,-0.0161150462,-0.0020876827,-0.0031282586,0.0010471204,0.0010471204,-0.9227434241
0.3846153846,-0.0047045902,-0.0138898431,0.0041841004,0.0125523013,-0.0010460251,-0.0010460251,20.8889210298
0.4455445545,0.0002085481,-0.0087089615,-0.0052083333,-0.0041322314,-0.0041884817,-0.0041884817,0.4131888463
0.4523227384,-0.0008741417,-0.0091058029,-0.0010471204,-0.0103734440,0.0010515247,0.0010515247,-0.9869080572
0.4455445545,-0.0007396584,-0.0084312990,-0.0020964361,-0.0020964361,0.0000000000,0.0000000000,-1.0000000000
0.4302670623,-0.0006258648,-0.0078067584,0.0000000000,0.0000000000,0.0000000000,0.0000000000,-1.0000000000
0.4302670623,-0.0005295779,-0.0072284800,0.0000000000,0.0000000000,0.0000000000,0.0000000000,-1.0000000000
0.5043478261,-0.0025436010,-0.0087754415,0.0031512605,0.0042016807,0.0021008403,0.0021008403,-1.0000000000
0.4386792453,-0.0165839597,-0.0224707025,0.0136125654,0.0125523013,0.0146750524,0.0146750524,-0.8040025413
0.5201612903,-0.0089133320,-0.0157221261,-0.0092975207,-0.0041322314,-0.0103305785,-0.0051652893,17.2868719611
0.5074626866,0.0007717337,-0.0063025087,-0.0031282586,-0.0082987552,-0.0031315240,-0.0083073728,-0.8752104937
0.4545454545,-0.0003937027,-0.0068755770,-0.0020920502,0.0000000000,-0.0010471204,0.0010471204,10.6590909091
0.3877551020,-0.0003331330,-0.0063662750,0.0020964361,0.0000000000,0.0020964361,0.0000000000,-1.0000000000
0.4578313253,-0.0034092586,-0.0090045176,-0.0010460251,0.0031380753,-0.0010460251,0.0031380753,-1.0000000000
0.4827586207,-0.0141922497,-0.0195831733,0.0041884817,0.0135557873,0.0041884817,0.0114702815,2.7398081535
0.4848484848,-0.0190875761,-0.0251674420,0.0114702815,0.0051440329,0.0114702815,0.0072164948,-0.8221041543
0.4615384615,-0.0221562079,-0.0292647139,0.0051546392,0.0061412487,0.0030927835,0.0061412487,10.1405767250
0.4916201117,-0.0167470459,-0.0251134648,0.0061538462,-0.0020345880,0.0082219938,-0.0020345880,-0.9559278946
0.5569620253,-0.0019621634,-0.0111572727,-0.0091743119,-0.0091743119,-0.0122324159,-0.0122324159,2.1148400629
0.4821917808,-0.0026895083,-0.0113510856,-0.0030864198,-0.0010288066,-0.0010319917,0.0010319917,2.7101010101
0.4545454545,-0.0022757378,-0.0105102644,0.0010319917,-0.0010298661,0.0020661157,0.0000000000,-1.0000000000
0.4764542936,-0.0050029348,-0.0127849687,0.0030927835,0.0030927835,-0.0020618557,0.0030927835,-1.0000000000
0.4037854890,-0.0032088011,-0.0108213063,0.0000000000,0.0000000000,0.0041322314,-0.0010277492,-0.9633113462
0.4429065744,-0.0118645418,-0.0191021159,0.0082219938,0.0082219938,0.0092592593,0.0092592593,-0.8319148936
0.5061728395,-0.0100392277,-0.0176871443,0.0000000000,0.0000000000,0.0000000000,0.0000000000,-1.0000000000
0.5333333333,-0.0084947311,-0.0163769855,0.0000000000,0.0000000000,0.0000000000,0.0000000000,-1.0000000000
0.5333333333,-0.0071878494,-0.0151638755,0.0000000000,0.0000000000,0.0000000000,0.0000000000,-1.0000000000
0.5522388060,-0.0070941628,-0.0150446574,-0.0020387360,0.0020387360,-0.0020387360,0.0010193680,-1.0000000000
0.4736842105,-0.0009157662,-0.0088838219,-0.0010214505,-0.0050864700,-0.0020429009,-0.0050916497,-0.5723517842
0.4444444444,-0.0098955952,-0.0172784671,0.0071574642,0.0081799591,0.0081883316,0.0092118731,-0.2614980289
0.4791666667,-0.0083731960,-0.0159985806,0.0020304569,0.0010141988,0.0010152284,0.0000000000,-0.3398576512
0.4339622642,-0.0060769765,-0.0138133112,-0.0020263425,-0.0020263425,-0.0010141988,-0.0010141988,-0.8463611860
0.6634615385,-0.0061510407,-0.0137913301,0.0000000000,0.0050761421,0.0000000000,0.0010152284,51.3070175439
0.6634615385,-0.0072184824,-0.0147681919,0.0030456853,-0.0020202020,0.0030456853,0.0020283976,-0.2248868019
0.6410256410,-0.0061079466,-0.0136742517,0.0000000000,0.0000000000,0.0000000000,0.0000000000,-1.0000000000
0.6534653465,-0.0121670788,-0.0196074453,-0.0010121457,0.0070850202,-0.0010121457,0.0070850202,-1.0000000000
0.6170212766,-0.0102952205,-0.0181550419,0.0081053698,0.0000000000,0.0081053698,0.0000000000,-0.7654377880
0.5714285714,-0.0136677837,-0.0217261729,-0.0060301508,0.0050251256,-0.0060301508,0.0050251256,7.1041257367
0.5813953488,-0.0184359958,-0.0269283285,0.0141557128,0.0070000000,0.0141557128,0.0070000000,-0.7966060606
0.6037735849,-0.0126582536,-0.0220200926,0.0009970090,-0.0029791460,0.0009970090,-0.0029791460,-0.8343265793
0.6037735849,-0.0252734772,-0.0348091565,0.0079681275,0.0159362550,0.0059760956,0.0149402390,867.5395683453
0.6865671642,-0.0097235051,-0.0206981964,0.0059288538,-0.0019607843,-0.0059405941,-0.0117762512,-0.8863634481
0.5520000000,-0.0062539048,-0.0172130862,-0.0127701375,-0.0088408644,0.0009960159,-0.0019860973,-0.7961221663
0.5781250000,-0.0052917656,-0.0159380428,0.0000000000,-0.0039643211,0.0000000000,0.0000000000,-1.0000000000
0.5781250000,-0.0113636720,-0.0215723659,0.0069651741,0.0069651741,0.0069651741,0.0069651741,-1.0000000000
0.5258964143,-0.0066707629,-0.0170605608,-0.0029644269,-0.0029644269,-0.0029644269,-0.0029644269,1.6245847176
0.5890410959,-0.0056444917,-0.0157968155,0.0000000000,0.0000000000,0.0000000000,0.0000000000,-1.0000000000
0.6212121212,-0.0047761083,-0.0146266810,0.0000000000,0.0000000000,0.0000000000,0.0000000000,-1.0000000000
0.6212121212,0.0029164727,-0.0066518086,-0.0089197225,-0.0049554014,-0.0089197225,-0.0069375619,-1.0000000000
0.6115107914,0.0024677846,-0.0061590820,0.0020000000,-0.0019920319,0.0020000000,0.0000000000,-1.0000000000
0.6115107914,0.0111704952,0.0033089029,-0.0089820359,-0.0089820359,-0.0089820359,-0.0089820359,-1.0000000000
0.6170212766,0.0217999936,0.0153336925,0.0000000000,0.0000000000,-0.0171198389,-0.0120845921,-0.7910756872
0.6160000000,0.0184461484,0.0141978635,-0.0120845921,-0.0120845921,0.0051229508,0.0000000000,-1.0000000000
0.5945945946,0.0156082795,0.0131461699,0.0000000000,0.0000000000,0.0000000000,0.0000000000,-1.0000000000
0.4827586207,0.0039960329,0.0029708124,0.0071355759,0.0091743119,0.0071355759,0.0091743119,-1.0000000000
0.5479452055,0.0033812586,0.0027507523,0.0020242915,0.0000000000,0.0020242915,0.0000000000,-1.0000000000
0.5079365079,0.0028610650,0.0025469928,0.0000000000,0.0000000000,0.0000000000,0.0000000000,-1.0000000000
0.5079365079,0.0024209011,0.0023583267,0.0000000000,0.0000000000,0.0000000000,0.0000000000,-1.0000000000
0.5373134328,0.0153817505,0.0155187303,-0.0131313131,-0.0131313131,-0.0131313131,-0.0131313131,-1.0000000000
0.4675324675,0.0130153274,0.0143691947,0.0000000000,0.0000000000,0.0000000000,0.0000000000,-0.2070707071
0.4675324675,0.0183089392,0.0206173188,-0.0071647902,-0.0071647902,-0.0071647902,-0.0071647902,-0.3541401274
0.4838709677,0.0154921793,0.0190901100,0.0000000000,0.0000000000,0.0000000000,0.0000000000,-1.0000000000
0.4675324675,0.0131087671,0.0176760278,0.0000000000,0.0000000000,0.0000000000,0.0000000000,-1.0000000000
0.4675324675,0.0110920337,0.0163666924,0.0000000000,0.0000000000,0.0000000000,0.0000000000,-1.0000000000
0.4576271186,-0.0139939577,-0.0083587971,0.0237113402,0.0237113402,0.0237113402,0.0237113402,-1.0000000000
0.6153846154,-0.0167917373,-0.0127108713,0.0040281974,0.0050352467,0.0040281974,0.0050352467,1.3585987261
0.5522388060,-0.0142083931,-0.0117693253,0.0010030090,0.0000000000,0.0010030090,0.0000000000,-1.0000000000
0.5522388060,-0.0090436598,-0.0079153049,-0.0030060120,-0.0030060120,-0.0030060120,-0.0030060120,-1.0000000000
0.6461538462,-0.0096429949,-0.0093203020,0.0020100503,0.0020100503,0.0020100503,0.0020100503,0.9627272727
0.5660377358,-0.0081594572,-0.0086299092,0.0000000000,0.0000000000,0.0000000000,0.0000000000,-1.0000000000
0.5660377358,-0.0148093967,-0.0158872485,0.0030090271,0.0080240722,0.0030090271,0.0080240722,-1.0000000000
0.5533980583,-0.0135126074,-0.0156898284,0.0060000000,0.0009950249,0.0060000000,0.0009950249,-0.3323863636
0.6093750000,0.0035294175,0.0003887138,-0.0119284294,-0.0119284294,-0.0178926441,-0.0149105368,102.4978723404
0.4834710744,0.0029864302,0.0003599202,-0.0030181087,-0.0030181087,0.0030364372,0.0000000000,-1.0000000000
0.4642857143,0.0025269794,0.0003332595,0.0000000000,0.0000000000,0.0000000000,0.0000000000,-1.0000000000
0.4642857143,0.0041647820,0.0023314423,-0.0050454087,-0.0020181635,-0.0050454087,-0.0020181635,-1.0000000000
0.5391705069,0.0158498279,0.0144677551,-0.0121703854,-0.0121334681,-0.0131845842,-0.0121334681,-0.6822222222
0.4936708861,0.0134113928,0.0133960695,0.0030800821,0.0000000000,0.0041109969,0.0000000000,-0.9886247086
0.3333333333,0.0155057505,0.0165657568,0.0020470829,0.0030706244,-0.0040941658,-0.0040941658,31.8196721311
0.3374233129,0.0194064154,0.0216385934,-0.0091930541,-0.0102040816,-0.0061664954,-0.0061664954,-0.9430569431
0.3437500000,0.0143229373,0.0179303977,-0.0010309278,-0.0010309278,0.0020682523,0.0020682523,6.5657894737
0.2941176471,0.0121194084,0.0166022201,0.0000000000,0.0000000000,0.0000000000,0.0000000000,-1.0000000000
0.3197674419,0.0154947953,0.0206388805,-0.0020639835,0.0020639835,-0.0051599587,-0.0051599587,-1.0000000000
0.3333333333,0.0131109806,0.0191100745,0.0031023785,-0.0010298661,0.0000000000,0.0000000000,0.4719384538
0.1698113208,0.0121438484,0.0187513094,-0.0072164948,-0.0072164948,-0.0010373444,-0.0010373444,-0.8958101277
0.2372881356,0.0251795239,0.0323708299,-0.0020768432,-0.0020768432,-0.0166147456,-0.0145379024,35.6175986842
0.2413793103,0.0213057510,0.0299729906,-0.0124869927,-0.0124869927,0.0021119324,0.0000000000,0.5332494891
0.2413793103,0.0180279432,0.0277527691,0.0000000000,0.0000000000,-0.0084299262,0.0000000000,-0.1268474169
0.2413793103,0.0260664945,0.0366202993,-0.0010537408,-0.0010537408,-0.0021253985,-0.0105374078,0.3426716546
0.2121212121,0.0134222096,0.0251735119,-0.0021097046,-0.0010548523,0.0074547391,0.0085197018,-0.9942152478
0.4285714286,0.0102904217,0.0222293676,0.0010570825,0.0010559662,0.0010570825,0.0010559662,3.0863930886
0.3548387097,0.0087072799,0.0205827478,0.0010559662,0.0000000000,0.0010559662,0.0000000000,-1.0000000000
0.3374233129,0.0052469243,0.0169127143,0.0021097046,0.0021097046,0.0021097046,0.0021097046,-1.0000000000
0.3023255814,0.0044397052,0.0156599207,0.0000000000,0.0000000000,0.0000000000,0.0000000000,-1.0000000000
0.3283582090,0.0069364730,0.0177137595,-0.0042105263,-0.0031578947,-0.0073684211,-0.0031578947,-1.0000000000
0.3571428571,0.0058693233,0.0164016292,0.0010570825,0.0000000000,0.0042417815,0.0000000000,-1.0000000000
0.3437500000,0.0028484024,0.0130472064,0.0021119324,0.0021119324,0.0021119324,0.0021119324,-1.0000000000
0.3170731707,0.0003020685,0.0099522909,0.0021074816,0.0021074816,0.0021074816,0.0021074816,-0.9040758960
0.2500000000,0.0023636167,0.0113419863,-0.0021030494,-0.0021030494,-0.0021030494,-0.0021030494,66.0915750916
0.3750000000,-0.0074133777,0.0010086069,0.0094836670,0.0094836670,0.0094836670,0.0094836670,-0.9113889496
0.4444444444,-0.0062728580,0.0009338952,0.0000000000,0.0000000000,0.0000000000,0.0000000000,-1.0000000000
0.4444444444,-0.0063450211,-0.0001789367,0.0010438413,0.0010438413,0.0010438413,0.0010438413,-1.0000000000
0.5882352941,-0.0053688640,-0.0001656822,0.0000000000,0.0000000000,0.0000000000,0.0000000000,-1.0000000000
0.5312500000,-0.0045428849,-0.0001534094,0.0000000000,0.0000000000,0.0000000000,0.0000000000,-1.0000000000
0.5614035088,-0.0028041507,0.0009016473,-0.0010427529,-0.0010427529,-0.0010427529,-0.0010427529,-1.0000000000
0.6153846154,-0.0065208812,-0.0033266169,0.0041753653,0.0041753653,0.0041753653,0.0041753653,-0.4543080940
0.6428571429,-0.0055176687,-0.0030802008,0.0000000000,0.0000000000,0.0000000000,0.0000000000,-1.0000000000
0.6428571429,-0.0077630905,-0.0059519796,0.0031185031,0.0031185031,0.0031185031,0.0031185031,-1.0000000000
0.7000000000,-0.0045055680,-0.0034456947,-0.0020725389,-0.0020725389,-0.0020725389,-0.0020725389,-0.0048076923
0.6774193548,-0.0038124037,-0.0031904581,0.0000000000,0.0000000000,0.0000000000,0.0000000000,-1.0000000000
0.6951219512,-0.0154938692,-0.0152254617,0.0010384216,0.0124610592,0.0010384216,0.0124610592,-1.0000000000
0.7767857143,-0.0211418536,-0.0221212700,0.0176348548,0.0082051282,0.0176348548,0.0082051282,0.0414673046
0.8043478261,-0.0218694461,-0.0244523326,0.0061162080,0.0040691760,0.0061162080,0.0040691760,2.7764165391
0.7804878049,-0.0185049159,-0.0226410487,0.0040526849,0.0040526849,0.0000000000,0.0000000000,0.7927818329
0.7804878049,-0.0096375655,-0.0149759458,-0.0121089808,-0.0100908174,-0.0081053698,-0.0060790274,0.1988237955
0.6739130435,0.0041280488,-0.0016544384,-0.0051072523,-0.0030581040,-0.0112359551,-0.0122324159,0.2624528302
0.5414847162,0.0214124816,0.0162979003,-0.0215605749,-0.0245398773,-0.0227272727,-0.0175438596,1.1965326558
0.4492753623,0.0300197423,0.0269567453,-0.0041972718,-0.0052410901,-0.0052854123,-0.0115546218,-0.6751718038
0.3924050633,0.0375297231,0.0370831316,-0.0136986301,-0.0136986301,-0.0138150903,-0.0116896918,0.1208630080
0.4070351759,0.0328665287,0.0354496196,-0.0106837607,-0.0074786325,-0.0021551724,-0.0010752688,-0.6245561577
0.4405594406,0.0412602179,0.0463394085,-0.0053995680,-0.0075349839,-0.0097192225,-0.0129171152,-0.5216525635
0.4705882353,0.0451704352,0.0532440423,-0.0065146580,-0.0075921909,-0.0152671756,-0.0098146129,49.7284079084
0.4475524476,0.0428150363,0.0539429597,-0.0131147541,-0.0120218579,0.0000000000,-0.0044052863,-0.9709948718
0.4645161290,0.0373756471,0.0511099171,0.0011074197,0.0000000000,-0.0011074197,-0.0011061947,0.1874115983
0.4166666667,0.0316255476,0.0473239973,-0.0011061947,-0.0011061947,0.0011086475,0.0000000000,-1.0000000000
0.3225806452,0.0370965896,0.0543267561,-0.0077519380,-0.0077519380,-0.0099667774,-0.0099667774,-1.0000000000
0.0000000000,0.0267952597,0.0456241442,0.0000000000,0.0022321429,0.0022371365,0.0044742729,3.3143507973
0.3211678832,0.0170102713,0.0364735670,0.0066964286,0.0055679287,0.0066964286,0.0055679287,-0.0049278423
0.3409090909,0.0143933065,0.0337718213,0.0011086475,0.0000000000,0.0011086475,0.0000000000,-1.0000000000
0.3506493506,0.0121789517,0.0312702049,0.0000000000,0.0000000000,0.0000000000,0.0000000000,-1.0000000000
0.3829787234,0.0125478978,0.0312379198,-0.0011074197,-0.0011074197,-0.0022148394,-0.0022148394,-1.0000000000
0.4235294118,0.0083790966,0.0266450984,0.0011086475,0.0011086475,0.0022197558,0.0022197558,-0.6272594040
0.4031413613,0.0004425460,0.0179078799,0.0044296788,0.0110741971,0.0044296788,0.0066445183,9.6304062910
0.4080000000,-0.0007248506,0.0154642479,0.0011025358,-0.0032858708,-0.0022050717,0.0011001100,-0.3612378252
0.4186046512,0.0172727797,0.0324721037,-0.0022026432,-0.0043956044,-0.0121546961,-0.0175824176,4.1856784405
0.3600000000,0.0146154290,0.0300667627,-0.0132450331,-0.0132450331,0.0000000000,0.0000000000,-0.9884244612
0.3396226415,0.0261406008,0.0418238073,-0.0078299776,-0.0078299776,-0.0134228188,-0.0134228188,26.8263665595
0.2696629213,0.0232791503,0.0399047778,-0.0033821871,-0.0033821871,-0.0011337868,-0.0011337868,1.4443032124
0.3103448276,0.0139432407,0.0310970124,0.0045248869,0.0056561086,0.0045402951,0.0056753689,-0.6396255850
0.3309352518,0.0061202472,0.0230202779,0.0033783784,0.0022497188,0.0067796610,0.0056433409,1.0676898859
0.3404255319,-0.0026567978,0.0133538188,0.0067340067,0.0078563412,0.0067340067,0.0078563412,-0.9494987946
0.3586206897,-0.0022480596,0.0123646470,0.0011148272,0.0000000000,0.0011148272,0.0000000000,-1.0000000000
0.3586206897,-0.0007894977,0.0125763378,0.0011135857,0.0011135857,-0.0011135857,-0.0011135857,-1.0000000000
0.4037267081,-0.0006680365,0.0116447572,-0.0022246941,-0.0022246941,0.0000000000,0.0000000000,-1.0000000000
0.3661971831,-0.0005652617,0.0107821826,0.0000000000,0.0000000000,0.0000000000,0.0000000000,-1.0000000000
0.3902439024,-0.0049156866,0.0054996689,0.0044593088,0.0044593088,0.0044593088,0.0044593088,-1.0000000000
0.3697478992,0.0013977189,0.0107010599,-0.0055493896,-0.0055493896,-0.0055493896,-0.0055493896,-0.0080645161
0.4285714286,-0.0043732675,0.0043040138,-0.0044642857,0.0055803571,-0.0044642857,0.0055803571,49.6910569106
0.5226130653,-0.0091987990,-0.0015555592,0.0100896861,0.0099889012,0.0100896861,0.0055493896,0.0925421010
0.5210084034,-0.0077835991,-0.0014403326,0.0055493896,-0.0043956044,0.0055493896,0.0000000000,-0.7545507927
0.6888888889,-0.0054884274,-0.0002301426,-0.0011037528,-0.0011037528,-0.0011037528,-0.0011037528,-0.7781100478
0.6888888889,-0.0035429965,0.0008928640,-0.0011049724,-0.0011049724,-0.0011049724,-0.0011049724,-0.3773584906
0.7222222222,-0.0029979201,0.0008267259,0.0000000000,0.0000000000,0.0000000000,0.0000000000,-1.0000000000
0.7241379310,-0.0025367017,0.0007654870,0.0000000000,0.0000000000,0.0000000000,0.0000000000,-1.0000000000
0.7000000000,-0.0021464399,0.0007087842,0.0000000000,0.0000000000,0.0000000000,0.0000000000,-1.0000000000
0.7000000000,-0.0018162183,0.0006562817,0.0000000000,0.0000000000,0.0000000000,0.0000000000,-1.0000000000
0.6666666667,-0.0037409132,-0.0016011787,0.0154867257,0.0154867257,0.0011061947,0.0022123894,-1.0000000000
0.6315789474,-0.0031653881,-0.0014825729,-0.0130718954,-0.0130718954,0.0011049724,0.0000000000,-1.0000000000
0.6315789474,-0.0081521791,-0.0068536926,0.0033112583,0.0055187638,0.0033112583,0.0055187638,-1.0000000000
0.6455696203,-0.0101576323,-0.0096074580,0.0044004400,0.0032930845,0.0044004400,0.0032930845,-0.7274191550
0.8000000000,-0.0129147675,-0.0132143313,0.0032858708,0.0054704595,0.0032858708,0.0043763676,-0.5863636364
0.7916666667,-0.0109278802,-0.0122354919,0.0021834061,-0.0010881393,0.0021834061,0.0000000000,-1.0000000000
0.7777777778,-0.0188656322,-0.0209279052,0.0098039216,0.0098039216,0.0098039216,0.0098039216,-1.0000000000
0.8214285714,-0.0063158079,-0.0097637458,-0.0097087379,-0.0097087379,-0.0097087379,-0.0097087379,0.0125635657
0.4791666667,-0.0053441452,-0.0090405054,0.0000000000,0.0000000000,0.0000000000,0.0000000000,-1.0000000000
0.3382352941,-0.0077645684,-0.0116009007,0.0032679739,0.0032679739,0.0032679739,0.0032679739,-1.0000000000
0.3250000000,0.0043348102,0.0001174640,-0.0076004343,-0.0076004343,-0.0108577633,-0.0108577633,5.4474393531
0.3132530120,0.0036679163,0.0001087629,-0.0032822757,-0.0032822757,0.0000000000,0.0000000000,-1.0000000000
0.3132530120,0.0031036215,0.0001007064,0.0000000000,0.0000000000,0.0000000000,0.0000000000,-1.0000000000
0.3132530120,0.0026261413,0.0000932467,-0.0043907794,0.0000000000,-0.0043907794,0.0000000000,-1.0000000000
0.3356643357,0.0022221195,0.0000863395,0.0044101433,0.0000000000,0.0044101433,0.0000000000,3.2666666667
0.3356643357,0.0018802550,0.0000799440,0.0000000000,0.0000000000,0.0000000000,0.0000000000,-1.0000000000
0.3333333333,0.0015909850,0.0000740222,0.0000000000,0.0000000000,0.0000000000,0.0000000000,-1.0000000000
0.3595505618,0.0013462181,0.0000685391,0.0000000000,0.0000000000,0.0000000000,0.0000000000,-1.0000000000
0.3870967742,0.0011391076,0.0000634621,0.0000000000,0.0000000000,0.0000000000,0.0000000000,-1.0000000000
0.3870967742,-0.0023215791,-0.0032237074,0.0032930845,0.0032930845,0.0032930845,0.0032930845,-1.0000000000
0.2400000000,-0.0019644131,-0.0029849142,0.0000000000,0.0000000000,0.0000000000,0.0000000000,-1.0000000000
0.2307692308,-0.0016621957,-0.0027638095,0.0000000000,0.0000000000,0.0000000000,0.0000000000,-1.0000000000
0.2307692308,-0.0014064733,-0.0025590828,0.0000000000,0.0000000000,0.0000000000,0.0000000000,-0.9554079696
0.2307692308,-0.0066243142,-0.0077973257,0.0032822757,0.0054704595,0.0032822757,0.0054704595,46.0354609929
0.9900990099,-0.0056051890,-0.0072197460,0.0000000000,0.0000000000,0.0000000000,0.0000000000,-0.9282267793
0.9900990099,-0.0047428522,-0.0066849500,0.0021810251,0.0000000000,0.0021810251,0.0000000000,-1.0000000000
0.9900990099,-0.0040131826,-0.0061897685,0.0000000000,0.0000000000,0.0000000000,0.0000000000,-1.0000000000
0.9900990099,-0.0012221511,-0.0035627421,-0.0021762786,-0.0021762786,-0.0021762786,-0.0021762786,-1.0000000000
0.6666666667,-0.0010341279,-0.0032988353,0.0000000000,0.0000000000,0.0000000000,0.0000000000,-1.0000000000
0.6666666667,0.0046026276,0.0024112330,-0.0054525627,-0.0054525627,-0.0054525627,-0.0054525627,-1.0000000000
0.5333333333,0.0038945310,0.0022326231,0.0000000000,0.0000000000,0.0000000000,0.0000000000,-1.0000000000
0.5333333333,0.0043966845,0.0031672077,0.0000000000,0.0000000000,-0.0010964912,-0.0010964912,-1.0000000000
0.6000000000,0.0037202715,0.0029325997,-0.0010964912,-0.0010964912,0.0000000000,0.0000000000,-1.0000000000
0.6521739130,-0.0045013540,-0.0049306077,0.0076838639,0.0076838639,0.0076838639,0.0076838639,-1.0000000000
0.6923076923,-0.0070537604,-0.0078078355,0.0010893246,0.0032679739,0.0010893246,0.0032679739,-0.9617833333
0.6521739130,-0.0070466917,-0.0083062350,0.0065288357,0.0043431053,0.0032644178,0.0010857763,-0.3209768862
0.6000000000,-0.0070395489,-0.0087660493,-0.0021621622,-0.0021621622,0.0010845987,0.0010845987,-0.9158638407
0.5294117647,0.0027345490,0.0005554912,-0.0086673889,-0.0086673889,-0.0086673889,-0.0086673889,0.6641221374
0.4285714286,0.0100409383,0.0082275601,-0.0054644809,-0.0054644809,-0.0076502732,-0.0076502732,8.4587155963
0.3947368421,0.0118392598,0.0109582817,-0.0054945055,-0.0054945055,-0.0033039648,-0.0033039648,-0.8346265761
0.4090909091,0.0100178352,0.0101465571,0.0000000000,0.0000000000,0.0000000000,0.0000000000,-1.0000000000
0.3846153846,0.0084766298,0.0093949603,0.0000000000,0.0000000000,0.0000000000,0.0000000000,-1.0000000000
0.3846153846,0.0071725329,0.0086990373,0.0000000000,0.0000000000,0.0000000000,0.0000000000,-1.0000000000
0.3870967742,0.0049586148,0.0069420211,0.0011049724,0.0011049724,0.0011049724,0.0011049724,-1.0000000000
0.3537414966,0.0041957510,0.0064277973,0.0000000000,0.0000000000,0.0000000000,0.0000000000,-1.0000000000
0.3023255814,0.0035502508,0.0059516642,0.0000000000,0.0000000000,0.0000000000,0.0000000000,-1.0000000000
0.3023255814,0.0030040584,0.0055108001,0.0000000000,0.0000000000,0.0000000000,0.0000000000,-1.0000000000
0.2000000000,-0.0018648820,0.0006845593,0.0044150110,0.0044150110,0.0044150110,0.0044150110,-1.0000000000
0.2258064516,-0.0037674991,-0.0015605212,0.0021978022,0.0021978022,0.0021978022,0.0021978022,2.6091703057
0.2500000000,0.0056334623,0.0073918435,-0.0087719298,-0.0087719298,-0.0131578947,-0.0087719298,2.4894131881
0.2641509434,-0.0018580601,0.0002057657,0.0055309735,0.0066371681,0.0088888889,0.0066371681,-0.6128062876
0.3513513514,-0.0015722047,0.0001905238,0.0011001100,0.0000000000,0.0022026432,0.0000000000,-1.0000000000
0.3714285714,0.0008693859,0.0023794427,-0.0021978022,-0.0021978022,-0.0021978022,-0.0021978022,-1.0000000000
0.3939393939,0.0007356342,0.0022031876,0.0000000000,0.0000000000,0.0000000000,0.0000000000,-1.0000000000
0.3939393939,0.0128931922,0.0143281044,-0.0121145374,-0.0121145374,-0.0121145374,-0.0121145374,-1.0000000000
0.3170731707,0.0097838897,0.0121384039,0.0011148272,0.0011148272,0.0011148272,0.0011148272,-0.2335329341
0.2857142857,0.0082786759,0.0112392628,0.0000000000,0.0000000000,0.0000000000,0.0000000000,-1.0000000000
0.3170731707,0.0194932582,0.0229371352,-0.0100222717,-0.0055679287,-0.0133630290,-0.0122494432,-1.0000000000
0.2888888889,0.0164942954,0.0212380881,-0.0022497188,-0.0067189250,0.0011286682,0.0000000000,-1.0000000000
0.2888888889,0.0139567115,0.0196648964,0.0045095829,0.0045095829,0.0000000000,0.0000000000,-1.0000000000
0.2888888889,-0.0028055014,0.0035007851,0.0101010101,0.0101010101,0.0135287486,0.0146561443,2.4550426046
0.4074074074,-0.0023738858,0.0032414677,0.0000000000,0.0000000000,0.0011123471,0.0000000000,-1.0000000000
0.4545454545,-0.0020086726,0.0030013590,0.0000000000,0.0000000000,0.0000000000,0.0000000000,-1.0000000000
0.4545454545,-0.0016996460,0.0027790361,0.0000000000,0.0000000000,0.0000000000,0.0000000000,-1.0000000000
0.4666666667,-0.0014381620,0.0025731816,0.0000000000,0.0000000000,0.0000000000,0.0000000000,-1.0000000000
0.4666666667,-0.0012169063,0.0023825755,0.0000000000,0.0000000000,0.0000000000,0.0000000000,-1.0000000000
0.3888888889,-0.0065488630,-0.0033309618,0.0055555556,0.0055555556,0.0055555556,0.0055555556,-1.0000000000
0.3653846154,-0.0055413456,-0.0030842239,0.0000000000,0.0000000000,0.0000000000,0.0000000000,-1.0000000000
0.3653846154,-0.0046888309,-0.0028557628,0.0000000000,0.0000000000,0.0000000000,0.0000000000,-1.0000000000
0.4500000000,-0.0039674723,-0.0026442248,0.0000000000,0.0000000000,0.0000000000,0.0000000000,-1.0000000000
0.4500000000,-0.0033570919,-0.0024483563,0.0000000000,0.0000000000,0.0000000000,0.0000000000,-1.0000000000
0.9900990099,-0.0028406162,-0.0022669966,0.0000000000,0.0000000000,0.0000000000,0.0000000000,-1.0000000000
0.9900990099,-0.0046033699,-0.0042995140,0.0022099448,0.0022099448,0.0022099448,0.0022099448,-1.0000000000
0.9900990099,-0.0038951592,-0.0039810315,0.0000000000,0.0000000000,0.0000000000,0.0000000000,-1.0000000000
0.9900990099,-0.0032959039,-0.0036861403,0.0000000000,0.0000000000,0.0000000000,0.0000000000,-1.0000000000
0.9900990099,0.0027389363,0.0021112248,-0.0066152150,-0.0055126792,-0.0066152150,-0.0055126792,-1.0000000000
0.4117647059,0.0023175615,0.0019548378,0.0011098779,0.0000000000,0.0011098779,0.0000000000,-1.0000000000
0.4117647059,0.0030730679,0.0029219218,-0.0011086475,-0.0011086475,-0.0011086475,-0.0011086475,-1.0000000000
0.5384615385,0.0026002883,0.0027054832,0.0000000000,0.0000000000,0.0000000000,0.0000000000,1.1242038217
0.5384615385,0.0022002439,0.0025050770,0.0000000000,0.0000000000,0.0000000000,0.0000000000,-1.0000000000
0.4000000000,0.0063293558,0.0067891680,-0.0077691454,-0.0044395117,-0.0077691454,-0.0044395117,-1.0000000000
0.3750000000,0.0008923208,0.0018188471,0.0055928412,0.0044593088,0.0055928412,0.0044593088,18.1019503546
0.4736842105,0.0097203714,0.0106577716,-0.0066740823,-0.0088790233,-0.0066740823,-0.0088790233,-0.9915069383
0.4000000000,0.0082249296,0.0098683070,0.0000000000,0.0000000000,0.0000000000,0.0000000000,-1.0000000000
0.4000000000,0.0058332029,0.0080085324,-0.0044792833,0.0011198208,-0.0078387458,0.0011198208,-1.0000000000
0.3414634146,0.0049357870,0.0074153077,0.0056242970,0.0000000000,0.0090293454,0.0000000000,-1.0000000000
0.3571428571,0.0041764352,0.0068660257,0.0000000000,0.0000000000,0.0000000000,0.0000000000,-1.0000000000
0.3571428571,0.0080441714,0.0108803859,-0.0022371365,-0.0022371365,-0.0044742729,-0.0044742729,-1.0000000000
0.3623188406,0.0068066066,0.0100744314,-0.0022421525,-0.0022421525,0.0000000000,0.0000000000,-1.0000000000
0.3703703704,0.0057594364,0.0093281772,0.0000000000,0.0000000000,0.0000000000,0.0000000000,-1.0000000000
0.3703703704,0.0026202899,0.0063756828,0.0022471910,0.0022471910,0.0022471910,0.0022471910,-1.0000000000
0.3043478261,0.0022171684,0.0059034100,0.0000000000,0.0000000000,0.0000000000,0.0000000000,-1.0000000000
0.3043478261,0.0018760656,0.0054661203,0.0011210762,0.0011210762,0.0000000000,0.0000000000,-1.0000000000
0.3043478261,0.0038381984,0.0073197871,-0.0022396417,-0.0022396417,-0.0022421525,-0.0022421525,-0.9299282213
0.3333333333,0.0032477063,0.0067775806,-0.0011223345,-0.0011223345,0.0000000000,0.0000000000,-1.0000000000
0.2432432432,-0.0039667716,-0.0004629146,0.0067415730,0.0067415730,0.0067415730,0.0067415730,-1.0000000000
0.5000000000,-0.0033564990,-0.0004286247,0.0000000000,0.0000000000,0.0000000000,0.0000000000,-1.0000000000
0.5000000000,-0.0006093318,0.0018393739,-0.0022321429,-0.0022321429,-0.0022321429,-0.0022321429,-1.0000000000
0.6000000000,-0.0115718319,-0.0093776628,0.0044742729,0.0111856823,0.0044742729,0.0111856823,211.6675324675
0.6923076923,-0.0141537019,-0.0130500562,0.0077951002,0.0044247788,0.0077951002,0.0044247788,-0.0871551229
0.6734693878,-0.0119762093,-0.0120833854,0.0033149171,0.0000000000,0.0033149171,0.0000000000,-1.0000000000
0.7333333333,-0.0024433005,-0.0035060981,-0.0077092511,-0.0077092511,-0.0077092511,-0.0077092511,-1.0000000000
0.6000000000,0.0001526867,-0.0010289153,-0.0011098779,-0.0011098779,-0.0022197558,-0.0022197558,15.6666666667
0.6285714286,0.0001291964,-0.0009526993,-0.0011111111,-0.0011111111,0.0000000000,0.0000000000,-1.0000000000
0.6722689076,-0.0054222580,-0.0064082234,0.0011123471,0.0055617353,0.0011123471,0.0055617353,-1.0000000000
0.6578947368,-0.0001640115,-0.0015154670,0.0011111111,-0.0033185841,0.0000000000,-0.0044247788,-0.8623977295
0.6476683938,-0.0001387789,-0.0014032102,-0.0011098779,-0.0011098779,0.0000000000,0.0000000000,-1.0000000000
0.6250000000,0.0043463332,0.0031592167,-0.0044444444,-0.0044444444,-0.0055555556,-0.0044444444,-1.0000000000
0.6218905473,-0.0007831231,-0.0015322447,0.0044642857,0.0044642857,0.0055865922,0.0044642857,-0.6658458732
0.6020942408,-0.0083752793,-0.0091255464,0.0077777778,0.0077777778,0.0077777778,0.0077777778,-0.9432314410
0.6122448980,-0.0048924915,-0.0062583084,0.0000000000,0.0000000000,-0.0022050717,-0.0022050717,80.0528846154
0.6122448980,-0.0041398005,-0.0057947300,-0.0022050717,-0.0022050717,0.0000000000,0.0000000000,-1.0000000000
0.5681818182,0.0042648866,0.0023877850,-0.0066298343,-0.0066298343,-0.0077348066,-0.0077348066,-1.0000000000
0.5517241379,0.0036087502,0.0022109120,-0.0011123471,-0.0011123471,0.0000000000,0.0000000000,-0.9507017544
0.5517241379,0.0030535579,0.0020471408,0.0000000000,0.0000000000,0.0000000000,0.0000000000,-1.0000000000
0.5839416058,0.0025837797,0.0018955007,0.0000000000,0.0000000000,0.0000000000,0.0000000000,-1.0000000000
0.5565217391,0.0021862752,0.0017550932,0.0000000000,0.0000000000,0.0000000000,0.0000000000,-1.0000000000
0.5565217391,0.0018499251,0.0016250863,0.0000000000,0.0000000000,0.0000000000,0.0000000000,-1.0000000000
0.5641025641,0.0015653213,0.0015047096,0.0000000000,0.0000000000,0.0000000000,0.0000000000,-1.0000000000
0.5593220339,0.0013245026,0.0013932496,0.0000000000,0.0000000000,0.0000000000,0.0000000000,-1.0000000000
0.5593220339,0.0011207330,0.0012900459,0.0000000000,0.0000000000,0.0000000000,0.0000000000,-1.0000000000
0.5500000000,0.0009483125,0.0011944870,0.0000000000,0.0000000000,0.0000000000,0.0000000000,-1.0000000000
0.6086956522,0.0086650635,0.0089710368,-0.0089086860,-0.0066815145,-0.0089086860,-0.0077951002,-1.0000000000
0.0000000000,0.0073319768,0.0083065156,0.0011235955,-0.0011210762,0.0011235955,0.0000000000,-1.0000000000
0.0000000000,-0.0201882551,-0.0187400270,0.0134680135,0.0269360269,0.0123456790,0.0269360269,-1.0000000000
0.7741935484,-0.0170823697,-0.0173518768,0.0132890365,0.0000000000,0.0144124169,0.0000000000,-1.0000000000
0.7741935484,-0.0144543129,-0.0160665526,0.0000000000,0.0000000000,0.0000000000,0.0000000000,-1.0000000000
0.7741935484,-0.0122305724,-0.0148764376,0.0000000000,0.0000000000,0.0000000000,0.0000000000,-1.0000000000
0.7741935484,-0.0016199399,-0.0050756874,-0.0087431694,-0.0087431694,-0.0087431694,-0.0087431694,-1.0000000000
0.7619047619,-0.0013707184,-0.0046997106,0.0000000000,0.0000000000,0.0000000000,0.0000000000,-1.0000000000
0.7619047619,-0.0011598386,-0.0043515839,0.0000000000,0.0000000000,0.0000000000,0.0000000000,-1.0000000000
0.7619047619,-0.0009814019,-0.0040292443,0.0000000000,0.0000000000,0.0000000000,0.0000000000,-1.0000000000
0.7619047619,-0.0008304170,-0.0037307818,0.0000000000,0.0000000000,0.0000000000,0.0000000000,-1.0000000000
0.7619047619,-0.0116001233,-0.0143218820,0.0110253583,0.0110253583,0.0110253583,0.0110253583,-1.0000000000
0.6938775510,-0.0098154890,-0.0132610019,0.0000000000,0.0000000000,0.0000000000,0.0000000000,-1.0000000000
0.6938775510,-0.0083054138,-0.0122787054,0.0000000000,0.0000000000,0.0000000000,0.0000000000,-1.0000000000
0.6800000000,-0.0070276578,-0.0113691717,0.0000000000,0.0000000000,0.0000000000,0.0000000000,-1.0000000000
0.6800000000,-0.0059464797,-0.0105270108,0.0000000000,0.0000000000,0.0000000000,0.0000000000,-1.0000000000
0.5555555556,0.0048303846,0.0000680485,-0.0098146129,-0.0098146129,-0.0098146129,-0.0098146129,-1.0000000000
0.5405405405,0.0040872485,0.0000630078,0.0000000000,0.0000000000,0.0000000000,0.0000000000,-1.0000000000
0.5405405405,-0.0031288135,-0.0065065938,0.0066079295,0.0066079295,0.0066079295,0.0066079295,-1.0000000000
0.4848484848,-0.0113012757,-0.0146491391,0.0087527352,0.0087527352,0.0087527352,0.0087527352,-0.9107970854
0.4705882353,-0.0095626179,-0.0135640177,0.0000000000,0.0000000000,0.0000000000,0.0000000000,-1.0000000000
0.4705882353,-0.0080914459,-0.0125592756,0.0000000000,0.0000000000,0.0000000000,0.0000000000,-1.0000000000
0.4705882353,-0.0068466081,-0.0116289589,0.0000000000,0.0000000000,0.0000000000,0.0000000000,-1.0000000000
0.4705882353,-0.0057932838,-0.0107675545,0.0000000000,0.0000000000,0.0000000000,0.0000000000,-1.0000000000
0.4705882353,-0.0124000566,-0.0174298183,0.0075921909,0.0075921909,0.0075921909,0.0075921909,-1.0000000000
0.4375000000,-0.0104923556,-0.0161387206,0.0000000000,0.0000000000,0.0000000000,0.0000000000,-1.0000000000
0.4375000000,-0.0088781471,-0.0149432599,0.0000000000,0.0000000000,0.0000000000,0.0000000000,-1.0000000000
0.4375000000,-0.0075122783,-0.0138363517,0.0000000000,0.0000000000,0.0000000000,0.0000000000,-1.0000000000
0.4375000000,0.0011873876,-0.0053165128,-0.0118406889,-0.0075349839,-0.0118406889,-0.0075349839,-1.0000000000
0.4666666667,0.0010047126,-0.0049226970,0.0043572985,0.0000000000,0.0043572985,0.0000000000,-1.0000000000
0.5000000000,0.0151637298,0.0096781907,-0.0173535792,-0.0140997831,-0.0249457701,-0.0140997831,-1.0000000000
0.4117647059,0.0240970424,0.0201844388,-0.0066225166,-0.0099009901,0.0000000000,-0.0110011001,-0.7198559349
0.4285714286,0.0238062888,0.0221000853,-0.0044444444,-0.0044444444,-0.0033370412,-0.0033370412,-0.0570150922
0.4590163934,0.0111159618,0.0114323955,0.0066964286,0.0089285714,0.0055803571,0.0089285714,2.5848646513
0.4761904762,0.0116439642,0.0128263176,0.0000000000,-0.0022123894,0.0011098779,-0.0022123894,-0.9710081023
0.5172413793,0.0234685750,0.0255194949,-0.0133037694,-0.0133037694,-0.0133037694,-0.0133037694,4.1330798479
0.4891304348,0.0130286186,0.0167745023,0.0067415730,0.0067415730,0.0067415730,0.0067415730,-0.1303703704
0.4719101124,0.0110242157,0.0155319466,0.0000000000,0.0000000000,0.0000000000,0.0000000000,-1.0000000000
0.4719101124,0.0093281825,0.0143814321,0.0000000000,0.0000000000,0.0000000000,0.0000000000,-1.0000000000
0.4719101124,-0.0087023080,-0.0033685377,0.0167410714,0.0167410714,0.0167410714,0.0167410714,-1.0000000000
0.5523809524,-0.0073634913,-0.0031190164,0.0000000000,0.0000000000,0.0000000000,0.0000000000,-1.0000000000
0.5523809524,0.0092796890,0.0126745283,-0.0120746432,-0.0120746432,-0.0153677278,-0.0153677278,-1.0000000000
0.5178571429,0.0078520445,0.0117356744,-0.0033333333,-0.0033333333,0.0000000000,0.0000000000,-1.0000000000
0.5178571429,0.0066440377,0.0108663652,0.0000000000,0.0000000000,0.0000000000,0.0000000000,-1.0000000000
0.5410447761,-0.0065607659,-0.0021749780,0.0122630992,0.0122630992,0.0122630992,0.0122630992,-1.0000000000
0.5633802817,-0.0055514173,-0.0020138685,0.0000000000,0.0000000000,0.0000000000,0.0000000000,-1.0000000000
0.5172413793,-0.0144658632,-0.0116610047,0.0099118943,0.0099118943,0.0099118943,0.0099118943,-1.0000000000
0.5234042553,-0.0122403458,-0.0107972266,0.0000000000,0.0000000000,0.0000000000,0.0000000000,-1.0000000000
0.4408602151,-0.0125109541,-0.0121519534,0.0021810251,0.0021810251,0.0021810251,0.0021810251,-1.0000000000
0.3805309735,0.0036106950,0.0029355274,-0.0087051143,-0.0087051143,-0.0141458107,-0.0141458107,14.3742857143
0.4065934066,0.0097422381,0.0094028681,-0.0120746432,-0.0120746432,-0.0066225166,-0.0066225166,-0.9633897045
0.4567901235,0.0082434323,0.0087063594,0.0000000000,0.0000000000,0.0000000000,0.0000000000,-1.0000000000
0.4567901235,0.0014118129,0.0024920436,0.0055555556,0.0055555556,0.0055555556,0.0055555556,-1.0000000000
0.3802816901,0.0011946110,0.0023074478,0.0000000000,0.0000000000,0.0000000000,0.0000000000,-1.0000000000
0.3802816901,0.0010108247,0.0021365257,0.0000000000,0.0000000000,0.0000000000,0.0000000000,-1.0000000000
0.4153846154,0.0131700877,0.0143068562,0.0154696133,0.0154696133,-0.0121546961,-0.0121546961,-1.0000000000
0.4029850746,0.0249009805,0.0270327637,-0.0272034820,-0.0261153428,-0.0134228188,-0.0134228188,-0.9030838992
0.3913043478,0.0210700604,0.0250303368,-0.0134228188,-0.0145251397,0.0000000000,0.0000000000,-1.0000000000
0.3368421053,0.0178285127,0.0231762378,0.0000000000,0.0000000000,0.0000000000,0.0000000000,-1.0000000000
0.3368421053,0.0150856646,0.0214594794,0.0000000000,0.0000000000,0.0000000000,0.0000000000,-1.0000000000
0.2500000000,0.0104734700,0.0175624904,0.0000000000,0.0022675737,0.0000000000,0.0022675737,-1.0000000000
0.2222222222,0.0088621670,0.0162615652,0.0022675737,0.0000000000,0.0022675737,0.0000000000,-1.0000000000
0.2500000000,0.0074987567,0.0150570048,0.0000000000,0.0000000000,0.0000000000,0.0000000000,-1.0000000000
0.2658227848,0.0052079887,0.0127959743,0.0011312217,0.0011312217,0.0011312217,0.0011312217,-1.0000000000
0.1882352941,0.0044067596,0.0118481244,0.0000000000,0.0000000000,0.0000000000,0.0000000000,-1.0000000000
0.1882352941,0.0037287966,0.0109704855,0.0000000000,0.0000000000,0.0000000000,0.0000000000,-1.0000000000
0.1153846154,0.0031551356,0.0101578570,0.0000000000,0.0000000000,0.0000000000,0.0000000000,-1.0000000000
0.1153846154,0.0095138921,0.0162955625,0.0011299435,0.0011299435,-0.0067796610,-0.0067796610,-1.0000000000
0.1343283582,0.0080502164,0.0150884838,-0.0079006772,-0.0079006772,0.0000000000,0.0000000000,-1.0000000000
0.1428571429,0.0068117216,0.0139708184,0.0000000000,0.0000000000,0.0000000000,0.0000000000,-1.0000000000
0.2000000000,0.0023427992,0.0094905826,0.0034129693,0.0034129693,0.0034129693,0.0034129693,-1.0000000000
0.2500000000,0.0019823686,0.0087875765,0.0000000000,0.0000000000,0.0000000000,0.0000000000,-1.0000000000
0.2500000000,-0.0062098347,0.0001985610,0.0079365079,0.0079365079,0.0079365079,0.0079365079,-1.0000000000
0.3513513514,-0.0052544756,0.0001838528,0.0000000000,0.0000000000,0.0000000000,0.0000000000,-1.0000000000
0.3793103448,-0.0044460947,0.0001702341,0.0000000000,0.0000000000,0.0000000000,0.0000000000,-1.0000000000
0.3793103448,0.0030073735,0.0069537122,-0.0044994376,-0.0044994376,-0.0067491564,-0.0067491564,-1.0000000000
0.3793103448,0.0025447006,0.0064386224,-0.0022598870,-0.0022598870,0.0000000000,0.0000000000,-1.0000000000
0.4545454545,0.0021532082,0.0059616874,0.0000000000,0.0000000000,0.0000000000,0.0000000000,-1.0000000000
0.4545454545,0.0029577980,0.0066601264,-0.0011325028,-0.0011325028,-0.0011325028,-0.0011325028,-1.0000000000
0.5357142857,0.0025027521,0.0061667837,0.0000000000,0.0000000000,0.0000000000,0.0000000000,-1.0000000000
0.5357142857,0.0021177133,0.0057099849,0.0000000000,0.0000000000,0.0000000000,0.0000000000,-1.0000000000
0.5882352941,0.0017919113,0.0052870231,0.0000000000,0.0000000000,0.0000000000,0.0000000000,-1.0000000000
0.5882352941,0.0106834293,0.0140935189,-0.0090702948,-0.0090702948,-0.0090702948,-0.0090702948,-1.0000000000
0.5000000000,0.0136790883,0.0177072536,-0.0034324943,-0.0034324943,-0.0045766590,-0.0045766590,-0.7236350037
0.5957446809,0.0057941868,0.0105876303,0.0045924225,0.0045924225,0.0057471264,0.0057471264,-0.4803788904
0.5581395349,0.0049027735,0.0098033614,0.0000000000,0.0000000000,0.0000000000,0.0000000000,-1.0000000000
0.5128205128,0.0041485006,0.0090771865,0.0000000000,0.0000000000,0.0000000000,0.0000000000,-1.0000000000
0.5128205128,0.0035102698,0.0084048023,0.0000000000,0.0000000000,0.0000000000,0.0000000000,-1.0000000000
0.5128205128,0.0075762913,0.0124103861,-0.0045714286,-0.0045714286,-0.0045714286,-0.0045714286,-1.0000000000
0.5405405405,0.0029562090,0.0080191608,0.0034443169,0.0034443169,0.0034443169,0.0034443169,-0.6987369985
0.4848484848,-0.0020657969,0.0028355127,0.0034324943,0.0045766590,0.0034324943,0.0045766590,1.1085080148
0.4848484848,-0.0051472511,-0.0007886869,0.0045610034,0.0034168565,0.0045610034,0.0034168565,-0.1742690058
0.4128440367,-0.0043553663,-0.0007302657,0.0000000000,0.0000000000,0.0000000000,0.0000000000,-1.0000000000
0.4128440367,0.0020014177,0.0050277312,-0.0056753689,-0.0056753689,-0.0056753689,-0.0056753689,-1.0000000000
0.4166666667,0.0016935073,0.0046553067,0.0000000000,0.0000000000,0.0000000000,0.0000000000,-1.0000000000
0.4166666667,0.0014329677,0.0043104691,0.0000000000,0.0000000000,0.0000000000,0.0000000000,-1.0000000000
0.4639175258,0.0012125111,0.0039911751,0.0000000000,0.0000000000,0.0000000000,0.0000000000,-1.0000000000
0.4545454545,-0.0180305145,-0.0154117732,0.0091324201,0.0194063927,0.0091324201,0.0194063927,-1.0000000000
0.6000000000,-0.0119372294,-0.0109474756,0.0067873303,-0.0033594625,0.0067873303,-0.0033594625,-0.9321959774
0.6279069767,-0.0232701241,-0.0233054665,0.0000000000,0.0134831461,-0.0011235955,0.0134831461,34.9977197212
0.6610169492,-0.0131255298,-0.0150272102,0.0067415730,-0.0044345898,0.0022497188,-0.0066518847,-0.8688991890
0.6341463415,-0.0230994167,-0.0258732292,0.0000000000,0.0100222717,0.0011223345,0.0122767857,-0.6018057070
0.6410256410,-0.0119199043,-0.0163652457,0.0055803571,-0.0066152150,0.0089686099,-0.0077177508,-0.7495492997
0.6416382253,-0.0337065787,-0.0386526082,0.0155382908,0.0233074362,0.0166666667,0.0244444444,0.5139811739
0.7123287671,-0.0178687687,-0.0252169680,0.0142076503,0.0065075922,-0.0032786885,-0.0108459870,-0.1153881320
0.7142857143,-0.0151197273,-0.0233490444,-0.0172413793,-0.0172413793,0.0000000000,0.0000000000,-1.0000000000
0.7142857143,-0.0127936154,-0.0216194856,0.0000000000,0.0000000000,0.0000000000,0.0000000000,-1.0000000000
0.7045454545,-0.0183598853,-0.0274825402,0.0032894737,0.0076754386,0.0021929825,0.0076754386,-1.0000000000
0.6798029557,-0.0198016569,-0.0296702124,0.0087431694,0.0043525571,0.0098468271,0.0043525571,-0.8091168091
0.6517857143,-0.0103218037,-0.0211090977,-0.0021668472,-0.0021668472,-0.0065005417,-0.0065005417,76.9328358209
0.6552962298,-0.0054802251,-0.0163273387,-0.0086862106,-0.0076004343,-0.0043620502,-0.0032715376,-0.8193047975
0.6575342466,-0.0046371135,-0.0151179062,0.0010952903,0.0000000000,0.0010952903,0.0000000000,-1.0000000000
0.6363636364,-0.0028327188,-0.0129181030,-0.0010940919,-0.0010940919,-0.0010940919,-0.0010940919,-1.0000000000
0.6666666667,-0.0002067884,-0.0097920763,-0.0021905805,-0.0021905805,-0.0021905805,-0.0021905805,-0.6700000000
0.6947368421,-0.0001749748,-0.0090667373,0.0000000000,0.0000000000,0.0000000000,0.0000000000,-1.0000000000
0.6947368421,-0.0001480556,-0.0083951272,0.0000000000,0.0000000000,0.0000000000,0.0000000000,-1.0000000000
0.7142857143,-0.0001252778,-0.0077732659,-0.0043907794,0.0000000000,-0.0043907794,0.0000000000,-1.0000000000
0.5555555556,0.0009927803,-0.0061064766,0.0022050717,-0.0010976948,0.0022050717,-0.0010976948,-0.5708167635
0.6790123457,0.0008400449,-0.0056541450,0.0011001100,0.0000000000,0.0011001100,0.0000000000,-1.0000000000
0.6790123457,-0.0047575579,-0.0106711920,0.0000000000,0.0054945055,0.0000000000,0.0054945055,-1.0000000000
0.6722689076,-0.0040256259,-0.0098807334,0.0054945055,0.0000000000,0.0054945055,0.0000000000,-1.0000000000
0.6338028169,-0.0088225689,-0.0145338879,0.0120218579,0.0120218579,0.0054644809,0.0054644809,-1.0000000000
0.6578947368,-0.0074652506,-0.0134573036,-0.0064794816,-0.0064794816,0.0000000000,0.0000000000,-1.0000000000
0.7407407407,-0.0063167505,-0.0124604663,0.0000000000,0.0000000000,0.0000000000,0.0000000000,-1.0000000000
0.7894736842,-0.0053449428,-0.0115374688,0.0000000000,0.0000000000,0.0000000000,0.0000000000,-1.0000000000
0.7894736842,-0.0045226439,-0.0106828415,0.0000000000,0.0000000000,0.0000000000,0.0000000000,-1.0000000000
0.7692307692,-0.0059877487,-0.0120392606,0.0021739130,0.0021739130,0.0021739130,0.0021739130,-1.0000000000
0.8000000000,-0.0050665566,-0.0111474636,0.0000000000,0.0000000000,0.0000000000,0.0000000000,-1.0000000000
0.8000000000,-0.0053658652,-0.0113939663,0.0000000000,0.0010845987,0.0000000000,0.0010845987,-1.0000000000
0.7647058824,-0.0109695810,-0.0169403888,0.0075921909,0.0065005417,0.0065075922,0.0065005417,3.2981507824
0.7916666667,-0.0006763675,-0.0071355825,-0.0086114101,-0.0086114101,-0.0129310345,-0.0086114101,-0.7138271115
0.3220338983,0.0016027221,-0.0044451210,0.0010857763,0.0010857763,0.0032751092,-0.0021715527,-0.6922632127
0.4318181818,0.0013561495,-0.0041158528,-0.0032537961,-0.0032537961,0.0000000000,0.0000000000,-1.0000000000
0.4117647059,-0.0117566459,-0.0166512200,0.0108813928,0.0130576714,0.0108813928,0.0130576714,-1.0000000000
0.5098039216,-0.0099479311,-0.0154177963,0.0021528525,0.0000000000,0.0021528525,0.0000000000,-1.0000000000
0.5121951220,-0.0084174802,-0.0142757373,0.0000000000,0.0000000000,0.0000000000,0.0000000000,-1.0000000000
0.5121951220,-0.0071224832,-0.0132182753,0.0000000000,0.0000000000,0.0000000000,0.0000000000,-1.0000000000
0.5121951220,-0.0060267166,-0.0122391438,0.0000000000,0.0000000000,0.0000000000,0.0000000000,-1.0000000000
0.5121951220,-0.0050995294,-0.0113325406,0.0000000000,0.0000000000,0.0000000000,0.0000000000,-1.0000000000
0.5121951220,-0.0043149864,-0.0104930931,0.0000000000,0.0000000000,0.0000000000,0.0000000000,-1.0000000000
0.5588235294,-0.0036511424,-0.0097158270,0.0000000000,0.0000000000,0.0000000000,0.0000000000,-1.0000000000
0.5588235294,-0.0052264283,-0.0111204745,-0.0021482277,0.0042964554,-0.0021482277,0.0021482277,-1.0000000000
0.5714285714,-0.0044223624,-0.0102967356,0.0043057051,-0.0021390374,0.0043057051,0.0000000000,-1.0000000000
0.5833333333,-0.0037419990,-0.0095340145,0.0000000000,0.0000000000,0.0000000000,0.0000000000,-1.0000000000
0.7777777778,-0.0031663068,-0.0088277912,0.0000000000,0.0000000000,0.0000000000,0.0000000000,-1.0000000000
0.9900990099,-0.0026791827,-0.0081738807,0.0000000000,0.0000000000,0.0000000000,0.0000000000,-1.0000000000
0.9900990099,-0.0159779193,-0.0212064743,0.0150053591,0.0150053591,0.0139335477,0.0139335477,-1.0000000000
0.9900990099,-0.0135197779,-0.0196356244,-0.0010559662,-0.0010559662,0.0000000000,0.0000000000,-1.0000000000
0.9900990099,-0.0114398121,-0.0181811337,0.0000000000,0.0000000000,0.0000000000,0.0000000000,-1.0000000000
0.9900990099,-0.0075817051,-0.0147514050,-0.0042283298,-0.0021141649,-0.0042283298,-0.0021141649,11.2769679300
0.7894736842,-0.0064152889,-0.0136587084,0.0021231423,0.0000000000,0.0021231423,0.0000000000,-0.7226312040
0.7894736842,-0.0054283214,-0.0126469522,0.0000000000,0.0000000000,0.0000000000,0.0000000000,-1.0000000000
0.7894736842,-0.0003574214,-0.0075046522,-0.0042372881,-0.0042372881,-0.0042372881,-0.0042372881,-1.0000000000
0.7142857143,-0.0003024335,-0.0069487520,0.0000000000,0.0000000000,0.0000000000,0.0000000000,-1.0000000000
0.7142857143,-0.0002559052,-0.0064340296,0.0000000000,0.0000000000,0.0000000000,0.0000000000,-1.0000000000
0.8125000000,0.0051299004,-0.0006416992,-0.0053191489,-0.0053191489,-0.0063829787,-0.0053191489,-1.0000000000
0.7800000000,0.0064936125,0.0015481831,-0.0021390374,-0.0021390374,-0.0010706638,-0.0021390374,-0.8092471557
0.8000000000,0.0033438046,-0.0007086009,0.0021436227,0.0021436227,0.0021436227,0.0021436227,-0.5025380711
0.6976744186,0.0028293731,-0.0006561119,0.0000000000,0.0000000000,0.0000000000,0.0000000000,-1.0000000000
0.6976744186,0.0023940850,-0.0006075110,0.0000000000,0.0000000000,0.0000000000,0.0000000000,-1.0000000000
0.3809523810,0.0020257642,-0.0005625102,0.0000000000,0.0000000000,0.0000000000,0.0000000000,-1.0000000000
0.3809523810,0.0017141082,-0.0005208428,0.0000000000,0.0000000000,0.0000000000,0.0000000000,-1.0000000000
0.3809523810,0.0014503992,-0.0004822618,0.0000000000,0.0000000000,0.0000000000,0.0000000000,-1.0000000000
0.3529411765,0.0012272609,-0.0004465387,0.0000000000,0.0000000000,0.0000000000,0.0000000000,-1.0000000000
0.3529411765,0.0010384515,-0.0004134618,0.0000000000,0.0000000000,0.0000000000,0.0000000000,-1.0000000000
0.3529411765,0.0008786897,-0.0003828350,0.0000000000,0.0000000000,0.0000000000,0.0000000000,-1.0000000000
0.3636363636,0.0007435067,-0.0003544768,0.0000000000,0.0000000000,0.0000000000,0.0000000000,-1.0000000000
0.3636363636,0.0006291211,-0.0003282193,0.0000000000,0.0000000000,0.0000000000,0.0000000000,-1.0000000000
0.3636363636,0.0005323332,-0.0003039068,0.0000000000,0.0000000000,0.0000000000,0.0000000000,-1.0000000000
0.5000000000,-0.0143085801,-0.0150296148,0.0160427807,0.0160427807,0.0149732620,0.0149732620,-1.0000000000
0.9900990099,-0.0121072601,-0.0139163100,-0.0010526316,-0.0010526316,0.0000000000,0.0000000000,-0.9499079674
0.9900990099,-0.0102446047,-0.0128854722,0.0000000000,0.0000000000,0.0000000000,0.0000000000,-1.0000000000
0.9900990099,-0.0086685117,-0.0119309928,0.0000000000,0.0000000000,0.0000000000,0.0000000000,-1.0000000000
0.9900990099,-0.0258126317,-0.0294558506,0.0168598525,0.0189673340,0.0168598525,0.0189673340,-1.0000000000
0.9900990099,-0.0218414576,-0.0272739358,0.0020725389,0.0000000000,0.0020725389,0.0000000000,-1.0000000000
0.9900990099,-0.0082250289,-0.0150682069,-0.0134436401,-0.0103412616,-0.0186142709,-0.0103412616,-1.0000000000
0.6153846154,0.0024679585,-0.0045908286,0.0052410901,0.0020898642,-0.0010537408,-0.0094043887,-0.9682601454
0.6274509804,0.0116929525,0.0052931551,-0.0218978102,-0.0177267987,-0.0126582278,-0.0094936709,1.6488474743
0.6315789474,0.0098940367,0.0049010695,0.0010660981,-0.0031847134,0.0032051282,0.0000000000,-1.0000000000
0.6315789474,0.0083718772,0.0045380274,0.0000000000,0.0000000000,0.0000000000,0.0000000000,-1.0000000000
0.6315789474,0.0028120662,-0.0000577278,0.0042598509,0.0042598509,0.0042598509,0.0042598509,-1.0000000000
0.5625000000,0.0087980924,0.0063496212,-0.0063626723,-0.0063626723,-0.0106044539,-0.0063626723,-0.0748921046
0.5853658537,0.0074445397,0.0058792789,0.0000000000,0.0000000000,0.0042872454,0.0000000000,-1.0000000000
0.5641025641,0.0062992259,0.0054437768,0.0000000000,0.0000000000,0.0000000000,0.0000000000,-1.0000000000
0.5641025641,0.0053301142,0.0050405340,0.0000000000,0.0000000000,0.0000000000,0.0000000000,-1.0000000000
0.5641025641,-0.0092358310,-0.0090809158,0.0138740662,0.0138740662,0.0138740662,0.0138740662,-1.0000000000
0.5785123967,-0.0078149339,-0.0084082554,0.0000000000,0.0000000000,0.0000000000,0.0000000000,-1.0000000000
0.5000000000,-0.0076572077,-0.0088287598,0.0010526316,0.0010526316,0.0010526316,0.0010526316,-1.0000000000
0.4137931034,-0.0064791758,-0.0081747776,0.0000000000,0.0000000000,0.0000000000,0.0000000000,-1.0000000000
0.4285714286,-0.0054823795,-0.0075692385,0.0000000000,0.0000000000,0.0000000000,0.0000000000,-1.0000000000
0.4444444444,-0.0004346659,-0.0028142925,-0.0042060988,-0.0042060988,-0.0042060988,-0.0042060988,-1.0000000000
0.5454545455,-0.0014222586,-0.0036579300,0.0031678986,0.0031678986,0.0010559662,0.0010559662,-0.4237684286
0.4871794872,-0.0033061792,-0.0054851049,-0.0031578947,0.0000000000,-0.0010548523,0.0021097046,3.0446177847
0.4565217391,-0.0048924994,-0.0071689714,0.0052798310,0.0021052632,0.0052798310,0.0021052632,0.3970531513
0.4318181818,-0.0062275644,-0.0087204565,0.0021008403,0.0021008403,0.0021008403,0.0021008403,-0.9408061844
0.4666666667,-0.0052694775,-0.0080744968,0.0000000000,0.0000000000,0.0000000000,0.0000000000,-1.0000000000
0.4666666667,-0.0106809213,-0.0136796585,0.0062893082,0.0062893082,0.0062893082,0.0062893082,-1.0000000000
0.4909090909,-0.0131495794,-0.0167631706,0.0062500000,0.0062500000,-0.0010416667,0.0041666667,6.5038461538
0.4920634921,-0.0111265672,-0.0155214542,-0.0031055901,0.0031055901,0.0041710115,0.0000000000,-0.4084059457
0.3913043478,-0.0104413008,-0.0153930934,0.0041536864,-0.0020639835,0.0020768432,0.0010373444,-0.7229249697
0.3725490196,-0.0108849262,-0.0162916380,0.0000000000,0.0000000000,0.0020725389,0.0020725389,-0.7054409006
0.3846153846,-0.0102338652,-0.0161023244,0.0031023785,0.0031023785,0.0010341262,0.0010341262,26.9978768577
0.3684210526,-0.0035122771,-0.0097948636,-0.0072164948,-0.0072164948,-0.0051652893,-0.0051652893,-0.7123682414
0.3414634146,-0.0008969464,-0.0070070275,-0.0041536864,-0.0020768432,-0.0041536864,-0.0020768432,-0.6353809649
0.4000000000,-0.0007589547,-0.0064879884,0.0020855057,0.0000000000,0.0020855057,0.0000000000,-1.0000000000
0.4166666667,-0.0006421924,-0.0060073967,0.0000000000,0.0000000000,0.0000000000,0.0000000000,-1.0000000000
0.4235294118,-0.0036537357,-0.0086571271,0.0041623309,0.0041623309,0.0031217482,0.0031217482,-1.0000000000
0.4367816092,-0.0030916225,-0.0080158585,-0.0010362694,-0.0010362694,0.0000000000,0.0000000000,-1.0000000000
0.4473684211,-0.0026159883,-0.0074220912,0.0000000000,0.0000000000,0.0000000000,0.0000000000,-1.0000000000
0.4473684211,0.0061361490,0.0014383854,-0.0082987552,-0.0082987552,-0.0082987552,-0.0082987552,-1.0000000000
0.3055555556,0.0020476252,-0.0018005866,0.0031380753,0.0031380753,0.0031380753,0.0031380753,-0.1300000000
0.2857142857,0.0059283446,0.0025142887,-0.0041710115,-0.0041710115,-0.0041710115,-0.0041710115,-0.5977011494
0.2962962963,0.0039650193,0.0012795848,0.0031413613,0.0031413613,0.0010471204,0.0010471204,20.6047619048
0.2962962963,0.0033550163,0.0011848008,-0.0020876827,-0.0020876827,0.0000000000,0.0000000000,-0.8373374477
0.2962962963,0.0028388600,0.0010970378,0.0000000000,0.0000000000,0.0000000000,0.0000000000,-1.0000000000
0.3294117647,0.0194642759,0.0180543421,0.0010460251,0.0010460251,-0.0345188285,-0.0167364017,-1.0000000000
0.2372881356,0.0164697719,0.0167169834,-0.0177638454,-0.0177638454,0.0184182015,0.0000000000,-1.0000000000
0.2000000000,0.0182690205,0.0198183409,-0.0053191489,-0.0010638298,-0.0053191489,-0.0042553191,-1.0000000000
0.2258064516,0.0154584020,0.0183503156,0.0010695187,-0.0031948882,0.0010695187,0.0000000000,-1.0000000000
0.2258064516,0.0240205771,0.0279736575,-0.0042735043,-0.0042735043,-0.0106837607,-0.0106837607,-1.0000000000
0.1923076923,0.0159366086,0.0214890550,-0.0010729614,-0.0010729614,0.0043196544,0.0043196544,0.6064605082
0.2409638554,0.0080651177,0.0144432771,0.0000000000,0.0042964554,0.0010752688,0.0053763441,0.0541319274
0.2789699571,0.0122373644,0.0188216488,0.0010741139,0.0000000000,-0.0042964554,-0.0053475936,6.7401570224
0.2941176471,0.0224481659,0.0296055831,-0.0042918455,-0.0074866310,-0.0129449838,-0.0118279570,0.6561326000
0.2857142857,0.0156790013,0.0240695860,-0.0096982759,-0.0043103448,0.0043715847,0.0032644178,-0.9333221425
0.2610441767,0.0391902482,0.0484408172,-0.0097932535,-0.0151515152,-0.0435255713,-0.0249457701,4.4304279785
0.2580645161,0.0240482032,0.0356367090,-0.0098901099,-0.0032967033,0.0250284414,0.0088987764,-0.9877084612
0.3030303030,0.0282845234,0.0410313735,-0.0033296337,-0.0077177508,-0.0033296337,-0.0077177508,15.1406727829
0.3153153153,0.0160305981,0.0299810488,0.0055679287,0.0077777778,0.0055679287,0.0077777778,-0.4448654793
0.3506493506,0.0237225695,0.0380607227,0.0011074197,-0.0033076075,-0.0099667774,-0.0099228225,-0.5569965870
0.3539325843,0.0088386599,0.0238400728,0.0055309735,0.0055309735,0.0156599553,0.0111358575,2.9324601952
0.3627450980,0.0108185751,0.0254622325,-0.0044004400,-0.0044004400,-0.0033039648,-0.0033039648,-0.9004114151
0.3883058471,0.0047134564,0.0190719558,0.0044198895,0.0044198895,0.0044198895,0.0044198895,-0.8622950820
0.3773006135,0.0039883093,0.0176592183,0.0000000000,0.0000000000,0.0000000000,0.0000000000,-1.0000000000
0.3894736842,0.0033747232,0.0163511281,0.0000000000,0.0000000000,0.0000000000,0.0000000000,-1.0000000000
0.3983402490,0.0039600015,0.0162579289,0.0000000000,0.0022002200,-0.0011001100,-0.0011001100,-1.0000000000
0.4155844156,0.0033507705,0.0150536379,-0.0011001100,-0.0032930845,0.0000000000,0.0000000000,-1.0000000000
0.4266666667,0.0028352673,0.0139385536,0.0000000000,0.0000000000,0.0000000000,0.0000000000,-1.0000000000
0.4574132492,0.0023990724,0.0129060682,0.0000000000,0.0000000000,0.0000000000,0.0000000000,-1.0000000000
0.5918367347,-0.0023648840,0.0075116856,0.0044052863,0.0044052863,0.0044052863,0.0044052863,-1.0000000000
0.5555555556,-0.0020010557,0.0069552645,0.0000000000,0.0000000000,0.0000000000,0.0000000000,-1.0000000000
0.5905511811,0.0027046263,0.0108737164,-0.0010964912,-0.0010964912,-0.0043859649,-0.0043859649,-1.0000000000
0.5853658537,0.0056110334,0.0134165484,-0.0065861690,-0.0065861690,-0.0033039648,-0.0033039648,-0.9861788618
0.6857142857,0.0047477975,0.0124227300,0.0000000000,0.0000000000,0.0000000000,0.0000000000,-1.0000000000
0.5925925926,0.0040173671,0.0115025278,-0.0055248619,0.0000000000,-0.0099447514,0.0000000000,-1.0000000000
0.6000000000,0.0045092656,0.0117684649,0.0033333333,0.0022099448,0.0066964286,-0.0011049724,1.2968005446
0.6400000000,0.0161805614,0.0233489821,-0.0011074197,-0.0055126792,-0.0221729490,-0.0121681416,1.6779786603
0.5000000000,0.0205482312,0.0285300441,-0.0077605322,-0.0077605322,0.0034013605,-0.0067189250,-0.6432405512
0.4800000000,0.0173869649,0.0264167075,-0.0089385475,-0.0089385475,0.0022598870,0.0000000000,-1.0000000000
0.4444444444,0.0181556401,0.0279365882,-0.0033821871,-0.0033821871,-0.0033821871,-0.0033821871,-1.0000000000
0.4615384615,0.0165123656,0.0270290088,-0.0011312217,-0.0011312217,-0.0011312217,-0.0011312217,-0.6186844614
0.4912280702,0.0139720017,0.0250268600,0.0000000000,0.0000000000,0.0000000000,0.0000000000,-1.0000000000
0.4912280702,0.0118224629,0.0231730186,0.0000000000,0.0000000000,0.0000000000,0.0000000000,-1.0000000000
0.0000000000,0.0054489275,0.0168501559,0.0045300113,0.0045300113,0.0045300113,0.0045300113,-1.0000000000
0.4912280702,-0.0054803241,0.0054006369,0.0067643743,0.0112739572,0.0067643743,0.0101465614,4.6341145833
0.6093750000,-0.0046371973,0.0050005897,0.0033594625,-0.0011148272,0.0033594625,0.0000000000,3.1562283337
0.5963302752,-0.0039237823,0.0046301757,0.0000000000,0.0000000000,0.0000000000,0.0000000000,-0.5469750890
0.5963302752,-0.0033201235,0.0042871997,0.0000000000,0.0000000000,0.0000000000,0.0000000000,-0.9967105263
0.5963302752,-0.0028093353,0.0039696294,0.0000000000,0.0000000000,0.0000000000,0.0000000000,-1.0000000000
