0.5690072639,-0.0395851601,-0.0127576055,0.0120603015,0.0078817734,0.0131180626,0.0129224652,-0.3337263499
0.5227882038,-0.0268098251,-0.0049773093,0.0109235353,0.0097751711,0.0049800797,-0.0068694799,-0.4739239211
0.5227882038,-0.0331939975,-0.0153117529,-0.0049115914,-0.0029041626,0.0009910803,0.0108695652,-0.2126821387
0.5259653795,-0.0175229594,-0.0034620875,0.0078973346,0.0009708738,-0.0009900990,-0.0107526882,0.6482315767
0.5749636099,-0.0629746663,-0.0519211506,-0.0088148874,0.0339476237,0.0019821606,0.0513833992,0.4844182233
0.5645161290,-0.0461141823,-0.0408635875,0.0503952569,0.0093808630,0.0356083086,-0.0075187970,-0.0706537263
0.6047516199,-0.0426460335,-0.0414674601,-0.0075258702,-0.0120817844,0.0038204394,0.0037878788,-0.4869092787
0.5335598980,-0.0342629599,-0.0365780191,0.0037914692,-0.0028222013,-0.0009514748,-0.0018867925,-0.4701631702
0.5393053016,-0.0371820581,-0.0420177238,-0.0037771483,0.0075471698,-0.0009523810,0.0085066163,0.3991736288
0.5125725338,-0.0475296572,-0.0548497280,0.0123222749,0.0168539326,0.0114394662,0.0168697282,0.6013625472
0.5495978552,-0.0446200747,-0.0551409743,0.0149812734,0.0064456722,0.0160226202,0.0046082949,0.4104054945
0.5495978552,-0.0350997591,-0.0484374782,0.0036900369,-0.0018298262,-0.0037105751,-0.0027522936,-0.4377815530
0.7126303592,-0.0077927361,-0.0232845013,-0.0018382353,-0.0027497709,-0.0195530726,-0.0220791168,0.1208856791
0.6357615894,-0.0103179629,-0.0252277282,-0.0211786372,-0.0183823529,0.0018993352,0.0037629351,0.7302082848
0.6161515454,-0.0031249134,-0.0178360614,0.0009407338,-0.0028089888,-0.0009478673,-0.0056232427,-0.5491886538
0.6204819277,-0.0017032557,-0.0155870555,-0.0028195489,0.0009389671,0.0018975332,-0.0009425071,0.0012215188
0.6611909651,0.0061523865,-0.0069376486,-0.0009425071,-0.0018761726,-0.0094696970,-0.0075471698,0.5377674596
0.6736401674,-0.0004947348,-0.0120583966,-0.0084905660,0.0000000000,-0.0076481836,0.0057034221,0.3675290319
0.5078864353,-0.0198729396,-0.0304103453,0.0066603235,0.0310150376,0.0173410405,0.0198487713,0.9684660817
0.5661971831,-0.0177259203,-0.0290575811,0.0217391304,-0.0072926162,0.0094696970,0.0009267841,-0.3227817223
0.5549132948,-0.0067215351,-0.0187279002,0.0000000000,-0.0018365473,-0.0075046904,-0.0083333333,1.0261938749
0.5182186235,0.0008540772,-0.0108757842,-0.0092506938,-0.0055197792,0.0056710775,-0.0065359477,-0.6301714282
0.5252387449,-0.0076710790,-0.0183734030,-0.0056022409,-0.0009250694,0.0009398496,0.0084586466,-0.2581798946
0.4805970149,-0.0018396532,-0.0124104084,0.0065727700,0.0000000000,0.0000000000,-0.0046598322,0.2897284121
0.5101088647,-0.0034228789,-0.0133387990,-0.0018656716,-0.0037037037,-0.0037558685,0.0018726592,0.0495031985
0.4553706505,-0.0019635378,-0.0114268397,-0.0009345794,-0.0027881041,0.0009425071,-0.0009345794,-0.7246768007
0.5755258126,-0.0044553129,-0.0133493052,0.0009354537,0.0083876980,-0.0009416196,0.0028063611,2.9883864215
0.5697674419,0.0018374188,-0.0068015211,0.0018691589,-0.0064695009,-0.0028275212,-0.0055970149,-0.7351822819
0.5697674419,-0.0012559853,-0.0090863922,-0.0065298507,0.0000000000,0.0000000000,0.0028142589,0.3158680489
0.5172413793,-0.0176044958,-0.0248333446,0.0037558685,0.0120930233,-0.0009451796,0.0168381665,2.0432057780
0.5844155844,-0.0103438758,-0.0184790217,0.0149672591,0.0082720588,0.0179754021,-0.0045998160,-0.5101096620
0.5968586387,-0.0124035139,-0.0207304255,-0.0027649770,-0.0045578851,0.0055762082,0.0036968577,-0.0682991946
0.5095541401,-0.0186281965,-0.0272562507,0.0073937153,0.0091575092,0.0046210721,0.0082872928,0.4673711608
0.5549132948,-0.0121537493,-0.0216634370,0.0036697248,0.0000000000,0.0027598896,-0.0036529680,-0.3397968197
0.5950413223,-0.0093759454,-0.0191597093,-0.0036563071,-0.0063520871,-0.0055045872,-0.0009165903,-0.2196232249
0.6515837104,-0.0097504639,-0.0195394817,0.0000000000,0.0009132420,0.0000000000,0.0018348624,0.0442905335
0.6150000000,-0.0127706733,-0.0225675360,0.0009174312,0.0027372263,0.0055350554,0.0045787546,0.8903963278
0.6284153005,-0.0170780180,-0.0271039545,0.0045829514,0.0109190173,0.0018348624,0.0063810392,-0.1497747182
0.6521739130,-0.0108668147,-0.0215511496,0.0072992701,0.0000000000,0.0064102564,-0.0036231884,-0.0527525380
0.6144578313,0.0008131342,-0.0100553214,-0.0045289855,-0.0099009901,-0.0109190173,-0.0100000000,-0.4805308297
0.5702970297,-0.0111168131,-0.0209973827,-0.0081892630,0.0027272727,-0.0018399264,0.0119375574,0.5226333569
0.6039603960,-0.0012497719,-0.0113678931,0.0100917431,0.0027198549,0.0036866359,-0.0081669691,-0.0631797438
0.5938566553,0.0252057777,0.0154885175,-0.0072661217,-0.0090415913,-0.0376492195,-0.0256175663,1.9757524293
0.4294478528,0.0184590670,0.0114919468,-0.0265324794,-0.0200729927,0.0104961832,0.0028169014,-0.4009738914
0.3926940639,0.0242505353,0.0192297059,0.0037593985,-0.0037243948,-0.0037771483,-0.0084269663,-0.3519887283
0.4080717489,0.0224506575,0.0197311210,-0.0084269663,-0.0009345794,-0.0085308057,-0.0018885741,0.9350373035
0.4137931034,0.0326745184,0.0319376043,-0.0009442871,-0.0093545370,-0.0047801147,-0.0132450331,-0.1835529014
0.3809523810,0.0237216038,0.0256384390,-0.0151228733,-0.0056657224,-0.0009606148,0.0038350911,0.1144072748
0.3400000000,0.0200721263,0.0237392953,0.0076775432,0.0056980057,-0.0105769231,0.0000000000,0.8744497023
0.3678160920,0.0131135679,0.0180912730,-0.0028571429,-0.0009442871,0.0126336249,0.0038204394,-0.5964159272
0.3604651163,0.0082182133,0.0138572001,0.0038204394,-0.0018903592,-0.0076775432,0.0028544244,0.4141407786
0.3292682927,0.0088682338,0.0147562745,0.0028544244,0.0085227273,0.0145067698,-0.0018975332,-0.5315039580
0.3351063830,0.0094229452,0.0155940042,-0.0018975332,-0.0075117371,-0.0152526215,-0.0019011407,0.7145622056
0.3641618497,-0.0263367761,-0.0200912259,-0.0009505703,0.0312204352,0.0154888674,0.0352380952,0.2047805781
0.5196506550,-0.0373403590,-0.0337150786,0.0352045671,0.0174311927,0.0371782650,0.0156393744,-0.2761041206
0.5440000000,-0.0236362009,-0.0232550709,0.0156250000,0.0027051398,0.0055147059,-0.0081521739,-0.2701566983
0.6415094340,-0.0182066324,-0.0197420475,-0.0081447964,-0.0035971223,-0.0036563071,-0.0018264840,-0.1581490141
0.6946564885,-0.0243321251,-0.0271801299,-0.0036496350,-0.0018050542,0.0018348624,0.0091491308,-0.2605064454
0.7075471698,-0.0205887212,-0.0251667870,0.0091575092,0.0018083183,0.0054945055,0.0000000000,-0.2539707220
0.6830601093,-0.0102425679,-0.0161668916,0.0018148820,-0.0009025271,-0.0027322404,-0.0072529465,0.5265484778
0.7309941520,-0.0140691491,-0.0203373586,-0.0081521739,-0.0045167118,-0.0027397260,0.0054794521,0.0860531734
0.7361376673,-0.0064904436,-0.0134546184,0.0063926941,0.0018148820,0.0009157509,-0.0054495913,0.3858496757
0.7264150943,-0.0063993117,-0.0133590220,-0.0063520871,-0.0027173913,-0.0018298262,0.0009132420,0.0359685201
0.7184466019,-0.0035965477,-0.0105639246,0.0009132420,0.0000000000,0.0018331806,-0.0018248175,0.0193879455
0.7622699387,-0.0182981967,-0.0249332712,-0.0027372263,0.0245231608,-0.0027447392,0.0155393053,2.0584437464
0.7521367521,-0.0065410649,-0.0142133955,0.0155535224,-0.0088652482,0.0018348624,-0.0090009001,-0.1262992786
0.7040000000,-0.0258841252,-0.0333538853,-0.0072072072,0.0062611807,0.0082417582,0.0208900999,-0.4282034895
0.6666666667,-0.0296714864,-0.0385814186,0.0199637024,0.0080000000,0.0163487738,0.0080071174,1.0933144549
0.6407766990,-0.0276811847,-0.0382700405,0.0071174377,0.0105820106,0.0098302055,0.0026478376,0.0636865844
0.6377079482,-0.0147495617,-0.0268689280,0.0044169611,-0.0069808028,-0.0035398230,-0.0088028169,-0.7868228592
0.5778894472,-0.0133566358,-0.0257438734,-0.0087950748,-0.0052724077,0.0000000000,0.0008880995,-0.0070395473
0.5434782609,-0.0086628945,-0.0212315024,0.0017746229,-0.0017667845,-0.0053285968,-0.0026619343,-0.0502814925
0.5687203791,-0.0099725635,-0.0222684024,-0.0044286980,0.0026548673,0.0035714286,0.0026690391,-0.1685188470
0.5595026643,-0.0282695565,-0.0402065133,0.0026690391,0.0167696381,0.0008896797,0.0204081633,0.7467899290
0.6172839506,-0.0331683489,-0.0463501214,0.0204081633,0.0112847222,0.0160000000,0.0095652174,0.4433376219
0.6179966044,-0.0272276514,-0.0420917074,0.0104347826,0.0000000000,0.0104986877,-0.0008613264,-0.0025496261
0.6838905775,-0.0145434670,-0.0306170536,-0.0025817556,-0.0025751073,-0.0077922078,-0.0086206897,-0.1241967833
0.6232686981,-0.0088585621,-0.0249576721,-0.0103537532,-0.0086058520,-0.0052356021,-0.0034782609,-0.5180838911
0.6221590909,-0.0031464325,-0.0188281010,-0.0017436792,-0.0034722222,-0.0008771930,-0.0043630017,0.1576703010
0.6547085202,-0.0070137518,-0.0217203665,-0.0043668122,0.0026132404,0.0008779631,0.0043821209,-0.6278848985
0.5882352941,0.0063593806,-0.0079926875,0.0052631579,-0.0026064292,-0.0078947368,-0.0122164049,2.7573227763
0.5331125828,-0.0060337919,-0.0186703236,-0.0122164049,-0.0026132404,-0.0026525199,0.0114840989,-0.2050673664
0.5816023739,-0.0051055163,-0.0172873367,0.0114840989,0.0043668122,0.0097517730,0.0000000000,-0.4413458043
0.6021505376,-0.0043200522,-0.0160067932,0.0000000000,0.0017391304,0.0043898156,0.0000000000,0.3212996816
0.6407766990,-0.0097096059,-0.0208074349,0.0000000000,0.0026041667,-0.0052447552,0.0061135371,0.7444986349
0.6031128405,0.0004688047,-0.0106782813,0.0043668122,-0.0017316017,0.0026362039,-0.0086805556,-0.4154978686
0.6167247387,-0.0013522644,-0.0116182638,-0.0069565217,-0.0017346054,-0.0052585451,0.0017513135,1.2722852675
0.5089285714,-0.0037567497,-0.0133450336,0.0026269702,-0.0008688097,0.0026431718,0.0026223776,-0.7708868122
0.4500000000,-0.0014376158,-0.0106313711,0.0008733624,-0.0017391304,-0.0008787346,-0.0017436792,2.0582348820
0.4444444444,0.0040449267,-0.0046279387,-0.0026178010,-0.0026132404,-0.0061565523,-0.0052401747,1.3093593508
0.4675324675,0.0069589215,-0.0007760011,-0.0043744532,0.0087336245,-0.0106194690,-0.0035118525,-0.2575119670
0.4675324675,0.0175429956,0.0108596081,0.0000000000,-0.0121212121,0.0035778175,-0.0114537445,-0.6989953832
0.4235294118,0.0058790196,0.0011324437,-0.0123022847,-0.0035056968,-0.0017825312,0.0089126560,2.3311367647
0.4615384615,0.0058631267,0.0019336594,0.0062277580,0.0035180299,0.0089285714,-0.0008833922,-0.4556678390
0.5384615385,-0.0012205516,-0.0043717302,0.0000000000,-0.0026292726,0.0000000000,0.0061892131,-0.6848535084
0.4915254237,-0.0010327744,-0.0040478983,0.0053050398,0.0026362039,0.0035398230,0.0000000000,1.6145004856
0.4915254237,-0.0078485884,-0.0107026924,-0.0008795075,0.0070113935,0.0017636684,0.0070298770,-0.2935358413
0.5068493151,-0.0083717037,-0.0116347960,0.0088028169,0.0000000000,-0.0008802817,0.0017452007,0.1286850228
0.4705882353,-0.0105313751,-0.0142077754,0.0008726003,0.0087032202,0.0079295154,0.0034843206,0.0883318393
0.4972375691,-0.0165940228,-0.0208053061,0.0043591979,0.0025884383,-0.0008741259,0.0078125000,0.2688241484
0.5415617128,-0.0106324224,-0.0158735558,0.0078125000,0.0120481928,0.0096237970,-0.0034453058,0.0286877947
0.5714285714,-0.0055586657,-0.0112795156,-0.0043066322,-0.0102040816,-0.0025996534,-0.0034572169,-0.6389475665
0.5555555556,-0.0107095860,-0.0164154546,-0.0025951557,0.0000000000,0.0008688097,0.0060711188,0.4556958184
0.5635491607,-0.0004451048,-0.0066360124,0.0060711188,-0.0034364261,-0.0069444444,-0.0086206897,0.1893602863
0.5119825708,0.0022379065,-0.0035450081,-0.0068965517,-0.0068965517,-0.0008741259,-0.0026086957,-0.5665568872
0.6041131105,0.0036436457,-0.0015414235,-0.0034722222,-0.0026041667,-0.0017497813,-0.0017436792,1.4986504504
0.6065573770,0.0022077942,-0.0022985989,-0.0026132404,0.0008703220,0.0000000000,0.0008733624,0.3658489603
0.5413105413,-0.0016166252,-0.0055991903,0.0008733624,0.0017391304,0.0026292726,0.0034904014,-0.4283809122
0.5208333333,-0.0091226063,-0.0129094916,0.0026178010,0.0078125000,0.0034965035,0.0078260870,-0.0403479419
0.5445544554,-0.0187256568,-0.0229127961,0.0087032202,0.0103359173,0.0087108014,0.0112165660,0.6849171953
0.5710955711,-0.0166837935,-0.0220499803,0.0086281277,0.0059676044,0.0086355786,0.0008532423,1.2795345283
0.5660377358,-0.0157951547,-0.0220840243,0.0025662960,0.0008474576,0.0008561644,0.0017050298,-0.5142421564
0.5555555556,-0.0074520795,-0.0145775689,0.0017064846,0.0025402202,-0.0051325920,-0.0059574468,2.1293271585
0.5138888889,-0.0003143389,-0.0075498457,-0.0051107325,-0.0118243243,-0.0025795357,-0.0059931507,-0.7486444820
0.4900662252,-0.0088034173,-0.0154706098,-0.0059931507,0.0059829060,0.0000000000,0.0086132644,0.7524575096
0.5032119914,-0.0023371950,-0.0092481991,0.0086132644,0.0000000000,0.0043103448,-0.0051238258,-0.0359804262
0.4948453608,-0.0062426794,-0.0128000570,-0.0051238258,-0.0033984707,-0.0017167382,0.0042918455,-0.6014932148
0.5294117647,-0.0069797377,-0.0135381641,0.0034334764,0.0008525149,0.0025795357,0.0017094017,0.7257218038
0.4870466321,-0.0067534120,-0.0133771655,0.0034217280,0.0034071550,0.0017152659,0.0008532423,-0.4610930407
0.4186046512,-0.0090934759,-0.0157426407,-0.0008525149,0.0008488964,0.0025684932,0.0034100597,1.1698187176
0.4334277620,-0.0143935886,-0.0212291671,0.0051194539,0.0067854114,0.0059777968,0.0067969414,0.3673430609
0.4520547945,-0.0121791904,-0.0196566362,0.0050933786,0.0033698399,0.0033955857,0.0000000000,-0.1594476647
0.4339622642,-0.0069534128,-0.0148752736,0.0008445946,-0.0041981528,-0.0033840948,-0.0033755274,-0.5872064024
0.4074074074,-0.0084025328,-0.0162722864,-0.0042194093,-0.0016863406,0.0008488964,0.0025402202,0.3680048389
0.4216867470,-0.0020526699,-0.0100502949,0.0016949153,-0.0008445946,-0.0008481764,-0.0050675676,-0.4037444221
0.4400000000,0.0008118823,-0.0067763966,-0.0033840948,-0.0042265427,-0.0059422750,-0.0025466893,1.8348869411
0.4755043228,0.0006869774,-0.0062744413,-0.0008488964,0.0000000000,0.0000000000,0.0000000000,-0.3404045028
0.4981132075,-0.0019668811,-0.0083415618,-0.0008496177,0.0050933786,0.0042698548,0.0025531915,0.4167227703
0.4388185654,0.0000335658,-0.0060361235,0.0017006803,-0.0042229730,-0.0042517007,-0.0016977929,-0.3258688679
0.4976076555,0.0017320278,-0.0038949471,-0.0025466893,-0.0033927057,-0.0017079419,-0.0017006803,0.5560710852
0.5072463768,0.0109377212,0.0058177543,-0.0017021277,-0.0017021277,-0.0076988879,-0.0093696763,-0.1752038907
0.4488188976,0.0083879373,0.0045230752,-0.0085251492,0.0017050298,0.0008620690,0.0008598452,1.1871599542
0.4488188976,0.0062330240,0.0033260686,0.0000000000,-0.0051063830,-0.0017226529,0.0008591065,-0.1837074782
0.4067796610,0.0044119411,0.0022194190,0.0008598452,0.0051325920,0.0025884383,0.0008583691,-0.0505121079
0.2783505155,0.0020144597,0.0003391699,0.0025773196,-0.0017021277,0.0008605852,0.0017152659,-0.3549963372
0.2820512821,0.0164994840,0.0150884500,0.0008568980,-0.0042625746,-0.0154772141,-0.0145547945,0.6767215067
0.2115384615,0.0273496727,0.0273594859,-0.0145547945,-0.0111301370,-0.0087336245,-0.0130321460,-0.0767176543
0.1666666667,0.0285746433,0.0307771025,-0.0121633362,-0.0147186147,-0.0088105727,-0.0052816901,-0.1660356000
0.1666666667,0.0388884696,0.0432692714,-0.0070360598,-0.0035149385,-0.0142222222,-0.0141592920,0.3340860702
0.1396508728,0.0356947522,0.0428725943,-0.0132860939,-0.0123456790,-0.0099188458,-0.0026929982,0.8626696959
0.1509433962,0.0311313629,0.0406335104,-0.0044883303,-0.0053571429,0.0009107468,-0.0009000900,-0.5061155075
0.1335311573,0.0263419225,0.0376236207,0.0018034265,0.0008976661,0.0027297543,0.0000000000,-0.6239793192
0.1234567901,0.0204506691,0.0329754688,-0.0018001800,-0.0017937220,0.0000000000,0.0018018018,0.1329753115
0.1243654822,0.0349885696,0.0484469531,0.0018034265,-0.0008984726,-0.0099818512,-0.0170863309,0.6669404248
0.1129032258,0.0400730536,0.0554806939,-0.0162016202,-0.0170863309,-0.0146654445,-0.0100640439,0.5352233437
0.1200000000,0.0282062701,0.0455730110,-0.0100640439,-0.0027447392,0.0009302326,0.0055452865,-0.2779833807
0.2000000000,0.0276449503,0.0460429786,0.0055452865,0.0018348624,-0.0037174721,-0.0036764706,-0.0213201378
0.2459016393,0.0290879398,0.0484355364,-0.0036764706,-0.0064102564,0.0037313433,-0.0055350554,-0.2778755546
0.2898550725,0.0133327304,0.0333448082,-0.0036900369,0.0082949309,0.0009293680,0.0111317254,0.5338420843
0.4255319149,0.0029998906,0.0224327174,0.0101851852,0.0063985375,0.0083565460,0.0082568807,-0.6414807750
0.4677419355,0.0016269705,0.0198430609,0.0073327223,0.0000000000,0.0064456722,0.0009099181,1.0077326394
0.4117647059,0.0050313267,0.0220898951,0.0000000000,0.0009082652,0.0000000000,-0.0036363636,-0.2168337588
0.4666666667,-0.0030199502,0.0130590152,-0.0027297543,0.0054446461,0.0018298262,0.0072992701,0.6030710886
0.4578313253,-0.0034580073,0.0111757607,0.0072992701,0.0000000000,0.0018264840,0.0009057971,0.2186164313
0.3876739563,0.0043452718,0.0177160063,0.0000000000,-0.0036101083,-0.0036463081,-0.0072398190,0.1380407037
0.3913043478,0.2247312736,0.2402612562,-0.0081521739,-0.0081521739,-0.2946020128,-0.1804922516,131.2697304644
0.1472427516,0.1744800781,0.2063614153,-0.1780821918,-0.1433789954,0.1582360571,0.0133481646,-0.7645809909
0.1538461538,0.1800195227,0.2246836065,0.0133333333,-0.0266524520,-0.0391937290,-0.0274423710,-0.2509685520
0.1463414634,0.1432914349,0.1985708549,-0.0285087719,-0.0065717415,0.0081585082,0.0079006772,-0.1581976254
0.1488833747,0.1015106851,0.1630238494,0.0079006772,0.0033076075,0.0127167630,0.0179171333,0.1232444505
0.1461470328,0.0979725627,0.1637505450,0.0167973124,0.0032967033,0.0239726027,-0.0110011001,-0.4853316439
0.1441048035,0.0901757836,0.1593585292,-0.0099118943,0.0076670318,-0.0133779264,-0.0066740823,0.2094464776
0.1556943777,0.0811453424,0.1527175422,-0.0066740823,-0.0108695652,-0.0022598870,-0.0044792833,0.4625630860
0.1707317073,0.0614972328,0.1337532537,-0.0044792833,-0.0142857143,-0.0067950170,0.0067491564,-0.5084353634
0.1861702128,0.0736286516,0.1469119917,0.0056242970,-0.0033444816,-0.0079817560,-0.0201117318,-0.2522200920
0.1782077393,0.0374589346,0.1094632277,-0.0190156600,0.0067114094,0.0057471264,0.0239452680,-0.2501188652
0.2145985401,0.0624576002,0.1341934022,0.0250855188,0.0022222222,-0.0045714286,-0.0289532294,0.0812946409
0.2516489092,0.0385566743,0.1089917952,-0.0300333704,-0.0121951220,-0.0011481056,0.0137614679,-0.1559090533
0.2312500000,0.0233636686,0.0910446219,0.0126146789,0.0101010101,0.0114942529,0.0090497738,0.3171607347
0.4412556054,0.0301632822,0.0953523371,0.0113250283,-0.0077777778,-0.0079545455,-0.0100896861,-0.2113042380
0.4545454545,0.0220503525,0.0846042488,-0.0111982083,0.0000000000,0.0080183276,0.0033975085,-0.2309545587
0.4615384615,0.0152204495,0.0746983340,0.0022650057,0.0011198208,0.0034090909,0.0033860045,-0.1604581674
0.4475675676,0.0255686679,0.0825601314,0.0033898305,-0.0067114094,-0.0101925255,-0.0123734533,-0.0834177559
0.4240000000,0.0310293718,0.0863429069,-0.0123873874,-0.0123873874,-0.0125858124,-0.0091116173,0.1143251333
0.4298957126,0.0215588002,0.0750045862,-0.0068415051,0.0022805017,0.0000000000,0.0045977011,-0.4904485835
0.3913043478,0.0288364878,0.0805759027,0.0034443169,-0.0045506257,0.0000000000,-0.0102974828,0.5340740650
0.3762376238,0.0185127481,0.0684314132,-0.0125858124,0.0011428571,-0.0011587486,0.0057803468,0.0269918238
0.3720930233,0.0215355269,0.0695090232,0.0081112399,-0.0045662100,0.0000000000,-0.0057471264,0.3443001463
0.4137931034,0.0031461835,0.0486008870,-0.0057471264,0.0091743119,0.0011600928,0.0150289017,-0.2854190324
0.3769633508,0.0003833776,0.0426258194,0.0150289017,0.0227272727,0.0150637312,0.0022779043,3.2780449190
0.4266211604,0.0129867306,0.0526261786,0.0022779043,-0.0166666667,-0.0194063927,-0.0125000000,0.8154739943
0.3806343907,0.0191986576,0.0572442953,-0.0113636364,-0.0158192090,0.0034924331,-0.0080552359,-0.7013035197
0.3684210526,0.0491056354,0.0870532076,-0.0091954023,-0.0091848450,-0.0394431555,-0.0313225058,0.7403397201
0.3097345133,0.0403050479,0.0793122323,-0.0313225058,-0.0115874855,0.0048309179,0.0011976048,-0.5104213355
0.2951807229,0.0353427195,0.0747228057,0.0000000000,-0.0140679953,-0.0252403846,-0.0011961722,0.6982739568
0.3361344538,0.0299053781,0.0691877831,0.0000000000,0.0095124851,0.0271270037,0.0000000000,-0.2585063193
0.3398058252,0.0427884285,0.0822075595,0.0011976048,-0.0117785630,-0.0168067227,-0.0167664671,0.4069654364
0.3211009174,0.0400058584,0.0800647541,-0.0191387560,-0.0131108462,-0.0036630037,-0.0036540804,-0.3687320556
0.3529411765,0.0288202053,0.0689071020,-0.0012195122,-0.0048309179,-0.0183823529,0.0048899756,1.0001986714
0.3398058252,0.0096469559,0.0484963561,0.0048840049,0.0133495146,0.0124843945,0.0145985401,-0.4105257557
0.3971631206,0.0130214248,0.0499397155,0.0133657351,0.0023952096,0.0147965475,-0.0047961631,-0.1601026950
0.4007155635,0.0159141003,0.0513070171,-0.0047961631,-0.0035842294,-0.0048602673,-0.0048192771,-0.1905926925
0.3486238532,0.0085816047,0.0424582733,-0.0048192771,0.0011990408,0.0000000000,0.0048426150,-0.0570417136
0.3716814159,0.0109152684,0.0430833969,0.0060532688,0.0023952096,0.0061050061,-0.0036144578,-0.3321001219
0.4000000000,-0.0040117315,0.0262419001,-0.0060168472,0.0107526882,-0.0012135922,0.0133010883,1.3729920524
0.4444444444,-0.0081290098,0.0194320316,0.0145278450,0.0023640662,0.0170109356,0.0047732697,-0.6289592891
0.5538461538,-0.0021379556,0.0228517752,0.0047732697,0.0023584906,-0.0035842294,-0.0047505938,-0.2033279897
0.5975609756,0.0288856396,0.0525600060,-0.0047505938,-0.0141176471,-0.0263788969,-0.0298329356,0.5294100662
0.4622641509,0.0132251802,0.0371849203,-0.0310262530,-0.0167064439,-0.0073891626,0.0110701107,-0.2492291494
0.4738461538,0.0087361911,0.0319197282,0.0147783251,0.0121359223,0.0186104218,0.0024330900,-0.4001241697
0.4783362218,-0.0082543116,0.0135646002,0.0000000000,0.0083932854,0.0000000000,0.0157766990,0.9062809136
0.4796747967,0.0050230261,0.0248035854,0.0182038835,0.0023781213,0.0048721072,-0.0119474313,0.7745355093
0.4852941176,0.0054660522,0.0242047408,-0.0143027414,-0.0106761566,0.0012121212,-0.0012091898,-0.5683099795
0.4958813839,0.0144503056,0.0324109344,0.0000000000,-0.0083932854,-0.0145278450,-0.0096852300,1.9113979587
0.4770206022,-0.0012040596,0.0163429213,-0.0096735187,0.0096735187,0.0049140049,0.0134474328,-0.1039279285
0.4757709251,-0.0058158481,0.0102577495,0.0122100122,0.0059880240,0.0110024450,0.0048250905,-0.4947032067
0.4757709251,0.0010878283,0.0155939182,0.0048250905,0.0059523810,0.0000000000,-0.0060024010,1.0651836176
0.4661870504,0.0119195961,0.0255864924,-0.0060024010,-0.0130177515,-0.0229746070,-0.0108695652,1.1869634965
0.4472511144,0.0137993629,0.0274547672,-0.0108695652,-0.0083932854,0.0061881188,-0.0036630037,-0.5562310996
0.4897959184,0.0204300734,0.0342936983,-0.0036630037,-0.0108827086,-0.0110701107,-0.0085784314,0.0815628643
0.4785276074,0.0457244866,0.0605953244,-0.0085784314,-0.0110024450,-0.0248756219,-0.0271940667,0.3438814448
0.4897959184,0.0282377243,0.0454792922,-0.0284301607,-0.0123609394,0.0000000000,0.0101651842,-0.0911261788
0.4833068362,0.0264757881,0.0447387293,0.0114503817,0.0062578223,0.0089285714,-0.0025157233,-0.5046230319
0.5472972973,0.0236935023,0.0427396796,-0.0012578616,-0.0062189055,0.0000000000,-0.0012610340,-0.4196511078
0.5299539171,0.0226307489,0.0422056097,-0.0025188917,-0.0025031289,-0.0063211125,-0.0025252525,0.1286651109
0.5609756098,0.0322151093,0.0524007973,-0.0012626263,-0.0050188206,-0.0114503817,-0.0126582278,0.2037621028
0.5263157895,0.0181219468,0.0391931643,-0.0126422250,-0.0037831021,0.0012870013,0.0089743590,0.0348653250
0.5252918288,0.0076517309,0.0284491853,0.0076824584,0.0101265823,0.0115681234,0.0076238882,-0.3248291791
0.4797441365,-0.0109859834,0.0085366515,0.0076238882,0.0175438596,0.0050825921,0.0176544767,0.2948350130
0.5635062612,-0.0332548204,-0.0164706461,0.0176544767,0.0233990148,0.0202275601,0.0247831475,0.1453408814
0.6111111111,-0.0089651049,0.0041772568,0.0247831475,0.0048134777,0.0037174721,-0.0193470375,1.6976737884
0.5827814570,-0.0361103364,-0.0249858558,-0.0169286578,0.0035928144,0.0012345679,0.0295930949,-0.3089240721
0.6056955093,-0.0386144198,-0.0312562567,0.0258302583,0.0167064439,0.0246609125,0.0083832335,0.8905863520
0.5817361894,-0.0151285235,-0.0113280578,0.0083932854,0.0046948357,-0.0072202166,-0.0178147268,-0.4683703217
0.6157517900,-0.0092068875,-0.0068863536,-0.0166468490,-0.0303738318,-0.0230303030,-0.0036275695,-0.4266471186
0.6500000000,0.0043988634,0.0058304266,-0.0036275695,0.0012048193,0.0074441687,-0.0121359223,-0.1015215960
0.6148648649,0.0174717332,0.0191711259,-0.0121359223,-0.0180505415,-0.0147783251,-0.0135135135,-0.0098782032
0.5759493671,0.0110066634,0.0139628873,-0.0147420147,-0.0098039216,-0.0050000000,0.0037359900,-0.2121443934
0.5164718385,0.0105671359,0.0141868957,0.0049875312,-0.0012376238,0.0000000000,-0.0012406948,-0.0137692204
0.5535307517,0.0101963250,0.0143961340,-0.0012406948,0.0123915737,0.0075376884,-0.0012422360,0.6991603334
0.6023255814,0.0226187116,0.0273860302,0.0000000000,-0.0134638923,-0.0112219451,-0.0136815920,-0.4275022060
0.6153846154,0.0114858016,0.0176576299,-0.0136645963,-0.0037220844,0.0000000000,0.0075662043,0.1741862316
0.5853658537,0.0046890229,0.0112868944,0.0062972292,0.0112079701,0.0075662043,0.0050062578,1.6752466501
0.5086705202,0.0002307826,0.0066898449,0.0050062578,-0.0073891626,-0.0037546934,0.0037359900,-0.7040816311
0.5132605304,0.0039319971,0.0099534327,0.0037359900,0.0037220844,0.0050251256,-0.0037220844,0.4006498273
0.4008714597,0.0083499885,0.0142685376,-0.0037220844,-0.0024721879,-0.0025000000,-0.0049813200,-0.3220460428
0.3789473684,0.0083273616,0.0144812976,-0.0037359900,-0.0061957869,-0.0075187970,-0.0012515645,0.4195997315
0.4444444444,0.0302857574,0.0367949614,-0.0025000000,-0.0012468828,-0.0151515152,-0.0225563910,0.1156379379
0.3750000000,0.0609928380,0.0697269745,-0.0225563910,-0.0262172285,-0.0346153846,-0.0333333333,1.7851300505
0.3214285714,0.0364881447,0.0492545858,-0.0307692308,-0.0166666667,-0.0026560425,0.0145888594,-0.5134949315
0.3992606285,0.0295287947,0.0442410770,0.0119047619,0.0078226858,0.0119840213,0.0013071895,-0.5339100351
0.3809523810,0.0303664066,0.0464283379,0.0013071895,-0.0064683053,-0.0065789474,-0.0052219321,-0.3450028385
0.3703703704,0.0243503599,0.0416222434,-0.0065274151,0.0065104167,0.0039735099,0.0013123360,0.5870585094
0.3116438356,0.0009266928,0.0185158666,0.0026281209,0.0090556274,0.0052770449,0.0196592398,-0.1716467974
0.3855799373,0.0085622396,0.0250495876,0.0209698558,0.0025641026,0.0065616798,-0.0077120823,0.1937996593
0.3970826580,-0.0005229841,0.0153031059,-0.0115532734,-0.0051150895,0.0000000000,0.0077720207,-0.6201840324
0.4104595880,-0.0193496651,-0.0050139924,0.0103896104,0.0218508997,0.0078226858,0.0192802057,0.6521908486
0.4797202797,-0.0225358713,-0.0108791608,0.0218508997,0.0100628931,0.0206985770,0.0063051702,0.0628050402
0.4396200814,-0.0028240939,0.0063203936,0.0050314465,-0.0012453300,-0.0101394170,-0.0162907268,-0.1501875335
0.4050000000,-0.0087036077,-0.0005139370,-0.0187734668,-0.0149625935,-0.0025608195,0.0063694268,0.0431079692
0.3549939832,-0.0136075811,-0.0067621829,0.0076530612,0.0088607595,0.0077021823,0.0063291139,0.0461179891
0.3672883788,-0.0139946238,-0.0087549786,0.0063291139,0.0050188206,0.0101910828,0.0025157233,0.0358178386
0.4626168224,-0.0068571992,-0.0031032156,0.0025157233,-0.0024968789,-0.0063051702,-0.0050188206,0.4465421887
0.4751619870,-0.0020268110,0.0009132091,-0.0062735257,-0.0062578223,-0.0050761421,-0.0037831021,-0.4463828030
0.5294117647,-0.0017149939,0.0008455640,0.0000000000,-0.0025188917,-0.0038265306,0.0000000000,2.7534646668
0.5094339623,-0.0126988829,-0.0104899694,-0.0025252525,0.0113636364,0.0025608195,0.0113924051,1.6150138209
0.5438596491,0.0251810354,0.0262507979,0.0126582278,0.0087390762,-0.0178799489,-0.0350438048,0.0406211179
0.3833605220,0.0252965106,0.0283074908,-0.0362500000,-0.0321782178,-0.0039011704,-0.0038910506,-0.6517644996
0.3969594595,0.0267524085,0.0315834702,-0.0025940337,-0.0127877238,-0.0091383812,-0.0052083333,-0.4093926938
0.4270833333,0.0280189515,0.0346610274,-0.0052015605,-0.0038860104,-0.0052700922,-0.0052356021,0.1301048819
0.3815513627,0.0237083436,0.0320935439,-0.0065359477,-0.0026007802,-0.0052980132,0.0000000000,-0.2523196600
0.3838120104,-0.0309421392,-0.0217695679,0.0000000000,0.0430247718,0.0066577896,0.0526315789,1.1728118640
0.6140939597,-0.0647604419,-0.0589743168,0.0526315789,0.0550000000,0.0555555556,0.0412500000,6.6084538266
0.6989528796,-0.0649004137,-0.0647110120,0.0412500000,0.0142180095,0.0175438596,0.0108043217,-0.3580180372
0.7081218274,-0.0271871010,-0.0323357241,0.0120048019,-0.0116822430,0.0036945813,-0.0285035629,-0.3759046436
0.6946564885,-0.0157852913,-0.0227725578,-0.0296559905,-0.0260047281,-0.0085889571,-0.0073349633,-0.6242909441
0.6886486486,0.0102828381,0.0023687393,-0.0061124694,-0.0133495146,-0.0198019802,-0.0233990148,-0.4953302376
0.6440849343,0.0176842041,0.0111186625,-0.0233702337,-0.0233702337,-0.0138888889,-0.0088272383,0.0080600350
0.6570397112,0.0267198919,0.0219973172,-0.0100755668,-0.0100755668,-0.0076824584,-0.0114503817,-0.2025524677
0.7028571429,-0.0067908734,-0.0089676904,-0.0114503817,0.0241730280,0.0012903226,0.0296010296,0.3519758717
0.7342657343,-0.0519629308,-0.0544013512,0.0283140283,0.0447204969,0.0193298969,0.0487500000,0.8704773957
0.7341587764,-0.0462421923,-0.0526299529,0.0500625782,0.0071343639,0.0505689001,0.0023837902,0.3315254951
0.6790697674,-0.0193041935,-0.0291057515,0.0047675805,0.0059031877,-0.0096269555,-0.0202140309,-0.1752536269
0.6403508772,-0.0564138274,-0.0665967525,-0.0213523132,0.0164319249,0.0012150668,0.0424757282,0.3653008665
0.6542168675,-0.0455124544,-0.0594738433,0.0412121212,-0.0011547344,0.0206310680,-0.0023282887,-0.1764257823
0.6619718310,-0.0396311554,-0.0561696924,-0.0011641444,0.0080924855,0.0059453032,0.0011668611,0.3222188527
0.6022099448,-0.0151689060,-0.0339948932,0.0011655012,-0.0114678899,-0.0070921986,-0.0186480186,-0.6139614106
0.6153846154,0.0038559636,-0.0151007560,-0.0221187427,-0.0243619490,-0.0166666667,-0.0166270784,0.8953878508
0.6400000000,0.0192657024,0.0017457101,-0.0154761905,-0.0095124851,-0.0181598063,-0.0157004831,-0.3992878053
0.6225680934,0.0088744516,-0.0057035754,-0.0145102781,-0.0084033613,0.0000000000,0.0073619632,-0.1003597299
0.6132231405,-0.0046149058,-0.0172512317,0.0061349693,0.0108958838,0.0086313194,0.0121802680,-0.1162285527
0.5834031852,-0.0074879961,-0.0195130268,0.0134146341,0.0047904192,0.0110024450,0.0036101083,-0.2995827571
0.5453712191,0.0193306011,0.0072959496,0.0036101083,-0.0023837902,-0.0205562273,-0.0251798561,0.1201971612
0.4978392394,0.0302967165,0.0205638762,-0.0263788969,-0.0298685783,-0.0148148148,-0.0135301353,0.7882885138
0.4143302181,0.0269161272,0.0203128367,-0.0123152709,-0.0098522167,-0.0025062657,-0.0012468828,-0.6398960392
0.4808743169,0.0279083097,0.0239213976,-0.0012468828,0.0049751244,0.0000000000,-0.0049937578,0.8043456466
0.5176470588,0.0249006718,0.0234335495,-0.0049937578,-0.0024752475,-0.0050251256,-0.0012547051,-0.1762224498
0.3515625000,0.0172359952,0.0178615694,0.0000000000,-0.0062034739,0.0025252525,0.0037688442,-0.0790813315
0.3123938879,0.0196891303,0.0216531492,0.0025094103,0.0000000000,-0.0025188917,-0.0050062578,-0.3322366700
0.3680297398,0.0103059081,0.0136739047,-0.0037546934,0.0037453184,-0.0037878788,0.0062893082,0.3085948762
0.3850267380,0.0112485051,0.0151990204,0.0037688442,-0.0012437811,0.0101394170,-0.0025000000,-0.3381402578
0.4311377246,0.0069941709,0.0115379841,-0.0012515645,-0.0037359900,-0.0012547051,0.0025062657,-0.3414578674
0.4346895075,0.0097045366,0.0144876473,0.0025062657,0.0025000000,0.0000000000,-0.0037500000,0.3578276995
0.4391408115,0.0069481080,0.0121445453,-0.0050000000,-0.0024937656,0.0000000000,0.0012547051,-0.6025101595
0.3227665706,0.0071412501,0.0125137636,0.0025125628,0.0025000000,-0.0012562814,-0.0012531328,0.2455496402
0.3402061856,0.0098437647,0.0154089346,0.0000000000,-0.0012468828,-0.0050314465,-0.0037641154,2.1262393673
0.4520547945,0.0045338714,0.0104497119,-0.0050125313,0.0012484395,0.0037926675,0.0037783375,-0.5266664193
0.5410628019,-0.0360752131,-0.0304680718,0.0050377834,0.0361596010,0.0050377834,0.0414052698,3.5586217527
0.7528604119,-0.0443419236,-0.0420608996,0.0426065163,0.0180505415,0.0401002506,0.0144578313,0.9319785563
0.7831858407,-0.0432017888,-0.0446185638,0.0132211538,0.0153664303,0.0108433735,0.0059382423,-0.0017953424
0.7547169811,-0.0365553598,-0.0413134850,0.0059311981,-0.0058207218,-0.0071513707,0.0000000000,-0.1565264822
0.7702020202,-0.0332143052,-0.0405188259,0.0000000000,0.0000000000,0.0024009604,0.0023612751,-0.2894677863
0.7777777778,-0.0246579739,-0.0341043726,0.0011792453,0.0046838407,0.0059880240,-0.0035335689,-0.0508444270
0.7754010695,-0.0288995495,-0.0395253129,-0.0058892815,0.0151515152,0.0011904762,0.0082742317,1.9894943707
0.7647058824,0.0098800902,-0.0026913564,0.0094786730,-0.0149253731,-0.0225921522,-0.0339976553,-0.5375861389
0.5357142857,-0.0001339315,-0.0108945911,-0.0328638498,-0.0268065268,0.0012165450,0.0084951456,-0.3913505331
0.4929577465,0.0195163504,0.0093462790,0.0072815534,0.0000000000,-0.0182260024,-0.0192539110,0.1202674319
0.4866008463,0.0190144840,0.0111352756,-0.0192771084,-0.0191616766,0.0049504950,-0.0024539877,-0.4014658506
0.4818435754,0.0025248815,-0.0031767136,0.0000000000,0.0134310134,0.0024630542,0.0135301353,0.0360449318
0.4444444444,0.0156954797,0.0105489363,0.0122850123,0.0000000000,-0.0024570025,-0.0133495146,-0.4024242394
0.4741379310,0.0009687518,-0.0025018168,-0.0133495146,0.0024096386,-0.0012315271,0.0123001230,0.7418785795
0.3873744620,-0.0088151338,-0.0119211517,0.0123001230,0.0024038462,0.0147965475,0.0097205346,-0.0896499426
0.3692762186,-0.0002404790,-0.0038456532,0.0097205346,-0.0023980815,0.0012150668,-0.0072202166,-0.5851677536
0.4017857143,-0.0062263529,-0.0095634359,-0.0072202166,0.0060096154,0.0000000000,0.0060606061,0.0387810257
0.3901170351,-0.0016599946,-0.0052595859,0.0084848485,-0.0011947431,0.0024271845,-0.0036144578,0.0543644500
0.4444444444,0.0083496787,0.0048504527,-0.0060096154,-0.0047846890,-0.0096852300,-0.0096735187,-0.1444941320
0.4274809160,0.0195133836,0.0169076143,-0.0084643289,-0.0108173077,-0.0134474328,-0.0122100122,1.0082633397
0.4355909695,0.0090278057,0.0081779822,-0.0121951220,-0.0012150668,0.0037174721,0.0074165637,-0.3386141611
0.4947368421,-0.0153168901,-0.0153820771,0.0074074074,0.0145985401,0.0049382716,0.0233128834,1.2713333985
0.5514018692,0.0063459517,0.0050386531,0.0196078431,0.0023980815,0.0049140049,-0.0191846523,1.7783005880
0.5514018692,0.0178123451,0.0170993975,-0.0168269231,-0.0155502392,-0.0134474328,-0.0122249389,-0.7426725372
0.5181932246,0.0175907734,0.0183534523,-0.0122249389,-0.0170109356,-0.0086741016,-0.0024752475,-0.2652705858
0.5378151261,-0.0084885970,-0.0064277412,-0.0024752475,0.0284301607,0.0025000000,0.0235732010,1.2033413062
0.5869837297,-0.0071826590,-0.0059516122,0.0210918114,0.0024038462,0.0099750623,0.0000000000,-0.2537248178
0.5919881306,-0.0000171323,0.0005532068,0.0024301337,-0.0107913669,0.0049382716,-0.0060606061,0.0866217121
0.6202531646,0.0024304557,0.0029584687,-0.0060606061,0.0024242424,-0.0012285012,-0.0024390244,0.4358182463
0.6363636364,0.0069806502,0.0076667888,-0.0012195122,0.0024183797,0.0000000000,-0.0048899756,0.7010726786
0.6875000000,0.0059067040,0.0070988785,-0.0036630037,-0.0072376357,-0.0036900369,0.0000000000,-0.3889671324
0.6730401530,0.0200353566,0.0216339788,-0.0036764706,-0.0097205346,-0.0135802469,-0.0147420147,-0.0016116350
0.6579439252,0.0284947052,0.0316081115,-0.0135301353,-0.0147239264,-0.0087609512,-0.0112219451,-0.4293696172
0.6616541353,0.0254039737,0.0305663492,-0.0112219451,-0.0062266501,-0.0151515152,-0.0012610340,3.3870177581
0.7370689655,0.0292933470,0.0361518101,-0.0025220681,-0.0075187970,0.0064102564,-0.0075757576,-0.6415493230
0.7392996109,0.0353243304,0.0441008792,-0.0075853350,-0.0025252525,-0.0127388535,-0.0101781170,0.3942052105
0.7630522088,0.0142459221,0.0250240084,-0.0089171975,0.0189873418,-0.0051612903,0.0154241645,1.5174473106
0.7400530504,0.0211019808,0.0323174952,0.0167095116,-0.0161490683,0.0090791180,-0.0088607595,-0.3420562801
0.7209302326,0.0050200175,0.0169359194,-0.0101137800,0.0012626263,0.0064267352,0.0127713921,-0.8469597913
0.6470588235,0.0119039794,0.0234248483,0.0114942529,0.0037831021,0.0051085568,-0.0075662043,0.1034603125
0.6470588235,0.0100725979,0.0216896743,-0.0063131313,-0.0087939698,-0.0038119441,0.0000000000,-0.0871823271
0.6428571429,0.0085229675,0.0200830318,0.0000000000,0.0012674271,-0.0012755102,0.0000000000,-0.2527355842
0.6241134752,0.0084931816,0.0198913227,0.0000000000,-0.0037974684,0.0000000000,-0.0012706480,-0.4699028591
0.6376811594,-0.0004436628,0.0107026043,-0.0025412961,0.0190597205,-0.0012771392,0.0076335878,2.6784737549
0.5989304813,-0.0028933530,0.0073659654,0.0076433121,-0.0037406484,0.0102301790,0.0025252525,-0.1711242319
0.5801104972,0.0038733991,0.0132006953,0.0025284450,-0.0050062578,-0.0075949367,-0.0062972292,0.1215459397
0.6069364162,0.0045506863,0.0135074128,-0.0037831021,-0.0025157233,0.0025510204,-0.0012674271,-0.0486406322
0.6069364162,-0.0049883552,0.0035917090,-0.0025316456,0.0025220681,-0.0012722646,0.0088832487,0.8697011202
0.6132596685,-0.0079644463,-0.0004462445,0.0063451777,0.0062893082,0.0076433121,0.0037735849,-0.2696101689
0.6250000000,0.0097097590,0.0161404776,0.0050441362,-0.0012500000,-0.0176991150,-0.0162907268,13.2140332881
0.5045045045,0.0199091761,0.0267161547,-0.0125470514,-0.0100125156,-0.0128700129,-0.0114649682,0.5507765728
0.4897959184,0.0247697030,0.0327221453,-0.0139771283,-0.0139064475,-0.0143415906,-0.0077319588,-0.5424369887
0.4344827586,0.0091635612,0.0183949649,-0.0077319588,0.0038461538,0.0171957672,0.0116883117,-0.7665794976
0.4807121662,-0.0012211239,0.0079748347,0.0142857143,0.0051085568,-0.0013003901,0.0089858793,1.8080264684
0.4927536232,0.0053621750,0.0138334282,0.0064020487,0.0127064803,0.0156250000,-0.0063613232,-0.8281884399
0.4979079498,0.0019713573,0.0102217344,-0.0063613232,-0.0100376412,-0.0012820513,0.0025608195,-0.2600421476
0.4417177914,-0.0021550890,0.0056116507,0.0000000000,-0.0025348542,0.0012836970,0.0038314176,0.0530033019
0.4203821656,0.0255773856,0.0327895878,0.0051216389,0.0012706480,-0.0205128205,-0.0267175573,0.8547016421
0.3760831889,0.0283637348,0.0371394184,-0.0254777070,-0.0279187817,-0.0130890052,-0.0065359477,-0.0024052483
0.3760831889,0.0133334158,0.0236134717,-0.0078431373,0.0078328982,0.0053050398,0.0105263158,-0.5742678405
0.3616692427,0.0152479333,0.0258716368,0.0105401845,-0.0038860104,0.0052770449,-0.0039062500,-0.3468045864
0.3758389262,0.0195659270,0.0306917667,-0.0039113429,-0.0026007802,-0.0039370079,-0.0065359477,0.7321797566
0.4091710758,0.0099116289,0.0216966143,-0.0026178010,0.0026075619,0.0026350461,0.0065789474,0.1715419177
0.4234875445,0.0057573320,0.0174295112,0.0039370079,0.0039011704,0.0026281209,0.0026143791,0.5285931609
0.4067796610,0.0074987039,0.0187950074,0.0026143791,-0.0038860104,-0.0039318480,-0.0026075619,-0.1844516186
0.4294234592,0.0037209501,0.0147498439,0.0000000000,0.0039011704,0.0052631579,0.0026143791,-0.3865491348
0.3774403471,0.0110576828,0.0216493043,0.0013037810,-0.0051813472,-0.0065445026,-0.0078226858,0.3325016489
0.3532110092,0.0173778770,0.0281519752,-0.0091145833,-0.0052083333,-0.0052700922,-0.0078843627,-0.6482475431
0.3484162896,0.0014402482,0.0126540079,-0.0078843627,0.0026178010,0.0000000000,0.0132450331,0.7738455526
0.4216867470,-0.0013920681,0.0090785601,0.0132450331,0.0026109661,0.0105960265,0.0026143791,-0.5069666896
0.4134419552,-0.0114883255,-0.0020032789,0.0026143791,0.0104166667,0.0013106160,0.0104302477,0.6882608628
0.5401459854,0.0045370545,0.0125163114,0.0091264668,0.0012886598,-0.0052356021,-0.0141935484,0.4913486529
0.4900662252,0.0064737943,0.0142442669,-0.0155038760,-0.0128700129,0.0013157895,-0.0026178010,-0.2905766003
0.4915254237,0.0015347756,0.0092158453,0.0013123360,0.0013037810,-0.0026281209,0.0039370079,0.2103831994
0.4615384615,0.0052407770,0.0125037932,0.0026212320,0.0000000000,0.0000000000,-0.0039215686,0.4454327969
0.4776119403,0.0044345036,0.0115775863,-0.0039215686,-0.0026041667,0.0000000000,0.0000000000,-0.1630262657
0.4736842105,0.0011246485,0.0080741235,0.0013123360,0.0039164491,-0.0013175231,0.0026246719,0.4335353490
0.4736842105,-0.0055565123,0.0009254808,0.0013106160,0.0000000000,0.0052770449,0.0065445026,-0.3890467195
0.4494382022,-0.0059942595,-0.0004428875,0.0065445026,0.0052015605,0.0013123360,0.0013003901,-0.1519895520
0.4415954416,0.0080190913,0.0127424179,0.0000000000,-0.0025873221,-0.0091743119,-0.0129870130,0.2688154725
0.4089709763,0.0067853849,0.0117985351,-0.0104031209,-0.0116731518,-0.0119047619,0.0000000000,0.6398269588
0.4052287582,0.0083951510,0.0135919167,-0.0013140604,0.0039370079,0.0080321285,-0.0026315789,0.6736451256
0.3846153846,0.0057767071,0.0112510038,-0.0026315789,-0.0013071895,0.0039840637,0.0013192612,-0.7510046847
0.3731343284,-0.0055932476,-0.0001213097,-0.0013192612,0.0052356021,-0.0026455026,0.0105401845,0.9296590208
0.3731343284,0.0017978770,0.0064486190,0.0145310436,0.0013020833,0.0079575597,-0.0065189048,-0.5651329823
0.4310344828,-0.0063031045,-0.0018882045,-0.0052083333,0.0013003901,0.0026315789,0.0078740157,0.6059794541
0.4262295082,-0.0104871091,-0.0069206259,0.0052356021,0.0077922078,0.0026246719,0.0052083333,0.9501517292
0.4354838710,0.0001954218,0.0026837047,0.0039062500,0.0038659794,0.0000000000,-0.0090673575,0.0532701989
0.3913043478,0.0001653569,0.0024849117,-0.0051880674,-0.0102695764,-0.0013089005,0.0000000000,-0.4312216697
0.3913043478,0.0040774761,0.0062469105,-0.0026075619,-0.0051880674,-0.0052424640,-0.0039215686,0.0205455952
0.4355400697,0.0021350343,0.0044659796,-0.0026143791,-0.0013037810,0.0000000000,0.0013123360,-0.4525477999
0.3932584270,0.0084147902,0.0107587492,0.0000000000,-0.0039164491,-0.0013175231,-0.0065530799,-0.1565242343
0.4285714286,0.0084506169,0.0112959683,-0.0078636959,-0.0039318480,-0.0092348285,-0.0013192612,0.8092404846
0.5106382979,0.0179078039,0.0212518519,0.0000000000,-0.0026315789,-0.0053262317,-0.0105680317,0.3337169283
0.4745762712,0.0044245906,0.0089016550,-0.0105680317,-0.0013192612,0.0000000000,0.0106809079,-0.2758506362
0.4912280702,0.0090758572,0.0135981418,0.0093457944,-0.0013210040,0.0040160643,-0.0052840159,0.0726895365
0.5338983051,0.0036808430,0.0085726543,-0.0039682540,0.0026455026,0.0026666667,0.0039840637,0.3539252403
0.4827586207,-0.0008503202,0.0039536996,0.0039840637,0.0052770449,0.0026595745,0.0039682540,-0.0388774936
0.4716981132,-0.0111422448,-0.0068075981,0.0052910053,0.0104986877,0.0066312997,0.0105401845,-0.1061905678
0.4909090909,-0.0055383729,-0.0024013813,0.0078947368,0.0000000000,0.0026350461,-0.0039113429,0.0314239451
0.5094936709,-0.0046863155,-0.0022235012,-0.0039164491,-0.0025974026,-0.0026281209,0.0000000000,-0.1815753736
0.5348837209,-0.0142869466,-0.0124001571,0.0000000000,0.0078125000,0.0039525692,0.0104712042,0.2087058480
0.5636363636,-0.0082349455,-0.0076252483,0.0117955439,-0.0025839793,-0.0039370079,-0.0038860104,0.8869757876
0.5636363636,-0.0017757068,-0.0018685742,-0.0064766839,-0.0012953368,0.0065876153,-0.0052015605,-0.1864626495
0.6000000000,0.0037458230,0.0035169864,-0.0026075619,-0.0051880674,-0.0078534031,-0.0052287582,-0.4054370574
0.6086956522,-0.0033785615,-0.0032922026,-0.0039215686,-0.0013037810,0.0013192612,0.0065703022,0.0876774859
0.5737704918,-0.0041588365,-0.0043481423,0.0052493438,0.0078328982,0.0052700922,0.0013054830,0.5741935670
0.5882352941,-0.0035190155,-0.0040260577,0.0013054830,0.0000000000,0.0026212320,0.0000000000,-0.4539780147
0.5645161290,-0.0003710341,-0.0011231981,0.0000000000,0.0012953368,0.0000000000,-0.0026075619,0.2452127778
0.5932203390,-0.0042189756,-0.0049421858,-0.0026075619,-0.0012936611,-0.0039215686,0.0039215686,-0.1443485005
0.5932203390,-0.0022707758,-0.0032782832,0.0039215686,0.0000000000,0.0065616798,-0.0013020833,0.3541561714
0.6382978723,-0.0070995246,-0.0082077667,0.0000000000,0.0000000000,-0.0013037810,0.0052151239,0.2364356278
0.5971563981,-0.0047163904,-0.0063109526,0.0052083333,0.0000000000,-0.0013054830,-0.0012970169,-0.5487680360
0.6268656716,0.0064659977,0.0045938643,-0.0025906736,-0.0012953368,-0.0052287582,-0.0103896104,0.8244555629
0.5610687023,0.0002207263,-0.0009905660,-0.0103896104,-0.0025940337,0.0000000000,0.0052493438,-0.4947186101
0.5085470085,-0.0011172561,-0.0022197759,0.0052493438,0.0000000000,0.0039421813,0.0013054830,-0.5602098298
0.4736842105,-0.0035436921,-0.0046507828,0.0000000000,0.0013003901,0.0000000000,0.0026075619,2.4348935494
0.4716981132,-0.0003987655,-0.0017099473,0.0039164491,0.0000000000,0.0039267016,-0.0026007802,-0.5179514378
0.5050505051,-0.0016390610,-0.0028833063,-0.0013003901,0.0012987013,-0.0013037810,0.0013037810,0.2397689691
0.4494382022,-0.0065610589,-0.0078372424,0.0013020833,0.0025940337,0.0026109661,0.0052083333,0.3943625089
0.4922279793,-0.0132209326,-0.0149128239,0.0039011704,0.0129366106,0.0052083333,0.0077720207,0.9047453179
0.5274261603,-0.0137223611,-0.0163368673,0.0090673575,0.0038314176,0.0038860104,0.0025706941,0.9875359235
0.5000000000,-0.0090703834,-0.0125949211,0.0025673941,-0.0050890585,-0.0012903226,-0.0025641026,-0.5837649552
0.5172413793,-0.0063978162,-0.0103899716,-0.0025608195,-0.0012787724,-0.0012919897,-0.0012853470,0.1798905251
0.5172413793,-0.0041318532,-0.0083440817,-0.0051347882,-0.0012804097,-0.0038809832,-0.0012870013,-0.1206319139
0.5333333333,-0.0009212382,-0.0051619860,0.0000000000,0.0038461538,0.0038961039,-0.0025773196,-0.0848936989
0.5172413793,0.0136260286,0.0095682525,-0.0025806452,-0.0114942529,-0.0155239327,-0.0142118863,-0.2367385238
0.4743083004,0.0062544638,0.0035981659,-0.0129366106,-0.0038759690,0.0026281209,0.0052424640,-0.2052136397
0.4743083004,0.0039832643,0.0020252137,0.0065530799,-0.0025940337,-0.0013106160,0.0013037810,0.0419462788
0.4743083004,0.0073052405,0.0058041202,0.0000000000,0.0156046814,-0.0013123360,-0.0039062500,4.7974403846
0.4883720930,0.0035576772,0.0027526099,-0.0026041667,-0.0102432778,0.0039421813,0.0026143791,-0.3184413652
0.4615384615,-0.0124403948,-0.0128949130,0.0026109661,0.0116429495,0.0052356021,0.0156453716,-0.1841068003
0.5705521472,-0.0193385930,-0.0207392532,0.0143229167,0.0102301790,0.0104166667,0.0089858793,-0.2694365893
0.5930232558,-0.0163634248,-0.0192030122,0.0102695764,0.0025316456,0.0103092784,0.0000000000,-0.0878752044
0.5833333333,-0.0225509915,-0.0264508519,0.0000000000,0.0025252525,0.0038265306,0.0089058524,-0.2157579341
0.6226415094,-0.0227785368,-0.0281680690,0.0076238882,0.0100755668,0.0050825921,0.0037831021,0.2813718727
0.5882352941,-0.0143209856,-0.0211627653,0.0037831021,-0.0074812968,-0.0037926675,-0.0050251256,-0.0429398639
0.5504587156,-0.0121177571,-0.0195951530,-0.0062814070,0.0025125628,0.0038071066,0.0000000000,-0.2808256476
0.5070422535,-0.0090022269,-0.0169023753,0.0000000000,0.0075187970,0.0000000000,-0.0012626263,0.4479534477
0.5198555957,-0.0150881552,-0.0230607590,0.0025284450,-0.0024875622,0.0025284450,0.0075853350,-0.2149817930
0.6631578947,-0.0040192655,-0.0126809950,0.0037831021,-0.0074812968,-0.0126103405,-0.0087829360,-0.4007497249
0.5914396887,0.0016708341,-0.0067123575,-0.0087939698,-0.0062814070,0.0012771392,-0.0050632911,-0.4329095313
0.6187290970,0.0052506171,-0.0024075410,-0.0038022814,-0.0050568900,-0.0038265306,-0.0038167939,-0.2643952206
0.6187290970,0.0083060715,0.0016083753,-0.0038167939,0.0000000000,-0.0025608195,-0.0038314176,0.4218893913
0.6562500000,0.0018903153,-0.0036204025,-0.0038314176,-0.0025412961,-0.0012836970,0.0051282051,2.3291796009
0.5955882353,-0.0072642148,-0.0121721164,0.0051282051,0.0127388535,0.0051413882,0.0089285714,-0.4285416359
0.5955882353,-0.0099017567,-0.0150062320,0.0102040816,0.0037735849,0.0127877238,0.0037926675,0.2415335811
0.5769230769,-0.0170442661,-0.0225123089,0.0025252525,0.0037593985,-0.0025252525,0.0088161209,0.3682454821
0.5769230769,-0.0205360784,-0.0269188947,0.0075566751,0.0074906367,0.0088607595,0.0062421973,1.0978721476
0.5925925926,-0.0198089176,-0.0273384547,0.0062500000,0.0185873606,0.0050188206,0.0024813896,-0.0766322636
0.5743243243,-0.0081687948,-0.0167955234,0.0049689441,-0.0085158151,-0.0024968789,-0.0086633663,-0.7271738079
0.5382585752,-0.0031786438,-0.0118504760,-0.0098887515,-0.0110429448,-0.0025031289,-0.0037453184,0.0609376111
0.5190839695,-0.0138120422,-0.0220027076,-0.0037453184,0.0024813896,-0.0012547051,0.0112781955,0.3369449589
0.5401459854,-0.0153475308,-0.0240011261,0.0100250627,0.0074257426,0.0113065327,0.0037174721,-0.0392124010
0.5555555556,-0.0117663306,-0.0210146410,0.0049627792,0.0000000000,0.0037267081,-0.0012345679,0.2421778263
0.5952380952,-0.0232372023,-0.0326116131,-0.0024691358,0.0110565111,0.0000000000,0.0135970334,0.1929272119
0.6181818182,-0.0124361713,-0.0230475051,0.0148514851,0.0012150668,0.0061881188,-0.0073170732,0.8010484327
0.5714285714,-0.0129481031,-0.0237389583,-0.0073170732,-0.0048543689,-0.0061500615,0.0024570025,-0.2969743682
0.5616045845,-0.0085260039,-0.0195775207,0.0024570025,0.0000000000,0.0061881188,-0.0024509804,-0.6582382058
0.5801104972,-0.0084324530,-0.0193320857,-0.0012254902,0.0012195122,0.0012300123,0.0012285012,-0.0002436787
0.5681818182,0.0321235341,0.0209329532,0.0012269939,-0.0060901340,-0.0393120393,-0.0380368098,4.1711961643
0.3613138686,0.0168058817,0.0090855725,-0.0379901961,-0.0269607843,0.0012787724,0.0102040816,-0.6803444585
0.3816254417,0.0091237767,0.0033451673,0.0076433121,0.0062972292,0.0063856960,0.0050505051,0.3418334386
0.3944636678,0.0270745384,0.0223630118,0.0063211125,0.0000000000,-0.0152284264,-0.0188442211,0.0490667748
0.3596214511,0.0361765300,0.0339452277,-0.0188442211,-0.0200250313,-0.0193298969,-0.0128040973,0.1846272940
0.3338213763,0.0252916278,0.0261072528,-0.0140845070,-0.0038314176,0.0091984231,0.0051880674,-0.5501513933
0.3032159265,0.0227202472,0.0254966036,0.0077922078,-0.0038461538,0.0013020833,-0.0012903226,0.1087819877
0.3465346535,0.0192248246,0.0236079663,-0.0025773196,-0.0012870013,-0.0026007802,0.0000000000,0.1660935734
0.3157894737,0.0149558468,0.0205407000,0.0000000000,0.0038659794,0.0065189048,0.0012919897,-0.2826424304
0.2352941176,0.0205560262,0.0269699014,0.0025839793,0.0000000000,-0.0103626943,-0.0077419355,3.3712065927
0.2352941176,0.0601296045,0.0680265158,-0.0090206186,-0.0128369705,-0.0484293194,-0.0403120936,1.2761112002
0.2079207921,0.0396094173,0.0515881848,-0.0403120936,-0.0273081925,0.0068775791,0.0108401084,-0.5016421497
0.2166666667,0.0433053897,0.0576915574,0.0121951220,0.0013368984,0.0040983607,-0.0093833780,-0.3595591633
0.2573529412,0.0324517430,0.0491590059,-0.0107095047,-0.0093457944,-0.0027210884,0.0040595399,-0.0051625576
0.2857142857,0.0246971801,0.0427070669,0.0040595399,0.0121293801,0.0095497954,0.0026954178,-0.0503072105
0.2391304348,0.0362180420,0.0551438252,0.0026954178,-0.0053262317,-0.0121621622,-0.0147849462,0.9593085596
0.2372881356,0.0181449381,0.0383104021,-0.0147849462,-0.0013386881,0.0013679891,0.0122783083,-0.5446942163
0.2903225806,0.0167236566,0.0368699935,0.0095497954,-0.0040214477,0.0068306011,-0.0013477089,-0.5790086731
0.3214285714,0.0155212604,0.0355363678,0.0000000000,0.0080753701,0.0027137042,-0.0013495277,-0.0309837845
0.3569844789,0.0145043260,0.0343017493,0.0013513514,-0.0026702270,-0.0054127199,-0.0013513514,0.2371040879
0.3569844789,0.0122728912,0.0317608790,-0.0040485830,-0.0080321285,-0.0040816327,0.0000000000,0.2933740504
0.3569844789,0.0158834467,0.0350104429,0.0000000000,-0.0013495277,0.0040983607,-0.0054127199,-0.2316071389
0.4150943396,0.0106896635,0.0296154022,-0.0040650407,0.0000000000,-0.0027210884,0.0027210884,0.3430491087
0.3750000000,0.0076778301,0.0260294984,0.0027210884,0.0013513514,0.0000000000,0.0013568521,-0.0411226008
0.5000000000,0.0024217404,0.0199552280,0.0013568521,0.0040485830,0.0054570259,0.0040650407,-0.5924090310
0.4444444444,0.0074876950,0.0240047539,0.0040650407,0.0067204301,-0.0040705563,-0.0053981107,2.7460372509
0.4761904762,0.0215832532,0.0377149062,-0.0053981107,-0.0026702270,-0.0163487738,-0.0149253731,1.0250285018
0.4190140845,0.0196672530,0.0363486870,-0.0149253731,-0.0214190094,-0.0055401662,-0.0013774105,-0.7372004232
0.4687500000,0.0887224569,0.1069434844,-0.0013774105,-0.0041039672,-0.0752089136,-0.0662068966,9.9421365898
0.2970297030,0.0578841834,0.0814501762,-0.0662068966,-0.0370879121,-0.0195783133,0.0162481536,-0.3633079708
