0.6632777552,-0.0300713326,0.0222392638,-0.0007518797,-0.0256410256,-0.0221036585,-0.0217554389,0.1236550918
0.6832844575,-0.0276819019,0.0182493128,-0.0165537998,-0.0150375940,-0.0031176929,0.0023006135,-0.6944186566
0.6237885463,-0.0113199490,0.0295004245,0.0000000000,0.0038167939,0.0031274433,-0.0122417751,0.7587879752
0.6482582838,0.0253682934,0.0635636996,-0.0068859985,-0.0129277567,-0.0366328917,-0.0340821069,1.5778430929
0.5882806476,0.0133392620,0.0504316077,-0.0369799692,-0.0254237288,-0.0048543689,0.0080192462,-0.2808539003
0.5871666022,0.0471069558,0.0837700065,0.0056000000,-0.0015810277,-0.0154471545,-0.0342084328,-0.6025006220
0.5442493730,0.0450245980,0.0829169639,-0.0318217979,-0.0308788599,-0.0090834021,-0.0049423394,-0.1696550201
0.6120996441,0.0398192919,0.0785606631,-0.0041084634,0.0236928105,0.0000000000,-0.0016556291,1.0644851387
0.6833393307,0.0345510837,0.0736315965,-0.0049504950,-0.0167597765,0.0000000000,-0.0008291874,-0.3364093900
0.6882928597,0.0404604165,0.0798269899,0.0008291874,-0.0056818182,-0.0158333333,-0.0107883817,-0.3025428575
0.2262443439,0.0290559254,0.0685353460,-0.0173985087,0.0000000000,0.0033869602,0.0050335570,0.1422317782
0.2452830189,0.0375771497,0.0769429139,0.0092748735,-0.0228571429,-0.0109704641,-0.0125208681,-0.1731240605
0.2571428571,0.0763798296,0.1175317355,-0.0091896408,-0.0091896408,-0.0358361775,-0.0414201183,1.4451432221
0.2251184834,0.0955439058,0.1410238859,-0.0455311973,-0.0337268128,-0.0495575221,-0.0282186949,0.2700304090
0.2227432591,0.0730549706,0.1224293646,-0.0247349823,-0.0279232112,0.0111731844,0.0072595281,-0.6491907200
0.2657807309,0.0421003327,0.0926880462,-0.0036231884,0.0152603232,0.0064456722,0.0189189189,0.6257103340
0.3306122449,0.0106039848,0.0595901482,0.0245454545,0.0335985853,0.0265324794,0.0247568523,-0.6311598961
0.4204463643,0.0107167211,0.0570000494,0.0283939663,0.2429426861,-0.0098039216,-0.0017256255,7.2552273981
0.4651353568,0.0480176571,0.0934146695,0.0008628128,-0.2009635237,-0.0036003600,-0.0371650821,-0.6492674660
0.4651353568,0.0332105011,0.0787482190,-0.0387931034,-0.0180878553,0.0000000000,0.0071813285,0.7226133264
0.4198078344,-0.0055779837,0.0377678015,0.0044843049,0.0210526316,0.0117434508,0.0338680927,-0.1346613986
0.4506792676,-0.0098413427,0.0296444394,0.0383928571,0.0120274914,0.0276785714,0.0051724138,0.2081941596
0.3902714932,-0.0074760688,0.0283304851,0.0094582975,-0.0008488964,-0.0095569070,-0.0008576329,-0.1477544270
0.4097387173,0.0005447895,0.0333277435,-0.0093696763,-0.0059473237,0.0087719298,-0.0068669528,-0.2750259512
0.4588093806,0.0021933757,0.0326440590,-0.0042992261,-0.0042735043,0.0000000000,-0.0017286085,-0.1555102485
0.4813880126,-0.0118329608,0.0161494514,0.0077720207,0.0369098712,0.0095652174,0.0138528139,1.0597943274
0.5490483163,-0.0108572045,0.0140871947,-0.0042844901,-0.0256622517,-0.0103359173,0.0008539710,-0.3795054869
0.5844155844,0.0071404977,0.0297373938,0.0077452668,-0.0050977060,-0.0052219321,-0.0162116041,-0.2998464323
0.5742092457,0.0166225937,0.0383412982,-0.0170794193,-0.0042698548,-0.0017497813,-0.0104076323,0.1097907571
0.5653621982,0.0312374999,0.0530364274,-0.0112945265,-0.0222984563,-0.0201577564,-0.0166520596,-0.1806558168
0.5101663586,0.0227854368,0.0453809548,-0.0175746924,-0.0052631579,-0.0053667263,0.0035650624,-0.2585953071
0.4502202643,0.0165715350,0.0392505291,0.0071556351,0.0008818342,0.0053956835,0.0026642984,1.2796438009
0.5164212911,0.0285992048,0.0512410963,0.0000000000,-0.0079295154,-0.0044722719,-0.0141718335,-0.8260388888
0.5074626866,0.0214461031,0.0446297459,-0.0088809947,0.0008880995,0.0026954178,0.0026954178,-0.3100951354
0.3333333333,0.0491705634,0.0730539281,0.0000000000,-0.0097604259,-0.0304659498,-0.0295698925,5.2154421617
0.2819843342,0.0592104674,0.0856871884,-0.0295698925,-0.0295698925,-0.0277264325,-0.0166204986,0.4848335145
0.2538190364,0.0501011647,0.0793399893,-0.0138504155,-0.0138504155,-0.0038022814,0.0000000000,-0.4965942362
0.2410714286,0.0453379071,0.0764953343,-0.0084269663,0.1207865169,-0.0038167939,-0.0028169014,1.3323960249
0.2395437262,0.0239009664,0.0559149601,0.0103871577,-0.0066833751,0.0249042146,0.0141242938,0.3419304980
0.2327365729,0.0183328401,0.0498235781,0.0065420561,-0.0841042893,0.0009345794,0.0018570102,-0.6778224847
0.2395437262,0.0638231874,0.0959004322,-0.0046425255,-0.0156106520,-0.0401493931,-0.0454124189,0.4462610975
0.2012779553,0.0251410412,0.0589807340,-0.0382462687,0.0895522388,0.0000000000,0.0281553398,6.2175292305
0.2886597938,0.0300269589,0.0636513204,0.0281280310,-0.0898972603,0.0155642023,-0.0084985836,-0.8405120893
0.3043478261,0.0352671135,0.0691184886,-0.0075471698,0.0301034807,-0.0134099617,-0.0095238095,0.2751141716
0.3453510436,0.0469550928,0.0816799068,-0.0171102662,-0.0493150685,-0.0203883495,-0.0163461538,0.1598273229
0.3873517787,0.0407485819,0.0766820184,-0.0164410058,-0.0019212296,0.0069375619,-0.0009775171,-0.6593581050
0.4117647059,0.0274422933,0.0637161419,0.0078662734,0.0000000000,0.0029527559,0.0068493151,0.5027636085
0.4308943089,0.0232204020,0.0589964277,0.0029268293,0.2964388835,-0.0029440628,0.0000000000,1.0740523624
0.4643304130,0.0246267826,0.0597758645,0.0068093385,-0.2308834447,-0.0059055118,-0.0048590865,-0.1796378523
0.4966532798,0.0349882772,0.0699766091,-0.0106280193,-0.0048262548,-0.0168316832,-0.0136718750,0.2080876673
0.4953271028,0.0357584860,0.0711564623,-0.0078125000,0.0484966052,0.0020140987,-0.0059405941,0.3400061638
0.4884792627,0.0200968533,0.0553739208,-0.0068897638,-0.0536540241,0.0070351759,0.0099601594,-0.7670158865
0.4637681159,0.0180089833,0.0523099299,0.0049554014,-0.0078201369,0.0059880240,-0.0009861933,-0.5334158416
0.5520000000,0.0043324896,0.0371726336,0.0019723866,0.0088669951,-0.0049603175,0.0108588351,0.5784388026
0.6440677966,0.0135640390,0.0446204771,0.0029527559,-0.0029296875,0.0059820538,-0.0097656250,-0.0698995719
0.5350318471,0.0174979618,0.0475135616,-0.0078508342,-0.0097943193,-0.0069375619,-0.0059171598,-0.4380968769
0.5454545455,0.0127964509,0.0419267236,-0.0019782394,0.0039564787,0.0039920160,0.0019841270,1.5645383555
0.5000000000,0.0148469620,0.0429515416,0.0039643211,0.0620689655,-0.0049701789,-0.0039603960,0.4958206460
0.5607476636,0.0166049810,0.0439207241,-0.0069101678,-0.0667903525,-0.0059940060,-0.0039761431,-0.3719041252
0.5454545455,-0.0028670567,0.0233058605,-0.0059642147,0.0139165010,0.0050251256,0.0169660679,-0.0209074733
0.6153846154,0.0015053552,0.0256054295,0.0120000000,0.0176470588,0.0110000000,-0.0039254171,0.6026643733
0.6250000000,0.0092282706,0.0318414717,0.0039525692,-0.0211946050,-0.0148367953,-0.0078817734,-0.0055482996
0.6122448980,0.0108199168,0.0325589881,-0.0098425197,-0.0098425197,0.0040160643,-0.0029791460,-0.8000631230
0.6617647059,0.0182833522,0.0394651257,-0.0059642147,-0.0049701789,-0.0060000000,-0.0089641434,-0.4107852123
0.6474820144,0.0154705288,0.0365417830,-0.0060000000,-0.0039960040,-0.0030181087,0.0000000000,2.5966640740
0.6474820144,0.0090340292,0.0296955049,-0.0030181087,0.0020060181,-0.0080726539,0.0040201005,0.7069466804
0.5862068966,0.0046272798,0.0244195030,0.0070635721,0.0130130130,0.0101729400,0.0030030030,0.0589684394
0.5200000000,0.0039153906,0.0226106509,0.0020040080,-0.0079051383,0.0040281974,0.0000000000,-0.5940021535
0.5449101796,0.0113879767,0.0291525749,0.0020000000,0.0039840637,-0.0060180542,-0.0079840319,3.0189575011
0.5321637427,-0.0312952081,-0.0146417315,-0.0049900200,0.0595238095,0.0030272452,0.0422535211,5.6169845292
0.7427652733,-0.0092670539,0.0038848561,0.0401203611,-0.0177902622,0.0130784708,-0.0173745174,-0.7731130304
0.6814159292,0.0521015650,0.0642310798,-0.0163934426,-0.0266920877,-0.0675273088,-0.0569744597,1.7066870703
0.5167785235,0.0354571302,0.0507172450,-0.0509803922,-0.0411361410,0.0085197018,0.0083333333,-0.6104320246
0.4801444043,0.0506239379,0.0679216847,0.0061983471,-0.0051072523,-0.0073917635,-0.0196280992,0.0334769161
0.4478114478,0.0687376049,0.0892905356,-0.0308008214,0.0451745380,-0.0287234043,-0.0242360379,1.4037187901
0.4195583596,0.0490990976,0.0734029621,-0.0254237288,-0.0825147348,-0.0098576123,0.0086393089,-0.4844192165
0.3661971831,0.0562468996,0.0830401402,-0.0043478261,-0.0107066381,-0.0044247788,-0.0139186296,0.3001816165
0.3594470046,0.0579316245,0.0875162129,0.0010917031,0.0054112554,0.0122222222,-0.0097719870,-0.4683513400
0.3807531381,0.0410287149,0.0727993251,-0.0032715376,-0.0064585576,-0.0230515917,0.0076754386,0.4914057187
0.3914473684,0.0518855751,0.0851181783,-0.0032822757,-0.0054171181,0.0157303371,-0.0163220892,-0.9402270716
0.4436860068,0.0302275915,0.0646802050,-0.0076838639,0.0185185185,0.0000000000,0.0132743363,8.2757563902
0.4304682041,0.0244587880,0.0587332563,0.0165929204,-0.0160427807,0.0066371681,0.0010917031,-0.3885331065
0.3699186992,0.0240461029,0.0578434193,-0.0065288357,-0.0032608696,-0.0021978022,-0.0032715376,-0.5495901498
0.2671614100,0.0103974930,0.0432856679,0.0010952903,0.0065430752,0.0044052863,0.0098468271,-0.5790749911
0.2727272727,-0.0052132030,0.0256337760,0.0131291028,0.0184182015,0.0010964912,0.0140845070,2.3618337275
0.3774403471,0.0625668680,0.0926065442,0.0053995680,-0.0021276596,-0.0525739321,-0.0630341880,12.8893578644
0.2926421405,0.0469721416,0.0795917729,-0.0526315789,-0.0511727079,0.0069364162,0.0057012543,-0.7812632301
0.2787162162,0.0397456583,0.0736960860,0.0011337868,-0.0022471910,0.0045924225,0.0000000000,-0.7576306306
0.2840909091,0.0312924101,0.0658202907,-0.0056625142,-0.0011261261,-0.0045714286,0.0022675737,2.3353256743
0.2611940299,0.0184138302,0.0526095699,0.0034168565,0.0078917700,0.0114810563,0.0079185520,-0.6429148489
0.2456140351,-0.0078041540,0.0245645781,0.0124858116,0.0279642058,0.0124858116,0.0235690236,2.2658576717
0.2500000000,0.0401579729,0.0708879695,0.0112107623,-0.0141458107,-0.0235426009,-0.0449561404,1.6137442848
0.2287581699,0.0234050296,0.0547384485,-0.0288248337,-0.0187637969,-0.0149253731,0.0103329506,1.5102595982
0.2036082474,0.0268052003,0.0578966805,0.0034246575,-0.0078740157,0.0046620047,-0.0068181818,-0.7871826596
0.2350877193,0.0054257330,0.0358306241,-0.0022753129,0.0113378685,0.0139211137,0.0171624714,-0.4243408293
0.2709030100,0.0206644609,0.0497073278,0.0136830103,-0.0011210762,0.0011441648,-0.0157480315,-0.0579939515
0.2523364486,0.0280596408,0.0568962363,-0.0168728909,-0.0011223345,-0.0137142857,-0.0102857143,0.6120749884
0.2850356295,0.0143721298,0.0430461698,-0.0148741419,-0.0168539326,-0.0023174971,0.0092378753,-0.2060436584
0.2705977383,-0.0004194997,0.0269327813,0.0197444832,0.0125714286,0.0162601626,0.0125858124,0.2172048321
0.3577981651,0.0227582188,0.0486357434,-0.0011389522,-0.0101580135,-0.0114285714,-0.0225988701,-0.3580710259
0.3668341709,0.0087611733,0.0342718854,-0.0125427594,0.0079817560,0.0000000000,0.0104046243,0.0009647292
0.3628318584,0.0097238815,0.0340995878,0.0080831409,0.0056561086,0.0069364162,-0.0022883295,0.3603778758
0.4270462633,0.0140423628,0.0375227910,-0.0057273769,-0.0168728909,-0.0057405281,-0.0057339450,-0.6896800239
0.4675205855,0.0118819993,0.0347433250,-0.0034562212,-0.0080091533,-0.0138568129,0.0000000000,0.4843433250
0.4287396938,0.0123893844,0.0345562650,-0.0057803468,0.0000000000,0.0000000000,-0.0023068051,-0.3458193004
0.5565749235,0.0187273617,0.0404160939,0.0058139535,-0.0023068051,-0.0011709602,-0.0080924855,1.2214362446
0.5695364238,0.0076255082,0.0290269841,-0.0069364162,0.0000000000,0.0070339977,0.0081585082,-0.9000538326
0.5426356589,0.0087848035,0.0292566212,0.0046565774,-0.0023121387,0.0046565774,-0.0023121387,-0.3249041446
0.5343511450,0.0168595717,0.0366996579,-0.0069524913,-0.0069524913,-0.0139049826,-0.0092699884,4.2293441515
0.5600000000,0.0311501209,0.0511936930,-0.0105017503,-0.0081680280,-0.0235017626,-0.0163742690,2.1031522329
0.5384615385,0.0275796491,0.0486484743,-0.0058962264,-0.0082352941,0.0036101083,-0.0011890606,-0.2040965984
0.5704225352,0.0394229335,0.0614724331,0.0000000000,0.0047449585,-0.0083932854,-0.0154761905,-0.0506543817
0.5194805195,0.0137449061,0.0368587740,-0.0118623962,-0.0047225502,0.0024183797,0.0193470375,-0.4562047821
0.6400000000,0.0299569411,0.0528627063,0.0132052821,0.0083036773,-0.0217129071,-0.0177935943,4.1517431602
0.6250000000,0.0155362366,0.0389091804,-0.0201421801,-0.0117647059,-0.0024660912,0.0096618357,-0.1665282245
0.5812500000,0.0241718196,0.0473017990,0.0072551391,-0.0047619048,0.0160692213,-0.0107655502,-0.6500595137
0.5670731707,0.0070581093,0.0300965568,-0.0108043217,0.0035885167,-0.0036496350,0.0133010883,0.5595777994
0.5709969789,0.0120104951,0.0340368532,0.0182038835,0.0035756853,0.0109890110,-0.0059665871,-0.5062139754
0.5608308605,0.0029386785,0.0241388544,-0.0059594756,0.0166270784,0.0024154589,0.0072028812,4.9609674875
0.5340751043,-0.0174226219,0.0020470955,0.0047961631,0.0000000000,0.0084337349,0.0202622169,-0.7234514250
0.5807259074,-0.0042731275,0.0125413373,0.0202863962,0.0035046729,0.0000000000,-0.0105140187,0.0509914412
0.5563549161,0.0143479355,0.0298505528,-0.0093567251,-0.0081490105,-0.0095579450,-0.0177095632,0.5505154222
0.5339470656,0.0085041277,0.0239472831,-0.0106257379,-0.0117370892,0.0012062726,0.0036057692,-0.6060090037
0.5150784077,0.0120439149,0.0270936193,-0.0047732697,-0.0083135392,-0.0048192771,-0.0047904192,0.7884147250
0.5041322314,0.0175378486,0.0325418604,0.0011990408,0.0000000000,-0.0096852300,-0.0072202166,0.9602025982
0.5304347826,0.0222744413,0.0376781020,-0.0155688623,-0.0143712575,-0.0036674817,-0.0072727273,-0.5566094777
0.5106382979,0.0126652764,0.0286074766,-0.0024330900,0.0048602673,0.0024539877,0.0061050061,-0.5734573425
0.5192878338,0.0181303428,0.0340176591,0.0036585366,0.0000000000,-0.0097919217,-0.0072815534,0.6801208882
0.5283018868,0.0141013266,0.0302383723,-0.0085054678,-0.0084643289,-0.0037082818,0.0012224939,-0.2493942052
0.4958813839,0.0057915284,0.0217606380,-0.0049019608,0.0097560976,0.0049627792,0.0061050061,0.1013645996
0.4584070796,0.0110354478,0.0263767531,0.0110837438,0.0036231884,0.0000000000,-0.0060679612,1.1759787085
0.4584070796,0.0081067870,0.0231736233,-0.0048721072,-0.0120336943,0.0086419753,0.0012210012,-0.9214406135
0.4226415094,0.0281754209,0.0430819279,-0.0097919217,-0.0121802680,-0.0171358629,-0.0207317073,1.0602777193
0.2608695652,0.0013935625,0.0170916092,0.0000000000,0.0123304562,0.0049813200,0.0224159402,-0.0653561399
0.3948717949,-0.0024659015,0.0121271701,0.0148331273,0.0048721072,0.0136307311,0.0036540804,0.4853318765
0.4122137405,0.0040057358,0.0174024196,0.0000000000,-0.0048484848,-0.0110024450,-0.0060679612,-0.3224833572
0.4400000000,0.0145382406,0.0274034998,-0.0121802680,-0.0036540804,0.0000000000,-0.0109890110,1.5074643070
0.4162162162,0.0160647911,0.0291854087,-0.0086313194,-0.0097799511,-0.0061804697,-0.0037037037,0.0730461139
0.4301675978,-0.0024758770,0.0107414463,0.0087064677,0.0197530864,0.0087064677,0.0161090458,1.7099305948
0.4670050761,0.0027967184,0.0148964982,0.0197287300,0.0036319613,0.0049321825,-0.0048780488,-0.0591817742
0.4939759036,-0.0097687330,0.0015195303,-0.0084643289,0.0048250905,0.0012269939,0.0122549020,2.1860785338
0.5041186161,0.0002105092,0.0099660064,0.0121951220,0.0024009604,0.0036764706,-0.0084745763,-0.8017098348
0.5384615385,-0.0022583643,0.0067692508,-0.0144578313,-0.0143712575,-0.0048840049,0.0024420024,-0.2140691936
0.5230524642,0.0005264123,0.0087251333,0.0000000000,-0.0012150668,-0.0012269939,-0.0024360536,-0.3792713247
0.5384615385,-0.0007746296,0.0068494627,-0.0036674817,0.0072992701,-0.0049140049,0.0012210012,-0.2878270470
0.5384615385,-0.0874582113,-0.0810684655,0.0061349693,0.0990338164,0.0012345679,0.0951219512,31.3737246278
0.7812500000,-0.0656795343,-0.0667493571,0.1048780488,0.0252747253,0.0838471023,-0.0089086860,0.0770488335
0.7666325486,-0.0671051516,-0.0732590618,-0.0231788079,-0.0267952840,0.0022753129,0.0123595506,-0.7604742249
0.7792836399,-0.0254127697,-0.0368314800,0.0056497175,-0.0198237885,-0.0147559591,-0.0321864595,-0.4356972036
0.6839422260,-0.0078496679,-0.0206255928,-0.0191011236,-0.0191011236,-0.0115207373,-0.0137614679,4.5327524613
0.6736401674,-0.0020001670,-0.0145141158,-0.0045819015,0.0057273769,-0.0023310023,-0.0046511628,-0.9163548830
0.6702747710,0.0018185975,-0.0099692623,-0.0161104718,-0.0239179954,-0.0198598131,-0.0035046729,0.5880126287
0.7028423773,0.0393097418,0.0281339769,-0.0023391813,0.0000000000,-0.0202622169,-0.0363423212,0.5292390965
0.6296296296,0.0332620892,0.0260499786,-0.0363423212,-0.0303383897,-0.0158150852,0.0000000000,-0.4701457996
0.6571428571,0.0206945197,0.0166991886,0.0024330900,0.0120336943,0.0185414091,0.0072992701,-0.1621982709
0.6065428824,0.0126188689,0.0105801818,0.0097087379,-0.0107015458,0.0012135922,0.0048309179,-0.8220249321
0.6113537118,0.0022451534,0.0013714643,0.0012019231,0.0084134615,-0.0012121212,0.0084134615,0.4310329973
0.5515463918,0.0127637183,0.0121270176,0.0012004802,-0.0059594756,0.0036407767,-0.0107270560,-0.5959060807
0.6072013093,0.0059521074,0.0063787021,-0.0047961631,0.0000000000,-0.0012091898,0.0048192771,-0.3323897497
0.3181818182,0.0135433572,0.0144205266,0.0000000000,-0.0047961631,-0.0024213075,-0.0083932854,3.9964293684
0.3204577969,0.0126842913,0.0145791583,-0.0036144578,-0.0024096386,0.0024271845,-0.0012091898,1.8938764572
0.3043478261,0.0119579926,0.0147277046,-0.0048367594,-0.0024154589,-0.0072639225,-0.0012106538,-0.8771897331
0.3818181818,-0.0019789237,0.0014974010,0.0085054678,0.0193704600,0.0121951220,0.0121212121,1.6277491517
0.4366197183,-0.0076168878,-0.0045741514,0.0048192771,0.0000000000,-0.0048192771,0.0059880240,3.1368310297
0.4090909091,-0.0099808416,-0.0077789719,0.0095923261,0.0011876485,0.0108958838,0.0035714286,-0.1165820780
0.3624535316,-0.0025291302,-0.0012791405,-0.0035629454,-0.0047449585,-0.0035928144,-0.0059311981,-0.6073443001
0.5477528090,0.0210093433,0.0219871572,-0.0047675805,-0.0047675805,-0.0252403846,-0.0226730310,5.1690441274
0.4431818182,0.0103751211,0.0129376899,-0.0203592814,-0.0047904192,0.0086313194,0.0073260073,-0.5614924147
0.4431818182,0.0112304163,0.0144385876,0.0061124694,-0.0084235860,-0.0097799511,-0.0024242424,0.6487445482
0.4813359528,0.0144330759,0.0183183620,-0.0012150668,-0.0012135922,0.0012345679,-0.0048602673,-0.6127990913
0.4827586207,0.0036345298,0.0083431290,0.0012165450,0.0036452005,0.0073982737,0.0085470085,-0.2754361587
0.5114822547,0.0030753713,0.0077251194,0.0048602673,0.0036319613,0.0061199510,0.0000000000,0.6076337098
0.5266990291,0.0087082192,0.0132865844,-0.0024183797,0.0156815440,-0.0012165450,-0.0060532688,0.9534933810
0.5398009950,0.0085969914,0.0135369081,-0.0048484848,-0.0178147268,-0.0012180268,-0.0012180268,-0.8311381004
0.5398009950,0.0085042606,0.0137704796,-0.0024360536,-0.0096735187,-0.0109756098,-0.0012195122,0.5518332496
0.5398009950,0.0196458004,0.0252689910,-0.0061050061,-0.0036630037,-0.0049321825,-0.0122100122,0.9811955853
0.4719101124,0.0116215326,0.0183620492,-0.0036855037,-0.0036764706,0.0049566295,0.0049443758,-0.9207848006
0.4597701149,0.0110772420,0.0182543628,0.0049321825,0.0036900369,-0.0024660912,-0.0012300123,4.5526912766
0.5151515152,0.0156269112,0.0232026970,-0.0024539877,-0.0036764706,-0.0024721879,-0.0061576355,-0.4650696379
0.5151515152,0.0157400947,0.0240218271,-0.0086100861,-0.0086100861,-0.0173482032,-0.0024783147,6.4620565160
0.6219512195,0.0133185416,0.0222424325,-0.0012406948,0.0037220844,0.0126103405,0.0000000000,-0.9209684022
0.6149068323,0.0075148216,0.0168055076,0.0099378882,0.0135970334,0.0062266501,0.0037267081,3.0725217801
0.5628140704,-0.0022848764,0.0068380484,-0.0061500615,-0.0048780488,-0.0086633663,0.0086633663,-0.0777347364
0.5951417004,-0.0007072309,0.0075678058,0.0049504950,-0.0024509804,0.0137328340,-0.0012269939,-0.3730056734
0.5894736842,0.0030984971,0.0107322851,0.0049261084,0.0085995086,-0.0012315271,-0.0036855037,-0.3866919962
0.5915492958,0.0075914300,0.0149431861,-0.0024509804,-0.0085261876,-0.0061652281,-0.0049321825,0.0354581024
0.6000000000,0.0014596533,0.0088358578,-0.0049140049,-0.0036855037,0.0037220844,0.0049566295,-0.8038258679
0.5714285714,0.0049525483,0.0119245974,0.0000000000,0.0024660912,-0.0012360939,-0.0036991369,14.7431781701
0.5538461538,-0.0007561341,0.0060607949,0.0012345679,0.0036900369,-0.0024752475,0.0049504950,-0.7854047716
0.6184738956,-0.0055386302,0.0006823773,0.0024660912,0.0024509804,0.0074441687,0.0049261084,1.3024112127
0.6184738956,-0.0010137898,0.0043241992,0.0086100861,0.0024449878,0.0012315271,-0.0036764706,-0.6683347090
0.5945945946,0.0040823122,0.0089680607,-0.0085365854,-0.0060975610,-0.0061500615,-0.0049200492,0.7295069218
0.6062992126,0.0109520544,0.0158377855,-0.0012300123,-0.0036809816,-0.0061881188,-0.0074165637,0.5942980484
0.5620437956,0.0155908518,0.0210221639,-0.0061576355,-0.0061576355,-0.0149439601,-0.0062266501,1.2708298076
0.5482866044,0.0119241838,0.0181890405,-0.0111524164,-0.0061957869,0.0088495575,0.0012531328,-0.6494348528
0.5245901639,0.0203055190,0.0271258175,-0.0075187970,-0.0024937656,-0.0175438596,-0.0100125156,3.0447845805
0.4415094340,0.0275742529,0.0355902294,-0.0012626263,-0.0112500000,-0.0012755102,-0.0101137800,0.3006657323
0.3993174061,0.0181308807,0.0277038327,-0.0037926675,0.0063211125,0.0038314176,0.0051085568,-0.6591551952
0.3988269795,0.0166332975,0.0269565973,-0.0025380711,-0.0125628141,0.0000000000,-0.0012706480,-0.9502469868
0.4171779141,0.0153661431,0.0262654936,-0.0050890585,-0.0012722646,-0.0101781170,-0.0012722646,28.5814138205
0.4285714286,0.0065907153,0.0178368641,0.0089514066,0.0063694268,0.0077120823,0.0063694268,-0.7193566576
0.4444444444,-0.0119332840,-0.0011849057,0.0025348542,0.0177215190,0.0089285714,0.0177215190,0.5412361271
0.5544554455,-0.0125537282,-0.0035758021,0.0101137800,0.0024875622,-0.0037926675,0.0024875622,-0.4232416661
0.5360824742,-0.0044464951,0.0029106019,0.0125156446,0.0086848635,0.0076142132,-0.0062034739,6.8664298784
0.5226130653,-0.0025171220,0.0039483705,-0.0086526576,-0.0024600246,-0.0138539043,-0.0012484395,0.6950757317
0.5430809399,-0.0083278236,-0.0025779889,-0.0012468828,-0.0073982737,0.0229885057,0.0062500000,-0.8716098411
0.5549872123,-0.0070466199,-0.0023870268,0.0049937578,0.0000000000,0.0049937578,0.0000000000,-1.0000000000
0.5636363636,0.0065410915,0.0103406050,-0.0149068323,-0.0099378882,-0.0149068323,-0.0124223602,-1.0000000000
0.5526315789,-0.0019973259,0.0020122774,0.0000000000,0.0075282309,-0.0025220681,0.0075471698,3.0888709352
0.5806451613,0.0058443697,0.0094244517,0.0088272383,-0.0037359900,0.0000000000,-0.0074906367,-0.3725054337
0.6000000000,0.0036827419,0.0074591000,-0.0075000000,-0.0050000000,0.0037926675,0.0012578616,-0.8061875148
0.5789473684,0.0043779476,0.0081731232,0.0050377834,0.0025125628,0.0012594458,-0.0012562814,1.0199025183
0.5789473684,0.0062358281,0.0101088611,-0.0025062657,-0.0025062657,-0.0025157233,-0.0025157233,-0.2587975065
0.5689655172,-0.0035196992,0.0005281561,-0.0062814070,0.0163316583,-0.0025220681,0.0088272383,7.0160065111
0.5833333333,0.0109219701,0.0144375497,0.0025284450,-0.0173053152,-0.0025284450,-0.0137500000,-0.1364943988
0.4495412844,0.0092416670,0.0133681016,-0.0050441362,-0.0075471698,0.0000000000,0.0000000000,-1.0000000000
0.4801444043,0.0052716549,0.0098181300,0.0025348542,0.0025348542,0.0025348542,0.0025348542,-1.0000000000
0.4483985765,-0.0043504271,0.0002391869,0.0075853350,0.0189633375,0.0000000000,0.0088495575,79.7829373650
0.4375000000,-0.0036811306,0.0002214694,-0.0075282309,-0.0099255583,0.0000000000,0.0000000000,-0.8434195575
0.4339622642,0.0069802372,0.0103337231,0.0126422250,0.0037593985,-0.0012642225,-0.0100250627,0.1003158883
0.4207317073,0.0161969566,0.0198963262,-0.0162297129,-0.0162297129,-0.0151898734,-0.0101265823,73.1423029174
0.4339622642,0.0150030750,0.0197265224,-0.0038071066,0.0012690355,0.0038560411,-0.0012787724,-0.5999303016
0.4456928839,0.0024267737,0.0079406820,0.0000000000,0.0050697085,0.0051216389,0.0102432778,-0.9374236499
0.4918032787,0.0201550341,0.0255498186,0.0050955414,-0.0025220681,-0.0127388535,-0.0177439797,6.2975921746
0.4827586207,0.0092407826,0.0157930353,-0.0152091255,-0.0101137800,0.0025806452,0.0077419355,0.1840777211
0.4500000000,0.0169337670,0.0237993594,-0.0012870013,-0.0089399745,-0.0077220077,-0.0089628681,-0.3603247093
0.4235294118,0.0209236863,0.0286816744,-0.0038659794,-0.0012886598,-0.0025940337,-0.0064599483,-0.2887858666
0.4270557029,0.0046404130,0.0133792226,0.0064683053,0.0090322581,0.0104031209,0.0130039012,-0.6697716953
0.4794188862,-0.0037468203,0.0046501704,0.0102827763,0.0102301790,0.0051480051,0.0077021823,-0.0090484624
0.4756097561,0.0045073770,0.0120410590,-0.0076335878,-0.0126582278,-0.0025608195,-0.0076433121,-0.5768180932
0.5138888889,0.0012433481,0.0085597583,0.0012820513,0.0012820513,0.0025673941,0.0025673941,-0.8392075559
0.4776119403,0.0010520638,0.0079257021,0.0000000000,0.0000000000,0.0000000000,0.0000000000,-1.0000000000
0.4776119403,0.0008902078,0.0073386131,0.0064020487,0.0064020487,-0.0064020487,0.0000000000,-1.0000000000
0.4836272040,0.0098039928,0.0159003934,-0.0139949109,-0.0139949109,-0.0025773196,-0.0089628681,0.2990094699
0.4897959184,0.0082956862,0.0147225865,-0.0012903226,-0.0012903226,0.0000000000,0.0000000000,-0.9889391654
0.4507042254,0.0096282854,0.0162580142,0.0038759690,0.0038759690,-0.0038759690,-0.0025839793,41.9242424242
0.4675324675,0.0042445062,0.0111244767,-0.0090090090,-0.0025740026,-0.0012970169,0.0038860104,0.7813272150
0.5000000000,-0.0015617246,0.0051127626,0.0116883117,0.0051612903,0.0116883117,0.0051612903,-0.6109184583
0.4807692308,0.0077339161,0.0138443222,0.0012836970,0.0012836970,-0.0089858793,-0.0089858793,1.2266361090
0.4807692308,0.0078495875,0.0141324599,-0.0128205128,-0.0102564103,-0.0025906736,-0.0012953368,-0.1917886551
0.5208333333,0.0132127286,0.0196984414,-0.0025974026,-0.0025906736,-0.0051948052,-0.0064850843,3.1109381633
0.4455445545,0.0072352157,0.0142669726,-0.0026041667,-0.0012987013,-0.0013054830,0.0039164491,-0.8212859700
0.3913043478,0.0180367095,0.0252087012,-0.0065274151,-0.0104031209,-0.0065359477,-0.0117035111,-0.9256548536
0.3673469388,0.0046861870,0.0126815838,0.0091984231,0.0091984231,0.0105263158,0.0105263158,6.2979274611
0.4655172414,-0.0025287185,0.0051979498,0.0039062500,0.0065104167,0.0039062500,0.0065104167,-0.7926872559
0.4709897611,0.0162661707,0.0233470151,-0.0064850843,-0.0090556274,-0.0155642023,-0.0181112549,24.7363013699
0.4170984456,0.0259288471,0.0338770178,-0.0091383812,-0.0091383812,-0.0144927536,-0.0118577075,0.6432468397
0.4065656566,0.0274193637,0.0368977303,-0.0118577075,-0.0118577075,-0.0040106952,-0.0053333333,-0.5030366831
0.4191343964,0.0177439280,0.0286490208,0.0000000000,0.0000000000,0.0067114094,0.0053619303,-0.9783281734
0.3913043478,0.0056282295,0.0170345486,0.0000000000,0.0093333333,0.0000000000,0.0093333333,30.3045112782
0.4246575342,-0.0005189258,0.0104335831,0.0160000000,0.0092470277,0.0146666667,0.0052840159,0.7976462111
0.4246575342,0.0142211356,0.0244690824,-0.0118110236,-0.0143979058,-0.0144546649,-0.0144546649,-0.7484133877
0.4056074766,0.0093416907,0.0199367265,-0.0053120850,-0.0013280212,-0.0013333333,0.0026666667,5.0061072756
0.3523131673,0.0160109781,0.0266512987,0.0133511348,0.0093085106,-0.0040053405,-0.0079787234,-0.5958707281
0.3479789104,0.0371832950,0.0485722055,-0.0184453228,-0.0184453228,-0.0402144772,-0.0227882038,1.5406410677
0.3333333333,0.0357250310,0.0492923398,-0.0134228188,-0.0080536913,0.0139664804,-0.0041152263,-0.3873579056
0.3535353535,0.0316498777,0.0470833189,0.0000000000,-0.0054127199,-0.0082644628,-0.0013774105,-0.3124121451
0.3512974052,0.0183529175,0.0350299010,-0.0054421769,-0.0054421769,0.0152777778,0.0082758621,-0.9814985178
0.3614931238,0.0141420565,0.0310246630,-0.0013679891,0.0013679891,-0.0013679891,0.0013679891,11.9392265193
0.3544303797,0.0217370651,0.0386590720,-0.0027397260,-0.0054644809,-0.0068493151,-0.0095628415,2.5516652434
0.3636363636,0.0226244507,0.0400992962,-0.0068681319,-0.0068681319,-0.0041379310,-0.0041379310,-0.8063236355
0.3684210526,0.0121345241,0.0299960413,0.0013831259,0.0055325035,-0.0013850416,0.0069252078,8.2960893855
0.3779697624,0.0102676743,0.0277741124,0.0041436464,0.0000000000,0.0083217753,0.0000000000,-1.0000000000
0.3442622951,0.0086880321,0.0257167707,0.0000000000,0.0000000000,0.0000000000,0.0000000000,-1.0000000000
0.3379310345,0.0115255198,0.0280541389,-0.0013755158,0.0082530949,-0.0068775791,-0.0041265475,-1.0000000000
0.3798449612,0.0167742848,0.0331107976,-0.0055096419,-0.0150068213,-0.0083102493,-0.0069060773,2.3712644313
0.4155844156,0.0198674361,0.0364240657,0.0013850416,0.0013850416,-0.0139664804,-0.0055632823,-0.7391446829
0.4266666667,0.0371181153,0.0543710136,-0.0165975104,-0.0138312586,-0.0127478754,-0.0195804196,2.7792713568
0.4444444444,0.0328810755,0.0518440218,-0.0112517581,-0.0098176718,0.0043041607,-0.0014265335,-0.4439051956
0.4571428571,0.0190874135,0.0390971767,0.0000000000,0.0141643059,-0.0014285714,0.0085714286,0.9543009146
0.4598540146,0.0204872364,0.0406230003,0.0000000000,-0.0181564246,0.0057224607,-0.0042492918,-0.9066939912
0.4444444444,0.0320155177,0.0525866725,-0.0099573257,-0.0099573257,-0.0142247511,-0.0142247511,1.9323061793
0.4974874372,0.0182738298,0.0396897209,0.0000000000,0.0043103448,0.0043290043,0.0086580087,-0.8140301845
0.5132075472,0.0025540501,0.0235707194,0.0129310345,0.0128755365,0.0129310345,0.0128755365,0.7057409077
0.5321637427,0.0165187285,0.0364640631,-0.0099290780,-0.0141242938,-0.0099290780,-0.0141242938,0.1296916300
0.5283018868,0.0110803074,0.0308094128,0.0042979943,0.0042979943,0.0014326648,0.0028653295,-0.0792388083
0.4791666667,0.0079357365,0.0270600055,0.0000000000,0.0000000000,0.0028612303,0.0014285714,-0.1578858208
0.4343891403,-0.0032385415,0.0149208305,0.0028530670,0.0128388017,0.0028530670,0.0099857347,0.7682558841
0.4348697395,0.0029259440,0.0195758996,0.0042674253,-0.0042253521,0.0014224751,-0.0056497175,0.4012514221
0.4401622718,0.0486522471,0.0650231596,-0.0141643059,-0.0155586987,-0.0440340909,-0.0440340909,8.3635625558
0.3312977099,0.0169892358,0.0355864463,-0.0301724138,-0.0100574713,0.0029717682,0.0237741456,-0.7421248407
0.4057553957,0.0143755072,0.0329504132,0.0207407407,0.0000000000,0.0207407407,0.0000000000,-1.0000000000
0.3666146646,0.0106969866,0.0290161496,-0.0014513788,0.0014513788,-0.0014513788,0.0014513788,-1.0000000000
0.3409090909,0.0090512963,0.0268668052,0.0029069767,0.0000000000,0.0029069767,0.0000000000,-1.0000000000
0.3037974684,0.0032966299,0.0204399760,0.0000000000,0.0043478261,0.0000000000,0.0043478261,-1.0000000000
0.2727272727,0.0027894561,0.0189259037,0.0043478261,0.0000000000,0.0043478261,0.0000000000,-1.0000000000
0.2708333333,0.0023603090,0.0175239849,0.0000000000,0.0000000000,0.0000000000,0.0000000000,-1.0000000000
0.2500000000,0.0092791408,0.0236112747,-0.0101010101,-0.0072150072,-0.0101010101,-0.0072150072,-1.0000000000
0.2727272727,0.0107899235,0.0248414817,0.0014577259,0.0029069767,-0.0058309038,-0.0029069767,5.5648920863
0.3478260870,0.0003802537,0.0141314179,0.0029112082,0.0028985507,0.0014662757,0.0087463557,-0.4628501293
0.3859649123,-0.0543406377,-0.0422751706,0.0029027576,0.0693641618,0.0117130307,0.0578034682,7.0087318427
0.5569620253,-0.0907002018,-0.0841838166,0.0535455861,0.1013513514,0.0463096961,0.0491803279,3.3554957764
0.5730337079,-0.0219878308,-0.0232607550,0.0508241758,-0.0527607362,-0.0082987552,-0.0559895833,-0.0835197125
0.5049504950,-0.0020879221,-0.0050699280,-0.0575163399,-0.0660621762,-0.0125523013,-0.0165517241,-0.7036865912
0.5259938838,-0.0045589643,-0.0074784495,-0.0110957004,0.0055478502,0.0014124294,0.0028050491,-0.2719441070
0.4861878453,0.0131462683,0.0100270121,0.0042075736,0.0000000000,-0.0084626234,-0.0167832168,-0.4531664142
0.5403726708,-0.0127499901,-0.0145460526,-0.0153631285,-0.0013793103,0.0028449502,0.0241820768,0.2838533778
0.5394190871,-0.0296562483,-0.0322852431,0.0241134752,0.0317679558,0.0212765957,0.0194444444,1.5051237106
0.5642787046,-0.0197517965,-0.0245780929,0.0055401662,-0.0227576975,0.0013888889,-0.0054495913,-0.8990136846
0.5958549223,-0.0220715706,-0.0280830656,0.0110192837,0.0054794521,0.0180305132,0.0054794521,-0.6870752831
0.5666666667,-0.0023658492,-0.0098145201,-0.0163487738,-0.0163487738,-0.0163487738,-0.0163487738,-0.3040238450
0.5454545455,-0.0020018724,-0.0090875186,0.0000000000,0.0000000000,0.0000000000,0.0000000000,-1.0000000000
0.5059523810,-0.0071942012,-0.0138776508,0.0152354571,0.0360110803,0.0055401662,0.0055401662,-1.0000000000
0.5017152659,0.0134558243,0.0065605825,-0.0150068213,-0.0347593583,-0.0192837466,-0.0192837466,1.5511401657
0.4425287356,0.0243337363,0.0189546583,-0.0180055402,-0.0180055402,-0.0154494382,-0.0126404494,0.6746635459
0.3512851897,0.0264303711,0.0233735028,-0.0141043724,-0.0112834979,-0.0128388017,-0.0056899004,-0.2085110485
0.4614147910,0.0151030511,0.0143861512,0.0028612303,0.0071326676,0.0130057803,0.0071530758,-0.4170218596
0.4554455446,0.0258946351,0.0264426465,-0.0014265335,-0.0070821530,-0.0085592011,-0.0127840909,-0.3059247461
0.4904458599,0.0074156558,0.0099522450,-0.0042857143,0.0256776034,0.0028776978,0.0143884892,-0.2122944961
0.5094339623,0.0236994573,0.0266906268,0.0028694405,-0.0222531293,-0.0057388809,-0.0170212766,2.2432897125
0.4473229706,0.0289621501,0.0336630066,-0.0157367668,-0.0213371266,-0.0115440115,-0.0086580087,-0.9578841963
0.3965517241,0.0215325408,0.0281762155,-0.0029069767,0.0014534884,-0.0072992701,0.0029112082,115.2041958042
0.3465346535,0.0226726987,0.0305763585,0.0043731778,0.0000000000,0.0014705882,-0.0043541364,-0.9515712635
0.3783783784,0.0206724519,0.0298126277,-0.0058055152,-0.0058055152,0.0058737151,-0.0014577259,-0.9855855856
0.4200000000,0.0130553360,0.0231234522,-0.0014598540,0.0043795620,-0.0014598540,0.0043795620,43.2068965517
0.3983402490,0.0229414913,0.0334271993,-0.0029239766,-0.0029069767,-0.0116959064,-0.0116279070,5.5225234009
0.4054054054,0.0254440549,0.0370514129,-0.0014662757,-0.0029154519,0.0000000000,-0.0058823529,-0.8629942447
0.4455445545,0.0170161994,0.0297370249,0.0073421439,0.0029239766,0.0044378698,0.0044378698,0.5593016912
0.4391408115,0.0143983226,0.0275342823,-0.0102040816,-0.0102040816,0.0000000000,0.0000000000,-1.0000000000
0.4281914894,0.0151733975,0.0285242323,0.0000000000,0.0000000000,-0.0029455081,-0.0029455081,-1.0000000000
0.4444444444,-0.0076815884,0.0056157277,-0.0044182622,0.0191458027,-0.0059084195,0.0206794682,2.5934335987
0.5544554455,-0.0050599502,0.0066565591,0.0192307692,-0.0028901734,0.0178306092,-0.0014471780,-0.5446164788
0.5432098765,0.0073984861,0.0179659848,0.0000000000,-0.0014492754,-0.0043795620,-0.0115942029,1.5017720911
0.5714285714,0.0136920171,0.0241435550,-0.0058055152,0.0029027576,-0.0073313783,-0.0073313783,-0.1876245588
0.5789473684,0.0026990034,0.0133739856,-0.0087591241,-0.0115774240,0.0029542097,0.0088626292,-0.4119942068
0.6190476190,0.0067056123,0.0168497170,0.0058910162,0.0000000000,0.0014727541,-0.0043923865,-0.5020609229
0.6190476190,-0.0060199038,0.0037922690,-0.0146412884,0.0073206442,-0.0102941176,0.0117647059,-0.0099939431
0.6055979644,-0.0036455752,0.0049720754,0.0148588410,-0.0014534884,0.0148588410,-0.0014534884,0.5192209646
0.6595744681,0.0056986771,0.0134549081,-0.0029282577,-0.0087336245,-0.0029282577,-0.0087336245,-0.6734008994
0.6739130435,-0.0025018177,0.0050788149,0.0073421439,0.0073421439,0.0073421439,0.0073421439,-0.9615700781
0.6596858639,-0.0021169226,0.0047026064,0.0000000000,0.0000000000,0.0000000000,0.0000000000,-1.0000000000
0.6895522388,-0.0017912422,0.0043542652,0.0000000000,0.0000000000,0.0000000000,0.0000000000,-1.0000000000
0.6895522388,0.0043405466,0.0099204762,-0.0058309038,-0.0058309038,-0.0131195335,-0.0058309038,9.5828220859
0.6734693878,0.0066247489,0.0121538191,-0.0043988270,-0.0029325513,-0.0162481536,-0.0029325513,7.9286956522
0.6280991736,0.0160650499,0.0217717751,0.0000000000,-0.0014705882,0.0105105105,-0.0102941176,-0.8772886638
0.5846153846,0.0120896559,0.0186454619,-0.0073637703,-0.0073637703,0.0014858841,0.0014858841,-0.7386243386
0.5555555556,0.0042696515,0.0112627572,0.0044510386,0.0059347181,0.0044510386,0.0059347181,0.0344129555
0.5559845560,0.0021347073,0.0089403662,-0.0044313146,0.0014749263,-0.0044313146,0.0014749263,4.4070450098
0.4978165939,0.0018062908,0.0082781169,0.0074183976,0.0000000000,0.0074183976,0.0000000000,-1.0000000000
0.4871794872,-0.0057927141,0.0002989514,-0.0073637703,0.0073637703,-0.0073637703,0.0073637703,-1.0000000000
0.4444444444,-0.0092469355,-0.0040912142,0.0207715134,0.0131578947,0.0148367953,0.0043859649,8.4068181818
0.4000000000,-0.0206541879,-0.0166702109,0.0029069767,0.0230880231,0.0058479532,0.0131004367,1.1913877377
0.4800000000,-0.0449214076,-0.0429371855,0.0072463768,0.0239774330,0.0058139535,0.0287356322,0.2656981478
0.5863636364,-0.0230006554,-0.0247741329,0.0316546763,-0.0027548209,0.0173410405,-0.0153631285,-0.1943366769
0.5058823529,-0.0039204259,-0.0074524545,-0.0348675035,-0.0414364641,-0.0184659091,-0.0156028369,-0.5656115371
0.4673913043,-0.0018790689,-0.0054673767,0.0014450867,0.0014409222,0.0028943560,-0.0014409222,-0.8076009956
0.4897494305,-0.0213604768,-0.0247641208,0.0129870130,0.0187050360,0.0129870130,0.0202020202,-0.4773609314
0.4871794872,-0.0124871898,-0.0173703090,0.0028490028,-0.0056497175,0.0014245014,-0.0056577086,-0.9196496573
0.5135135135,-0.0105660837,-0.0160836194,-0.0014204545,-0.0014204545,0.0000000000,0.0000000000,-1.0000000000
0.5423728814,-0.0228403846,-0.0287086183,0.0156472262,0.0156472262,0.0128022760,0.0142247511,-1.0000000000
0.5675057208,-0.0110039317,-0.0183210813,-0.0084033613,-0.0084033613,-0.0070224719,-0.0084151473,-0.2444525282
0.6063618290,-0.0065005540,-0.0141752095,-0.0042372881,-0.0042372881,-0.0028288543,-0.0028288543,-0.9666185203
0.6354166667,0.0044730222,-0.0032281687,0.0000000000,0.0000000000,-0.0099290780,-0.0099290780,39.8461538462
0.6511627907,0.0037848650,-0.0029890451,-0.0099290780,-0.0099290780,0.0000000000,0.0000000000,-1.0000000000
0.6883116883,0.0192655014,0.0131996961,-0.0157593123,-0.0157593123,-0.0157593123,-0.0157593123,-1.0000000000
0.6888454012,0.0060506977,0.0020122094,0.0029112082,0.0116448326,-0.0014556041,0.0101892285,103.0631578947
0.6093366093,-0.0020698772,-0.0053032462,0.0014513788,0.0071942446,0.0043731778,0.0072046110,0.9165992312
0.6000000000,0.0054405580,0.0022588202,0.0057971014,-0.0085714286,0.0072568940,-0.0071530758,-0.9960680829
0.6363636364,0.0118938506,0.0093635720,-0.0057636888,0.0043227666,-0.0072046110,-0.0072046110,68.3020134228
0.6116504854,0.0100640274,0.0086699741,-0.0014492754,-0.0114777618,0.0000000000,0.0000000000,-1.0000000000
0.5620437956,-0.0001908950,-0.0006746441,0.0058055152,0.0087082729,0.0058055152,0.0087082729,-1.0000000000
0.5384615385,0.0085453397,0.0080781626,-0.0043290043,-0.0071942446,-0.0101010101,-0.0086330935,12.2523148148
0.5384615385,0.0072306721,0.0074797802,-0.0014492754,-0.0014492754,0.0043731778,0.0000000000,-1.0000000000
0.5000000000,0.0105181951,0.0113291876,-0.0087082729,-0.0043541364,-0.0087082729,-0.0043541364,-1.0000000000
0.5185185185,0.0030513155,0.0046320756,0.0058565154,0.0160349854,0.0058565154,0.0058309038,-0.1318469584
0.4714285714,0.0084278408,0.0101448712,-0.0014556041,0.0086083214,-0.0087336245,-0.0057971014,6.1913971676
0.4925373134,0.0086015145,0.0108669662,-0.0014577259,-0.0256045519,0.0058737151,-0.0014577259,-0.9968403263
0.5238095238,0.0043458081,0.0071215050,0.0000000000,0.0029197080,0.0000000000,0.0029197080,33.0558139535
0.5454545455,0.0095552733,0.0124891193,-0.0014598540,-0.0043668122,-0.0029197080,-0.0058224163,-0.1976236001
0.5151515152,0.0095633621,0.0130472310,-0.0043859649,-0.0029239766,-0.0029282577,-0.0014641288,-0.9038297872
0.5245901639,0.0080920756,0.0120807695,-0.0058737151,0.0000000000,-0.0058737151,0.0000000000,-0.4725663717
0.5384615385,0.0083256242,0.0126707521,0.0132939439,0.0058651026,0.0059084195,-0.0014662757,3.7214765101
0.5833333333,-0.0002952174,0.0043580367,0.0000000000,0.0000000000,0.0073421439,0.0073421439,-0.8941009240
0.5979899497,0.0130408237,0.0173828070,-0.0072886297,-0.0072886297,-0.0131195335,-0.0131195335,1.0000000000
0.5028571429,0.0125301564,0.0175982910,-0.0029368576,0.0014684288,-0.0014771049,-0.0014771049,24.8255033557
0.5500000000,0.0017115094,0.0073537047,0.0000000000,0.0000000000,0.0044378698,0.0088757396,-0.7001039501
0.5862068966,0.0014482003,0.0068089858,0.0044182622,0.0000000000,0.0044182622,0.0000000000,-1.0000000000
0.5862068966,0.0041701808,0.0092643360,-0.0029325513,-0.0029325513,-0.0029325513,-0.0029325513,-1.0000000000
0.6011560694,-0.0181302764,-0.0131897836,0.0058823529,0.0352941176,0.0058823529,0.0220588235,113.2448497129
0.7205882353,-0.0334208999,-0.0303500988,0.0160818713,0.0255681818,0.0160818713,0.0187050360,-0.8655725008
0.7321428571,-0.0199739172,-0.0197951224,0.0330935252,-0.0055401662,0.0100719424,-0.0084745763,-0.6336587940
0.7398373984,-0.0084260156,-0.0098661344,-0.0250696379,-0.0167130919,-0.0085470085,-0.0085470085,0.5443303920
0.7241379310,0.0117682650,0.0097244868,-0.0100000000,-0.0184135977,-0.0229885057,-0.0186781609,-0.1913165157
0.6423529412,0.0070089809,0.0060581569,-0.0072150072,-0.0072150072,-0.0029411765,0.0029282577,0.2211487623
0.6016771488,0.0178175970,0.0174925290,-0.0159883721,-0.0159883721,-0.0014749263,-0.0116788321,-0.7295520743
0.5605468750,0.0046882191,0.0057971114,0.0014771049,0.0103397341,0.0014771049,0.0103397341,-0.9444040169
0.5722433460,0.0069111393,0.0083159881,0.0058997050,-0.0029239766,0.0058997050,-0.0029239766,5.5523560209
0.6130346232,0.0058478871,0.0076999890,0.0000000000,0.0000000000,0.0000000000,0.0000000000,-1.0000000000
0.5823927765,-0.0009115442,0.0012571435,0.0087976540,0.0087976540,0.0058651026,0.0058651026,-1.0000000000
0.5707656613,0.0021504147,0.0040914020,-0.0232558140,-0.0058139535,-0.0233236152,-0.0029154519,-0.6581707155
0.5954356846,0.0003570713,0.0023229507,0.0178571429,0.0014619883,0.0208955224,0.0014619883,1.0349514563
0.5316455696,-0.0335585839,-0.0317724217,0.0102339181,0.0583941606,0.0043859649,0.0350364964,55.4856870229
0.5795454545,-0.0563459848,-0.0573397349,0.0217076700,0.0151724138,0.0276564774,0.0296191819,-0.7775799449
0.6145833333,-0.0249712221,-0.0305153063,0.0325779037,-0.0054347826,0.0014164306,-0.0232876712,0.0492306290
0.5514018692,-0.0211294956,-0.0282549133,-0.0288065844,-0.0204918033,0.0000000000,0.0000000000,-0.1038885833
0.5393053016,-0.0164994203,-0.0247942067,0.0042372881,-0.0069735007,-0.0070721358,-0.0014025245,-0.6538498821
0.6210526316,-0.0235608708,-0.0324698335,-0.0042194093,0.0098314607,0.0056980057,0.0098314607,-0.2618780920
0.6400000000,-0.0075127765,-0.0177697057,0.0112994350,-0.0041724618,0.0056657224,-0.0125173853,-0.0187796396
0.6324110672,-0.0133055175,-0.0233313792,-0.0069832402,-0.0013966480,-0.0014084507,0.0070422535,0.5868024230
0.6250000000,0.0157329913,0.0051059811,0.0000000000,-0.0055944056,-0.0197461213,-0.0265734266,-0.3119314490
0.5183946488,0.0295847031,0.0208620747,-0.0267229255,-0.0267229255,-0.0143884892,-0.0158045977,2.6394971375
0.5123966942,0.0059423339,0.0003323267,-0.0014450867,0.0086705202,0.0087591241,0.0189781022,0.2201284380
0.5461538462,0.0166806287,0.0119054804,-0.0043415340,-0.0085959885,-0.0086830680,-0.0114613181,-0.9913075839
0.5220588235,0.0215166729,0.0184033272,-0.0029069767,-0.0086705202,0.0000000000,-0.0072463768,-0.5122324159
0.5833333333,0.0226853294,0.0215139013,-0.0072886297,-0.0029154519,-0.0058394161,-0.0043795620,70.9028213166
0.5575757576,0.0191952787,0.0199202790,0.0088105727,0.0058479532,0.0014684288,0.0000000000,0.3819592798
0.4773269690,0.0222376879,0.0244532261,-0.0116448326,-0.0130813953,-0.0058651026,-0.0058651026,-0.9842261341
0.5263157895,0.0158199860,0.0196341058,-0.0058910162,0.0103092784,-0.0058997050,0.0029498525,175.1000000000
0.4736842105,0.0148786105,0.0196792559,0.0251851852,0.0087463557,0.0074183976,-0.0014705882,-0.9843725156
0.4736842105,-0.0006564913,0.0049017748,-0.0086705202,-0.0057803468,0.0058910162,0.0132547865,57.5327034884
0.4915254237,0.0232408052,0.0284562680,-0.0116618076,-0.0072674419,-0.0161054173,-0.0232558140,-0.2148843446
0.4640000000,0.0211849171,0.0278779766,-0.0029498525,-0.0073206442,-0.0014880952,-0.0014880952,-0.3908340450
0.5142857143,0.0224972217,0.0304198857,-0.0147928994,-0.0117994100,-0.0104321908,-0.0044709389,-0.6456386293
0.5806451613,0.0190361107,0.0281665608,0.0030030030,-0.0029850746,0.0060240964,0.0000000000,-1.0000000000
0.6095238095,0.0191588521,0.0291614707,-0.0029940120,-0.0029940120,-0.0029940120,-0.0029940120,-1.0000000000
0.5351351351,0.0086389717,0.0193485945,0.0060060060,0.0090090090,0.0060060060,0.0075075075,14.4444444444
0.5493562232,-0.0060221436,0.0044429560,0.0164179104,0.0148809524,0.0089552239,0.0134128167,0.3088729017
0.5932203390,-0.0050956600,0.0041138482,-0.0014684288,-0.0029325513,0.0059171598,0.0000000000,-1.0000000000
0.5813953488,0.0105493069,0.0187913443,-0.0102941176,-0.0102941176,-0.0147058824,-0.0147058824,-1.0000000000
0.5417956656,-0.0131669408,-0.0048794259,0.0074294205,0.0208023774,0.0119402985,0.0223880597,0.4896781707
0.5925925926,0.0020240215,0.0087354718,-0.0029498525,-0.0160116448,-0.0029498525,-0.0131386861,-0.9937106918
0.6129032258,0.0017126336,0.0080883998,0.0029585799,0.0029585799,0.0000000000,0.0000000000,17.8135593220
0.5816326531,0.0014491515,0.0074892591,-0.0029498525,-0.0029498525,0.0000000000,0.0000000000,-1.0000000000
0.5858585859,-0.0017272645,0.0039641909,0.0103550296,0.0103550296,0.0029585799,0.0029585799,-1.0000000000
0.6078431373,-0.0043984094,0.0007185749,0.0043923865,0.0117130307,0.0029498525,0.0029498525,0.5963429500
0.5238095238,-0.0051846947,-0.0008040586,-0.0072886297,-0.0144717800,0.0014705882,0.0014705882,-0.7516672606
0.4473684211,-0.0029229127,0.0007249946,-0.0014684288,-0.0014684288,-0.0014684288,-0.0014684288,-0.0032800328
0.5074626866,-0.0024732338,0.0006712913,0.0000000000,0.0000000000,0.0000000000,0.0000000000,-1.0000000000
0.4594594595,0.0008509430,0.0035732521,-0.0029411765,-0.0029411765,-0.0029411765,-0.0029411765,-1.0000000000
0.5132743363,0.0007200287,0.0033085667,0.0000000000,0.0000000000,0.0000000000,0.0000000000,-1.0000000000
0.4761904762,0.0006092550,0.0030634877,0.0000000000,0.0000000000,0.0000000000,0.0000000000,-1.0000000000
0.4761904762,0.0079487740,0.0102870572,-0.0088495575,-0.0073746313,-0.0088495575,-0.0073746313,-1.0000000000
0.5405405405,0.0067258857,0.0095250530,0.0014880952,0.0000000000,0.0014880952,0.0000000000,-1.0000000000
0.2816901408,0.0132187623,0.0163705376,-0.0074294205,-0.0074294205,-0.0074294205,-0.0074294205,-1.0000000000
0.3389830508,0.0111851066,0.0151579052,0.0000000000,0.0000000000,0.0000000000,0.0000000000,-1.0000000000
0.3389830508,0.0186135444,0.0232257478,-0.0014970060,0.0014970060,-0.0119760479,-0.0089820359,-1.0000000000
0.3048780488,0.0376951366,0.0435748815,-0.0074962519,-0.0104633782,-0.0181818182,-0.0211480363,-0.3970085208
0.2142857143,0.0193117886,0.0276599526,-0.0090634441,-0.0090634441,0.0123456790,0.0123456790,-0.9964011955
0.4500000000,0.0071291967,0.0163154986,0.0045731707,0.0152439024,0.0015243902,0.0091463415,241.0847457627
0.5600000000,0.0106122108,0.0197280674,0.0151745068,0.0045045045,0.0030441400,-0.0045317221,-0.8581763868
0.5454545455,-0.0001240120,0.0090793600,-0.0044843049,-0.0044843049,0.0091047041,0.0091047041,0.6182326806
0.5333333333,0.0014009328,0.0099254998,-0.0030030030,-0.0030030030,-0.0015037594,-0.0015037594,-0.7462883872
0.5405405405,0.0011854047,0.0091902776,0.0000000000,0.0000000000,0.0000000000,0.0000000000,-1.0000000000
0.5405405405,0.0070697198,0.0146216952,-0.0045180723,-0.0045180723,-0.0060240964,-0.0060240964,-1.0000000000
0.5511811024,0.0090397669,0.0166192711,-0.0075642965,0.0000000000,-0.0060606061,-0.0030303030,1.1340568146
0.5714285714,-0.0118732279,-0.0042839869,0.0045731707,0.0196671710,-0.0076219512,0.0197568389,4.3408615016
0.6226415094,0.0003896785,0.0065336970,0.0227617602,0.0000000000,0.0199692780,-0.0104321908,-0.8758016186
0.6094986807,0.0003297279,0.0060497195,-0.0148367953,-0.0148367953,0.0000000000,0.0000000000,-1.0000000000
0.6094986807,-0.0042200054,0.0010786464,0.0120481928,0.0120481928,0.0045180723,0.0045180723,-1.0000000000
0.5822102426,-0.0020746339,0.0025017478,-0.0089285714,-0.0089285714,-0.0014992504,-0.0014992504,-0.7265226360
0.7058823529,-0.0017554594,0.0023164331,0.0000000000,0.0000000000,0.0000000000,0.0000000000,-1.0000000000
0.7000000000,0.0045479322,0.0082001014,-0.0060060060,-0.0060060060,-0.0060060060,-0.0060060060,-1.0000000000
0.7000000000,0.0084181209,0.0121796031,0.0045317221,0.0045317221,-0.0045317221,-0.0045317221,0.4547945205
0.7000000000,-0.0225418649,-0.0185098478,0.0210526316,0.0210526316,0.0303490137,0.0303490137,1.1195856874
0.7924528302,-0.0029209107,-0.0009539070,-0.0088365243,0.0000000000,-0.0191458027,-0.0162002946,19.7694358063
0.7241379310,-0.0171843490,-0.0156194825,-0.0089153046,0.0294550810,-0.0090090090,0.0149700599,1.0503293977
0.7155555556,-0.0386453652,-0.0385691568,0.0089955022,0.0000000000,0.0196969697,0.0250737463,-0.2223833419
0.7297297297,-0.0113624228,-0.0144411275,0.0222882615,-0.0157367668,0.0059435364,-0.0215827338,-0.6677220284
0.6483704974,-0.0081557632,-0.0119183531,-0.0203488372,0.0000000000,-0.0044313146,-0.0014705882,0.1086886305
0.6756756757,-0.0083614701,-0.0124898716,0.0089020772,-0.0116279070,0.0089020772,0.0014727541,-0.9301893664
0.6361746362,-0.0070750901,-0.0115646960,0.0029411765,0.0029411765,-0.0088235294,0.0000000000,5.4934793949
0.6361746362,0.0118699132,0.0070636598,-0.0131964809,-0.0043988270,-0.0118694362,-0.0176470588,0.2724935733
0.6412213740,0.0025397328,-0.0009375863,0.0029717682,-0.0058910162,0.0090090090,0.0074850299,0.0159722222
0.5802919708,0.0006621367,-0.0023505270,0.0029629630,0.0192592593,0.0029761905,0.0014858841,0.4063257317
0.5400000000,0.0005602695,-0.0021764139,-0.0044313146,-0.0203488372,0.0000000000,0.0000000000,-1.0000000000
0.5172413793,0.0124917808,0.0099726074,-0.0103857567,-0.0103857567,-0.0118694362,-0.0118694362,-1.0000000000
0.4891304348,0.0105699684,0.0092338958,-0.0014992504,-0.0014992504,0.0000000000,0.0000000000,-1.0000000000
0.4197530864,0.0165757696,0.0161788740,-0.0075075075,-0.0075075075,-0.0075075075,-0.0075075075,-1.0000000000
0.4533333333,0.0124938904,0.0134472358,0.0015128593,0.0015128593,0.0015128593,0.0015128593,30.3856209150
0.3787878788,0.0151722318,0.0170601783,-0.0045317221,-0.0045317221,-0.0045317221,-0.0045317221,3.0206164098
0.2142857143,0.0128380423,0.0157964614,0.0000000000,0.0000000000,0.0000000000,0.0000000000,-1.0000000000
0.2564102564,-0.0116339912,-0.0079543520,0.0121396055,0.0227617602,0.0121396055,0.0227617602,-1.0000000000
0.3965517241,0.0005472943,0.0030523165,0.0089955022,-0.0014836795,0.0000000000,-0.0103857567,-0.9284393659
0.4400000000,0.0004630952,0.0028262190,-0.0089153046,-0.0089153046,0.0000000000,0.0000000000,-1.0000000000
0.4400000000,0.0049116925,0.0071467649,0.0000000000,0.0000000000,-0.0044977511,-0.0044977511,-1.0000000000
0.5140186916,0.0041560475,0.0066173749,0.0059970015,0.0074962519,0.0000000000,0.0000000000,-0.4700876095
0.5214723926,0.0095985747,0.0122249396,-0.0104321908,-0.0074404762,-0.0060240964,-0.0060240964,3.7217760983
0.6153846154,0.0096516461,0.0128540158,-0.0015060241,0.0014992504,-0.0015151515,-0.0015151515,-0.4951980792
0.6436781609,0.0051163485,0.0088401362,-0.0075414781,-0.0014970060,-0.0015174507,0.0030349014,16.3745541023
0.6101694915,0.0089082265,0.0127819009,0.0045592705,0.0089955022,-0.0136778116,-0.0045385779,-0.3966146546
0.6176470588,0.0075377302,0.0118350934,-0.0060514372,-0.0222882615,0.0123266564,0.0000000000,-0.5909829868
0.6315789474,0.0063780794,0.0109584198,-0.0045662100,0.0000000000,-0.0060882801,0.0000000000,-0.3329019735
0.7083333333,-0.0021853419,0.0025286859,0.0122324159,0.0075987842,0.0122511485,0.0075987842,-0.5766246363
0.6707317073,0.0149908331,0.0192520432,-0.0151057402,-0.0165912519,-0.0136157337,-0.0165912519,0.3140238913
0.6027397260,0.0205105523,0.0256916998,0.0000000000,0.0000000000,-0.0199386503,-0.0076687117,-0.7347447073
0.4188034188,0.0205096721,0.0269631493,-0.0061349693,-0.0061349693,0.0093896714,-0.0030911901,1.4835680751
0.4579439252,0.0189340807,0.0265574409,-0.0015432099,-0.0015432099,-0.0031007752,-0.0015503876,2.0986767486
0.4827586207,0.0223712774,0.0309939119,-0.0046367852,0.0000000000,-0.0046656299,-0.0062111801,0.3284529039
0.4745762712,0.0221236789,0.0319228254,-0.0062111801,-0.0077279753,-0.0031250000,-0.0031250000,0.4558688464
0.4883720930,0.0171257949,0.0279469695,-0.0031250000,0.0000000000,-0.0015673981,0.0015673981,-0.7315396019
0.4238410596,0.0050539311,0.0163337834,0.0109717868,0.0124610592,0.0125588697,0.0093896714,1.4283867936
0.4666666667,0.0011719940,0.0119859327,0.0031007752,-0.0046153846,0.0031007752,0.0031007752,-0.4909038127
0.4666666667,-0.0020930329,0.0079822211,0.0030911901,0.0030911901,0.0000000000,0.0030911901,-0.6021668884
0.4343891403,0.0059791971,0.0152123038,-0.0061633282,-0.0061633282,-0.0046367852,-0.0077041602,2.0924510272
0.4274809160,0.0097631864,0.0188315763,-0.0062015504,-0.0062015504,-0.0046583851,-0.0046583851,-0.9743530321
0.4368600683,0.0130021976,0.0222208296,-0.0046801872,-0.0046801872,-0.0046801872,-0.0046801872,-0.4307228916
0.4074074074,0.0157782463,0.0253964556,-0.0031347962,-0.0031347962,-0.0047021944,-0.0047021944,179.4232804233
0.4691943128,0.0133508238,0.0235152367,-0.0015723270,-0.0015723270,0.0000000000,0.0000000000,-0.4759824047
0.4888888889,0.0018307337,0.0122091860,0.0094488189,0.0094488189,0.0094488189,0.0094488189,-0.1669931166
0.5312500000,0.0078382446,0.0176552245,-0.0062402496,0.0000000000,-0.0062402496,-0.0062402496,-0.8908968760
0.4979079498,0.0066323608,0.0163474301,0.0000000000,-0.0062402496,0.0000000000,0.0000000000,-1.0000000000
0.5049504950,0.0135677887,0.0231676526,-0.0078492936,-0.0078492936,-0.0078492936,-0.0078492936,-1.0000000000
0.4700460829,0.0004000562,0.0102619203,0.0110759494,0.0110759494,0.0110759494,0.0110759494,-0.2358078603
0.5454545455,0.0019064378,0.0110840692,-0.0015649452,-0.0015649452,-0.0015649452,-0.0015649452,140.3142857143
0.5534883721,-0.0015169014,0.0071059551,-0.0015673981,0.0031347962,-0.0015673981,0.0031347962,-0.6511524464
0.5534883721,-0.0028415919,0.0050092611,0.0094191523,0.0046875000,0.0062794349,0.0015625000,2.4429117886
0.5384615385,-0.0101257519,-0.0031376328,-0.0031104199,0.0046656299,-0.0015600624,0.0078003120,8.9599690257
0.5701357466,-0.0101002964,-0.0044463203,0.0015600624,0.0015479876,0.0031250000,0.0015479876,-0.9681980590
0.5339805825,-0.0382751482,-0.0339785236,0.0062305296,0.0324574961,0.0062305296,0.0309119011,35.2187500000
0.6486486486,-0.0381548506,-0.0372352973,0.0371517028,0.0104790419,0.0325077399,0.0059970015,-0.9107517036
0.6330275229,-0.0308405227,-0.0330360482,-0.0044776119,-0.0074074074,-0.0014992504,-0.0014903130,-0.3978494624
0.6764705882,-0.0098394598,-0.0144075652,-0.0014992504,-0.0059701493,-0.0105105105,-0.0164179104,-0.2919397117
0.5649717514,-0.0216865781,-0.0266336569,-0.0045045045,0.0030030030,0.0060698027,0.0136570561,1.3317908376
0.5764705882,-0.0079544950,-0.0143319365,-0.0030165913,-0.0104790419,-0.0030165913,-0.0104790419,-0.8671032612
0.5505617978,-0.0097270140,-0.0162468717,0.0030257186,0.0030257186,0.0030257186,0.0030257186,0.1859133897
0.5312500000,-0.0037225073,-0.0105663243,-0.0015082956,-0.0015082956,-0.0045248869,-0.0045248869,0.4814270724
0.5445544554,0.0090814767,0.0023662605,0.0015105740,0.0015105740,-0.0121212121,-0.0121212121,-0.8366624168
0.4782608696,-0.0045300290,-0.0099567875,-0.0045248869,-0.0045248869,0.0122699387,0.0122699387,1.0737207285
0.5102040816,-0.0113230781,-0.0166687271,0.0242424242,0.0242424242,0.0075757576,0.0075757576,1.2091175240
0.5294117647,-0.0095810661,-0.0154340065,-0.0162721893,-0.0162721893,0.0000000000,0.0000000000,-1.0000000000
0.5384615385,-0.0256886148,-0.0317626981,0.0030075188,0.0315789474,0.0030075188,0.0180451128,-1.0000000000
0.5882352941,-0.1342687898,-0.1410594851,0.0209895052,0.1268221574,0.0209895052,0.1299852290,11.0185211773
0.7529411765,-0.2069160473,-0.2221253045,0.1204111601,0.1267787840,0.0837004405,0.1176470588,3.2202929195
0.8359375000,-0.2101856684,-0.2394727876,0.1297509830,0.0642939150,0.1111111111,0.0444444444,-0.2463346699
0.8129032258,-0.1433133310,-0.1890414445,0.0429234339,0.0032362460,0.0317073171,-0.0403135498,-0.5467099339
0.7000000000,-0.1651044492,-0.2161949966,-0.0478309232,-0.0301075269,0.0070921986,0.0525087515,-0.1805273035
0.7272727273,-0.1181963589,-0.1801850663,0.0478971963,-0.0055432373,0.0046948357,-0.0243902439,-0.6350570137
0.6760563380,-0.0616242029,-0.1313003097,-0.0189520624,0.0011148272,-0.0338785047,-0.0409090909,1.5352625819
0.6605080831,0.0088156854,-0.0650804042,-0.0647727273,-0.0746102450,-0.0532043531,-0.0604265403,0.8077267735
0.5717712915,0.0112852214,-0.0566909992,-0.0376670717,-0.0240673887,-0.0051085568,-0.0037831021,-0.5379514112
0.5798864558,-0.0606080843,-0.1183373570,-0.0025252525,0.1134401973,0.0038510911,0.0746835443,2.0802548687
0.6192576259,-0.0272221199,-0.0869882986,0.0772151899,-0.0442967885,0.0421994885,-0.0247349823,-0.3477531395
0.6626746507,-0.0098803379,-0.0681652741,-0.0305522914,-0.0243337196,-0.0245398773,-0.0132850242,-0.7740781141
0.6827262045,0.0002094400,-0.0550194660,-0.0072727273,-0.0237529691,0.0000000000,-0.0085679315,-0.3909690995
0.7324749642,-0.0168160838,-0.0670686888,-0.0183150183,0.0158150852,0.0012578616,0.0172839506,1.2116454079
0.6779193937,-0.0008913789,-0.0494107325,0.0286069652,-0.0011976048,0.0087939698,-0.0133495146,-0.0087044913
0.6393442623,0.0180285713,-0.0278136609,-0.0326481258,-0.0383693046,-0.0161892902,-0.0184501845,-0.6931533613
0.6487080814,-0.0250620384,-0.0644418833,-0.0062500000,0.0798004988,0.0012658228,0.0413533835,4.1500307801
0.6574746009,0.0091532646,-0.0305017978,0.0389937107,-0.0438799076,0.0189633375,-0.0300842359,-0.7346390943
0.6362545018,-0.0178445871,-0.0529182331,0.0084745763,0.0144927536,0.0173697270,0.0260545906,-0.4717306529
0.6135265700,0.0068144710,-0.0278388714,-0.0168067227,-0.0166666667,-0.0304878049,-0.0217654172,0.4672562491
0.6381909548,0.0664020544,0.0329575664,-0.0061050061,-0.0133171913,-0.0691823899,-0.0568603214,5.6648069738
0.6453980802,0.0994136260,0.0726929199,-0.0761670762,-0.0625766871,-0.0108108108,-0.0393184797,-0.8565502706
0.6083022885,0.0293515411,0.0133898368,-0.0239361702,0.1714659686,-0.0136612022,0.0532060027,4.2068809809
0.5668040024,0.0534931155,0.0407073951,0.0572207084,-0.1329608939,0.0193905817,-0.0272020725,0.1913597748
0.5668040024,0.0608011047,0.0531171843,-0.0167525773,-0.0064432990,0.0054347826,-0.0146471372,-0.6669615710
0.5668040024,0.0600420239,0.0577590024,-0.0249017038,-0.0298313878,-0.0216216216,-0.0081081081,-0.0782403282
0.5681415929,0.0311373202,0.0337630072,-0.0080645161,0.0147058824,0.0138121547,0.0190735695,-0.3191970597
0.5681415929,0.0445000388,0.0495020527,0.0135501355,0.0000000000,-0.0068119891,-0.0173796791,3.3670962383
0.5654726952,0.0292518233,0.0373669325,-0.0080213904,-0.0131752306,0.0109739369,0.0081632653,-0.7229497385
0.5153933865,0.0111063824,0.0208227264,0.0121293801,0.0160213618,0.0135685210,0.0134952767,0.6923059889
0.4585987261,0.0244022687,0.0344317662,0.0000000000,-0.0091984231,-0.0147255689,-0.0146471372,0.3055795452
0.4800000000,0.0275912577,0.0389008655,-0.0226364847,-0.0053050398,-0.0027173913,-0.0067567568,-0.3857780005
0.4909090909,0.0136922370,0.0262455527,0.0149863760,-0.0066666667,0.0108991826,0.0095238095,-0.9034821487
0.4595616024,0.0021316667,0.0147285271,0.0026845638,0.0120805369,-0.0053908356,0.0094339623,10.3860524091
0.4995700774,0.0181153118,0.0301417995,-0.0026773762,-0.0079575597,-0.0013550136,-0.0160213618,-0.7272173842
0.5507109005,0.0112121447,0.0237418747,-0.0053691275,-0.0040106952,0.0040705563,0.0040705563,-0.4952780121
0.4097135741,-0.0079408665,0.0043394168,-0.0026990553,0.0295302013,-0.0013513514,0.0175675676,3.2690212995
0.4699738903,0.0080059924,0.0189023420,0.0148849797,-0.0221642764,0.0040595399,-0.0146082337,-0.7332415466
0.4699738903,-0.0105608853,-0.0000177363,-0.0026666667,0.0066666667,0.0040431267,0.0175202156,2.2549836640
0.4673495519,-0.0049824215,0.0039728737,0.0066844920,-0.0026490066,0.0093959732,-0.0039735099,-0.9910825987
0.4790257104,0.0024493265,0.0103966495,-0.0079681275,-0.0079681275,-0.0066489362,-0.0066489362,0.9314845024
0.5183016105,-0.0341314029,-0.0268503020,0.0093708166,0.0401606426,0.0093708166,0.0374832664,54.9755067568
0.5963190184,-0.0110148802,-0.0069219157,0.0318302387,0.0193050193,0.0053050398,-0.0180645161,1.1230780837
0.5758980301,0.0038711910,0.0068210561,-0.0218508997,-0.0391414141,-0.0171503958,-0.0131406045,-0.7384138671
0.5799299883,0.0154447345,0.0185217794,-0.0210249671,-0.0065703022,-0.0120805369,-0.0119840213,0.2770396935
0.5641316686,0.0411314642,0.0453256903,-0.0040268456,-0.0185185185,-0.0326086957,-0.0269541779,11.7370011063
0.5493562232,0.0262749460,0.0333805815,-0.0215633423,-0.0148247978,0.0196629213,0.0083102493,-0.9387329002
0.5454545455,0.0208304070,0.0294938060,0.0027548209,0.0054719562,0.0027548209,0.0013736264,1.4092693566
0.5090909091,0.0190235665,0.0287202185,0.0054945055,0.0204081633,0.0000000000,-0.0013717421,1.0373760920
0.5720984760,0.0091657803,0.0195901155,-0.0040983607,-0.0226666667,-0.0068681319,0.0068681319,-0.7367465162
0.5373891001,0.0118971219,0.0223231287,0.0027434842,0.0054570259,0.0096818811,-0.0040927694,-0.7470779358
0.5660881175,0.0004732167,0.0109752801,-0.0013679891,0.0081411126,0.0000000000,0.0095890411,3.9723056390
0.5363766049,0.0017596538,0.0115347995,0.0123287671,-0.0053835801,-0.0068493151,-0.0013568521,1.2754663804
0.5441389291,-0.0079463550,0.0011584822,-0.0081190798,0.0067658999,0.0096551724,0.0095108696,-0.5003833790
0.5206611570,-0.0067238388,0.0010726687,0.0136425648,-0.0013440860,0.0150273224,0.0000000000,-1.0000000000
0.3855932203,-0.0056894021,0.0009932118,0.0000000000,0.0000000000,0.0000000000,0.0000000000,-1.0000000000
0.4148936170,-0.0074857494,-0.0017673921,-0.0013458950,0.0080753701,-0.0013458950,0.0026917900,0.2710004912
0.4069767442,0.0003798631,0.0051092254,-0.0053908356,-0.0120160214,-0.0161725067,-0.0067114094,0.9549085287
0.4375000000,0.0003214227,0.0047307642,0.0027100271,0.0000000000,0.0136986301,0.0000000000,-1.0000000000
0.6511627907,-0.0037668102,0.0003249658,-0.0013513514,0.0067567568,-0.0135135135,0.0040540541,-1.0000000000
0.6250000000,0.0117921249,0.0153327383,-0.0040595399,-0.0093959732,0.0027397260,-0.0148048452,-0.2198157729
0.5333333333,0.0155272812,0.0197694907,-0.0081521739,-0.0108401084,-0.0054644809,-0.0054644809,-0.9710231849
0.5000000000,0.0187359188,0.0239310790,-0.0082191781,-0.0082191781,-0.0054945055,-0.0054945055,12.6978119456
0.5044247788,0.0075039892,0.0137571045,0.0041436464,0.0082872928,0.0041436464,0.0082872928,-0.4711393170
0.5000000000,0.0008653357,0.0072190512,-0.0013755158,0.0054794521,-0.0013755158,0.0054794521,-0.7207346939
0.4680851064,0.0020974625,0.0080576823,0.0096418733,-0.0013623978,0.0096418733,-0.0013623978,0.2531423560
0.4680851064,0.0004099602,0.0060882545,-0.0040927694,0.0013642565,-0.0040927694,0.0013642565,-0.8840681129
0.3902439024,-0.0023714445,0.0029045627,0.0136986301,0.0081743869,0.0082191781,0.0027247956,9.4607645875
0.3750000000,0.0020779500,0.0067931865,-0.0027027027,-0.0027027027,-0.0040760870,-0.0040760870,-0.0201961916
0.3913043478,0.0031267876,0.0076647006,-0.0081300813,-0.0081300813,-0.0013642565,-0.0013642565,-0.5881429132
0.4357976654,0.0095415187,0.0140233339,0.0000000000,0.0081967213,-0.0122950820,-0.0068306011,28.0262154433
0.4357976654,-0.0015401881,0.0033239526,0.0013661202,-0.0054200542,0.0138312586,0.0096286107,-0.8319129021
0.4805970149,0.0069277812,0.0113448581,-0.0095497954,-0.0068119891,-0.0095497954,-0.0081743869,0.2234271200
0.4776119403,0.0100241562,0.0146858962,-0.0027548209,-0.0054869684,-0.0027548209,-0.0041208791,-0.2786073625
0.5423728814,0.0112716933,0.0164019194,-0.0013812155,-0.0027586207,-0.0013812155,-0.0027586207,-0.8658401594
0.5614035088,0.0012286353,0.0068315141,0.0082987552,0.0124481328,0.0082987552,0.0082987552,14.1419141914
0.5909090909,0.0037935062,0.0090939093,-0.0027434842,-0.0068306011,-0.0054869684,-0.0027434842,0.1713709677
0.5818181818,0.0115583771,0.0168121334,-0.0027510316,-0.0027510316,-0.0068965517,-0.0082530949,-0.3889379913
0.5538461538,0.0254246467,0.0313009235,-0.0096551724,-0.0055172414,-0.0138888889,-0.0152565881,0.1631394641
0.4800000000,0.0087264888,0.0161021683,-0.0027855153,-0.0027739251,0.0028169014,0.0126760563,3.0423457033
0.5806451613,0.0031981461,0.0106923399,0.0027932961,0.0041724618,0.0084269663,0.0041724618,-0.9687191361
0.5905511811,-0.0028184280,0.0043361257,0.0055710306,0.0055401662,0.0055710306,0.0055401662,26.1754658385
0.5631067961,0.0143818179,0.0208891317,0.0013850416,-0.0041322314,-0.0110803324,-0.0165289256,2.8069253186
0.4967880086,-0.0018110074,0.0052624822,-0.0041493776,0.0013831259,0.0084033613,0.0140056022,-0.8853033146
0.5200000000,0.0082155495,0.0146831410,0.0083333333,0.0041436464,-0.0041666667,-0.0096685083,4.0125190840
0.5109780439,-0.0123333643,-0.0058167248,0.0068870523,0.0055020633,0.0195258020,0.0195258020,-0.9216182818
0.5551724138,-0.0171585057,-0.0121427458,0.0082079343,0.0082079343,0.0041039672,0.0068399453,0.0143221938
0.5221843003,-0.0050559525,-0.0017490486,0.0027137042,0.0027137042,-0.0068119891,-0.0095108696,1.1453590193
0.4927536232,-0.0217233758,-0.0191113313,-0.0202976996,0.0135317997,-0.0082304527,0.0178326475,4.3478061224
0.5248868778,-0.0049712267,-0.0042762191,0.0207182320,-0.0133511348,0.0124481328,-0.0134770889,0.5847524734
0.4840055633,-0.0042064226,-0.0039594622,-0.0027063599,-0.0013531800,0.0000000000,0.0000000000,-0.5795230842
0.4684975767,0.0116430049,0.0115344862,-0.0230664858,-0.0230352304,-0.0163934426,-0.0150273224,0.5037440046
0.4684975767,-0.0187289372,-0.0179240734,0.0013888889,0.0388349515,0.0013888889,0.0291262136,-0.7448514220
0.5154639175,0.0017024812,0.0009403261,0.0208044383,-0.0173564753,0.0110957004,-0.0175202156,-0.3025972087
0.5275590551,-0.0134457176,-0.0140071350,0.0000000000,0.0122282609,0.0096021948,0.0150891632,3.2132805394
0.5522388060,-0.0774515609,-0.0789375553,0.0027173913,0.0899328859,0.0027173913,0.0716216216,3.4327804729
0.6539649846,-0.0413583407,-0.0491081901,0.0921409214,-0.0073891626,0.0392953930,-0.0252206810,-0.6457085886
0.6324324324,-0.0274465922,-0.0380035624,-0.0397022333,-0.0384615385,-0.0091264668,-0.0077619664,1.8968171820
0.6358695652,-0.0320579307,-0.0439141692,0.0000000000,-0.0012903226,-0.0013157895,0.0091264668,-0.9181675562
0.6214689266,0.0203313298,0.0061357435,-0.0142118863,-0.0142118863,-0.0276679842,-0.0465116279,3.8036841208
0.5880000000,0.0103581878,-0.0010864629,-0.0131061599,0.0013106160,0.0067750678,0.0067750678,0.7237466269
0.5339805825,0.0047079262,-0.0050233863,-0.0013280212,-0.0078534031,0.0040376851,0.0040376851,-0.4689830187
0.5102040816,-0.0000376664,-0.0086379941,-0.0106382979,-0.0118733509,-0.0026809651,0.0040214477,-0.8914645689
0.4610564011,0.0416914162,0.0333927554,-0.0053763441,-0.0106809079,-0.0376344086,-0.0400534045,16.8152251608
0.4321678322,0.0281276467,0.0237996101,-0.0216216216,-0.0161943320,0.0111731844,0.0069541029,-0.9089895079
0.3913043478,0.0337955775,0.0320147189,-0.0082872928,-0.0137174211,-0.0151933702,-0.0096685083,3.5830357536
0.3996937213,0.0300328448,0.0310813074,0.0000000000,-0.0013908206,0.0042075736,-0.0013947001,-0.9044989755
0.4271685761,0.0112882693,0.0146084789,0.0041782730,0.0208913649,0.0069832402,0.0139664804,18.1303384367
0.4243421053,0.0081629583,0.0121322478,0.0000000000,-0.0054570259,0.0000000000,0.0013774105,-0.9190895401
0.2256637168,0.0055240044,0.0098445057,0.0152565881,0.0041152263,0.0097087379,0.0013755158,-0.2194963233
0.2147239264,0.0116221116,0.0160939503,-0.0081967213,-0.0081967213,-0.0068681319,-0.0068681319,-0.6003835251
0.2168525403,0.0070483452,0.0121020767,-0.0027548209,-0.0013774105,0.0013831259,0.0027662517,17.7287711246
0.1918158568,0.0073534374,0.0126023194,0.0000000000,-0.0013793103,0.0000000000,-0.0013793103,-0.9025031470
0.2988047809,0.0076138712,0.0130680796,0.0013812155,0.0013812155,-0.0013812155,-0.0013812155,2.9274451554
0.3225806452,0.0050523925,0.0107021454,0.0055172414,0.0055172414,0.0013831259,0.0013831259,0.4780205394
0.3046357616,0.0042751013,0.0099093939,-0.0054869684,-0.0054869684,0.0000000000,0.0000000000,-0.8084402803
0.3076923077,-0.0018969879,0.0036304451,0.0041379310,0.0041379310,0.0027624309,0.0055248619,12.9279695849
0.5333333333,-0.0057025233,-0.0007562395,0.0041208791,0.0041208791,0.0068870523,0.0041208791,-0.9988859953
0.5116279070,0.0061864039,0.0103570372,-0.0109439124,-0.0109439124,-0.0109439124,-0.0109439124,514.8543046358
0.4954954955,0.0010807873,0.0054179904,0.0027662517,0.0041493776,-0.0041493776,0.0041493776,0.5267671451
0.4545454545,0.0009145123,0.0050166578,0.0013793103,0.0000000000,0.0083333333,0.0000000000,-1.0000000000
