0.6455729509,-0.0338150754,0.0131953428,0.0026847354,-0.0241336634,-0.0170129870,-0.0130234934,-0.2594959989
0.6928833663,-0.0190955721,0.0221351332,-0.0136427387,-0.0169942930,-0.0003963535,-0.0097024580,-0.5081117707
0.7257268239,-0.0215262955,0.0149269851,-0.0104705274,0.0007740937,-0.0001321702,0.0054866101,0.4738465693
0.7229916898,0.0281364013,0.0616846818,0.0056172436,-0.0073482016,-0.0415069399,-0.0450824997,0.7116709892
0.6660287081,0.0164780187,0.0495472820,-0.0450766433,-0.0259740260,-0.0001379120,0.0072108844,-0.5264310850
0.6554787759,0.0455801054,0.0785106933,0.0070738675,-0.0072000000,-0.0176551724,-0.0302580035,-0.1249109146
0.6106683017,0.0476153019,0.0820399080,-0.0310684857,-0.0263228579,-0.0095478798,-0.0086363003,-0.2120211649
0.6123578235,0.0392676882,0.0749056431,-0.0078070542,0.0171034483,-0.0005670542,0.0009835605,0.9905042600
0.6087010488,0.0339521877,0.0701081354,0.0009835605,-0.0107133171,0.0011347518,-0.0007018529,-0.6115432007
0.6085122224,0.0398296385,0.0764062842,-0.0002807412,-0.0061686086,-0.0136015869,-0.0106756567,0.0029799735
0.1584905660,0.0313590025,0.0683195945,-0.0102499298,-0.0035862069,0.0012927320,0.0022717592,0.1068833169
0.1626946298,0.0353346652,0.0723738335,0.0014186409,-0.0171650055,-0.0116195668,-0.0084997875,-0.2188509179
0.1771932860,0.0797273879,0.1186373051,-0.0086414506,-0.0140845070,-0.0333817126,-0.0461494499,0.9102704399
0.1724585905,0.0983930150,0.1420089865,-0.0467276365,-0.0328571429,-0.0522522523,-0.0281605752,0.2108643559
0.1633343587,0.0869413107,0.1353395975,-0.0274321691,-0.0378138848,0.0014258555,-0.0033908755,-0.3372671525
0.1688394277,0.0511320373,0.1017993917,-0.0035450062,0.0178077986,0.0109159943,0.0213424064,-0.1432019265
0.2692200168,0.0179854941,0.0677429712,0.0208816705,0.0316742081,0.0278560250,0.0248334343,0.2128507254
0.3865030675,0.0244518823,0.0723904308,0.0248484848,-0.0035087719,-0.0197929354,-0.0090130024,0.1386551341
0.4173205878,0.0575881653,0.1056014183,-0.0082791248,-0.0082159624,-0.0010872942,-0.0348889220,0.1716276164
0.4149524755,0.0349777772,0.0833852807,-0.0354800239,-0.0088757396,-0.0003109936,0.0132859571,-0.3941957347
0.4042788639,0.0004628108,0.0467275797,0.0122102009,0.0119402985,0.0144657023,0.0291202927,0.3541850388
0.4955752212,-0.0062335008,0.0363572293,0.0316078791,0.0104719764,0.0233057344,0.0066666667,0.5076167772
0.4364770070,0.0041835935,0.0434924332,0.0059206631,0.0000000000,-0.0115373090,-0.0094186902,-0.2365821020
0.4395604396,0.0023486416,0.0390358455,-0.0089758682,-0.0074441687,0.0078823708,0.0011885307,-0.3987949650
0.4364640884,0.0007992436,0.0349157325,0.0002969562,-0.0017647059,-0.0006015942,0.0011871198,0.2285749250
0.3808012693,-0.0095991079,0.0217289629,0.0011874722,0.0309369476,0.0138449962,0.0103749815,1.5462210497
0.4381634164,-0.0009411746,0.0275050264,0.0097850259,-0.0235781652,-0.0197417248,-0.0071879126,-0.1769187226
0.5078683834,0.0097969405,0.0363393806,-0.0061664954,-0.0054148983,-0.0021199273,-0.0104905437,-0.5249383550
0.4808994852,0.0207885483,0.0464607418,-0.0093071355,-0.0016185992,0.0022761760,-0.0122442885,-0.0661507081
0.4663677130,0.0365506470,0.0624533483,-0.0135699374,-0.0198968312,-0.0168054504,-0.0182917611,-0.2834325528
0.4110535406,0.0148314376,0.0413111521,-0.0178382464,0.0013533835,-0.0055435787,0.0158607946,0.4824078336
0.4135977337,0.0110171372,0.0366796257,0.0153917193,-0.0028532813,0.0139362032,0.0015158405,-0.3753352941
0.4569373794,0.0229470362,0.0479200808,0.0004547522,-0.0019578313,-0.0097739768,-0.0133192069,0.0743085824
0.4397641112,0.0203558448,0.0453325552,-0.0127272727,-0.0010562849,0.0024676126,-0.0009203866,-0.5510668004
0.3717892904,0.0699581816,0.0959916816,-0.0004604052,-0.0111782477,-0.0476923077,-0.0492860433,1.8128719280
0.2841842199,0.0728836611,0.1029531013,-0.0492860433,-0.0450656890,-0.0302100162,-0.0127583979,0.1304540148
0.2804298045,0.0658554016,0.0996442139,-0.0143733850,-0.0081586946,-0.0004997501,-0.0039260592,-0.0952964047
0.3381861106,0.0467842740,0.0830142302,-0.0016385384,0.0141935484,0.0031666667,0.0085399901,-0.0074228778
0.3860193466,0.0305249207,0.0674783110,0.0078778927,0.0194020356,0.0182754610,0.0087933561,0.1587604571
0.3694470478,0.0220343014,0.0585498696,0.0089561961,-0.0171606864,0.0001631588,0.0037126715,-0.4619187513
0.3283582090,0.0699207660,0.1072796374,0.0037120723,-0.0068253968,-0.0368678630,-0.0479253779,0.7277645248
0.2753520125,0.0228791603,0.0616723239,-0.0467920888,0.0155026370,-0.0006775068,0.0354729730,1.6961295736
0.3601183701,0.0321560034,0.0703745527,0.0340755735,-0.0306893296,0.0184745763,-0.0123980424,-0.6746491609
0.3715359324,0.0449878739,0.0835974567,-0.0130505710,-0.0042214645,-0.0181394575,-0.0170135448,0.2686594907
0.3594695507,0.0463304046,0.0859819559,-0.0150413223,0.0000000000,-0.0094915254,-0.0078978323,0.6861759437
0.4226347139,0.0346462809,0.0748793747,-0.0090619231,-0.0135333442,0.0078713210,0.0044037940,-0.1686940817
0.3797139142,0.0184956411,0.0580916458,0.0050804403,0.0059504132,0.0050933786,0.0106239460,-0.2595542838
0.3450023031,0.0095855691,0.0474962425,0.0097725358,0.0006572461,-0.0005067568,0.0060070082,-0.2009967270
0.3881221246,0.0151829651,0.0513017164,0.0060070082,0.0000000000,-0.0045631232,-0.0069663294,0.2179842062
0.4026612670,0.0286540684,0.0638493663,-0.0069663294,-0.0070607553,-0.0208828523,-0.0153666277,0.4680485422
0.3767253045,0.0238983716,0.0587605774,-0.0157006848,-0.0127335869,0.0027744061,0.0003392706,-0.2867274344
0.3503526093,0.0119844170,0.0458946399,0.0008484643,0.0033500838,0.0143524122,0.0081397321,-0.2328333161
0.3470371420,0.0150923305,0.0476053067,0.0079688030,-0.0043405676,0.0037504262,-0.0048780488,-0.0616351910
0.3953351914,0.0017638998,0.0327322005,-0.0040370059,0.0043594903,-0.0084918478,0.0109871535,-0.1953317301
0.4978794025,0.0111287686,0.0402210861,0.0103023138,-0.0010016694,0.0106200754,-0.0095301789,-0.0571721018
0.3856749311,0.0211380186,0.0492862202,-0.0105315948,-0.0098596257,-0.0122033898,-0.0114787306,-0.2064009500
0.3899721448,-0.0010490183,0.0261841526,-0.0092921102,0.0126582278,0.0041180508,0.0189549180,0.8504465335
0.4731521007,0.0019669759,0.0271709988,0.0165416098,0.0065000000,0.0080314422,-0.0028490028,-0.1685195811
0.4965809950,0.0065703373,0.0301793746,-0.0020130851,-0.0064580229,-0.0103407357,-0.0048739496,-0.2685637094
0.5316662772,-0.0035283857,0.0186536614,-0.0035300050,0.0100000000,0.0114765331,0.0091200811,-0.0551802507
0.5246679317,-0.0112595359,0.0088298182,0.0092780027,0.0148514851,0.0104995766,0.0083682008,0.9584460116
0.5354659249,-0.0020739097,0.0157623644,0.0070198897,-0.0191869919,-0.0157533099,-0.0074688797,-0.3354788413
0.5332409972,0.0002523487,0.0166348518,-0.0084647303,-0.0008289125,0.0122594926,-0.0020066890,-0.5826796567
0.5996884735,0.0113985635,0.0267575329,-0.0010043522,-0.0096233615,-0.0114381833,-0.0110589812,1.1111341451
0.6190139184,0.0184454668,0.0337079067,-0.0118967828,-0.0070363545,-0.0076569678,-0.0086411386,0.3059942110
0.6274900398,0.0056389691,0.0210891361,-0.0057656435,0.0000000000,-0.0054869684,0.0099128354,-0.2746899620
0.6105215624,0.0066453733,0.0214284355,0.0078458127,0.0106293234,0.0091379310,-0.0018615671,0.4768460972
0.6330842566,0.0023938655,0.0165663456,-0.0018615671,-0.0051752922,0.0011959679,0.0032214310,-0.4594369836
0.6097624641,0.0138483837,0.0273191004,0.0033909800,0.0000000000,-0.0068259386,-0.0116613149,0.4864773574
0.6089676747,-0.0300776945,-0.0170610050,-0.0092936803,0.0320523578,0.0017182131,0.0430916553,5.5803348909
0.6978243352,-0.0141371769,-0.0043719873,0.0404229916,-0.0034146341,0.0169811321,-0.0114754098,-0.5632627078
0.6624593613,0.0412212117,0.0495612963,-0.0118032787,-0.0120737478,-0.0647664024,-0.0510779436,0.3140399398
0.5229468599,0.0318139787,0.0427919655,-0.0507631055,-0.0421139554,0.0117222723,0.0029709892,0.1554120838
0.5006321113,0.0615077680,0.0746382835,0.0040195736,-0.0034482759,-0.0183600713,-0.0325840739,-0.4083874826
0.4873239437,0.0934021024,0.1111374139,-0.0348128808,-0.0346020761,-0.0433993100,-0.0378242075,0.3911168278
0.4417021277,0.0694233530,0.0930832242,-0.0367899008,-0.0290322581,-0.0110098709,0.0089853987,-0.0124825178
0.3934098852,0.0726736639,0.1004801202,0.0097360045,-0.0038759690,-0.0019193858,-0.0129870130,-0.3148476528
0.3924302789,0.0689273695,0.1006923394,-0.0135360653,-0.0011117287,0.0105769231,-0.0069548872,-0.3681482954
0.3958804321,0.0507651284,0.0854263034,-0.0077067669,-0.0076052680,-0.0169362512,0.0071928828,0.3722263023
0.3834914125,0.0586730510,0.0953610723,0.0075771927,0.0000000000,0.0147115757,-0.0148468333,-0.6989481949
0.3674772783,0.0269217197,0.0647357950,-0.0144764053,0.0198130841,0.0000000000,0.0221289584,1.9988285595
0.4225162593,0.0316368211,0.0691192530,0.0221289584,-0.0126466276,0.0062953071,-0.0085852930,-0.4117700928
0.4280358969,0.0329924640,0.0704477890,-0.0074654722,-0.0053833302,-0.0011374408,-0.0060240964,-0.2452407479
0.3216908764,0.0251983713,0.0624124316,-0.0071455434,-0.0014930944,0.0001897893,0.0026515152,-0.2532472597
0.2778357430,0.0121447161,0.0482846300,0.0026515152,0.0166355140,0.0045540797,0.0090668682,0.9023747066
0.3315354795,0.0815422816,0.1184028230,0.0090668682,-0.0178341607,-0.0804684549,-0.0658929240,3.3184280343
0.2942733733,0.0679272478,0.1085215005,-0.0672032946,-0.0546611756,0.0137633525,0.0010020040,-0.8279753292
0.2753326510,0.0572652373,0.1002625980,0.0030102348,0.0000000000,0.0036474164,0.0002002002,-0.0825701018
0.2730950775,0.0474069552,0.0917431217,-0.0002000800,-0.0027722772,-0.0104986877,0.0010008006,0.3639717558
0.2400422982,0.0361768926,0.0808409605,0.0008004803,0.0123113582,0.0144868394,0.0037992402,0.2811447906
0.2197213290,0.0065502546,0.0497589029,0.0037992402,0.0158885838,0.0058326629,0.0239043825,0.4326085172
0.2421836228,0.0447723001,0.0868840751,0.0225099602,-0.0079165862,-0.0125974805,-0.0375486381,-0.1543908237
0.2260198456,0.0281164206,0.0702798023,-0.0344827586,-0.0122615804,-0.0155933576,0.0095007075,1.3629835952
0.2110595188,0.0330998873,0.0747583374,0.0076674738,-0.0082758621,0.0047315367,-0.0090108130,-0.5644711016
0.1950594969,0.0134680473,0.0540982389,-0.0082098518,0.0051659050,0.0114660115,0.0143463326,-0.1604876795
0.1908065915,0.0259058640,0.0651559161,0.0139309509,-0.0027673453,0.0000000000,-0.0141434263,-0.3071842905
0.1815930664,0.0317184403,0.0704959104,-0.0133412983,0.0103072349,-0.0125506073,-0.0094968681,0.7654504134
0.2181115406,0.0183215073,0.0564380142,-0.0110998991,-0.0278595252,-0.0022550226,0.0083639331,-0.2283350669
0.2143154390,-0.0097395129,0.0261014855,0.0069387755,0.0294651867,0.0115060612,0.0254905928,0.4573350948
0.3519417476,-0.0021386005,0.0304699892,0.0269558168,-0.0043128798,0.0105626650,-0.0061156047,-0.4604175899
0.4098360656,-0.0151031511,0.0145195568,-0.0057233077,0.0185075802,0.0122613065,0.0134974196,1.1275210280
0.4452607060,0.0005453388,0.0271229134,0.0132989281,0.0005799343,-0.0017871326,-0.0133176655,-0.1833912376
0.4810167834,0.0086701495,0.0335247886,-0.0142997062,-0.0185471406,-0.0083548836,-0.0081381501,-0.6561986882
0.5266422777,0.0043215070,0.0279557522,-0.0077503975,-0.0039370079,-0.0090270812,0.0030018011,1.0393932701
0.4639769452,0.0016581399,0.0238421741,0.0040056079,-0.0019762846,0.0010121457,0.0019952115,-0.5000539513
0.5167464115,0.0050052107,0.0257526198,0.0017953321,-0.0047524752,0.0006066734,-0.0035842294,-0.1399731986
0.5460758897,0.0008350592,0.0203785046,-0.0035842294,0.0031834461,0.0058609539,0.0033972822,-0.2169823821
0.5194029851,0.0055128639,0.0237624930,0.0033972822,-0.0019833399,-0.0034157123,-0.0047799243,-0.0674062035
0.5185878577,0.0152294562,0.0327493498,-0.0045807608,-0.0055643879,-0.0054435484,-0.0104062437,0.5391281991
0.5348965517,0.0228146945,0.0404226198,-0.0108043217,-0.0107913669,-0.0245286844,-0.0097067745,0.6858167512
0.5340126687,0.0241147557,0.0423238896,-0.0103155340,-0.0094949495,-0.0004156276,-0.0046967531,-0.3414276084
0.5531790214,0.0466020544,0.0658682968,-0.0055180871,-0.0006118703,-0.0197505198,-0.0250307755,0.7720821944
0.3669384729,0.0249809662,0.0462379137,-0.0234278668,-0.0134693878,0.0046659597,0.0140993266,-0.5959963632
0.4169611307,0.0403515374,0.0624345208,0.0136784512,0.0053785685,-0.0145661811,-0.0184685619,2.1435244655
0.3358438891,0.0321796304,0.0558008181,-0.0184762300,-0.0084362140,-0.0124250214,0.0019027484,0.4978825459
0.3116540112,0.0291834762,0.0536684827,0.0002115059,-0.0068478938,0.0154013015,-0.0018991348,-0.5506729679
0.3290345068,0.0161008913,0.0408905822,-0.0012687672,0.0217300460,-0.0029908139,0.0084566596,0.6949873814
0.3727598566,0.0196089570,0.0439898927,0.0103747618,-0.0173824131,0.0074994643,-0.0058700210,-0.5472702080
0.4201474201,0.0116852436,0.0357079148,-0.0062866723,0.0176899063,-0.0004253509,0.0048502741,1.5295372999
0.3872168787,-0.0080160784,0.0147484318,0.0048502741,-0.0022494888,0.0119148936,0.0180482686,-0.4669852736
0.4768211921,0.0041885087,0.0248530720,0.0165792235,0.0022545604,-0.0033641716,-0.0109255824,0.2067447076
0.4591836735,0.0109184759,0.0305295137,-0.0103220479,-0.0102249489,-0.0069620253,-0.0072947061,-0.2508773945
0.4693611473,0.0182173221,0.0374159731,-0.0066750104,0.0012396694,-0.0004248991,-0.0088179719,0.1919304146
0.4730617608,0.0256252881,0.0450484178,-0.0086098278,-0.0247626909,-0.0178533475,-0.0099555179,0.4616213941
0.4585987261,0.0278403020,0.0479895698,-0.0099555179,-0.0088870080,-0.0093053452,-0.0059905862,0.1474273617
0.5209840810,0.0255438111,0.0464619409,-0.0059905862,-0.0064047822,0.0043687200,-0.0019371502,-0.5787155991
0.5111430625,0.0178822712,0.0392104004,-0.0019371502,0.0096691018,0.0028273162,0.0036661635,-0.2458449840
0.5273069680,0.0263785322,0.0477879168,0.0036661635,-0.0076612045,-0.0203860334,-0.0109583154,0.4058832483
0.5529237602,0.0285771202,0.0506390976,-0.0120326601,-0.0122238902,-0.0008855435,-0.0060829894,0.0058995029
0.5377969762,0.0150837151,0.0375894376,-0.0050021749,0.0095527573,0.0044316419,0.0089617486,-0.1217678750
0.5392895587,0.0189439125,0.0411203227,0.0089617486,0.0066666667,-0.0035296713,-0.0060658579,0.2530346660
0.5392895587,0.0135993004,0.0355914813,-0.0060658579,-0.0136722922,0.0130617667,0.0023975588,-0.6692878846
0.5207166853,0.0141532929,0.0356573777,0.0015257193,-0.0043318172,-0.0133304196,-0.0026092629,1.4261652983
0.4085257549,0.0002010956,0.0209965109,-0.0017410229,0.0132695236,0.0026578073,0.0117724003,-0.2858085601
0.4970812753,-0.0081645935,0.0109458703,0.0132984521,0.0088020610,0.0209851999,0.0084033613,0.1368832014
0.5140817136,-0.0000713835,0.0170895234,0.0068846816,-0.0034049798,-0.0086542622,-0.0068376068,-0.2441927471
0.5244840146,0.0139003609,0.0300061617,-0.0094017094,-0.0089686099,-0.0024006984,-0.0137693632,0.4523338008
0.5070422535,0.0144173867,0.0304810775,-0.0118636756,-0.0122818358,-0.0089695909,-0.0026178010,-0.1674506880
0.5234248788,0.0001675652,0.0160009858,-0.0006548788,0.0198516579,0.0075055188,0.0120297463,1.4218168627
0.5272474835,0.0184102208,0.0333521944,0.0109217999,-0.0023529412,-0.0092024540,-0.0179381889,-0.3922201003
0.5079365079,-0.0000463959,0.0150219436,-0.0181503889,0.0002144082,0.0046439628,0.0156250000,2.4955638427
0.5496957404,0.0087035681,0.0227739870,0.0145246479,0.0006430868,0.0059432093,-0.0086673889,-0.6600900027
0.5384615385,0.0027617170,0.0164214838,-0.0086767896,-0.0021422451,0.0000000000,0.0045901639,-0.3950669770
0.5193615134,0.0075984481,0.0205342381,0.0045951860,-0.0092314298,-0.0021881838,-0.0052219321,0.5362575383
0.5230723430,-0.0127879268,-0.0004444809,-0.0041385319,0.0171180932,-0.0021929825,0.0194663167,0.3392574739
0.5897567222,-0.0813776847,-0.0717111505,0.0196850394,0.0811674478,0.0070329670,0.0768075520,9.5917430605
0.6978161503,-0.0389879719,-0.0364502678,0.0770055770,0.0273891626,0.0528153645,-0.0310818888,-0.0620766143
0.6424532405,-0.0339830539,-0.0347426984,-0.0322644891,-0.0506329114,-0.0167910448,0.0010281719,-0.6553289087
0.6296741252,-0.0004183537,-0.0039322402,0.0018522330,-0.0153535354,-0.0151802657,-0.0283483977,-0.3539284464
0.5747772447,0.0092477310,0.0059291877,-0.0297863599,-0.0254411161,-0.0139156498,-0.0095137421,-0.4308116408
0.5839019635,0.0327340638,0.0303413379,-0.0065636248,-0.0021052632,-0.0106382979,-0.0241195304,-0.1588830980
0.5384615385,0.0288231887,0.0292193994,-0.0260017050,-0.0255274262,-0.0182137371,-0.0010936133,0.6136373975
0.5903418340,0.0720403041,0.0748304726,-0.0002188184,0.0004329942,-0.0321859633,-0.0444493103,0.0497670608
0.5459106874,0.0468046881,0.0550238615,-0.0448675859,-0.0337589266,-0.0046189376,0.0135197067,-0.2477517935
0.5403758253,0.0360902085,0.0473959198,0.0135197067,0.0111982083,0.0262180974,0.0033913633,-0.5014640849
0.4826673390,0.0163393470,0.0295026938,0.0033913633,-0.0033222591,0.0006782727,0.0139702569,-0.5058904409
0.5007299270,0.0084472161,0.0218673499,0.0141955836,0.0066666667,-0.0009037506,0.0053333333,0.1802249173
0.4428364689,0.0190865451,0.0323417354,0.0031104199,0.0044150110,0.0045228403,-0.0117152962,-0.1761735496
0.4611412017,0.0145617098,0.0283360418,-0.0115171650,-0.0101098901,-0.0006753715,0.0015656453,-0.2976626989
0.2196278730,0.0202960699,0.0343213201,0.0017925162,-0.0046625222,-0.0020274837,-0.0078159893,1.1099393132
0.2531539108,0.0135237260,0.0280767207,-0.0062625811,-0.0022306491,0.0022573363,0.0036011704,-0.4009998394
0.2650527623,-0.0055071625,0.0088027477,0.0033760972,0.0154258887,0.0018018018,0.0170441803,0.8630237088
0.3284023669,-0.0101168151,0.0026235503,0.0157021086,0.0074856891,0.0089928058,0.0055126792,0.4929378280
0.3026427962,-0.0087777553,0.0022094305,0.0061837456,0.0045891608,0.0026737968,0.0002192982,0.0021704794
0.2996845426,-0.0098154109,-0.0003651023,0.0006584723,-0.0023928649,0.0077777778,0.0024117518,-0.2420602121
0.2338072670,-0.0015353556,0.0064863247,0.0024128098,-0.0034888792,-0.0048511577,-0.0067804024,-0.1835470370
0.4273339750,0.0179799267,0.0254259468,-0.0052516411,-0.0039387309,-0.0243740306,-0.0189385598,3.9809896480
0.3394199785,0.0095485286,0.0178308104,-0.0200175979,-0.0048330404,0.0074948898,0.0056116723,-0.7799170756
0.3487469114,0.0058343583,0.0142460675,0.0062850730,-0.0044150110,-0.0054102795,0.0022321429,0.9408621616
0.2971428571,0.0062814615,0.0145465447,0.0015614544,-0.0017738359,0.0040797824,-0.0013363029,-0.4355294085
0.3362170665,-0.0022503693,0.0058422086,-0.0006681514,0.0051088405,0.0081264108,0.0075825156,0.4648706640
0.3657448707,-0.0045481212,0.0027461161,0.0075774460,0.0048618785,0.0064935065,0.0026560425,-0.2774556000
0.3713527851,0.0072693531,0.0137317928,0.0013271400,0.0189135694,-0.0068965517,-0.0110375276,1.0166989802
0.3504380476,0.0124789847,0.0190838973,-0.0103821515,-0.0263328297,-0.0080645161,-0.0062500000,-0.6758046405
0.3762606672,0.0139755004,0.0211106751,-0.0066964286,-0.0117490579,-0.0108401084,-0.0033692722,0.8667268568
0.3189189189,0.0196387472,0.0274198706,-0.0035955056,-0.0024674742,-0.0036529680,-0.0076628352,0.1477716331
0.3026499303,0.0205577790,0.0293631441,-0.0054127199,0.0002248707,0.0025206233,-0.0038610039,-0.3140301343
0.3553838725,0.0204195431,0.0302417084,-0.0034013605,-0.0040467626,-0.0018285714,-0.0029639763,0.4093402515
0.3942671714,0.0235980261,0.0343881541,-0.0038680319,-0.0051918736,-0.0048087932,-0.0061742511,-0.5031748775
0.3977086743,0.0159933574,0.0278204170,-0.0073092736,-0.0070342637,-0.0186378279,0.0039116429,0.3703769378
0.4521337947,0.0054669815,0.0175964831,0.0039116429,0.0050274223,0.0178194607,0.0080220032,-0.5015844590
0.4762954796,0.0101382581,0.0218694077,0.0068760028,0.0127330605,0.0062197650,-0.0054570259,0.5254626881
0.5074798619,-0.0032710183,0.0082627884,-0.0013658092,-0.0031432420,-0.0034340659,0.0118884316,-0.2534020702
0.5357142857,-0.0002831744,0.0101612980,0.0077501710,-0.0029279279,0.0101079715,-0.0024853141,-0.6634192963
0.5437500000,-0.0072104980,0.0023704476,-0.0011309658,0.0164897222,-0.0018194223,0.0070215176,3.5667339560
0.5810616930,0.0061188767,0.0145169268,0.0070199275,-0.0104444444,-0.0022784233,-0.0121457490,-0.1222007875
0.5766492644,0.0010747457,0.0093051026,-0.0121430178,-0.0074107343,-0.0020552638,0.0040983607,0.0238077730
0.5566166439,0.0009094002,0.0086158357,0.0036421580,0.0047511312,0.0052631579,0.0000000000,0.2313131313
0.5433789954,-0.0064400131,0.0007161930,0.0013608528,0.0020265706,-0.0031868882,0.0072562358,-0.3131715140
0.5589123867,-0.0050012460,0.0011138908,0.0063420159,0.0051685393,0.0100479562,-0.0004502476,0.5982403368
0.5854430380,-0.0044560452,0.0008059736,-0.0004501463,0.0044712721,0.0018087271,0.0002252252,-0.2002420882
0.5296127563,0.0023233372,0.0068677375,-0.0002251745,-0.0048965057,-0.0069961634,-0.0060797118,0.2504393551
0.5296127563,0.0129815588,0.0174229724,-0.0063063063,-0.0078282263,-0.0113636364,-0.0108744903,-0.0799363431
0.5044776119,0.0165725179,0.0217489588,-0.0106527652,-0.0121731289,-0.0170114943,-0.0054970224,1.1088957162
0.4968220339,0.0184796277,0.0246215290,-0.0061855670,-0.0045641260,0.0074836296,-0.0043758637,-0.6494761520
0.5034889962,0.0236878192,0.0309056911,-0.0041493776,-0.0068775791,-0.0218198700,-0.0078649086,3.1028373353
0.4281984334,0.0298885924,0.0385441753,-0.0081018519,-0.0108494922,-0.0009492169,-0.0095593378,-0.4672025069
0.3970944310,0.0159630034,0.0262671074,-0.0088681447,0.0100350058,0.0083135392,0.0091807910,-0.2441977093
0.4195804196,0.0118549560,0.0226515658,0.0098893336,-0.0016173752,0.0040047114,0.0016328435,-0.3198940146
0.4105199516,0.0121525355,0.0231180741,0.0004663092,-0.0048599861,-0.0070389489,-0.0020959478,-0.0351723589
0.4364640884,0.0124093287,0.0235554489,-0.0023304591,-0.0006976744,0.0063799622,-0.0021003501,-0.2234808817
0.4548944338,-0.0037125063,0.0074388124,-0.0011679514,0.0176867582,0.0018783752,0.0142656688,0.4461228417
0.5328947368,-0.0171911892,-0.0073034003,0.0147333957,0.0066316030,0.0100773377,0.0142955960,0.0171307810
0.5631469979,-0.0138738793,-0.0060845841,0.0138280710,0.0134029986,0.0102088167,-0.0006819732,0.7046291057
0.6398822045,-0.0101632632,-0.0040479632,-0.0009092976,-0.0002241650,-0.0105649977,-0.0015923567,0.5068727126
0.6621680453,-0.0128729615,-0.0080423033,-0.0004550626,-0.0029147982,0.0116063138,0.0043290043,-0.6234249019
0.6732318711,-0.0034318093,0.0000401116,0.0027316185,-0.0078704745,-0.0043597981,-0.0074863884,-0.4209434692
0.6599385695,-0.0038146367,-0.0008763441,-0.0065834279,-0.0022665458,0.0006914035,0.0009142857,0.2882621470
0.6222222222,-0.0050454531,-0.0026335197,0.0009140768,0.0145388460,0.0009212345,0.0018269011,0.7172492569
0.6269592476,0.0048932344,0.0067408662,0.0011415525,-0.0158978952,-0.0034514496,-0.0091178482,-0.3678528417
0.6292606188,-0.0009158971,0.0011746364,-0.0079817560,-0.0029579067,0.0036942969,0.0050609616,-0.2860051633
0.6083102493,-0.0007749899,0.0010876263,0.0050574713,0.0022820630,-0.0004600874,0.0000000000,0.5878312477
0.6353790614,-0.0006557607,0.0010070614,-0.0006861848,0.0034153005,0.0002301496,0.0000000000,0.5095331542
0.6145251397,-0.0060150800,-0.0045358670,0.0002288853,0.0183798502,0.0055223194,0.0054932479,0.7937262264
0.5792903693,-0.0055424295,-0.0046530282,0.0068649886,-0.0140374332,-0.0029748284,0.0004552697,-0.3168099554
0.4925764192,-0.0017369792,-0.0013544591,-0.0011363636,-0.0049717514,0.0022951572,-0.0029579067,-0.4360605343
0.4067971164,-0.0071342073,-0.0069198077,-0.0022753129,0.0024982966,0.0002289902,0.0057051575,-0.0545588955
0.3898781631,-0.0064875162,-0.0068579405,0.0047890536,0.0172179429,0.0009157509,0.0004538235,1.8724394680
0.3161033797,0.0017813738,0.0009145746,0.0006808897,-0.0111358575,-0.0020585544,-0.0072578816,-0.3966667963
0.2964224872,0.0003645649,-0.0002951694,-0.0077114992,-0.0060810811,-0.0050424020,0.0011423349,-0.2990599943
0.2887029289,-0.0076178966,-0.0081950696,0.0016000000,0.0067980965,-0.0064501267,0.0079872204,1.6440006966
0.3517635844,-0.0095851040,-0.0107236103,0.0075308079,0.0060769750,0.0220264317,0.0031695721,-0.0755642752
0.3626991565,-0.0134539852,-0.0152629832,0.0036240091,0.0067114094,0.0024954628,0.0054163846,-0.0133562828
0.4303797468,-0.0040064110,-0.0067751709,0.0049650192,0.0022222222,-0.0006788866,-0.0074074074,-0.0114187469
0.3864306785,-0.0103280389,-0.0131912330,-0.0069615989,-0.0090909091,-0.0002264493,0.0070104025,-0.5042062727
0.4090909091,-0.0089616651,-0.0124358797,0.0065581185,0.0017901096,0.0004530011,0.0002245677,-0.2153777420
0.3853427896,-0.0035560071,-0.0075037171,0.0006740058,-0.0049140049,0.0006791940,-0.0040413112,-0.3543732148
0.3915492958,-0.0085961913,-0.0125130740,-0.0038167939,0.0040404040,0.0027149321,0.0056357078,-0.2258370854
0.4285714286,-0.0037003323,-0.0080283346,0.0054090602,0.0060362173,-0.0004512635,-0.0035866398,0.9634862916
0.4210526316,0.0018273753,-0.0024966185,-0.0035866398,-0.0073333333,-0.0015801354,-0.0049493813,-0.5781652708
0.4143980641,0.0010935643,-0.0027626164,-0.0049493813,-0.0002238639,0.0000000000,0.0004521818,0.0408477484
0.4143980641,-0.0002043889,-0.0036837592,0.0022609089,-0.0064935065,-0.0006782727,0.0011299435,-0.2360250956
0.4149013879,0.0016358788,-0.0016079228,-0.0009023235,0.0069867027,-0.0135746606,-0.0018058691,2.2316643042
0.4688569473,0.0052487980,0.0023646877,-0.0027094152,-0.0082811101,0.0066513761,-0.0038444143,-0.2664540920
0.4340425532,0.0037576872,0.0015074548,-0.0027167761,0.0015797788,-0.0006835270,0.0006810443,0.3265060372
0.4062500000,0.0027246247,0.0009416437,0.0000000000,0.0000000000,0.0031919745,0.0004537205,-0.3155534236
0.3415841584,0.0000377923,-0.0013925237,0.0002270148,-0.0018026138,0.0006818182,0.0022675737,0.2897385501
0.3787152445,-0.0031255428,-0.0044427227,0.0029505220,0.0045146727,0.0036338860,0.0031674208,-0.1841431749
0.3235908142,0.0011938973,-0.0002806984,0.0033944331,0.0002247191,-0.0038470242,-0.0038340099,0.8437231808
0.3479087452,0.0014636795,0.0001929775,-0.0042850699,-0.0058413840,0.0004543389,-0.0004527960,-0.6665607735
0.3893617021,0.0064817780,0.0054164128,0.0000000000,0.0027118644,-0.0090826521,-0.0052095130,3.1427470226
0.2857142857,0.0133291146,0.0128560682,-0.0052095130,-0.0092404778,-0.0045829514,-0.0077413479,-0.1713764316
0.2545454545,0.0117427968,0.0123683691,-0.0066029144,-0.0063694268,-0.0041436464,-0.0004589261,-0.2949646283
0.2896551724,0.0055502040,0.0070596013,-0.0016044006,0.0052655678,0.0057790106,0.0043617998,-0.5349043298
0.3751263903,0.0088470113,0.0106949556,0.0032139578,0.0013664313,-0.0002298322,-0.0041142857,0.5817344764
0.3882709808,0.0070236771,0.0094393723,-0.0029748284,0.0004548556,-0.0004597701,0.0004590314,0.0594503532
0.3404669261,0.0159652508,0.0187901658,0.0004590314,-0.0081836781,-0.0098896044,-0.0098646479,1.0945106467
0.2956081081,0.0156269087,0.0195242790,-0.0098646479,-0.0048132019,-0.0076655052,-0.0020852641,-0.1443369886
0.3369175627,0.0092392382,0.0140754167,-0.0020852641,-0.0009212345,0.0037453184,0.0039470629,-0.4761077295
0.4012944984,0.0008737346,0.0060527786,0.0060366845,0.0073766713,0.0011660448,0.0069380204,-0.0035177844
0.4699140401,0.0002798376,0.0051427146,0.0048465267,0.0084668192,0.0107151176,0.0004593477,0.4898236500
0.4307692308,0.0088056120,0.0133693638,0.0022967386,-0.0095302927,-0.0066835676,-0.0084940312,-0.4354037292
0.4000000000,0.0076842167,0.0126134961,-0.0100824931,-0.0066437572,-0.0004640371,-0.0002315351,-0.5763266335
0.4014336918,0.0206847730,0.0259348581,-0.0004629630,0.0020756458,-0.0157845868,-0.0138953219,3.2464972624
0.3544303797,0.0384769046,0.0451223825,-0.0145900880,-0.0163406214,-0.0424528302,-0.0201972757,2.5059290262
0.3043478261,0.0448288607,0.0541610701,-0.0197414806,-0.0170800187,0.0125615764,-0.0117449664,-0.7702962583
0.2698795181,0.0384358412,0.0506587965,-0.0103092784,-0.0078552726,-0.0126489905,-0.0004850837,0.4225464514
0.2733770101,0.0406030272,0.0550992501,-0.0016957364,-0.0112763916,0.0041882237,-0.0077651056,-0.1135680944
0.2645533141,0.0315813051,0.0481980202,-0.0087357438,0.0099490415,0.0009813543,0.0026901443,0.1090918798
0.2973568282,0.0279762724,0.0459032883,0.0046511628,-0.0021624219,0.0024509804,-0.0012195122,-0.3884733452
0.3245192308,0.0236722305,0.0425030447,-0.0021929825,-0.0081868529,-0.0034229829,0.0000000000,-0.0089860599
0.3061224490,0.0195324087,0.0388472975,0.0000000000,0.0019422190,-0.0039254171,0.0004884005,0.3889893380
0.2486187845,0.0167755984,0.0362226422,0.0004884005,-0.0072692028,0.0014778325,-0.0002440810,-0.4370880672
0.1415094340,0.0097573270,0.0290174343,-0.0017085672,0.0058579448,0.0031972455,0.0043945312,-0.0544905469
0.2540983607,0.0087465967,0.0273674441,0.0058679707,0.0104343606,-0.0002451581,-0.0004861449,0.7182236718
0.2809667674,0.0350906482,0.0535229909,-0.0019445795,-0.0108069164,-0.0240313879,-0.0267509728,0.5369571036
0.2113636364,0.0330478145,0.0529787957,-0.0263029713,-0.0140810876,-0.0120603015,-0.0032483758,0.1870176615
0.2366412214,0.0269337697,0.0480035470,-0.0030015008,-0.0066486087,0.0045778230,0.0010027576,-0.2817907547
0.2464788732,0.0146586138,0.0361440449,0.0017561465,-0.0022310362,0.0086075949,0.0080140245,0.0145926201
0.3624420402,0.0051612866,0.0260738778,0.0077635863,0.0283229814,0.0100401606,0.0072049689,0.7759442141
0.3706563707,0.0095970248,0.0294752322,0.0074552684,-0.0118386084,-0.0014910537,-0.0051800691,-0.7142195667
0.3870967742,0.0108777266,0.0301014816,-0.0051800691,-0.0100244499,-0.0119462419,-0.0027274981,0.5417224973
0.4219858156,0.0117196944,0.0304337356,-0.0044631788,0.0002469746,0.0017632242,-0.0024863252,0.2184210690
0.4146341463,0.0089107714,0.0271553017,-0.0019925280,0.0029629630,0.0012572291,0.0009970090,-0.5116995650
0.3819742489,0.0032928768,0.0208225868,0.0019965061,-0.0064007878,0.0042692115,0.0042330677,-0.5186112780
0.4193548387,0.0003059779,0.0167590743,0.0044831880,0.0029732408,0.0050012503,0.0024795438,-0.7173499034
0.3691311387,-0.0034384548,0.0117638997,0.0032234069,0.0051877470,0.0007464543,0.0037101163,1.7733231300
0.3629427793,-0.0164819144,-0.0028678260,0.0014829461,0.0125337921,0.0042267529,0.0137999014,3.5204475655
0.3874709977,-0.0023056596,0.0091184720,0.0153010859,0.0004854369,0.0051993068,-0.0116674769,-0.4476034030
0.5033152502,0.0339025393,0.0446699003,-0.0116674769,-0.0135856380,-0.0354679803,-0.0346778160,2.7946925036
0.3112187849,0.0134526980,0.0259392567,-0.0346778160,-0.0090998524,0.0005107252,0.0150318471,-0.1243221812
0.3752535497,0.0136729761,0.0263363612,0.0150318471,-0.0086870191,0.0132720776,-0.0022590361,-0.7221029458
0.4042553191,0.0102986254,0.0230986032,-0.0025100402,0.0027541312,0.0000000000,0.0012578616,0.7102313844
0.3721973094,0.0046753257,0.0172979555,0.0010065425,0.0012484395,0.0010075567,0.0040201005,-0.5073122544
0.3418482344,-0.0015409768,0.0104535678,0.0055304173,0.0167082294,0.0052843483,0.0055055055,2.2411775432
0.3035714286,0.0006885077,0.0116935521,0.0057500000,-0.0073583517,0.0025031289,-0.0019910403,-0.5941134210
0.3056179775,0.0071124899,0.0174241280,-0.0032314193,0.0044477391,-0.0057428215,-0.0064837905,0.2436747409
0.3501400560,0.0067763754,0.0168991892,-0.0059850374,-0.0083640836,-0.0030135610,-0.0007530120,-0.1920662933
0.4002916515,0.0103019130,0.0202604817,-0.0025087807,-0.0081865542,-0.0047858942,-0.0045214770,0.5498959336
0.4437522902,0.0031481767,0.0131354359,-0.0035211268,0.0037518759,-0.0002531005,0.0055513500,-0.3652611792
0.4535637149,-0.0497941951,-0.0407925503,0.0055527511,0.0690256666,0.0075949367,0.0552070263,9.5028897887
0.6133469180,-0.0907836516,-0.0866425621,0.0557228916,0.0358974359,0.0464824121,0.0535077289,1.3292958629
0.7040626933,-0.0304170285,-0.0339959587,0.0520684736,0.0024752475,-0.0055222089,-0.0478555305,-0.2206160580
0.6386083053,-0.0073818151,-0.0132302187,-0.0479096045,-0.0525252525,-0.0067600193,-0.0184921764,-0.6084928375
0.6269757640,-0.0114990548,-0.0174713691,-0.0170899596,0.0035536603,-0.0034030141,0.0053140097,-0.2804219568
0.5692883895,-0.0020571750,-0.0085543535,0.0050712388,-0.0042492918,0.0000000000,-0.0076886112,0.0607485529
0.6198958158,-0.0103670273,-0.0164936345,-0.0069678039,0.0241820768,0.0004878049,0.0087167070,-0.3539885996
0.6286324085,-0.0331408496,-0.0394808401,0.0089523349,0.0106481481,0.0151145783,0.0252040326,0.9689030057
0.6609712230,-0.0291787842,-0.0376829046,0.0247002398,-0.0199267064,0.0033621518,0.0011706860,-0.7322874748
0.5959643360,-0.0194153139,-0.0296723228,-0.0009361105,-0.0009347978,0.0086165629,-0.0053788587,-0.5727881976
0.5979284369,-0.0087369054,-0.0198693147,-0.0051534317,-0.0011695906,-0.0033222591,-0.0077592288,0.4492611713
0.5788514129,-0.0066866192,-0.0176991955,-0.0056510478,-0.0107728337,0.0000000000,-0.0007109005,0.0621869244
0.5882352941,-0.0021083770,-0.0128769165,-0.0011839924,0.0153882576,0.0002380952,-0.0035570311,0.5490083967
0.6436178191,0.0188252573,0.0084768657,-0.0037932670,-0.0174865936,-0.0214234706,-0.0202284626,0.2325513194
0.5665885745,0.0309538960,0.0227542830,-0.0199904807,-0.0185097295,-0.0148382389,-0.0145737187,0.6517653369
0.4113166485,0.0274580362,0.0223287371,-0.0140845070,-0.0159574468,-0.0125925926,-0.0012324378,0.0363557791
0.5308988764,0.0260190659,0.0234531338,-0.0019704433,0.0142506143,0.0057514379,-0.0027147088,-0.3224020955
0.5860465116,0.0220161327,0.0217158646,-0.0039486673,-0.0138081395,-0.0077076082,0.0000000000,0.2699536593
0.6212765957,0.0083978275,0.0098612265,0.0014866204,0.0194055515,0.0035078928,0.0101460035,-0.0677583431
0.6141215107,0.0216217933,0.0236758907,0.0098960910,-0.0108433735,0.0024968789,-0.0142087212,-0.1833335522
0.6072386059,0.0198159639,0.0234481371,-0.0132288094,-0.0141291108,-0.0087173101,-0.0014910537,0.6330596903
0.4347826087,0.0280249695,0.0330235920,-0.0027308838,-0.0024709661,-0.0103015075,-0.0109507218,0.2610949539
0.5680100756,0.0224270403,0.0292823794,-0.0094597959,-0.0076789695,-0.0048235593,0.0012581782,-0.3707904488
0.4181818182,0.0233489133,0.0315204132,0.0000000000,-0.0024962556,0.0056122449,-0.0042724303,-0.5969233341
0.4307116105,0.0126005849,0.0219632130,-0.0052777080,0.0105105105,0.0020294267,0.0070671378,0.9623799921
0.4244741874,-0.0038187961,0.0057168651,0.0080848914,0.0153541357,0.0073417722,0.0145363409,1.2780192038
0.4800000000,-0.0093494373,-0.0008770789,0.0145363409,-0.0048780488,0.0057803468,0.0061758893,-0.4622748857
0.5223384030,-0.0064474445,0.0006619807,0.0056818182,0.0049019608,0.0079960020,-0.0014731156,-0.4088656968
0.5992366412,-0.0052109298,0.0008590378,-0.0019651191,0.0009756098,0.0034705007,-0.0002458815,-0.3905035576
0.6058434399,-0.0012158903,0.0040054572,0.0000000000,-0.0019493177,-0.0034584980,-0.0031972455,0.4273410650
0.6025219298,-0.0229656972,-0.0183321450,-0.0017228649,0.0156250000,0.0004957858,0.0224525043,1.0056738882
0.6661550269,-0.0196690793,-0.0172113678,0.0197238659,-0.0007211538,0.0170961348,0.0002413127,-0.4188872555
0.6259673259,-0.0123541345,-0.0116444372,0.0019342360,0.0036083714,-0.0012180268,-0.0043425814,-0.0119972468
0.6979865772,-0.0019896354,-0.0023208320,-0.0026544402,0.0011984660,-0.0039024390,-0.0084807366,-0.2235559198
0.6442477876,-0.0091896765,-0.0096515582,-0.0099201549,-0.0090974384,0.0019588639,0.0075757576,0.0611230676
0.6947674419,-0.0024530489,-0.0036200237,0.0073313783,0.0024160425,0.0019550342,-0.0053359204,-0.1991087983
0.7090909091,-0.0119537104,-0.0132172947,-0.0053372149,0.0002410219,-0.0095121951,0.0099975616,0.3126220594
0.7127429806,-0.0101146780,-0.0122382358,0.0117073171,0.0036144578,0.0125584831,0.0000000000,-0.1109517961
0.7222222222,-0.0005961578,-0.0033915553,-0.0014464802,-0.0040816327,-0.0038910506,-0.0079671656,-0.4589295865
0.6739684157,0.0009571658,-0.0016825766,-0.0094157412,-0.0026518804,0.0004882812,-0.0014602093,0.1202798388
0.7099567100,0.0057122358,0.0033327864,0.0000000000,-0.0016920474,-0.0036603221,-0.0048744821,0.4470306163
0.6890756303,-0.0003082613,-0.0020468362,-0.0036558616,-0.0014527845,0.0012245898,0.0051432770,-0.7080870284
0.6379310345,0.0021811254,0.0005427510,0.0058708415,-0.0029097963,-0.0080724070,-0.0024366472,2.4129307480
0.6426799007,0.0134805421,0.0121219244,-0.0043774319,-0.0043774319,-0.0135635018,-0.0114802149,0.9203621779
0.4960422164,0.0141631717,0.0139800656,-0.0107474353,-0.0041524182,0.0072500000,-0.0027180628,-0.2250031941
0.5800415800,0.0155067928,0.0164704184,-0.0032098765,-0.0093205789,-0.0071978158,-0.0034687810,0.2460815306
0.5849056604,0.0053721181,0.0074850871,-0.0037156304,0.0108937856,0.0055000000,0.0077076082,-0.3553575771
0.6034063260,0.0072794340,0.0096709225,0.0072103431,-0.0024491795,0.0009945301,-0.0027140390,-0.3923785941
0.6158940397,0.0044200504,0.0072102551,-0.0017279684,-0.0031917506,-0.0014903130,0.0017318159,-0.2648953783
0.5681818182,-0.0104350054,-0.0075403505,0.0012363996,0.0125615764,0.0000000000,0.0143245246,1.6371245186
0.6062176166,-0.0064103610,-0.0045580370,0.0143245246,0.0153247385,0.0159203980,-0.0024348673,1.9646061252
0.6190476190,-0.0228351917,-0.0216525174,-0.0014609204,0.0177287973,0.0014691479,0.0178179155,0.5381453136
0.7020785219,-0.0507365589,-0.0514398272,0.0168251646,0.0202448211,0.0114914425,0.0330935252,0.5915797581
0.7567567568,-0.0232045642,-0.0279999420,0.0330935252,0.0004614675,0.0171621948,-0.0201949861,-0.3568716662
0.6682188591,-0.0038222866,-0.0102149992,-0.0201949861,-0.0262915129,-0.0185361217,-0.0158730159,-0.5107184655
0.6565089548,-0.0096711417,-0.0158550379,-0.0146884624,-0.0090004737,-0.0012106538,0.0064997593,-0.4569716746
0.6120418848,-0.0231364588,-0.0295358185,0.0052897331,0.0227055449,0.0101818182,0.0153073427,0.8823370175
0.6304118268,-0.0090724715,-0.0169267085,0.0143506338,-0.0081794812,0.0033597312,-0.0106007067,-0.7149343470
0.5931445604,-0.0280415503,-0.0358736214,-0.0099033247,0.0202639020,-0.0062186080,0.0209523810,1.1417108765
0.5799522673,-0.0225877592,-0.0320876870,0.0211955227,0.0046189376,0.0247894103,-0.0011660448,-0.3743331783
0.6341463415,-0.0170472103,-0.0276676293,-0.0011660448,-0.0110344828,-0.0063410052,-0.0021013308,-0.3612731768
0.6362153344,-0.0020494149,-0.0133835776,-0.0025682933,-0.0041841004,-0.0023635074,-0.0124005615,-0.0431084076
0.6544240401,0.0042136030,-0.0065079796,-0.0119382022,-0.0088702148,-0.0078180526,-0.0059227671,-0.1314450199
0.6745945946,0.0095804928,-0.0000682585,-0.0061596778,-0.0080075365,-0.0088347660,-0.0059580553,1.4291211624
0.6638297872,0.0151647771,0.0069378038,-0.0052443385,-0.0092592593,-0.0057817393,-0.0069527691,-0.1954637780
0.6739900780,0.0106357611,0.0042418122,-0.0086268871,0.0045530793,-0.0038769082,0.0021728634,-0.0980901058
0.5507812500,-0.0003921519,-0.0054168297,0.0033840948,0.0193225191,0.0075407443,0.0093953264,0.7404178409
0.5846748229,0.0078464078,0.0031243280,0.0091544206,-0.0187222092,0.0019314341,-0.0081145585,-0.6160078362
0.6174770486,0.0115069628,0.0077424751,-0.0090713774,-0.0019079418,-0.0072289157,-0.0048123195,0.2982013576
0.6474820144,0.0039112570,0.0013583683,-0.0033726813,-0.0047789725,-0.0038834951,0.0058027079,0.0483434433
0.5950413223,-0.0043493261,-0.0063854405,0.0055595842,0.0084033613,0.0077972710,0.0076923077,-0.4001929643
0.6056782334,0.0100538345,0.0077908176,0.0093750000,0.0011904762,-0.0062862669,-0.0135973282,1.2228823116
0.4765784114,0.0104620354,0.0091661576,-0.0152417242,-0.0135552913,-0.0021897810,-0.0019347037,-0.2064234536
0.4736842105,0.0110573658,0.0106912588,-0.0009673519,0.0016875603,0.0029261156,-0.0021807608,-0.2418584466
0.4736842105,0.0047205622,0.0052611491,-0.0031469378,0.0093862816,-0.0004862631,0.0046138902,0.4480369222
0.4873699851,0.0167746658,0.0176629435,0.0046138902,-0.0054840248,-0.0145949891,-0.0125694948,1.0975346975
0.4568245125,0.0070447927,0.0091901916,-0.0113608895,-0.0112682810,0.0096272525,0.0070991432,-0.8835976425
0.4590163934,0.0059609785,0.0085094367,0.0061124694,0.0002424830,0.0012224939,0.0000000000,0.8222105409
0.4578313253,0.0084757621,0.0113206464,0.0019441069,0.0007272727,-0.0041514042,-0.0034030141,-0.4421594887
0.5078640284,0.0168442193,0.0201862911,-0.0043657531,-0.0055717054,-0.0095635115,-0.0095121951,2.5313934272
0.4716553288,0.0170075617,0.0214578254,-0.0104750305,-0.0099878197,-0.0089130973,-0.0027086924,-0.1423117468
0.4976076555,0.0184143792,0.0239134470,-0.0034465780,-0.0034448819,0.0019985011,-0.0039506173,0.2738604158
0.5024154589,0.0165894190,0.0231566136,-0.0037055336,-0.0034567901,-0.0012465719,-0.0009915716,-0.6446293712
0.5333333333,0.0280679041,0.0355744591,-0.0019836350,-0.0014866204,-0.0139790315,-0.0136476427,3.7325212078
0.4752475248,0.0328439888,0.0421151708,-0.0136645963,-0.0101736973,-0.0025316456,-0.0088050314,-0.6100794169
0.4968944099,0.0179730532,0.0290704833,-0.0075566751,0.0005013788,-0.0038071066,0.0096446701,0.2367192769
0.5233265720,0.0134246668,0.0251132447,0.0098984772,0.0005011275,0.0086624204,0.0017596782,-0.6818797041
0.4514563107,0.0058065744,0.0176349444,0.0015079166,0.0037565740,0.0047991917,0.0055207026,0.0523522357
0.4593301435,-0.0130668103,-0.0018556594,0.0047678795,0.0379241517,0.0065359477,0.0182181183,9.3616030164
0.5762299075,-0.0356383006,-0.0265320911,0.0194805195,0.0230769231,0.0164835165,0.0254901961,2.7251772571
0.6625290923,-0.0174747094,-0.0118129022,0.0254777070,-0.0032894737,0.0130221130,-0.0129063098,-0.7883474134
0.6313065977,0.0026940886,0.0066107903,-0.0129001433,-0.0169731259,-0.0189182634,-0.0174334140,0.0587680815
0.5771732703,0.0137713538,0.0176568874,-0.0179090029,-0.0239808153,-0.0187886279,-0.0113356333,0.4831950925
0.5712613404,0.0159575890,0.0206738591,-0.0123213406,-0.0036855037,0.0017636684,-0.0042372881,-0.3797379755
0.5662895271,0.0191147215,0.0247858384,-0.0022455090,-0.0071516646,-0.0022635815,-0.0055068836,-0.6727126797
0.5614035088,0.0164298294,0.0232073907,-0.0067516879,-0.0064580229,-0.0068061507,-0.0002516990,1.2468749648
0.5638359330,0.0174884772,0.0251014719,0.0007552870,-0.0027500000,-0.0076142132,-0.0035246727,0.3532123286
0.5993245318,0.0051477116,0.0135115731,-0.0057861635,0.0085234395,0.0066496164,0.0096008085,-0.4934000259
0.5927927928,0.0220029541,0.0303012020,0.0111336032,-0.0047228436,-0.0027947154,-0.0172672673,0.0801503289
0.5695943974,0.0098743831,0.0192321478,-0.0155155155,-0.0037462537,-0.0160509554,0.0086580087,1.2039199830
0.5951139171,0.0142445745,0.0237520779,0.0055922725,0.0002506894,0.0129466598,-0.0058066145,-0.5852764261
0.6379163108,-0.0257968434,-0.0162290116,-0.0053083923,0.0526315789,0.0058793456,0.0388522092,14.4964298726
0.6995038979,-0.0474407879,-0.0408176374,0.0396442186,0.0157142857,0.0373570521,0.0268882914,-0.4116498456
0.7032890133,-0.0193670729,-0.0169681544,0.0268882914,-0.0023441163,-0.0002449780,-0.0211854320,-0.4336966813
0.6810481138,-0.0190117622,-0.0183372973,-0.0214234706,-0.0190319549,0.0026954178,0.0026750973,-0.5324576105
0.6633117661,-0.0246035558,-0.0254879370,0.0029189978,-0.0023952096,-0.0026881720,0.0087315062,-0.5538350845
0.6547502449,-0.0153732345,-0.0181702509,0.0077613388,0.0055222089,0.0107816712,-0.0055301755,0.1612370943
0.6490291262,-0.0045846356,-0.0084333897,-0.0055354994,-0.0095510984,-0.0058181818,-0.0084622824,-0.3622123877
0.6369699857,-0.0137395071,-0.0176299987,-0.0075024201,0.0004821601,-0.0012192148,0.0099975616,-0.0436809877
0.5889997679,0.0123259640,0.0075137710,0.0102414045,-0.0002409639,-0.0173339844,-0.0236600676,0.8855545471
0.5182764958,0.0164620777,0.0129688802,-0.0234129858,-0.0243432152,-0.0109316770,-0.0059347181,-0.1258822843
0.5544126723,0.0071649100,0.0052564996,-0.0064260999,0.0029644269,0.0067822155,0.0067164179,-0.0214975381
0.5473870682,0.0115615919,0.0103595707,0.0067164179,0.0046798030,-0.0014970060,-0.0054361255,-0.1534298894
0.5841059603,0.0115420891,0.0113510665,-0.0056832221,-0.0058837950,-0.0007496252,-0.0017391304,-0.1696672083
0.5967523681,0.0100177563,0.0107618052,-0.0022365805,-0.0022194821,-0.0022505626,-0.0002488800,0.7134118907
0.5462822458,0.0047247901,0.0062073256,0.0007471980,-0.0012357884,0.0040100251,0.0037341299,-0.6180813521
0.4102564103,0.0069949080,0.0087497551,0.0042309607,0.0022271715,-0.0012481278,-0.0029761905,0.1862414276
0.4837209302,0.0016827963,0.0038564609,-0.0032218092,0.0027160494,-0.0052486878,0.0042288557,2.2712602692
0.4949954504,-0.0122774731,-0.0101599540,0.0057185480,0.0123122384,0.0128140704,0.0138716869,-0.0647427246
0.5292620865,0.0063302691,0.0073281132,0.0118665019,-0.0038919971,-0.0014884644,-0.0166137308,-0.5594198801
0.4831591173,-0.0015890857,-0.0001700488,-0.0153921329,0.0075702076,-0.0012422360,0.0069565217,1.8483534073
0.4805970149,-0.0113458008,-0.0101705313,0.0071960298,0.0138148328,0.0082089552,0.0101159635,0.2490236923
0.4805970149,-0.0015522284,-0.0013676059,0.0068982508,-0.0179297155,-0.0041944239,-0.0080605765,-0.3396663974
0.5624454148,-0.0083945758,-0.0083477876,-0.0068509909,-0.0036514119,0.0024777007,0.0071410983,-0.6324091650
0.5607722685,0.0084301740,0.0077940450,0.0076373491,-0.0007329587,-0.0064260999,-0.0154034230,0.3976789295
0.5130023641,0.0066332821,0.0067167248,-0.0144254279,-0.0012224939,-0.0007462687,0.0004966476,0.3731515337
0.4668874172,-0.0062266669,-0.0056273939,-0.0004961548,0.0137086903,0.0029873040,0.0119136262,0.4772635350
0.4545454545,-0.0035578781,-0.0034996098,0.0114172251,-0.0125573533,0.0074460164,-0.0017169487,-0.5279216096
0.4462934947,-0.0012928341,-0.0015230973,-0.0017177914,-0.0017119100,-0.0071446169,-0.0017199017,-0.2065752421
0.4992469880,-0.0101084546,-0.0104219387,-0.0009832842,0.0093091622,0.0012406948,0.0091065715,0.4766702294
0.4753131909,-0.0005086211,-0.0016141547,0.0086122047,-0.0050970874,0.0047087980,-0.0080487805,-0.6959301894
0.4946972289,-0.0016577411,-0.0027206503,-0.0078067821,-0.0026835814,-0.0009866798,0.0012294074,0.7341283116
0.4356132977,-0.0072538600,-0.0083637352,0.0017211704,0.0022015656,0.0002469136,0.0058939096,-0.3053601859
0.4832881662,-0.0202504844,-0.0218339928,0.0046637212,0.0141567000,0.0103678104,0.0144042969,1.5142639122
0.5170958210,-0.0109459990,-0.0140470386,0.0151478133,0.0132370638,0.0046420718,-0.0062575211,0.3695241916
0.5085168259,-0.0056496827,-0.0094078536,-0.0077015644,-0.0171021378,-0.0038910506,-0.0036328409,-0.7202252547
0.5366067514,-0.0016256962,-0.0055686304,-0.0021828765,-0.0038666022,-0.0039062500,-0.0031599417,1.2147709047
0.5545495699,-0.0016190373,-0.0053986658,-0.0034030141,0.0002426007,0.0012254902,0.0002438430,-0.4631033115
0.5989790130,0.0037687935,0.0001213103,-0.0007317073,-0.0046082949,-0.0048959608,-0.0051194539,0.4210392288
0.6246153846,0.0214606347,0.0183279431,-0.0041493776,-0.0004873294,-0.0140221402,-0.0178877726,1.4484042674
0.5083207262,0.0120985283,0.0109169229,-0.0161764706,-0.0136518771,-0.0017465070,0.0059880240,-0.5800879495
0.4820936639,0.0089859936,0.0088571990,0.0057299452,0.0069204152,0.0037490627,0.0012400794,0.2151496605
0.4233045061,0.0128723762,0.0134730781,-0.0004954174,-0.0095729013,-0.0032370518,-0.0052018826,-0.1882383736
0.4052993131,0.0195234341,0.0211200127,-0.0054522924,-0.0024783147,-0.0119910067,-0.0084661355,0.5326400668
0.4041095890,0.0160095278,0.0190437422,-0.0062297533,-0.0047204969,0.0042983565,0.0005022602,-0.6336657397
0.3979238754,0.0225295897,0.0266523801,-0.0015045135,0.0049925112,-0.0151057402,-0.0087851406,3.8208314849
0.3795620438,0.0268644443,0.0325220552,-0.0082872928,-0.0161450571,-0.0069018405,-0.0075968600,0.0577638933
0.2117647059,0.0152189878,0.0225463278,-0.0073436313,-0.0010098460,0.0002574003,0.0073998469,-0.6448065024
0.2873969376,-0.0074855337,0.0003522844,0.0076530612,0.0305787213,0.0100360268,0.0205167173,4.7552621271
0.4219015280,0.0013708514,0.0080825954,0.0220253165,-0.0012260912,0.0089171975,-0.0076942169,-0.5418143086
0.4034090909,-0.0018360387,0.0044689703,-0.0116423086,-0.0152221949,-0.0025252525,0.0030015008,-0.5848326443
0.4214876033,0.0031997443,0.0089183466,0.0042606516,0.0019945151,0.0091139241,-0.0047381546,-0.3704669647
0.4234875445,-0.0087179746,-0.0032309652,-0.0042425755,0.0082109978,0.0000000000,0.0115259334,0.0415885331
0.5008389262,-0.0139714396,-0.0096154597,0.0115288221,0.0064165844,0.0055193176,0.0066881348,1.8246990786
0.5045795171,-0.0226440878,-0.0197572691,0.0074331021,0.0208435508,0.0142215569,0.0110728346,0.7211480110
0.5495836488,-0.0348970329,-0.0340443226,0.0088539105,0.0045640163,-0.0088560886,0.0163056705,-0.1255802840
0.5644866642,-0.0234481947,-0.0254549512,0.0182837640,0.0069344811,0.0210970464,-0.0062260536,-0.0877487798
0.5780022447,-0.0184216307,-0.0221556484,-0.0057457505,-0.0085490382,0.0014584346,-0.0014457831,-0.4972303462
0.6415882968,-0.0181936798,-0.0231075917,-0.0007223694,-0.0002395210,0.0000000000,0.0026544402,0.1579837166
0.6395816573,-0.0060653012,-0.0121234306,0.0019277108,0.0011978917,-0.0048543689,-0.0093862816,0.2211985405
0.6215793589,-0.0036798161,-0.0097819321,-0.0103415103,-0.0076573343,0.0009756098,-0.0014577259,0.2258046997
0.6610751048,-0.0067387317,-0.0126607724,-0.0012150668,-0.0016879672,0.0004873294,0.0036496350,-0.4980790515
0.6008082622,0.0023165285,-0.0037529611,0.0036496350,-0.0024154589,-0.0063321968,-0.0080000000,0.4836608209
0.5970548862,-0.0275092764,-0.0327845239,-0.0070303030,0.0285714286,-0.0019607843,0.0303030303,2.6161864553
0.6900102987,-0.0139214965,-0.0210682632,0.0290527344,0.0016478343,0.0191552063,-0.0094876660,-0.1125228695
0.6568627451,-0.0248563666,-0.0324820300,-0.0092526690,0.0204465335,0.0002409639,0.0134099617,-0.4434637712
0.6634615385,-0.0497726460,-0.0585507881,0.0141283525,0.0135882082,0.0161406890,0.0302457467,2.0218265180
0.7181964573,-0.0253495396,-0.0376596733,0.0295159386,-0.0040899796,0.0075865339,-0.0172018349,-0.4973649667
0.6752465720,-0.0133909602,-0.0269219390,-0.0174311927,-0.0148300251,-0.0030588235,-0.0081680280,-0.3368690490
0.6727089627,-0.0180313047,-0.0315360635,-0.0079365079,0.0004631774,-0.0014160963,0.0068235294,0.0169351368
0.6441064639,-0.0177822392,-0.0316892894,0.0072941176,0.0057870370,0.0108721342,0.0025706941,0.2780284207
0.5843750000,-0.0145871102,-0.0288892023,0.0039710348,-0.0075949367,-0.0180032733,-0.0004662005,0.0199047353
0.6480489671,-0.0130334477,-0.0274296977,-0.0037226617,-0.0002319109,0.0152380952,0.0006996269,-0.4708886771
0.6215680725,-0.0075590373,-0.0219790114,0.0021018216,0.0109023428,-0.0002345216,-0.0034956887,0.3749402245
0.6106785317,0.0032231972,-0.0108667307,-0.0032626427,-0.0167508031,-0.0112596763,-0.0095884004,-0.4028316316
0.6295157571,0.0159211013,0.0029637151,-0.0095861585,-0.0114352392,-0.0087781732,-0.0129870130,0.0382956774
0.6089219331,0.0125027989,0.0017855342,-0.0132200189,-0.0101510859,-0.0050263284,0.0009569378,-0.4742921466
0.5061032864,0.0159211329,0.0069479317,0.0002392344,0.0002384927,-0.0009622324,-0.0052581262,0.2658742989
0.5238095238,0.0173828585,0.0103172384,-0.0047835446,-0.0059608965,-0.0043342162,-0.0038443056,0.1981624692
0.5175600739,0.0071778170,0.0020605056,-0.0024032684,0.0098344927,-0.0016928658,0.0074770863,-0.1399190459
0.3234836703,0.0051110180,0.0009493413,0.0062635510,-0.0033254157,0.0053294574,0.0009576251,-0.5616903695
0.3396449704,-0.0205081404,-0.0238686304,0.0009576251,0.0233555767,0.0072289157,0.0253527864,1.3902449066
0.5162471396,-0.0152857622,-0.0200432918,0.0253527864,0.0013972986,0.0102870813,-0.0020993702,0.3757886778
0.5369030391,-0.0106213935,-0.0162590688,-0.0020993702,0.0018604651,0.0073407530,-0.0023375409,-0.1348710753
0.5821042281,-0.0052582166,-0.0113484081,-0.0021037868,-0.0060352832,-0.0056417489,-0.0037488285,0.4375639957
0.5627376426,-0.0011605131,-0.0072390522,-0.0039821972,-0.0021018216,-0.0047281324,-0.0032925682,-0.1665168308
0.6223175966,0.0107038434,0.0049160714,-0.0037629351,-0.0081909665,-0.0116389549,-0.0115620576,-0.1012565624
0.5844155844,0.0085755630,0.0040725327,-0.0110953730,0.0122699387,-0.0014419611,0.0004774409,1.3368997655
0.5518535899,0.0036640336,0.0001910816,-0.0004774409,-0.0044289044,0.0031287605,0.0035790981,-0.1918557919
0.5815384615,0.0173715973,0.0144065967,0.0045378553,-0.0025755092,-0.0091170825,-0.0140275796,0.2402868512
0.5645377401,0.0120146548,0.0106586493,-0.0123632905,-0.0119718310,0.0046004843,0.0026525199,-0.4945757450
0.5326429536,0.0157850671,0.0154862877,0.0009629273,-0.0090282727,-0.0115690528,-0.0055315055,0.5226204936
0.5227574017,0.0104242878,0.0114040046,-0.0057720058,0.0026372573,0.0078029749,0.0029020556,-0.4336377758
0.4929577465,0.0176547861,0.0194087243,0.0026608612,-0.0066953611,-0.0079845149,-0.0086809742,-0.1172512003
0.5195729537,0.0259190687,0.0289842512,-0.0079613993,-0.0043331728,-0.0217073171,-0.0107029920,1.3763304376
0.2571428571,0.0308024530,0.0357507876,-0.0116731518,-0.0154738878,0.0024931439,-0.0086058520,-0.4807967345
0.2393617021,0.0182349230,0.0252201839,-0.0071358268,-0.0014734774,-0.0079582193,0.0076884921,0.0799792320
0.2915811088,0.0239985760,0.0319879042,0.0052044610,0.0046728972,0.0077713713,-0.0083682008,-0.3779114488
0.2787046124,0.0251408572,0.0344969211,-0.0066568047,-0.0100367197,-0.0124378109,-0.0047158104,0.6228046795
0.2753271934,0.0121860758,0.0227597109,-0.0047158104,0.0039564787,0.0073047859,0.0089775561,-0.1916455369
0.3330369053,0.0006657280,0.0113254885,0.0089775561,0.0147783251,0.0112528132,0.0096391498,-0.0343096291
0.4019138756,-0.0030972891,0.0067896614,0.0096391498,-0.0024271845,0.0014836795,0.0036719706,-0.4283715859
0.4019138756,0.0017772634,0.0107240486,0.0046511628,-0.0002433090,0.0034567901,-0.0043902439,0.4352202470
0.4456233422,0.0119155118,0.0204289435,-0.0053606238,-0.0038938915,-0.0059055118,-0.0102890740,0.1984080642
0.4588184562,0.0113340072,0.0201782854,-0.0090641842,-0.0105057415,-0.0081683168,-0.0012376238,-0.1997005216
0.4773441005,0.0141142435,0.0232482739,-0.0027194067,0.0019753086,0.0017469429,-0.0044609665,-0.5405783575
0.5203057812,0.0182801387,0.0279235128,-0.0044620724,-0.0059142435,-0.0114598904,-0.0062235499,1.2238077028
0.5314787701,0.0134368740,0.0238033942,-0.0074701195,-0.0047099653,0.0027721774,0.0020040080,-0.5707059145
0.5129224652,0.0073403014,0.0179683066,0.0042649272,0.0146948941,0.0060316662,0.0040000000,1.3650331916
0.5123674912,0.0044602221,0.0148683771,0.0037471896,-0.0090819833,-0.0029977517,0.0017430279,-0.0227055406
0.4671814672,0.0080336843,0.0180690725,0.0009955202,0.0000000000,-0.0022550739,-0.0042257022,-0.2224017038
0.4950321449,0.0025433054,0.0124342219,-0.0042267529,0.0007431261,0.0045203415,0.0042436345,-0.3190059615
0.4862008221,0.0054008996,0.0147923881,0.0042446941,-0.0042079208,-0.0037500000,-0.0032314193,0.7784094574
0.4630350195,0.0053221033,0.0144556000,-0.0034808553,0.0014914243,0.0025094103,-0.0007481297,-0.3897216605
0.4168734491,-0.0007336654,0.0081015276,-0.0007485030,0.0089352197,0.0000000000,0.0052408286,1.3974125233
0.4391408115,-0.0067852350,0.0012868732,0.0067415730,0.0012300123,0.0062578223,0.0062065541,-0.4487099941
0.4713467049,-0.0094074981,-0.0025001599,0.0042162698,0.0058968059,0.0037313433,0.0037009623,0.6174604184
0.5356265356,-0.0118467326,-0.0062236212,0.0054334404,0.0012212995,0.0002478315,0.0039331367,0.2644383704
0.5068937551,-0.0417015081,-0.0375763234,0.0036845984,0.0341546719,0.0111496531,0.0330558276,2.3292434365
0.6658130602,-0.0468082380,-0.0463211268,0.0330396476,0.0134465676,0.0294045577,0.0120881726,0.0039674754
0.7387173397,-0.0296076111,-0.0329247541,0.0127931770,-0.0041899441,-0.0009521542,-0.0103044496,-0.6948389792
0.6362204724,-0.0110111047,-0.0165226460,-0.0123976608,-0.0091164095,-0.0092923517,-0.0141978230,0.0089728286
0.5669695772,-0.0123988971,-0.0183619471,-0.0132638560,0.0009436188,-0.0043290043,0.0031204993,-0.0804224878
0.5720421710,-0.0107280990,-0.0172369699,0.0031204993,-0.0094272920,0.0028985507,0.0002392917,-0.5261344380
0.5212765957,-0.0112066033,-0.0180743513,-0.0002392917,0.0004758506,0.0000000000,0.0021531100,-0.1183281825
0.5143884892,-0.0068746377,-0.0141467337,0.0035902346,-0.0011890606,0.0038535645,-0.0026259250,-0.0605686347
0.5185856754,0.0062249441,-0.0011450827,-0.0035773909,-0.0009523810,-0.0095969290,-0.0119674485,0.8302205057
0.4351464435,-0.0254243187,-0.0315586568,-0.0107707037,0.0238322212,0.0000000000,0.0314922481,0.6932131087
0.5154975530,-0.0042069466,-0.0120513686,0.0312121945,-0.0058193669,0.0038759690,-0.0173790512,-0.2275881700
0.4917597023,-0.0049866075,-0.0125746766,-0.0204129517,-0.0103020370,0.0074806950,0.0014340344,-0.5099066065
0.4856066720,-0.0253864615,-0.0326524382,0.0035928144,0.0274426307,0.0035928144,0.0217183771,3.8047109061
0.5327468231,-0.1318050834,-0.1395711164,0.0217183771,0.1167395809,0.0217183771,0.1270731138,6.5484002746
0.6884471240,-0.2045128224,-0.2203649816,0.1270731138,0.1261855670,0.0838589115,0.1168911917,1.1511221117
0.7802803953,-0.2152778198,-0.2446875242,0.1170984456,0.0714024167,0.1099137931,0.0538133234,0.2114711054
0.7897448185,-0.1286071601,-0.1759190553,0.0538033395,0.0013670540,0.0330097087,-0.0614544814,-0.3502297768
0.6021191085,-0.1496631386,-0.2012519004,-0.0605633803,-0.0302047782,0.0003759398,0.0480300188,-0.4223239419
0.6345637584,-0.1152339669,-0.1757199041,0.0468515742,-0.0098539504,0.0069522736,-0.0128893663,-0.3278737038
0.6799539502,-0.0596459246,-0.1275789367,-0.0128893663,-0.0065754398,-0.0287367046,-0.0402611534,0.2102629138
0.6745158977,0.0120674171,-0.0600476918,-0.0398984403,-0.0529516995,-0.0578290106,-0.0617913832,0.3201600860
0.5957559122,0.0223597790,-0.0442422713,-0.0610124669,-0.0374008311,-0.0071370310,-0.0118831823,-0.3642463819
0.5937812385,-0.0609016339,-0.1160951745,-0.0124723396,0.1145996860,0.0039022387,0.0849979617,1.4369701245
0.6275266535,-0.0211914781,-0.0789450788,0.0851497250,-0.0441901408,0.0429623568,-0.0309975578,-0.5593946924
0.6088177478,-0.0146837952,-0.0700322600,-0.0315374507,-0.0263400258,-0.0245194194,-0.0032958511,-0.1338779485
0.6756250000,-0.0044854193,-0.0573267699,-0.0034890483,-0.0238365494,0.0046249749,-0.0079751021,-0.2147355166
0.7257753636,-0.0218244724,-0.0702175100,-0.0083641315,0.0288759690,-0.0020016013,0.0184313725,0.3067193285
0.6744331184,-0.0017460108,-0.0490883513,0.0178501373,-0.0097946883,0.0132370638,-0.0167500963,0.5260281805
0.6397874773,0.0099930580,-0.0344868823,-0.0144536520,-0.0272018261,-0.0140538401,-0.0113569610,-0.7118585032
0.6466571115,-0.0303384784,-0.0691727622,-0.0131012906,0.0737192022,0.0070267015,0.0400079224,2.1535697813
0.6753659103,-0.0054040682,-0.0445801967,0.0394293640,-0.0437078856,0.0053827751,-0.0203770710,-0.3273995508
0.6729589429,-0.0261547795,-0.0620642499,-0.0182996569,0.0188535517,0.0202260559,0.0221617418,-0.5366738072
0.6321019108,0.0059940079,-0.0303582371,0.0219417476,-0.0157009346,-0.0231292517,-0.0279573983,-0.0859811866
0.6486274510,0.0666366777,0.0314228517,-0.0288808664,-0.0096847702,-0.0507361719,-0.0577186461,1.0901243917
0.6559443025,0.0803885299,0.0524787943,-0.0577186461,-0.0615532119,-0.0232655628,-0.0222176080,-0.3974958053
0.6450298986,0.0094964250,-0.0088684742,-0.0234634551,0.0892930119,-0.0128755365,0.0579740922,0.8163269251
0.6001171532,0.0310064761,0.0143892541,0.0582606847,-0.0624648284,0.0241304348,-0.0222802088,-0.3285846972
0.6130447791,0.0528215604,0.0395741788,-0.0210970464,-0.0136054422,-0.0012736149,-0.0252514884,-0.2085354648
0.5881733805,0.0576146376,0.0494626472,-0.0242200328,-0.0314401623,-0.0206163656,-0.0122156698,-0.1051052656
0.5843711379,0.0429689299,0.0400331055,-0.0130416491,0.0228272251,0.0067274306,0.0055437100,0.1444986036
0.5586958716,0.0394440370,0.0401555141,0.0055413470,-0.0075757576,-0.0036645829,-0.0029686175,-0.0210839146
0.5756630265,0.0231485897,0.0269162372,-0.0040271301,-0.0138229833,0.0114668974,0.0099957465,-0.3208023814
0.5240451217,0.0189435894,0.0242753949,0.0106405618,0.0110878661,0.0119786096,0.0006317119,0.3803775977
0.4350481560,0.0349776454,0.0415459244,0.0008422826,-0.0084833437,-0.0183893469,-0.0183080808,1.7762484804
0.4402186831,0.0276139343,0.0364688302,-0.0185146223,-0.0066777963,0.0012919897,0.0019292605,-0.7450258887
0.3781357275,0.0114635200,0.0217443419,0.0023579850,0.0018907563,0.0030107527,0.0117672229,-0.4828452533
0.3773658791,0.0088465739,0.0192715044,0.0106928999,-0.0006290627,0.0017152659,0.0008458448,1.4542027067
0.4168610463,0.0145593973,0.0249905498,0.0016927634,-0.0054553084,-0.0012842466,-0.0069723220,-0.5613739348
0.4562363239,0.0144779538,0.0253209318,-0.0071820870,-0.0023206751,-0.0030004286,-0.0021276596,0.0828113112
0.2781456954,-0.0043088921,0.0067027036,-0.0023404255,0.0251638824,0.0042992261,0.0166311301,0.6420489221
0.3692819518,0.0054213631,0.0153632159,0.0166346769,-0.0156765677,-0.0017123288,-0.0090184564,-0.3632824095
0.4371512964,-0.0117270400,-0.0022456653,-0.0083910216,0.0073344510,0.0100771870,0.0165079365,0.4801487343
0.5006675567,-0.0003488738,0.0075705334,0.0162894013,0.0010401498,0.0038208448,-0.0095773475,-0.5426758991
0.5019847328,-0.0061450932,0.0011171151,-0.0104079933,-0.0039484622,-0.0046521463,0.0058860626,-0.1346174031
0.4629061925,-0.0273560557,-0.0212608417,0.0065208246,0.0277488003,0.0116847249,0.0227795193,2.2281500141
0.5095184770,-0.0112272040,-0.0077234975,0.0234064786,0.0219244823,0.0023099538,-0.0120555783,0.3047636004
0.5267509728,0.0154935923,0.0179014092,-0.0126608127,-0.0389352404,-0.0152943641,-0.0246122027,-0.3784582841
0.4995387454,0.0259451544,0.0294544743,-0.0241985522,-0.0138486978,-0.0191489362,-0.0125106022,0.1083115412
0.5267208209,0.0430063289,0.0484349735,-0.0135650699,-0.0186543702,-0.0325379610,-0.0201846682,0.1006965156
0.5065018120,0.0285009648,0.0368938154,-0.0184787280,-0.0115335327,0.0109865471,0.0076703923,-0.4085992098
0.5312816360,0.0194601195,0.0294591909,0.0063485114,0.0028089888,0.0137502772,0.0045672031,-0.4309037081
0.4863627314,0.0147088031,0.0255008851,0.0043506635,0.0234863176,0.0059068038,0.0017319766,1.0043263542
0.4214876033,0.0117898978,0.0229486832,0.0017327269,-0.0134736842,-0.0065245759,0.0006483683,-0.4706180454
0.3652849741,0.0071482214,0.0183893721,0.0010810811,0.0017072130,0.0124781086,0.0028077754,-0.2092753937
0.3284346471,-0.0093142816,0.0014967705,0.0021598272,0.0161908820,0.0006486486,0.0155072152,4.1699908344
0.3239184039,0.0109875943,0.0204310594,0.0161637931,-0.0069182390,-0.0041054451,-0.0186638388,-0.2876757724
0.3012299354,-0.0097501861,-0.0003112902,-0.0188759279,0.0037998733,0.0036884357,0.0192349254,0.4866875846
0.3430027440,-0.0080398182,-0.0000762037,0.0198875919,-0.0046267087,0.0090791180,-0.0002120441,-0.8572551695
0.3296853625,-0.0046919835,0.0020546895,-0.0002119542,0.0063384745,0.0057840617,-0.0021208908,0.3292494221
0.3576552065,-0.0031226352,0.0027549919,-0.0025439898,0.0004199034,-0.0046858360,-0.0008501594,0.7481515918
0.4465719580,0.0067809486,0.0120231625,-0.0008501594,-0.0121720881,-0.0211855339,-0.0093597107,-0.0759672680
0.4615384615,0.0109476773,0.0163704558,-0.0091469900,-0.0002124495,0.0122431132,-0.0051535323,-0.4068648338
0.5471055619,0.0008384892,0.0066836952,-0.0047230571,0.0029749256,-0.0049676026,0.0084178718,1.4122702094
0.5511811024,0.0030711738,0.0085632204,0.0077653149,-0.0002118644,0.0082483178,-0.0023544521,-0.5148964541
0.5894736842,0.0077878959,0.0131457061,-0.0025684932,-0.0084763721,-0.0096878364,-0.0051491096,0.0381215505
0.6265409717,0.0048561266,0.0104287045,-0.0051502146,-0.0023509297,0.0056521739,0.0017252534,-0.6625736818
0.6318799142,-0.0048887465,0.0006087232,0.0021570319,0.0085689803,0.0023778642,0.0090419806,1.2534239905
0.6600660066,-0.0077356276,-0.0030523499,0.0088247955,0.0036108751,0.0032348501,0.0036270536,-0.3069558721
0.6023166023,-0.0101228931,-0.0064170048,0.0038404096,0.0010582011,0.0060189166,0.0036139456,0.2293746194
0.6770072993,-0.0123312604,-0.0097173727,0.0034006376,0.0078224101,0.0053418803,0.0038127515,0.1841782463
0.5823008850,-0.0060295476,-0.0045865773,0.0042363906,-0.0044052863,0.0023379384,-0.0044313146,-0.5929337992
0.5438016529,-0.0038350768,-0.0029788938,-0.0046403712,0.0044247788,-0.0072094996,-0.0012717253,1.9486984824
0.5510887772,-0.0038792675,-0.0033927473,-0.0012714558,-0.0065030417,0.0000000000,0.0006366723,-0.2017552735
0.4870349493,0.0043862396,0.0045283490,0.0004243582,0.0040118243,-0.0151644596,-0.0076352068,2.0179506699
0.5029103609,-0.0009857909,-0.0005065619,-0.0076352068,-0.0077812829,0.0095423986,0.0047018594,-0.7979116593
0.5142503098,0.0064449864,0.0068127381,0.0049155803,0.0023314964,-0.0008592911,-0.0072325037,0.4360311991
0.4519572954,0.0167825030,0.0176467736,-0.0082943428,-0.0084584479,-0.0105353687,-0.0111420613,0.0109277463
0.3862138875,0.0133222936,0.0154594669,-0.0102938023,-0.0098101941,0.0004345937,0.0008667389,-0.3623535738
0.3546291283,0.0038832253,0.0069026112,0.0013001083,0.0101227655,-0.0041268462,0.0073609006,1.1346652383
0.3970662620,0.0108897478,0.0140187852,0.0069249080,-0.0063965885,0.0054525627,-0.0075220288,-0.4759672810
0.3488372093,0.0189226297,0.0227248113,-0.0075220288,-0.0081545064,-0.0101952278,-0.0095279342,1.4841136327
0.3339824732,0.0252010588,0.0302765904,-0.0099610221,-0.0077888360,-0.0094236248,-0.0089637079,0.0087920588
0.3251379829,0.0152766598,0.0219468373,-0.0083114611,0.0030527693,0.0017699115,0.0059563203,0.0480731755
0.3486682809,0.0054297789,0.0127697919,0.0044111160,0.0032608696,0.0055212014,0.0074561404,-0.0403384856
0.3684210526,-0.0027859110,0.0043904302,0.0096618357,0.0069339112,0.0065890622,0.0074009578,-0.3231764896
0.3588190765,0.0183260636,0.0248817394,0.0069595476,-0.0012911556,-0.0126554659,-0.0203111495,1.0052503881
0.3498871332,0.0042109571,0.0116591556,-0.0198704104,-0.0053867701,0.0013259669,0.0112483458,-0.5205729809
0.3705035971,0.0148515425,0.0221652919,0.0103569855,0.0006499133,0.0000000000,-0.0111232279,2.9235232620
0.3794932233,-0.0079997036,-0.0002045853,-0.0113413304,0.0058454211,0.0002207018,0.0207322453,-0.7889092178
0.4291227167,-0.0104040558,-0.0038485868,0.0209574233,0.0049504950,0.0158870256,0.0036732930,0.3110011921
0.4102920723,-0.0038710387,0.0013949617,0.0036732930,0.0062111801,0.0006516073,-0.0049515608,-0.1107772999
0.4641148325,-0.0202338015,-0.0157443812,-0.0051668461,0.0059599830,-0.0091165618,0.0173085244,0.5728165929
0.5007429421,-0.0029131637,-0.0003336291,0.0179614802,-0.0010579771,0.0078860898,-0.0142492556,-0.3743064041
0.4744251525,0.0137195343,0.0159105843,-0.0148809524,-0.0114382546,-0.0086937622,-0.0159654800,-0.3181513997
0.4521466905,0.0210108219,0.0241630349,-0.0157531290,-0.0184272552,-0.0105240079,-0.0092085069,0.5941065505
0.4514400536,-0.0214169076,-0.0169990633,-0.0083315062,0.0294695481,0.0013294926,0.0400531091,0.8672524934
0.5452526374,-0.0069234762,-0.0045141823,0.0386911342,0.0014843087,0.0157114406,-0.0112765957,-0.5378678188
0.5689133914,-0.0164410562,-0.0147803967,-0.0112813963,0.0065636248,0.0102396514,0.0107596299,1.0135655738
0.5773321709,-0.0819312351,-0.0817207215,0.0114101184,0.0837189735,0.0079792970,0.0740898446,2.4335562465
0.6941939121,-0.0506979049,-0.0571657306,0.0738612175,-0.0054347826,0.0391527599,-0.0196233895,0.3172153199
0.6871494136,-0.0401813933,-0.0502428779,-0.0196233895,-0.0341530055,-0.0026765493,-0.0028305702,-0.6645061231
0.7071634742,-0.0274925958,-0.0400984845,-0.0024262030,0.0002020610,-0.0057803468,-0.0066909976,0.7883662668
0.7275662586,0.0029416749,-0.0112955735,-0.0072963113,-0.0086868687,-0.0211794020,-0.0261277812,-0.3770674259
0.7355822895,0.0012299648,-0.0117017463,-0.0265414455,-0.0055023436,0.0078489605,0.0012575980,-0.1130528690
0.6759847522,-0.0039634218,-0.0157797453,0.0014681208,0.0022540984,0.0044201221,0.0050240737,0.4395627306
0.6564268391,-0.0035612127,-0.0148160792,0.0058638743,-0.0118585156,0.0018860017,0.0002082899,-0.6778919388
0.6163394919,0.0253865862,0.0143763808,-0.0002082032,-0.0064142355,-0.0328383183,-0.0276967930,1.6582134405
0.5863773689,0.0216997838,0.0135285399,-0.0276967930,-0.0191586839,0.0047577855,-0.0002141786,-0.6124921928
0.6068789085,0.0264976911,0.0206161424,0.0000000000,-0.0027600849,-0.0099009901,-0.0079263068,0.9294933777
0.5795339412,0.0102052959,0.0069130052,-0.0083529664,0.0017032148,0.0036956522,0.0120924206,-0.4451052662
0.5597691674,-0.0005341610,-0.0027481687,0.0125269978,0.0301806589,0.0142949968,0.0091743119,0.6269956846
0.5561835106,-0.0006632587,-0.0027554346,0.0078924915,-0.0127914174,0.0051249199,0.0002114165,-0.4536358949
0.2556453861,-0.0079007819,-0.0098762766,0.0010582011,-0.0012539185,0.0042489909,0.0073980131,-0.2357749086
0.2913984786,0.0122167992,0.0097105746,0.0071881607,0.0004184976,-0.0105775333,-0.0186739404,0.1277253429
0.2525995435,0.0116350916,0.0102873437,-0.0176322418,-0.0169420623,-0.0027795595,-0.0012828736,0.3364024846
0.2653169952,0.0036141185,0.0032963323,-0.0017094017,0.0034042553,0.0015008576,0.0062085207,-0.7268540913
0.3142120529,-0.0001329647,-0.0001388866,0.0062071918,0.0129346904,0.0034253907,0.0031914894,0.5899324921
0.3240152478,-0.0009600504,-0.0009761269,0.0040416933,-0.0056520829,0.0012801365,0.0008483563,0.6516082084
0.3018372703,-0.0170593040,-0.0171492875,0.0002118644,0.0113684211,-0.0061794162,0.0165289256,0.0535052211
0.3801339936,0.0005833407,-0.0008828400,0.0137682694,-0.0037468776,0.0085763293,-0.0150093809,-0.3614381189
0.4431239389,0.0058153705,0.0044973564,-0.0133723360,-0.0066861680,-0.0034013605,-0.0052910053,-0.3816509184
0.4160025502,-0.0033493815,-0.0040996352,-0.0046590428,-0.0008413967,-0.0004266212,0.0082978723,0.6416703204
0.4098360656,-0.0057712523,-0.0067302856,0.0078723404,0.0018947368,0.0006402049,0.0029542097,0.3595392380
0.3739130435,-0.0021541445,-0.0035062212,0.0033776652,0.0023114100,0.0089571337,-0.0027351147,-0.5675970049
