0.3725261932,0.0022559172,-0.0020833333,0.0191082803,0.0103734440,0.0149572650,0.0020876827,-0.3334287809
0.2972620600,0.0061009402,0.0022470169,0.0000000000,0.0041067762,0.0021052632,-0.0041666667,0.0776786798
0.3271162123,0.0009741577,-0.0020947645,-0.0020833333,-0.0102249489,-0.0042016807,0.0041841004,0.0196058975
0.3309557775,0.0113592797,0.0085663022,0.0041753653,0.0000000000,0.0021097046,-0.0104166667,-0.5341052384
0.3571428571,-0.0311806936,-0.0327927543,-0.0103950104,0.0268595041,0.0000000000,0.0421052632,2.6323622446
0.5190839695,-0.0144374511,-0.0184662830,0.0378151261,0.0060362173,0.0252631579,-0.0121212121,-0.0828808389
0.5562372188,-0.0241894405,-0.0290123689,-0.0121457490,-0.0060000000,0.0020533881,0.0122699387,-0.2833770313
0.4988452656,-0.0043771132,-0.0108774861,0.0143442623,-0.0020120724,-0.0061475410,-0.0161616162,-0.2739061832
0.4669703872,0.0087241012,0.0022766310,-0.0181818182,-0.0181451613,-0.0164948454,-0.0123203285,-0.1560571017
0.4767441860,-0.0111210017,-0.0162980735,-0.0102880658,0.0082135524,0.0041928721,0.0187110187,-0.0716734286
0.4878048780,-0.0330895187,-0.0386344548,0.0187110187,0.0366598778,0.0187891441,0.0244897959,2.8812365824
0.5205479452,-0.0451182180,-0.0527551212,0.0265306122,0.0098231827,0.0245901639,0.0179282869,-0.3209858375
0.6043956044,-0.0305886062,-0.0413431714,0.0159045726,0.0155642023,0.0040000000,-0.0078277886,0.2396417098
0.6199649737,-0.0372758520,-0.0495288931,-0.0078277886,-0.0153256705,-0.0039840637,0.0118343195,-0.4934987216
0.6389351082,-0.0315411055,-0.0458600862,0.0098619329,0.0038910506,0.0060000000,0.0000000000,0.2292274325
0.6118546845,-0.0132238459,-0.0292164841,0.0019531250,-0.0019379845,0.0019880716,-0.0136452242,-0.0063336106
0.6326530612,-0.0013210389,-0.0173422432,-0.0116959064,-0.0116504854,-0.0138888889,-0.0098814229,-0.1973851191
0.6326530612,-0.0050895007,-0.0199699283,-0.0118343195,-0.0078585462,-0.0080482897,0.0039920160,0.1820054285
0.5500000000,-0.0198946572,-0.0338567694,0.0039920160,0.0257425743,0.0162271805,0.0159045726,0.4347187271
0.5531914894,-0.0206669468,-0.0351252783,0.0159045726,-0.0077220077,0.0019960080,0.0039138943,-0.2030574645
0.5333333333,-0.0174874165,-0.0325234058,0.0039138943,0.0000000000,0.0099601594,0.0000000000,-0.3743696201
0.5549132948,-0.0186230756,-0.0338808112,0.0000000000,0.0291828794,0.0059171598,0.0038986355,3.3636714508
0.5395683453,-0.0195654997,-0.0351182351,0.0038986355,-0.0132325142,0.0078431373,0.0038834951,-0.7317774820
0.5019455253,-0.0165554228,-0.0325168844,0.0038834951,-0.0038314176,0.0019455253,0.0000000000,-0.0878877914
0.4536585366,-0.0101793412,-0.0263416563,0.0000000000,-0.0038461538,-0.0038834951,-0.0038684720,-0.0547783075
0.4489795918,-0.0143549106,-0.0300406710,-0.0038684720,0.0038610039,0.0019493177,0.0058252427,-0.2275639638
0.4335260116,-0.0044588867,-0.0202497975,0.0058252427,0.0038461538,-0.0019455253,-0.0077220077,0.5115930186
0.4130434783,0.0060132167,-0.0091108126,-0.0077220077,-0.0114942529,-0.0116959064,-0.0097276265,-0.5184907007
0.4077253219,-0.0008010817,-0.0142458833,-0.0097276265,-0.0019379845,-0.0039447732,0.0058939096,0.1044761463
0.4400000000,-0.0141561719,-0.0265002002,0.0078585462,0.0097087379,0.0000000000,0.0136718750,0.6232765391
0.4971428571,-0.0062339871,-0.0188659272,0.0136452242,0.0019230769,0.0158415842,-0.0057803468,0.0061810690
0.5242718447,-0.0091155496,-0.0212620092,-0.0076923077,-0.0038387716,0.0038986355,0.0038759690,-0.2164235707
0.4615384615,-0.0134269012,-0.0253318419,0.0019379845,0.0096339114,0.0019417476,0.0057915058,0.4883254323
0.4731182796,-0.0037121813,-0.0158999384,0.0077369439,-0.0038167939,-0.0019379845,-0.0076775432,-0.0322250826
0.4661016949,0.0085637250,-0.0031533452,-0.0057581574,-0.0038314176,-0.0077669903,-0.0116054159,0.0297960435
0.4545454545,0.0131945333,0.0029685050,-0.0115830116,-0.0096153846,-0.0078277886,-0.0058708415,-0.0351903811
0.4827586207,0.0131590126,0.0047264237,-0.0078125000,-0.0038834951,-0.0098619329,-0.0019685039,0.8834517271
0.5070422535,0.0091441268,0.0023991995,-0.0019685039,-0.0038986355,0.0059760956,0.0019723866,-0.6914151438
0.4602076125,0.0137238965,0.0081752720,0.0039447732,0.0039138943,-0.0019801980,-0.0059055118,0.4593983165
0.4688644689,0.0217286531,0.0176453932,-0.0078585462,-0.0136452242,-0.0138888889,-0.0099009901,-0.1119083516
0.4604316547,0.0143284695,0.0122891704,-0.0099009901,-0.0019762846,0.0020120724,0.0040000000,-0.2281038383
0.4565217391,0.0223064245,0.0215536991,0.0060000000,0.0000000000,-0.0040160643,-0.0099601594,0.4282265068
0.4444444444,0.0440839370,0.0451931815,-0.0119284294,-0.0099009901,-0.0342741935,-0.0241448692,0.8962184393
0.3000000000,0.0373017928,0.0418455384,-0.0241448692,-0.0260000000,0.0062630480,0.0000000000,-0.6098114324
0.2909090909,0.0488639034,0.0561671833,0.0000000000,0.0000000000,-0.0248962656,-0.0164948454,2.4585851315
0.2769230769,0.0391678309,0.0498058004,-0.0164948454,-0.0143737166,0.0042553191,0.0020964361,-0.5104425997
0.2033898305,0.0484965629,0.0616638606,0.0020964361,-0.0020833333,-0.0063559322,-0.0146443515,0.0926011451
0.1935483871,0.0322689380,0.0481943048,-0.0146443515,-0.0083507307,0.0000000000,0.0084925690,-0.5104734114
0.2666666667,0.0273044860,0.0446243563,0.0084925690,0.0084210526,0.0021321962,0.0000000000,1.5371295101
0.2545454545,0.0082454420,0.0261959605,0.0000000000,0.0104384134,0.0085106383,0.0147368421,-0.5653739388
0.3103448276,0.0111726496,0.0285232504,0.0147368421,-0.0020661157,0.0000000000,-0.0041493776,-0.5637312560
0.3684210526,0.0073551239,0.0242765076,-0.0020746888,0.0020703934,0.0084388186,0.0020833333,-0.1149899715
0.3157894737,0.0083198655,0.0246084108,-0.0020790021,-0.0041322314,-0.0104602510,-0.0020790021,0.3404224582
0.3396226415,-0.0234764740,-0.0082079364,-0.0020833333,0.0311203320,0.0126849894,0.0312500000,1.2411710650
0.4897959184,-0.0296660617,-0.0175239417,0.0354906054,0.0140845070,0.0354906054,0.0101010101,0.0468150351
0.4782608696,-0.0251020522,-0.0162258720,0.0080645161,0.0019841270,0.0060483871,0.0000000000,-0.3032104694
0.5500000000,-0.0173094358,-0.0110682284,0.0000000000,0.0000000000,-0.0020040080,-0.0040000000,-0.3648664522
0.5789473684,-0.0166211021,-0.0122318299,-0.0040000000,-0.0079207921,-0.0040160643,0.0020080321,0.5244359859
0.6181818182,-0.0140640094,-0.0113257684,0.0020080321,0.0019960080,0.0020161290,0.0000000000,-0.2005414556
0.6470588235,-0.0079240594,-0.0065048782,0.0000000000,0.0000000000,-0.0020120724,-0.0040080160,-0.0444351933
0.7586206897,-0.0146354726,-0.0139589792,-0.0040080160,0.0039840637,0.0000000000,0.0080482897,0.3759451071
0.7586206897,-0.0064343666,-0.0069787457,0.0080482897,-0.0039682540,0.0020161290,-0.0059880240,-0.4763471874
0.7333333333,-0.0094226862,-0.0104359544,-0.0039920160,0.0000000000,-0.0020120724,0.0040160643,-0.1300250343
0.7000000000,-0.0099531359,-0.0116396414,0.0040080160,0.0000000000,0.0040322581,0.0020000000,-0.0841853739
0.6744186047,-0.0123645407,-0.0147107363,0.0000000000,0.0099601594,-0.0040160643,0.0039920160,4.3141383686
0.6818181818,-0.0005271863,-0.0037176490,0.0039920160,-0.0039447732,-0.0020161290,-0.0099403579,-0.4584013318
0.5882352941,-0.0123455321,-0.0153060501,-0.0099403579,-0.0019801980,0.0040404040,0.0120481928,0.1069697420
0.5000000000,-0.0143574992,-0.0180688209,0.0120481928,0.0039682540,0.0060362173,0.0039682540,-0.5597210293
0.4615384615,-0.0198965069,-0.0244423083,0.0039682540,0.0138339921,0.0100000000,0.0079051383,2.1718876326
0.4782608696,-0.0090634545,-0.0149055358,0.0079051383,-0.0038986355,0.0019801980,-0.0078431373,-0.6671004819
0.4400000000,-0.0037312558,-0.0098879356,-0.0058823529,-0.0058708415,-0.0079051383,-0.0039525692,0.5587371065
0.4838709677,0.0008142688,-0.0052079083,-0.0059171598,-0.0059055118,0.0000000000,-0.0039682540,-0.6217759219
0.5000000000,-0.0072215883,-0.0126891560,-0.0039682540,0.0039603960,0.0000000000,0.0079681275,0.2333755115
0.4940711462,-0.0215796708,-0.0271305536,0.0079681275,0.0157790927,0.0000000000,0.0158102767,1.0181776564
0.5311355311,-0.0277177203,-0.0345127820,0.0158102767,0.0155339806,0.0139442231,0.0097276265,0.3368426347
0.5375494071,-0.0215682306,-0.0300874693,0.0097276265,-0.0057361377,0.0078585462,-0.0019267823,0.0267834466
0.5882352941,-0.0106099638,-0.0202934665,-0.0019267823,0.0000000000,0.0000000000,-0.0077220077,-0.0059759204
0.5961538462,-0.0070458443,-0.0168775572,-0.0077220077,-0.0115384615,-0.0077972710,-0.0019455253,-0.4982252295
0.6403785489,-0.0059618682,-0.0156273678,-0.0019455253,0.0000000000,0.0019646365,0.0000000000,-0.4165150070
0.6744186047,-0.0069803685,-0.0163871589,-0.0019493177,0.0000000000,-0.0019607843,0.0019493177,0.9316952175
0.6315789474,0.0078186916,-0.0015760824,0.0039062500,0.0000000000,-0.0058939096,-0.0136186770,-0.3961224185
0.5945945946,0.0026605475,-0.0053828745,-0.0155642023,-0.0058365759,-0.0019762846,0.0039447732,0.1606689241
0.5714285714,-0.0016714729,-0.0088785300,0.0059288538,0.0000000000,-0.0019801980,0.0039292731,0.6852031740
0.5641025641,0.0044828363,-0.0023638977,0.0019646365,0.0019569472,0.0059523810,-0.0058708415,0.0188165774
0.5500000000,-0.0040489649,-0.0099841942,-0.0039215686,0.0000000000,0.0019723866,0.0078740157,-0.6567167764
0.5371900826,0.0044209917,-0.0014434008,0.0059055118,0.0000000000,-0.0019685039,-0.0078125000,0.2731812989
0.5238095238,0.0017688532,-0.0032984931,-0.0078277886,0.0253906250,0.0000000000,0.0019685039,6.4725471370
0.4285714286,-0.0082454640,-0.0127520770,0.0039447732,-0.0209523810,0.0039447732,0.0098231827,-0.8925234337
0.4285714286,-0.0050412136,-0.0098811775,0.0078585462,0.0019455253,0.0019646365,-0.0019455253,0.9393312990
0.4285714286,-0.0233045402,-0.0280947597,0.0000000000,0.0310679612,0.0000000000,0.0194931774,7.0960926535
0.5274261603,-0.0197192263,-0.0260136664,0.0194931774,-0.0131826742,0.0019607843,0.0000000000,-0.3988985039
0.4878048780,-0.0204314592,-0.0278044930,-0.0019120459,0.0687022901,0.0215264188,0.0038240918,3.8609768256
0.4736842105,-0.0172881578,-0.0257449009,0.0038314176,-0.0482142857,-0.0038314176,0.0000000000,-0.7690450535
0.4976076555,-0.0165017711,-0.0256936927,0.0019083969,0.0000000000,0.0076923077,0.0019047619,-0.4860053699
0.5586206897,-0.0232477543,-0.0329826365,0.0038095238,0.0093808630,0.0038167939,0.0095057034,0.0814523742
0.5844155844,-0.0251786420,-0.0359858857,0.0094876660,0.0148698885,0.0057034221,0.0056497175,0.5173831409
0.5923566879,-0.0285815475,-0.0405074744,0.0056390977,0.0054945055,0.0075614367,0.0074906367,0.0013529369
0.6086956522,-0.0917148786,-0.1041154384,0.0056074766,0.1220400729,0.0037523452,0.0743494424,8.0565648100
0.7593582888,-0.0580488174,-0.0772456540,0.0743494424,-0.0616883117,0.0411214953,-0.0207612457,-0.7427995635
0.5482625483,-0.0507952703,-0.0731612779,-0.0224913495,-0.0103806228,-0.0017953321,0.0017667845,-0.4448141882
0.5482625483,-0.0611937850,-0.0854838597,0.0035398230,0.0174825175,0.0071942446,0.0194003527,0.5237289348
0.5682656827,-0.0142598347,-0.0427152793,0.0194003527,-0.0051546392,-0.0089285714,-0.0380622837,-0.5087669807
0.3347826087,-0.0447107892,-0.0712877541,-0.0363321799,0.0189982729,0.0000000000,0.0341726619,0.8498084171
0.3598326360,-0.0293921378,-0.0578142602,0.0305206463,-0.0101694915,0.0234234234,-0.0086956522,-0.4080108025
0.4236453202,-0.0127460998,-0.0417639108,-0.0069686411,-0.0085616438,-0.0193661972,-0.0122807018,-0.1542933292
0.4772727273,-0.0107851613,-0.0386702878,-0.0122807018,-0.0189982729,0.0035906643,0.0000000000,-0.1201691996
0.4772727273,-0.0108827747,-0.0375153862,0.0017761989,0.0052816901,0.0035778175,0.0017761989,-0.0945147795
0.4772727273,-0.0365406809,-0.0613644282,0.0000000000,0.0332749562,0.0035650624,0.0283687943,1.7670636779
0.5080213904,-0.0139176173,-0.0402718784,0.0301418440,-0.0135593220,-0.0017761989,-0.0172413793,-0.0786700397
0.5399061033,0.0040774084,-0.0218442112,-0.0154905336,-0.0137457045,-0.0088967972,-0.0157894737,0.0091497119
0.5751633987,0.0016646164,-0.0219694914,-0.0192307692,-0.0121951220,-0.0017953321,0.0017825312,-0.6069803777
0.4298245614,0.0014085215,-0.0203421216,0.0000000000,0.0000000000,0.0053956835,0.0000000000,-0.3590488630
0.4351687389,0.0156494696,-0.0046668545,0.0017825312,-0.0070546737,-0.0161001789,-0.0142348754,0.5533468087
0.4856661046,0.0299742933,0.0121212413,-0.0160142349,-0.0142095915,-0.0145454545,-0.0162454874,0.5142004395
0.4805194805,0.0348569641,0.0205865509,-0.0126582278,-0.0126126126,-0.0073800738,-0.0091743119,-0.2844795210
0.5498938429,0.0200494519,0.0097124320,-0.0091575092,0.0000000000,0.0000000000,0.0092592593,-0.2570614149
0.4316353887,0.0151023477,0.0071450201,0.0073937153,0.0000000000,0.0037174721,0.0018348624,-0.1209454764
0.3750000000,0.0109273943,0.0047755112,0.0018348624,0.0054744526,0.0074074074,0.0018315018,0.0894761097
0.3369272237,0.0092462567,0.0044217696,0.0018315018,0.0000000000,0.0000000000,0.0000000000,-0.3723417934
0.3369272237,0.0059846612,0.0022619424,0.0000000000,0.0108892922,0.0018382353,0.0018281536,1.1477979642
0.3369272237,-0.0004082734,-0.0033616582,0.0018281536,-0.0089766607,0.0000000000,0.0054744526,-0.4684074539
0.1960784314,-0.0057587538,-0.0085109535,0.0072992701,0.0072463768,0.0073394495,0.0054446461,-0.2406801836
0.2166064982,0.0005453238,-0.0024787730,0.0036231884,-0.0017985612,0.0000000000,-0.0054151625,-0.2820051386
0.2553191489,0.0004614278,-0.0022951602,-0.0036101083,-0.0036036036,-0.0018214936,0.0000000000,0.1984522996
0.2718446602,0.0058670289,0.0033376702,-0.0018115942,-0.0018083183,-0.0036496350,-0.0054446461,-0.2228859468
0.2941176471,0.0049644091,0.0030904354,-0.0054446461,-0.0036231884,-0.0018315018,0.0000000000,-0.4022707769
0.3181818182,0.0115844822,0.0102354960,0.0000000000,-0.0018181818,-0.0073394495,-0.0072992701,1.7811469239
0.3835616438,0.0061033448,0.0057795920,-0.0091240876,0.0018214936,0.0036968577,0.0036764706,-0.7018046826
0.4067796610,0.0070087070,0.0071961557,0.0055248619,-0.0054545455,0.0000000000,-0.0018315018,1.0899626320
0.4000000000,-0.0050234262,-0.0042987416,-0.0018315018,0.0146252285,0.0018416206,0.0110091743,-0.0964142685
0.4923076923,-0.0006230890,-0.0003518293,0.0110091743,-0.0018018018,0.0073529412,-0.0036297641,1.1492761730
0.5357142857,-0.0059591464,-0.0057587800,0.0000000000,0.0000000000,-0.0036496350,0.0054644809,0.3244692067
0.5357142857,-0.0050423546,-0.0053322037,0.0054446461,0.0000000000,0.0018315018,0.0000000000,-0.4350915248
0.5666666667,-0.0024594691,-0.0031313041,-0.0036101083,0.0072202166,0.0036563071,-0.0018115942,0.2729772027
0.6000000000,0.0033819705,0.0025592245,-0.0054347826,-0.0107526882,-0.0018214936,-0.0054446461,-0.6146755630
0.6015625000,0.0102356502,0.0097400174,-0.0018214936,-0.0072463768,-0.0182481752,-0.0072992701,4.3819860914
0.5877862595,0.0199099415,0.0202715295,-0.0091240876,-0.0072992701,-0.0055762082,-0.0110294118,-0.8218043603
0.5500000000,0.0380713813,0.0400345823,-0.0092081031,-0.0110294118,-0.0224299065,-0.0204460967,5.6546050318
0.4782608696,0.0421013554,0.0470026693,-0.0204460967,-0.0185873606,-0.0038240918,-0.0094876660,-0.3918738653
0.4714285714,0.0396073939,0.0475345324,-0.0113851992,-0.0113636364,-0.0076775432,-0.0038314176,0.0720011947
0.4852941176,0.0217248162,0.0321045572,-0.0019193858,0.0114942529,0.0019342360,0.0115384615,-0.5545267710
0.5625000000,0.0145250272,0.0258259629,0.0115384615,0.0037878788,0.0077220077,0.0038022814,0.1891395072
0.5000000000,0.0103768151,0.0219773654,0.0057034221,0.0000000000,0.0076628352,0.0018939394,-0.4281890336
0.4137931034,0.0203533883,0.0320551418,0.0000000000,0.0018867925,-0.0171102662,-0.0113421550,1.3553391817
0.3870967742,0.0270408439,0.0396196896,-0.0113421550,-0.0112994350,-0.0038684720,-0.0095602294,-0.1395126739
0.3857142857,0.0150425477,0.0287409522,-0.0095602294,-0.0019047619,-0.0038834951,0.0077220077,-0.2342377108
0.4048442907,0.0166234185,0.0305605005,0.0096525097,0.0000000000,0.0058479532,-0.0038314176,-0.0195730423
0.3993174061,0.0160198538,0.0302780637,-0.0095602294,-0.0057251908,-0.0058139535,-0.0019230769,-0.3356985000
0.4105263158,0.0174761710,0.0320121696,0.0038610039,0.0000000000,-0.0058479532,-0.0038535645,1.8057156135
0.4223826715,0.0227001027,0.0376692869,-0.0057692308,-0.0076775432,0.0019607843,-0.0077369439,-0.4543194552
0.4349442379,0.0211984194,0.0369002173,-0.0077369439,-0.0058027079,-0.0019569472,-0.0019493177,-0.7535422649
0.5109170306,0.0179371241,0.0341668679,0.0019493177,0.0000000000,-0.0019607843,0.0000000000,0.5462110538
0.5306122449,0.0171642154,0.0336548459,-0.0019455253,0.0019455253,0.0039292731,-0.0019531250,0.3783548982
0.5416666667,0.0046929121,0.0211700155,-0.0038986355,0.0058252427,-0.0019569472,0.0097847358,1.1744457836
0.5217391304,0.0078774273,0.0235691887,0.0136986301,0.0000000000,0.0019607843,-0.0038759690,-0.6566987731
0.5555555556,0.3370182815,0.3571503564,-0.0077220077,-0.0077220077,-0.2563600783,-0.2470817121,248.4278909027
0.2295918367,0.4210300713,0.4713682221,-0.2451361868,-0.2178988327,-0.0789473684,-0.0956072351,-0.4607559809
0.1982378855,0.3562562141,0.4364520575,-0.0979381443,-0.0920398010,-0.0371428571,0.0000000000,-0.1327145262
0.1862068966,0.3014475658,0.4041222754,-0.0028571429,-0.0219178082,-0.0118694362,0.0000000000,-0.4055611319
0.2027027027,0.2444046913,0.3625086465,-0.0028653295,0.0028011204,0.0120120120,0.0085714286,-0.4102106222
0.1545893720,0.2241431071,0.3548466162,0.0143678161,-0.0055865922,0.0059347181,-0.0141643059,0.1050308321
0.1516587678,0.1862507855,0.3247549147,-0.0113314448,0.0224719101,0.0058997050,0.0028735632,0.5207544889
0.1060606061,0.1191171459,0.2574624634,0.0000000000,0.0000000000,0.0058651026,0.0343839542,-0.2686170580
0.1540342298,0.1257385457,0.2664566920,0.0372492837,0.0357142857,0.0174927114,-0.0221606648,0.0088158606
0.1489361702,0.0970706078,0.2362130990,-0.0276243094,-0.0371352785,0.0085959885,0.0084985836,-0.5764596458
0.1379310345,0.0791054730,0.2153020625,0.0085227273,0.0055096419,0.0028409091,0.0028089888,0.0084257960
0.1042535446,0.0882741082,0.2233408368,0.0056338028,-0.0136986301,-0.0226628895,-0.0196078431,0.2680862212
0.1142857143,0.0536210551,0.1831343835,-0.0224089636,0.0000000000,0.0028985507,0.0200000000,-0.0090562508
0.1089588378,-0.0021452317,0.1164066521,0.0229226361,0.0916666667,0.0173410405,0.0476190476,2.0286954080
0.3060869565,0.0089759910,0.1197599797,0.0448179272,-0.0381679389,0.0340909091,-0.0106951872,-0.7542011564
0.5116279070,0.0021778915,0.1049163492,-0.0107238606,-0.0079365079,0.0082417582,0.0054054054,-0.4904421446
0.4893617021,0.0045432163,0.1001020313,0.0081300813,0.0026666667,0.0000000000,-0.0026881720,-0.1910634107
0.5348837209,-0.0068634122,0.0810317374,-0.0026881720,0.0132978723,0.0000000000,0.0107816712,0.1429959189
0.5402298851,0.0186398539,0.1014645353,0.0107816712,0.0026246719,-0.0108991826,-0.0240000000,0.9030327323
0.5032119914,0.0269961861,0.1060364741,-0.0240000000,-0.0366492147,-0.0082644628,-0.0109289617,-0.3506083108
0.5443786982,0.0256762866,0.1012239756,-0.0109289617,0.0027173913,-0.0111111111,-0.0027624309,-0.3027073759
0.5384615385,0.0133052692,0.0847116789,-0.0027624309,0.0135501355,0.0084269663,0.0083102493,1.0265446548
0.5495049505,0.0168453672,0.0843949538,0.0083102493,-0.0213903743,0.0000000000,-0.0054945055,-0.5579562688
0.5862068966,-0.0182891295,0.0435506369,-0.0054945055,0.0300546448,0.0027855153,0.0331491713,0.9396751703
0.6521739130,-0.0509995002,0.0027871759,0.0303867403,0.0503978780,0.0222222222,0.0374331551,2.9084946316
0.7065868263,-0.0306619536,0.0156692396,0.0402144772,0.0025252525,0.0190217391,-0.0128865979,0.0968785941
0.7000000000,-0.0078107222,0.0333956825,-0.0103092784,-0.0226700252,-0.0186666667,-0.0182767624,-0.3520773339
0.6292134831,-0.0298311982,0.0068224546,-0.0208333333,0.0206185567,0.0054347826,0.0239361702,0.4125708154
0.6390041494,0.0061177305,0.0386919001,0.0239361702,-0.0227272727,0.0054054054,-0.0311688312,-0.4711838266
0.6210720887,0.0300298074,0.0614369117,-0.0285714286,-0.0206718346,-0.0241935484,-0.0241286863,0.1226821853
0.5783132530,0.0633879791,0.0960299564,-0.0267379679,-0.0343007916,-0.0523415978,-0.0357142857,0.5847858470
0.5796610169,0.1172997879,0.1547121928,-0.0357142857,-0.0382513661,-0.0755813953,-0.0569800570,0.1483743319
0.5394321767,0.0828957252,0.1262393514,-0.0569800570,0.0227272727,0.0408805031,0.0151057402,-0.4985251636
0.4992743106,0.0452555010,0.0909141421,0.0151057402,-0.0305555556,0.0060422961,0.0238095238,-0.6132687043
0.4666666667,0.0293165187,0.0748064491,0.0238095238,0.0200573066,0.0240240240,0.0087209302,0.6160545173
0.4666666667,0.0248062850,0.0692652307,0.0116279070,-0.0224719101,-0.0087976540,0.0000000000,-0.5129344567
0.4358974359,0.0036359969,0.0460472013,-0.0028735632,0.0172413793,0.0118343195,0.0172910663,0.5399531329
0.4054054054,0.0116744123,0.0515731801,0.0172910663,0.0056497175,0.0087719298,-0.0084985836,-0.0764557745
0.3861209964,0.0012958134,0.0388485286,-0.0113314448,-0.0056179775,0.0086956522,0.0085714286,-0.3786549839
0.3469387755,0.0125703424,0.0478444513,0.0114613181,0.0000000000,0.0028735632,-0.0113314448,0.3581631021
0.3578947368,0.0077489108,0.0413167024,-0.0113314448,-0.0056497175,-0.0028653295,0.0028653295,-0.7501178750
0.2988505747,0.0181932652,0.0502591678,0.0057306590,0.0028409091,-0.0201149425,-0.0114285714,1.4075644841
0.3291139241,0.0518755337,0.0841363719,-0.0170940171,-0.0198300283,-0.0527859238,-0.0346820809,3.1569175769
0.3170731707,0.0533559634,0.0876735711,-0.0318840580,-0.0346820809,0.0185758514,-0.0089820359,-0.7956998876
0.3611111111,0.0982342034,0.1360962729,-0.0089820359,-0.0029940120,-0.0820668693,-0.0483383686,16.9799949015
0.3823529412,0.0796936501,0.1224517287,-0.0483383686,-0.0450450450,0.0066225166,0.0031746032,-0.6762024783
0.3437500000,0.0708217651,0.1169157739,0.0031746032,0.0157232704,0.0098684211,-0.0031645570,1.3473278240
0.3130990415,0.0433647634,0.0909388564,-0.0063291139,0.0185758514,0.0195439739,0.0158730159,-0.6466627192
0.3425076453,0.0302541728,0.0774684669,0.0191082803,-0.0121580547,0.0223642173,0.0062500000,-0.6478871705
0.3281250000,0.0385003096,0.0852109432,0.0062500000,0.0246153846,-0.0156250000,-0.0124223602,2.6669680419
0.2900302115,0.0261235777,0.0721559026,-0.0093167702,-0.0330330330,-0.0031746032,0.0062893082,-0.6555420657
0.2707182320,0.0126113345,0.0569025594,0.0062695925,0.0186335404,0.0127388535,0.0093750000,0.3512491861
0.2707182320,0.0169681455,0.0592463560,0.0062305296,-0.0030487805,0.0031446541,-0.0061919505,-0.4345525348
0.2800000000,0.0049654610,0.0450905358,-0.0061919505,-0.0030581040,0.0000000000,0.0093457944,0.1787170362
0.3076923077,0.0361824848,0.0749272635,0.0093457944,0.0030674847,-0.0313479624,-0.0308641975,0.8155767962
0.2800000000,0.0932885402,0.1344067841,-0.0308641975,-0.0214067278,-0.0679611650,-0.0573248408,2.6123738159
0.2568807339,0.1613279684,0.2103178723,-0.0573248408,-0.0750000000,-0.0659722222,-0.0709459459,0.5485036466
0.2058823529,0.1575547306,0.2168635627,-0.0709459459,-0.0540540541,-0.0148698885,-0.0181818182,-0.2688809679
0.2343096234,0.1167707888,0.1832696740,-0.0218181818,-0.0071428571,0.0113207547,0.0148148148,-0.5959761212
0.2665330661,0.1276137014,0.2003602812,0.0223048327,0.0071942446,-0.0298507463,-0.0255474453,0.8001118902
0.2485981308,0.1248322436,0.2035494827,-0.0254545455,-0.0392857143,0.0000000000,-0.0149812734,-0.4069584442
0.2398286938,0.0729888393,0.1533877066,-0.0149253731,0.0594795539,0.0115384615,0.0304182510,0.0470749154
0.3106796117,0.0736451578,0.1548095235,0.0303030303,-0.0421052632,0.0076045627,-0.0110701107,-0.3070058602
0.3137254902,0.0544461326,0.1348729503,-0.0147058824,-0.0036630037,0.0000000000,0.0074626866,-0.4218193570
0.3137254902,0.0383781147,0.1166111675,0.0111940299,0.0147058824,0.0188679245,0.0074074074,-0.1321052871
0.3027888446,0.0324737894,0.1079733033,0.0073800738,0.0000000000,0.0000000000,0.0000000000,-0.2072615948
0.2811839323,0.0428133117,0.1163928223,0.0000000000,-0.0072463768,-0.0111111111,-0.0147058824,-0.3247579570
0.3076923077,0.0209880212,0.0914803798,-0.0183150183,0.0036496350,0.0037453184,0.0149253731,0.7033944467
0.3111111111,0.0215146634,0.0887066534,0.0111940299,0.0072727273,0.0037313433,-0.0036764706,0.3325042292
0.3835616438,0.0257750105,0.0901814094,-0.0036900369,-0.0216606498,-0.0334572491,-0.0073800738,0.6021509715
0.5185185185,-0.0148143766,0.0446661328,-0.0037037037,0.0922509225,0.0076923077,0.0371747212,3.9737282640
0.5882352941,0.0203802502,0.0760694481,0.0408921933,-0.0472972973,0.0229007634,-0.0322580645,-0.8216218562
0.5481927711,-0.0155695222,0.0359045233,-0.0321428571,0.0886524823,-0.0223880597,0.0333333333,2.2627986265
0.6034482759,-0.0271222788,0.0186407604,0.0295202952,-0.0618892508,0.0572519084,0.0143369176,-0.4522403565
0.5945121951,-0.0298061144,0.0101212969,0.0143369176,0.0104166667,-0.0072202166,0.0070671378,-0.0786092135
0.5536912752,-0.0078137826,0.0273960636,0.0106007067,-0.0068728522,0.0036363636,-0.0175438596,-0.1918429641
0.5288461538,-0.0066116622,0.0253667255,-0.0209790210,-0.0138408304,0.0036231884,0.0000000000,-0.4191688649
0.5516014235,0.0199030940,0.0497309834,0.0000000000,-0.0140350877,-0.0252707581,-0.0250000000,0.4064747698
0.5541401274,0.0205794658,0.0498929687,-0.0250000000,-0.0213523132,-0.0037037037,-0.0036630037,-0.0090386719
0.5833333333,0.0403625685,0.0697956261,-0.0036630037,-0.0072727273,-0.0111524164,-0.0220588235,-0.5815784583
0.5670391061,-0.0140333953,0.0150193699,-0.0220588235,0.0586080586,0.0000000000,0.0488721805,13.6796236083
0.6318289786,0.0061570775,0.0324087734,0.0488721805,0.0173010381,0.0300751880,-0.0179211470,-0.3456757869
0.6031746032,0.1196239623,0.1472448205,-0.0143369176,-0.0578231293,-0.1167883212,-0.1021897810,-0.3425276929
0.4658493870,0.1012202758,0.1363377967,-0.1090909091,-0.0830324910,-0.0041322314,0.0000000000,0.6074861341
0.4454545455,0.0856479257,0.1262387007,0.0081632653,-0.0118110236,0.0041493776,0.0000000000,-0.6624960221
0.4468085106,0.0595499805,0.1034312077,0.0000000000,0.0039840637,0.0082644628,0.0121951220,-0.3015162624
0.3882352941,0.0503884450,0.0957696367,0.0080971660,-0.0039682540,0.0081967213,0.0000000000,-0.2354753593
0.4090909091,-0.0014751624,0.0426162377,0.0040160643,0.0438247012,0.0121951220,0.0441767068,0.0711168157
0.5094339623,0.0026079701,0.0434728364,0.0400000000,0.0000000000,0.0281124498,-0.0038461538,-0.2304038220
0.5294117647,0.0022067440,0.0402526263,-0.0038461538,-0.0076335878,0.0000000000,0.0000000000,-0.4718842353
0.5294117647,-0.0244976826,0.0099743463,0.0000000000,0.0307692308,-0.0078125000,0.0270270270,0.1914488294
0.5089820359,-0.0243964907,0.0054555976,0.0270270270,0.0000000000,0.0314960630,0.0037593985,0.5487613524
0.4117647059,-0.0242975009,0.0013012872,0.0037593985,0.0111940299,0.0076335878,0.0037453184,-0.3203939093
0.3461538462,-0.0278145392,-0.0062114370,0.0074906367,0.0332103321,0.0075757576,0.0074626866,1.2269005062
0.2688172043,-0.0013430016,0.0168452301,0.0037174721,-0.0214285714,-0.0150375940,-0.0222222222,-0.3717698646
0.2631578947,-0.0011363860,0.0155974353,-0.0222222222,-0.0291970803,-0.0038167939,0.0000000000,-0.3073117241
0.5434782609,0.0222718948,0.0380337457,-0.0037878788,-0.0037593985,-0.0114942529,-0.0227272727,0.0608656636
0.4901960784,0.0071345822,0.0233173918,-0.0190114068,-0.0037735849,-0.0116279070,0.0116279070,0.2873483538
0.4800000000,0.0021971185,0.0176909784,0.0116279070,0.0000000000,0.0078431373,0.0038314176,0.3480838381
0.4615384615,-0.0523931976,-0.0386581216,0.0038314176,0.0606060606,0.0038910506,0.0572519084,0.7036806963
0.5418502203,-0.0545719981,-0.0461253296,0.0572519084,0.0142857143,0.0426356589,0.0108303249,0.8524694922
0.4876847291,-0.0217192883,-0.0181627062,0.0072202166,0.0140845070,0.0000000000,-0.0250000000,0.1778937714
0.3944223108,0.0346827969,0.0363276892,-0.0215053763,-0.0208333333,-0.0446096654,-0.0512820513,-0.2096697411
0.3333333333,0.0579399537,0.0623488811,-0.0549450549,-0.0780141844,-0.0272373541,-0.0270270270,-0.3938861465
0.3170731707,0.0326350817,0.0412034073,-0.0193798450,0.0192307692,0.0040000000,0.0158730159,-0.2957928048
0.3411764706,0.0357057510,0.0463257228,0.0118577075,-0.0150943396,0.0039840637,-0.0078125000,-0.4090229375
0.4000000000,-0.0344133215,-0.0225272189,-0.0117187500,0.0574712644,0.0000000000,0.0669291339,2.5243207472
0.5058823529,-0.0291189643,-0.0208585360,0.0750988142,0.0181159420,0.0515873016,0.0000000000,0.7893327040
0.4988399072,-0.0246391237,-0.0193134593,-0.0036764706,-0.0142348754,0.0000000000,0.0000000000,-0.7601347915
0.4988399072,-0.0172220022,-0.0142453617,0.0000000000,0.0036101083,0.0000000000,-0.0036900369,0.3918575062
0.5361596010,0.0040205090,0.0054289041,0.0000000000,0.0647482014,-0.0150943396,-0.0185185185,3.6153818204
0.5714285714,0.0110324024,0.0126695521,-0.0258302583,-0.0810810811,0.0038314176,-0.0075471698,-0.8579619333
0.6423529412,0.0328993535,0.0353512473,-0.0037878788,-0.0294117647,-0.0267175573,-0.0228136882,0.0140584317
0.5925925926,0.0358993884,0.0408325002,-0.0228136882,-0.0227272727,-0.0117647059,-0.0077821012,-0.6069421707
0.6725978648,0.0426427913,0.0501627262,-0.0038910506,0.0116279070,-0.0039682540,-0.0117647059,1.5131817461
0.6923076923,0.1016571949,0.1126777895,-0.0156250000,-0.0344827586,-0.0996015936,-0.0595238095,2.0191933483
0.6872727273,0.0906193961,0.1090106564,-0.0555555556,-0.0436507937,0.0353982301,-0.0042194093,-0.6431888208
0.7186311787,0.0456625363,0.0692215932,-0.0084033613,0.0165975104,0.0042735043,0.0296610169,-0.2829727610
0.7448275862,0.0015433332,0.0260907082,0.0296610169,0.0408163265,0.0297872340,0.0370370370,0.8302366093
0.7154471545,-0.0295035149,-0.0073544926,0.0370370370,0.0274509804,0.0123966942,0.0317460317,1.4451881044
0.6464646465,-0.0360865904,-0.0181388821,0.0317460317,0.0076335878,0.0204081633,0.0115384615,0.1492622174
0.6067415730,-0.0378515257,-0.0242156744,0.0115384615,0.0227272727,0.0320000000,0.0076045627,-0.7147465620
0.5700245700,-0.0096041572,0.0002246757,0.0076045627,0.0074074074,-0.0116279070,-0.0226415094,0.6623066319
0.5370370370,0.0194254444,0.0279915895,-0.0226415094,-0.0477941176,-0.0235294118,-0.0270270270,-0.3838226279
0.5248868778,0.0454779692,0.0552300853,-0.0231660232,-0.0193050193,-0.0281124498,-0.0277777778,0.4705836730
0.4967880086,0.0427374297,0.0554469144,-0.0316205534,0.0000000000,0.0000000000,-0.0040816327,-0.4165472048
0.5248868778,0.0534318145,0.0688620645,-0.0040816327,-0.0314960630,-0.0082644628,-0.0163934426,-0.2253022083
0.5132743363,0.0495848054,0.0682120544,-0.0122950820,-0.0162601626,-0.0250000000,-0.0041666667,0.4026692032
0.5248868778,0.0463343418,0.0676263656,-0.0124481328,0.0165289256,-0.0042735043,-0.0041841004,1.8044029036
0.6236559140,0.0435908169,0.0671006212,0.0000000000,-0.0121951220,-0.0085836910,-0.0042016807,-0.4312207429
0.6236559140,0.0282076793,0.0532420860,-0.0042016807,0.0000000000,0.0216450216,0.0084388186,-0.5686016589
0.5783132530,0.0457455585,0.0717191300,0.0084388186,-0.0123456790,-0.0381355932,-0.0209205021,2.4632896188
0.5056179775,0.0521974917,0.0802560383,-0.0209205021,-0.0166666667,0.0132158590,-0.0128205128,-0.6890188606
0.3932584270,0.0307803505,0.0605379267,-0.0170940171,0.0000000000,-0.0130434783,0.0129870130,0.5243768038
0.3932584270,0.0045795373,0.0339604636,0.0173913043,0.0169491525,0.0264317181,0.0213675214,-0.2793365747
0.4807692308,-0.0085697382,0.0186583670,0.0213675214,0.0291666667,0.0214592275,0.0125523013,0.1051441111
0.4936708861,0.0094335348,0.0343733458,0.0167364017,-0.0161943320,-0.0042016807,-0.0165289256,-0.5348118398
0.5200000000,0.0165244440,0.0405714701,-0.0205761317,-0.0205761317,-0.0295358650,-0.0084033613,0.4306984378
0.5707317073,0.0182970398,0.0419813512,-0.0084033613,0.0042016807,0.0173913043,-0.0042372881,-0.4404807160
0.5707317073,0.0111792203,0.0344696231,-0.0042372881,-0.0041841004,-0.0042735043,0.0042553191,-0.2377546294
0.5544554455,0.0180871979,0.0407361153,0.0042553191,0.0084033613,0.0042918455,-0.0084745763,0.4896999601
0.5410628019,0.0109841071,0.0333028013,-0.0084745763,-0.0208333333,-0.0128205128,0.0042735043,0.0584352766
0.4929577465,0.0007769935,0.0221368898,0.0000000000,0.0382978723,0.0129870130,0.0085106383,0.5770023813
0.4615384615,0.0178361248,0.0380163841,0.0128205128,-0.0286885246,-0.0170940171,-0.0168776371,0.4765476720
0.4545454545,0.0107541052,0.0307764225,-0.0126582278,-0.0042194093,-0.0086956522,0.0042918455,0.1895223155
0.4615384615,0.0134305271,0.0329108363,-0.0042735043,0.0084745763,0.0131578947,-0.0042735043,0.1359091352
0.4948453608,0.0113642922,0.0304729966,0.0042918455,-0.0126050420,0.0000000000,0.0000000000,-0.3534312557
0.4814814815,0.0408872297,0.0600631277,-0.0042735043,0.0000000000,-0.0432900433,-0.0300429185,2.3453740251
0.3478260870,0.0122030147,0.0327652191,-0.0300429185,-0.0042553191,0.0180995475,0.0221238938,-0.5271968056
0.4000000000,0.0103256278,0.0303381658,0.0221238938,0.0000000000,0.0088888889,0.0000000000,-0.1506112375
0.4137931034,0.0175470004,0.0370698541,0.0000000000,0.0000000000,0.0044052863,-0.0086580087,-0.1519531882
0.4137931034,0.0237888492,0.0434369252,-0.0086580087,0.0000000000,-0.0087719298,-0.0087336245,0.7942574749
0.4000000000,0.0201290263,0.0402193752,-0.0043668122,-0.0213675214,-0.0132743363,0.0000000000,-0.2911220878
0.4285714286,0.0215323957,0.0418297204,0.0000000000,0.0087336245,0.0134529148,-0.0044052863,-0.3845287296
0.4426229508,-0.0123705726,0.0075247052,-0.0043859649,0.0303030303,0.0044247788,0.0309734513,2.7196180525
0.5696202532,0.0024395393,0.0201016760,0.0308370044,-0.0042016807,0.0044052863,-0.0128755365,-0.6137701715
0.6026490066,-0.0022737148,0.0142030843,-0.0128205128,-0.0042194093,0.0087719298,0.0043478261,0.3204689221
0.5675675676,-0.0062259646,0.0087839738,0.0043290043,0.0169491525,0.0000000000,0.0043290043,0.6103452612
0.5675675676,-0.0052681239,0.0081333091,0.0000000000,-0.0208333333,-0.0043478261,0.0000000000,-0.5696834021
0.5384615385,0.0041992467,0.0162919795,0.0000000000,-0.0042553191,-0.0087336245,-0.0086206897,-0.5785535867
0.5526315789,0.0168160265,0.0285003887,-0.0043103448,-0.0128205128,-0.0088105727,-0.0130434783,0.3360579103
0.6176470588,0.0187166842,0.0309307941,-0.0216450216,-0.0129870130,-0.0044444444,-0.0044052863,-0.4551815672
0.6000000000,0.0388199363,0.0519120139,0.0000000000,-0.0043859649,-0.0446428571,-0.0221238938,3.1187545255
0.5581395349,0.0281951716,0.0433456584,-0.0176991150,-0.0044052863,0.0233644860,0.0045248869,-0.5427272151
0.5072463768,0.0013055266,0.0172244092,0.0000000000,0.0132743363,0.0045662100,0.0225225225,0.5861381737
0.5454545455,-0.0204708555,-0.0059469153,0.0180180180,0.0174672489,0.0181818182,0.0220264317,-0.1402356982
0.5714285714,-0.0173214931,-0.0055064031,0.0265486726,0.0085836910,0.0178571429,0.0000000000,0.3617770138
0.5434782609,0.0159984785,0.0258539691,0.0000000000,-0.0127659574,-0.0307017544,-0.0301724138,0.0921782140
0.4262295082,-0.0127884668,-0.0026569543,-0.0301724138,0.0172413793,-0.0045248869,0.0266666667,1.4237514717
0.4679802956,-0.0065202321,0.0018769870,0.0311111111,-0.0042372881,0.0227272727,-0.0043290043,-0.5198640106
0.5320197044,-0.0587199073,-0.0518529683,-0.0086206897,0.0638297872,0.0088888889,0.0565217391,3.3804427700
0.6545454545,-0.0457591584,-0.0440781730,0.0565217391,-0.0080000000,0.0264317181,-0.0041152263,0.1025201166
0.6774193548,0.0293359838,0.0270939124,0.0000000000,-0.0040322581,-0.0472103004,-0.0661157025,-0.4102726556
0.5526315789,0.0158330822,0.0160949651,-0.0658436214,-0.0526315789,0.0090090090,0.0088495575,-0.4366471155
0.5079365079,0.0454957780,0.0470489862,0.0044052863,-0.0170940171,-0.0357142857,-0.0307017544,-0.0752328613
0.4637681159,0.0576392188,0.0628000766,-0.0350877193,-0.0347826087,-0.0138888889,-0.0180995475,-0.2552048288
0.4705882353,0.0585276620,0.0679914583,-0.0136363636,-0.0180180180,-0.0046948357,-0.0092165899,-0.3810934554
0.5331695332,0.0796532649,0.0934705101,-0.0092165899,-0.0137614679,-0.0424528302,-0.0279069767,1.3177970734
0.5416666667,0.0623160645,0.0813727364,-0.0325581395,-0.0093023256,0.0098522167,0.0047846890,-0.6322170189
0.5000000000,0.0527289776,0.0753451263,0.0048076923,0.0046948357,0.0195121951,0.0000000000,-0.3289329513
0.5000000000,0.0496149938,0.0748824939,0.0047846890,0.0000000000,-0.0095693780,-0.0047619048,1.0726815656
0.5365853659,0.0419819179,0.0693356425,0.0000000000,-0.0140186916,-0.0048309179,0.0000000000,-0.1885881590
0.5289256198,0.0257077759,0.0541124683,-0.0047619048,0.0047393365,0.0000000000,0.0095693780,-0.3275756382
0.4598540146,0.0266182226,0.0551046332,0.0095693780,0.0047169811,-0.0048543689,-0.0047393365,-0.1686634728
0.2597402597,0.0274155665,0.0560516258,-0.0047393365,-0.0046948357,0.0048780488,-0.0047619048,0.3221243657
0.2597402597,0.0039828051,0.0321456694,-0.0047619048,0.0094339623,0.0048543689,0.0191387560,-0.2082502512
0.4172185430,-0.0013185793,0.0249525250,0.0143540670,0.0046728972,0.0193236715,0.0046948357,0.3239648391
0.3888888889,-0.0011157209,0.0231041899,0.0047169811,0.0046511628,0.0000000000,0.0000000000,-0.1300146048
0.4444444444,-0.0055908433,0.0166421043,0.0046948357,0.0046296296,0.0094786730,0.0046728972,-0.2817785574
0.4500000000,-0.0093384417,0.0107083866,0.0093457944,0.0000000000,-0.0046948357,0.0046511628,0.1900649869
0.4255319149,-0.0214921453,-0.0039192816,0.0000000000,0.0184331797,0.0094339623,0.0138888889,1.5906550484
0.6500000000,0.0094710805,0.0244378253,0.0092592593,-0.0135746606,-0.0280373832,-0.0273972603,0.0532948070
0.4705882353,0.0127687742,0.0274513312,-0.0229357798,-0.0229357798,-0.0048076923,-0.0046948357,-0.2598924372
0.5000000000,0.0402452507,0.0552844400,-0.0093896714,0.0046948357,-0.0193236715,-0.0283018868,0.1746807626
0.4000000000,0.0290582453,0.0461110871,-0.0189573460,-0.0233644860,0.0098522167,0.0048543689,-0.2109967669
0.3823529412,0.0196618434,0.0376824921,0.0000000000,0.0047846890,-0.0048780488,0.0048309179,0.0363961618
0.3636363636,0.0117726528,0.0299395639,0.0048309179,0.0095238095,0.0147058824,0.0048076923,-0.3737238294
0.3170731707,0.0003883809,0.0179803794,0.0000000000,-0.0047169811,0.0000000000,0.0095693780,0.3289140068
0.2777777778,0.0246084511,0.0413244339,0.0144230769,0.0094786730,-0.0048309179,-0.0236966825,-0.2018679478
0.2340425532,0.0462161310,0.0640908116,-0.0189573460,-0.0281690141,-0.0436893204,-0.0242718447,2.5245345176
0.2369668246,0.0821777065,0.1032539490,-0.0338164251,-0.0289855072,-0.0253807107,-0.0398009950,-0.0224986262
0.2166064982,0.0864223769,0.1129045427,-0.0350000000,-0.0248756219,-0.0312500000,-0.0155440415,-0.1387398804
0.2359550562,0.0731266266,0.1045412432,-0.0155440415,0.0000000000,0.0161290323,0.0000000000,-0.4237556306
0.2477876106,0.0453705259,0.0797487824,0.0000000000,0.0000000000,0.0052910053,0.0157894737,0.1795842225
0.2477876106,0.0437987286,0.0794343895,0.0157894737,-0.0051020408,0.0000000000,-0.0051813472,-0.4390215159
0.2786069652,0.0370604627,0.0735503607,-0.0051813472,-0.0051282051,0.0052631579,0.0000000000,-0.5124458474
0.2553191489,0.0367586376,0.0736943438,0.0052083333,-0.0051546392,-0.0052356021,-0.0052083333,0.1886114691
0.2944785276,0.0151585637,0.0517163978,-0.0155440415,0.0310880829,-0.0052631579,0.0157068063,2.1127880705
0.3428571429,0.0076324950,0.0425117815,0.0263157895,-0.0100502513,0.0211640212,0.0051546392,-0.7859566607
0.3428571429,-0.0187031916,0.0133786916,0.0000000000,0.0203045685,0.0051813472,0.0256410256,2.0142350776
0.4221105528,-0.0158257775,0.0123876774,0.0256410256,0.0000000000,0.0103092784,0.0000000000,-0.2672110336
0.4390243902,-0.0182995448,0.0064378823,0.0000000000,0.0149253731,0.0153061224,0.0050000000,0.2607031495
0.4193548387,-0.0105616514,0.0109908071,0.0050000000,-0.0098039216,-0.0301507538,-0.0049751244,0.1826120573
0.4814814815,-0.0235830364,-0.0047520461,0.0000000000,0.0099009901,0.0207253886,0.0150000000,-0.0723451724
0.6400000000,-0.0052542001,0.0105339567,0.0149253731,0.0098039216,0.0152284264,-0.0147783251,0.3077693270
0.6400000000,-0.0143028333,-0.0002438974,-0.0147058824,-0.0145631068,-0.0150000000,0.0100000000,-0.2135925373
0.6315789474,-0.0022234214,0.0097719108,0.0000000000,-0.0049261084,0.0101522843,-0.0099009901,-0.5636521634
0.6097560976,-0.0309527733,-0.0203416840,0.0000000000,0.0445544554,-0.0050251256,0.0300000000,4.0361320268
0.6315789474,-0.0447395547,-0.0375237517,0.0248756219,0.0236966825,0.0151515152,0.0194174757,0.4469324540
0.6410256410,-0.0191741491,-0.0160013838,0.0242718447,-0.0046296296,0.0099502488,-0.0190476190,-0.4696306450
0.5555555556,-0.0114253741,-0.0100103210,-0.0236966825,-0.0418604651,-0.0098522167,-0.0048543689,-0.1816772411
0.5882352941,-0.0239512643,-0.0235582078,-0.0097087379,0.0388349515,0.0149253731,0.0146341463,1.1652533543
0.6091370558,0.0138536193,0.0122530532,0.0147058824,-0.0233644860,-0.0245098039,-0.0336538462,-0.4117946512
0.5135135135,0.0375315355,0.0371450476,-0.0289855072,-0.0382775120,-0.0201005025,-0.0248756219,-0.2425286281
0.4907749077,0.0317574531,0.0343935626,-0.0298507463,-0.0049751244,-0.0051282051,0.0000000000,0.1013455566
0.5228215768,-0.0036294483,0.0011970035,0.0000000000,0.0500000000,0.0051546392,0.0306122449,1.0813997761
0.5217391304,0.0222316931,0.0265171776,0.0410256410,-0.0285714286,0.0051282051,-0.0247524752,-0.5732642728
0.5212765957,0.0240094501,0.0297802531,-0.0295566502,-0.0245098039,-0.0051020408,-0.0050761421,-0.4202318050
0.5404411765,0.0470255233,0.0544741595,0.0000000000,-0.0050251256,-0.0461538462,-0.0255102041,1.7896585514
0.5588235294,0.0290157930,0.0395536579,-0.0355329949,-0.0101010101,0.0215053763,0.0104712042,-0.2166450096
0.5121951220,0.0298880322,0.0420228394,0.0157894737,-0.0102040816,-0.0105263158,-0.0051813472,-0.1463308556
0.5084745763,0.0199774907,0.0335270829,-0.0051813472,0.0000000000,0.0159574468,0.0052083333,-0.7773509768
0.4528301887,0.0222004057,0.0364136140,0.0000000000,0.0051546392,0.0052356021,-0.0051813472,0.1745867166
0.4800000000,0.0241189113,0.0391284366,-0.0052083333,-0.0102564103,-0.0312500000,-0.0052083333,2.1321646578
0.4800000000,0.0204083096,0.0362300338,-0.0052356021,0.0051813472,0.0161290323,0.0000000000,-0.5790162277
0.4800000000,0.0172685697,0.0335463276,0.0052631579,0.0000000000,0.0052910053,0.0000000000,0.4740020086
0.5250000000,0.0093274298,0.0256913029,0.0000000000,-0.0051546392,-0.0052631579,0.0052356021,-0.1873950154
0.5172413793,0.0131693644,0.0291483913,0.0052356021,0.0000000000,0.0052910053,-0.0052083333,-0.3653467739
0.5384615385,0.0111433083,0.0269892512,-0.0052083333,0.0310880829,0.0000000000,0.0000000000,1.5076227337
0.3835616438,0.0094289532,0.0249900474,0.0000000000,-0.0351758794,-0.0052631579,0.0000000000,-0.0615574761
0.4444444444,0.0079783450,0.0231389328,0.0000000000,0.0156250000,0.0000000000,0.0000000000,0.0030906331
0.4255319149,0.0120495963,0.0268008585,0.0052356021,0.0000000000,-0.0052910053,-0.0052356021,0.8958508225
0.5714285714,-0.0003270608,0.0141404471,-0.0104166667,0.0102564103,0.0053191489,0.0105263158,-0.1368612703
0.5714285714,0.0102466590,0.0237571435,0.0052631579,-0.0101522843,-0.0370370370,-0.0104166667,1.7045089583
0.5263157895,0.0033892538,0.0166465836,-0.0052356021,-0.0051282051,0.0109890110,0.0052631579,0.0990801269
0.5263157895,0.0028678302,0.0154135034,0.0052631579,0.0051546392,0.0271739130,0.0000000000,-0.8236203930
0.5161290323,0.0024266255,0.0142717624,0.0000000000,-0.0051282051,0.0052910053,0.0000000000,-0.3059928674
0.5000000000,0.0020532985,0.0132145948,0.0052356021,-0.0051546392,-0.0157894737,0.0000000000,0.5449472145
0.5000000000,-0.0086432921,0.0017462464,-0.0052083333,0.0000000000,0.0106951872,0.0104712042,0.4039339741
0.5294117647,0.0083604417,0.0174318984,0.0104712042,0.0051813472,-0.0052910053,-0.0155440415,0.5519877292
0.4878048780,0.0630227876,0.0725929048,-0.0207253886,-0.0206185567,-0.0531914894,-0.0526315789,1.3094269446
0.2941176471,0.0651621087,0.0792068397,-0.0476190476,-0.0421052632,-0.0280898876,-0.0111111111,-0.0208703836
0.3164556962,0.0671273640,0.0855367081,-0.0166666667,-0.0109890110,0.0173410405,-0.0112359551,-0.6065498023
0.3333333333,0.0390883441,0.0611134938,-0.0056497175,0.0000000000,-0.0056818182,0.0170454545,-0.3722243739
0.3750000000,0.0273354485,0.0507166430,0.0227272727,0.0055555556,0.0114285714,0.0055865922,-0.1846538824
0.3214285714,0.0231299949,0.0469598546,0.0055555556,0.0055248619,0.0112994350,0.0000000000,-0.3211094804
0.3153153153,0.0139385422,0.0377162565,0.0000000000,0.0054945055,0.0000000000,0.0055555556,0.5589480164
0.2735042735,0.0117941511,0.0349224598,0.0000000000,-0.0054644809,0.0000000000,0.0000000000,-0.2607258881
0.2916666667,0.0099796663,0.0323356109,0.0000000000,0.0054945055,0.0055865922,0.0000000000,-0.0292435420
0.2916666667,0.0140468016,0.0356622715,0.0055248619,0.0000000000,0.0000000000,-0.0055248619,-0.3997078392
0.3271028037,0.0175387482,0.0387916866,-0.0109890110,-0.0054644809,-0.0166666667,-0.0055555556,3.9012376865
0.3559322034,0.0380368331,0.0595963593,-0.0055555556,-0.0109890110,-0.0112994350,-0.0223463687,-0.3200405156
0.3365384615,-0.0075144110,0.0145978982,-0.0223463687,0.0444444444,0.0000000000,0.0400000000,2.0443413422
0.4736842105,-0.0171588005,0.0025000880,0.0457142857,-0.0159574468,0.0285714286,0.0109890110,-0.8278669244
0.5833333333,-0.0145189850,0.0023148963,0.0000000000,0.0000000000,0.0000000000,0.0000000000,1.0467555443
0.5833333333,-0.0014312873,0.0131559875,0.0054644809,0.0000000000,0.0000000000,-0.0108695652,0.3314993537
0.5833333333,0.0098865653,0.0234279307,-0.0108695652,-0.0162162162,-0.0111111111,-0.0109890110,-0.3561949112
0.5789473684,-0.0027153849,0.0104651380,-0.0109890110,0.0000000000,0.0056179775,0.0111111111,-0.0004613384
0.6000000000,0.0087879485,0.0209087198,0.0111111111,0.0000000000,0.0000000000,-0.0109890110,-0.3763840513
0.6000000000,0.0018700119,0.0137281029,-0.0109890110,0.0054945055,0.0000000000,0.0055555556,0.4578506201
0.6000000000,0.0127731817,0.0240264154,0.0055555556,-0.0054644809,-0.0055865922,-0.0110497238,0.0959776313
0.6000000000,0.0164867738,0.0279896398,-0.0055248619,0.0000000000,0.0000000000,-0.0055865922,0.4187516785
0.6153846154,-0.0028554598,0.0089121950,-0.0111111111,0.0000000000,0.0000000000,0.0168539326,-0.2531564551
0.6000000000,-0.0133187139,-0.0027671154,0.0168539326,0.0109890110,0.0056179775,0.0110497238,-0.3043224047
0.5666666667,-0.0166432153,-0.0079830018,0.0110497238,0.0217391304,0.0111731844,0.0054644809,1.5760569025
0.5882352941,-0.0032484649,0.0035161155,0.0054644809,-0.0159574468,-0.0055248619,-0.0108695652,-0.3157461833
0.5000000000,0.0027609747,0.0087985115,-0.0163043478,-0.0108108108,-0.0055555556,-0.0054945055,-0.4750194376
0.5121951220,0.0079047438,0.0137475853,0.0000000000,0.0000000000,0.0000000000,-0.0055248619,-0.0004131172
0.5255474453,0.0011268138,0.0071340564,-0.0055248619,0.0000000000,-0.0055865922,0.0055555556,1.0072612335
0.5147058824,0.0009534578,0.0066056078,0.0055555556,-0.0054644809,0.0112359551,0.0000000000,-0.6827288805
0.5263157895,0.0008067720,0.0061163035,0.0055248619,0.0054945055,0.0000000000,0.0000000000,0.9938830472
0.5161290323,0.0469569956,0.0521679027,0.0000000000,0.0000000000,-0.0444444444,-0.0441988950,0.3603847417
0.3902439024,0.0397328424,0.0483036136,-0.0439560440,-0.0382513661,-0.0058139535,0.0000000000,-0.1270251260
0.4117647059,0.0276797520,0.0387213982,-0.0114942529,-0.0056818182,0.0000000000,0.0057803468,-0.1393427712
0.3809523810,-0.0161585018,-0.0042074724,0.0116279070,0.0457142857,0.0116959064,0.0402298851,0.6836811395
0.4545454545,-0.0026521603,0.0072338480,0.0402298851,0.0054644809,0.0346820809,-0.0110497238,0.0694055127
0.4615384615,-0.0186906609,-0.0098959158,-0.0110497238,0.0108695652,0.0000000000,0.0167597765,-0.2586988938
0.4814814815,-0.0158151746,-0.0091628850,0.0167597765,-0.0053763441,0.0055865922,0.0000000000,0.0722028499
0.5172413793,-0.0079311430,-0.0030061647,0.0000000000,-0.0108108108,-0.0055555556,-0.0054945055,-0.6211248107
0.5357142857,-0.0229058970,-0.0190424507,-0.0054945055,0.0382513661,0.0000000000,0.0165745856,6.8329455172
0.5000000000,-0.0140233441,-0.0122637671,0.0165745856,-0.0263157895,0.0111731844,-0.0054347826,-0.6139867886
0.5000000000,-0.0172362005,-0.0167284087,0.0000000000,0.0108108108,0.0000000000,0.0054644809,0.0172091375
0.5000000000,0.0073136453,0.0063887489,0.0000000000,-0.0106951872,-0.0165745856,-0.0217391304,-0.0752077604
0.4838709677,0.0118096338,0.0115351480,-0.0217391304,-0.0216216216,0.0000000000,-0.0055555556,-0.1951976738
0.5142857143,0.0043816961,0.0050657998,0.0000000000,0.0055248619,-0.0056179775,0.0055865922,0.0622038310
0.5970149254,-0.0073221647,-0.0063500002,0.0055555556,0.0329670330,0.0169491525,0.0111111111,0.3169951583
0.5882352941,0.0104602605,0.0107816055,0.0110497238,-0.0053191489,-0.0055555556,-0.0164835165,-0.1141985870
0.5862068966,-0.0022965351,-0.0011770648,-0.0163934426,-0.0267379679,-0.0111731844,0.0111731844,-0.2340961722
0.5000000000,0.0689247149,0.0698386548,0.0055555556,0.0000000000,-0.0677966102,-0.0662983425,1.6703299479
0.3529411765,0.0709954146,0.0774159052,-0.0607734807,-0.0549450549,0.0000000000,-0.0118343195,0.0602398291
0.3442622951,0.0475278000,0.0589987737,-0.0117647059,-0.0116279070,0.0060606061,0.0119760479,-0.5504601189
0.3484162896,0.0590149120,0.0736880452,0.0059523810,0.0000000000,-0.0060240964,-0.0177514793,0.0770589930
0.3304721030,0.0825423934,0.1014045060,-0.0177514793,-0.0058823529,-0.0424242424,-0.0301204819,0.1958714255
0.2922374429,0.0567166488,0.0804710604,-0.0240963855,-0.0236686391,0.0126582278,0.0124223602,-0.2499282808
0.2800000000,0.0416008214,0.0679583494,0.0123456790,0.0000000000,0.0125000000,0.0061349693,-0.5064835588
0.2800000000,-0.0462195844,-0.0206763977,-0.0060975610,0.1030303030,0.0000000000,0.0853658537,3.6573944169
0.4417177914,-0.0444769859,-0.0246244506,0.0920245399,0.0164835165,0.0864197531,0.0056179775,-0.4447750648
0.3846153846,-0.0429808484,-0.0282293038,0.0056179775,-0.0108108108,0.0056818182,0.0055865922,-0.6291213726
0.3846153846,-0.0363684102,-0.0261382443,0.0055865922,-0.0163934426,-0.0056497175,0.0000000000,0.2708812856
0.3965517241,-0.0307732701,-0.0242020780,-0.0055555556,0.0166666667,0.0056818182,0.0000000000,0.7482135343
0.3739837398,-0.0205977975,-0.0169479311,0.0055865922,-0.0054644809,0.0056497175,-0.0055555556,-0.2386802930
0.4320987654,-0.0228876339,-0.0211609037,-0.0055555556,-0.0054945055,-0.0056179775,0.0055865922,0.0314501606
0.5333333333,0.0506787934,0.0504356114,0.0000000000,-0.0055248619,-0.0790960452,-0.0666666667,1.0687724281
0.3744680851,0.0554469000,0.0593104793,-0.0614525140,-0.0555555556,0.0122699387,-0.0119047619,-0.7013270056
0.4201680672,0.0532615568,0.0613105475,-0.0119047619,-0.0117647059,-0.0242424242,-0.0060240964,0.8515954123
0.4424778761,0.0083984371,0.0196894105,-0.0060240964,0.0654761905,0.0062111801,0.0363636364,5.2613310072
0.4814814815,-0.0485348660,-0.0380249171,0.0424242424,0.0279329609,0.0308641975,0.0584795322,-0.5454599951
0.5483870968,-0.0193971831,-0.0134050534,0.0465116279,0.0000000000,0.0479041916,-0.0220994475,0.1183232925
0.5789473684,-0.0219387707,-0.0179603332,-0.0166666667,-0.0163043478,-0.0171428571,0.0056497175,-0.4616127641
0.4545454545,-0.0240464603,-0.0221236256,0.0056497175,-0.0055248619,0.0174418605,0.0056179775,-0.1254040248
0.4545454545,0.0254847142,0.0253404322,0.0056179775,0.0055555556,-0.0342857143,-0.0446927374,0.3920978213
0.4488188976,0.0215639889,0.0234633631,-0.0446927374,-0.0220994475,0.0000000000,0.0000000000,-0.1524970063
0.4488188976,-0.1380190925,-0.1350740966,0.0000000000,0.2429378531,-0.0059171598,0.1812865497,4.1859970464
0.6410256410,0.0194820117,0.0099208069,0.1812865497,-0.0045454545,-0.0416666667,-0.1336633663,0.3693341677
0.4807692308,-0.0006469868,-0.0078228194,-0.1386138614,-0.1643835616,0.0621118012,0.0171428571,-0.7487800462
0.4905660377,-0.0116524787,-0.0182739807,0.0229885057,0.0273224044,0.0058479532,0.0112359551,0.3923993200
0.4787234043,-0.0043282801,-0.0114282874,0.0056179775,-0.0425531915,0.0348837209,-0.0055555556,-0.5115244773
0.4847396768,0.2830534679,0.2741429293,0.0000000000,0.0333333333,-0.2471910112,-0.2234636872,2.3441210805
0.3253012048,-0.0266020198,-0.0153490941,-0.2178770950,0.0215053763,-0.0522388060,0.2733812950,0.4085109985
0.4343434343,-0.0334310841,-0.0252265138,0.2714285714,-0.0052631579,0.3700787402,0.0112994350,-0.7326027411
0.4105263158,-0.0228287833,-0.0178711297,0.0056179775,-0.0264550265,0.0057471264,-0.0055865922,-0.4662516908
0.4198062433,-0.0302131443,-0.0274745941,0.0000000000,-0.0163043478,-0.0628571429,0.0112359551,1.0686467549
